Date,1,2,3,4,5,6,7,8,9,10,11,12,13,14,15,16,17,18,19,20,21,22,23,24,25,26,27,28,29,30
2000-01-01,12.765625,16.46875,17.2734375,15.765625,16.0078125,22.921875,29.484375,28.8515625,29.390625,26.5078125,22.515625,19.3671875,18.1640625,19.2734375,19.7890625,21.9453125,20.046875,16.3046875,13.1875,11.0703125,9.3125,7.9296875,6.8203125,6.421875,5.984375,5.609375,4.734375,4.75,5.078125,5.078125
2000-01-02,16.46875,17.2734375,15.765625,16.0078125,22.921875,29.484375,28.8515625,29.390625,26.5078125,22.515625,19.3671875,18.1640625,19.2734375,19.7890625,21.9453125,20.046875,16.3046875,13.1875,11.0703125,9.3125,7.9296875,6.8203125,6.421875,5.984375,5.609375,4.734375,4.75,5.078125,5.078125,5.0625
2000-01-03,10.1796875,9.8984375,11.84375,21.1640625,30.8828125,29.59375,24.421875,21.4375,20.734375,18.6640625,17.3125,18.421875,21.046875,20.0703125,20.9609375,22.1484375,20.2265625,17.453125,14.3125,11.5,9.734375,9.0,8.40625,7.21875,6.359375,5.953125,5.75,5.4375,5.203125,5.296875
2000-01-04,9.8984375,11.84375,21.1640625,30.8828125,29.59375,24.421875,21.4375,20.734375,18.6640625,17.3125,18.421875,21.046875,20.0703125,20.9609375,22.1484375,20.2265625,17.453125,14.3125,11.5,9.734375,9.0,8.40625,7.21875,6.359375,5.953125,5.75,5.4375,5.203125,5.296875,5.484375
2000-01-05,11.84375,21.1640625,30.8828125,29.59375,24.421875,21.4375,20.734375,18.6640625,17.3125,18.421875,21.046875,20.0703125,20.9609375,22.1484375,20.2265625,17.453125,14.3125,11.5,9.734375,9.0,8.40625,7.21875,6.359375,5.953125,5.75,5.4375,5.203125,5.296875,5.484375,6.875
2000-01-06,21.1640625,30.8828125,29.59375,24.421875,21.4375,20.734375,18.6640625,17.3125,18.421875,21.046875,20.0703125,20.9609375,22.1484375,20.2265625,17.453125,14.3125,11.5,9.734375,9.0,8.40625,7.21875,6.359375,5.953125,5.75,5.4375,5.203125,5.296875,5.484375,6.875,13.171875
2000-01-07,15.7421875,18.1171875,16.8203125,14.75,13.21875,13.0,12.8046875,12.5859375,11.5625,11.359375,11.9765625,14.28125,16.578125,15.734375,13.8984375,11.3125,10.265625,8.59375,7.234375,6.25,5.484375,5.5625,6.453125,8.015625,9.4375,9.359375,8.421875,7.859375,8.640625,9.921875
2000-01-08,18.1171875,16.8203125,14.75,13.21875,13.0,12.8046875,12.5859375,11.5625,11.359375,11.9765625,14.28125,16.578125,15.734375,13.8984375,11.3125,10.265625,8.59375,7.234375,6.25,5.484375,5.5625,6.453125,8.015625,9.4375,9.359375,8.421875,7.859375,8.640625,9.921875,11.03125
2000-01-09,16.8203125,14.75,13.21875,13.0,12.8046875,12.5859375,11.5625,11.359375,11.9765625,14.28125,16.578125,15.734375,13.8984375,11.3125,10.265625,8.59375,7.234375,6.25,5.484375,5.5625,6.453125,8.015625,9.4375,9.359375,8.421875,7.859375,8.640625,9.921875,11.03125,13.75
2000-01-10,15.15625,14.3125,15.2578125,16.28125,17.6171875,16.1796875,14.46875,17.578125,30.734375,35.5078125,27.78125,21.0078125,15.984375,13.28125,12.15625,10.171875,8.78125,8.828125,12.515625,20.046875,27.84375,30.75,26.625,23.421875,21.28125,16.953125,13.265625,10.65625,9.59375,8.140625
2000-01-11,14.3125,15.2578125,16.28125,17.6171875,16.1796875,14.46875,17.578125,30.734375,35.5078125,27.78125,21.0078125,15.984375,13.28125,12.15625,10.171875,8.78125,8.828125,12.515625,20.046875,27.84375,30.75,26.625,23.421875,21.28125,16.953125,13.265625,10.65625,9.59375,8.140625,7.09375
2000-01-12,15.2578125,16.28125,17.6171875,16.1796875,14.46875,17.578125,30.734375,35.5078125,27.78125,21.0078125,15.984375,13.28125,12.15625,10.171875,8.78125,8.828125,12.515625,20.046875,27.84375,30.75,26.625,23.421875,21.28125,16.953125,13.265625,10.65625,9.59375,8.140625,7.09375,6.421875
2000-01-13,16.28125,17.6171875,16.1796875,14.46875,17.578125,30.734375,35.5078125,27.78125,21.0078125,15.984375,13.28125,12.15625,10.171875,8.78125,8.828125,12.515625,20.046875,27.84375,30.75,26.625,23.421875,21.28125,16.953125,13.265625,10.65625,9.59375,8.140625,7.09375,6.421875,5.953125
2000-01-14,11.984375,13.1796875,16.921875,21.359375,34.1015625,42.6640625,33.640625,24.859375,18.734375,15.453125,14.234375,13.515625,12.109375,10.328125,8.90625,8.0625,7.390625,7.0625,6.703125,6.796875,6.359375,6.65625,7.703125,8.515625,9.328125,8.078125,7.15625,6.90625,7.453125,11.59375
2000-01-15,13.1796875,16.921875,21.359375,34.1015625,42.6640625,33.640625,24.859375,18.734375,15.453125,14.234375,13.515625,12.109375,10.328125,8.90625,8.0625,7.390625,7.0625,6.703125,6.796875,6.359375,6.65625,7.703125,8.515625,9.328125,8.078125,7.15625,6.90625,7.453125,11.59375,18.890625
2000-01-16,16.921875,21.359375,34.1015625,42.6640625,33.640625,24.859375,18.734375,15.453125,14.234375,13.515625,12.109375,10.328125,8.90625,8.0625,7.390625,7.0625,6.703125,6.796875,6.359375,6.65625,7.703125,8.515625,9.328125,8.078125,7.15625,6.90625,7.453125,11.59375,18.890625,20.59375
2000-01-17,12.1640625,11.6875,10.5703125,9.4140625,8.5625,9.171875,11.859375,12.0625,10.609375,9.421875,8.640625,7.890625,7.1875,6.203125,5.640625,5.3125,5.484375,5.453125,5.25,4.640625,4.375,4.875,4.96875,4.765625,4.78125,4.859375,4.75,4.65625,5.078125,5.625
2000-01-18,11.6875,10.5703125,9.4140625,8.5625,9.171875,11.859375,12.0625,10.609375,9.421875,8.640625,7.890625,7.1875,6.203125,5.640625,5.3125,5.484375,5.453125,5.25,4.640625,4.375,4.875,4.96875,4.765625,4.78125,4.859375,4.75,4.65625,5.078125,5.625,6.59375
2000-01-19,10.5703125,9.4140625,8.5625,9.171875,11.859375,12.0625,10.609375,9.421875,8.640625,7.890625,7.1875,6.203125,5.640625,5.3125,5.484375,5.453125,5.25,4.640625,4.375,4.875,4.96875,4.765625,4.78125,4.859375,4.75,4.65625,5.078125,5.625,6.59375,7.171875
2000-01-20,9.4140625,8.5625,9.171875,11.859375,12.0625,10.609375,9.421875,8.640625,7.890625,7.1875,6.203125,5.640625,5.3125,5.484375,5.453125,5.25,4.640625,4.375,4.875,4.96875,4.765625,4.78125,4.859375,4.75,4.65625,5.078125,5.625,6.59375,7.171875,7.296875
2000-01-21,47.328125,33.21875,24.03125,36.0,52.796875,39.640625,28.203125,20.328125,15.484375,12.34375,10.796875,9.671875,8.375,7.609375,7.0,7.078125,6.828125,6.65625,7.171875,7.90625,8.125,7.765625,7.5,7.21875,8.515625,15.046875,33.484375,59.953125,61.546875,46.921875
2000-01-22,33.21875,24.03125,36.0,52.796875,39.640625,28.203125,20.328125,15.484375,12.34375,10.796875,9.671875,8.375,7.609375,7.0,7.078125,6.828125,6.65625,7.171875,7.90625,8.125,7.765625,7.5,7.21875,8.515625,15.046875,33.484375,59.953125,61.546875,46.921875,32.234375
2000-01-23,24.03125,36.0,52.796875,39.640625,28.203125,20.328125,15.484375,12.34375,10.796875,9.671875,8.375,7.609375,7.0,7.078125,6.828125,6.65625,7.171875,7.90625,8.125,7.765625,7.5,7.21875,8.515625,15.046875,33.484375,59.953125,61.546875,46.921875,32.234375,22.6875
2000-01-24,30.109375,43.171875,35.125,25.515625,19.125,14.6875,11.65625,9.625,8.359375,7.59375,7.078125,6.65625,6.421875,12.53125,42.109375,63.234375,59.75,43.59375,30.046875,23.625,25.21875,27.03125,29.421875,37.265625,68.25,150.25,142.09375,82.21875,50.46875,33.90625
2000-01-25,43.171875,35.125,25.515625,19.125,14.6875,11.65625,9.625,8.359375,7.59375,7.078125,6.65625,6.421875,12.53125,42.109375,63.234375,59.75,43.59375,30.046875,23.625,25.21875,27.03125,29.421875,37.265625,68.25,150.25,142.09375,82.21875,50.46875,33.90625,25.125
2000-01-26,35.125,25.515625,19.125,14.6875,11.65625,9.625,8.359375,7.59375,7.078125,6.65625,6.421875,12.53125,42.109375,63.234375,59.75,43.59375,30.046875,23.625,25.21875,27.03125,29.421875,37.265625,68.25,150.25,142.09375,82.21875,50.46875,33.90625,25.125,22.421875
2000-01-27,25.515625,19.125,14.6875,11.65625,9.625,8.359375,7.59375,7.078125,6.65625,6.421875,12.53125,42.109375,63.234375,59.75,43.59375,30.046875,23.625,25.21875,27.03125,29.421875,37.265625,68.25,150.25,142.09375,82.21875,50.46875,33.90625,25.125,22.421875,22.546875
2000-01-28,10.140625,9.015625,8.046875,7.03125,6.421875,6.015625,5.84375,5.796875,5.625,5.3125,8.8125,30.296875,46.078125,35.609375,26.234375,20.984375,19.25,19.203125,21.515625,22.9375,21.171875,20.921875,20.5625,19.265625,21.25,37.609375,48.3125,36.328125,25.84375,19.59375
2000-01-29,9.015625,8.046875,7.03125,6.421875,6.015625,5.84375,5.796875,5.625,5.3125,8.8125,30.296875,46.078125,35.609375,26.234375,20.984375,19.25,19.203125,21.515625,22.9375,21.171875,20.921875,20.5625,19.265625,21.25,37.609375,48.3125,36.328125,25.84375,19.59375,17.890625
2000-01-30,8.046875,7.03125,6.421875,6.015625,5.84375,5.796875,5.625,5.3125,8.8125,30.296875,46.078125,35.609375,26.234375,20.984375,19.25,19.203125,21.515625,22.9375,21.171875,20.921875,20.5625,19.265625,21.25,37.609375,48.3125,36.328125,25.84375,19.59375,17.890625,55.65625
2000-01-31,7.625,6.640625,6.0,5.78125,5.609375,5.515625,5.140625,6.28125,7.53125,7.40625,8.359375,12.71875,16.859375,17.875,18.9375,17.984375,15.0625,13.203125,11.203125,9.40625,8.65625,8.046875,7.359375,7.359375,9.0,10.78125,10.296875,9.46875,8.296875,7.21875
2000-02-01,6.640625,6.0,5.78125,5.609375,5.515625,5.140625,6.28125,7.53125,7.40625,8.359375,12.71875,16.859375,17.875,18.9375,17.984375,15.0625,13.203125,11.203125,9.40625,8.65625,8.046875,7.359375,7.359375,9.0,10.78125,10.296875,9.46875,8.296875,7.21875,6.546875
2000-02-02,6.0,5.78125,5.609375,5.515625,5.140625,6.28125,7.53125,7.40625,8.359375,12.71875,16.859375,17.875,18.9375,17.984375,15.0625,13.203125,11.203125,9.40625,8.65625,8.046875,7.359375,7.359375,9.0,10.78125,10.296875,9.46875,8.296875,7.21875,6.546875,6.40625
2000-02-03,5.78125,5.609375,5.515625,5.140625,6.28125,7.53125,7.40625,8.359375,12.71875,16.859375,17.875,18.9375,17.984375,15.0625,13.203125,11.203125,9.40625,8.65625,8.046875,7.359375,7.359375,9.0,10.78125,10.296875,9.46875,8.296875,7.21875,6.546875,6.40625,8.796875
2000-02-04,5.40625,5.21875,4.765625,5.1875,4.734375,4.6875,5.875,9.015625,10.34375,10.34375,10.625,21.640625,36.46875,31.96875,31.125,31.0625,28.171875,50.90625,78.34375,80.328125,76.71875,77.25,68.65625,46.21875,31.15625,22.3125,17.359375,15.25,15.125,14.578125
2000-02-05,5.21875,4.765625,5.1875,4.734375,4.6875,5.875,9.015625,10.34375,10.34375,10.625,21.640625,36.46875,31.96875,31.125,31.0625,28.171875,50.90625,78.34375,80.328125,76.71875,77.25,68.65625,46.21875,31.15625,22.3125,17.359375,15.25,15.125,14.578125,13.296875
2000-02-06,4.765625,5.1875,4.734375,4.6875,5.875,9.015625,10.34375,10.34375,10.625,21.640625,36.46875,31.96875,31.125,31.0625,28.171875,50.90625,78.34375,80.328125,76.71875,77.25,68.65625,46.21875,31.15625,22.3125,17.359375,15.25,15.125,14.578125,13.296875,12.8125
2000-02-07,4.875,4.703125,4.703125,4.765625,4.71875,4.484375,5.828125,10.21875,13.734375,14.75,13.578125,14.484375,23.15625,38.453125,39.859375,29.546875,27.65625,32.625,32.734375,38.28125,51.015625,53.5625,44.734375,48.015625,49.625,39.78125,35.9375,30.015625,22.671875,17.21875
2000-02-08,4.703125,4.703125,4.765625,4.71875,4.484375,5.828125,10.21875,13.734375,14.75,13.578125,14.484375,23.15625,38.453125,39.859375,29.546875,27.65625,32.625,32.734375,38.28125,51.015625,53.5625,44.734375,48.015625,49.625,39.78125,35.9375,30.015625,22.671875,17.21875,14.203125
2000-02-09,4.703125,4.765625,4.71875,4.484375,5.828125,10.21875,13.734375,14.75,13.578125,14.484375,23.15625,38.453125,39.859375,29.546875,27.65625,32.625,32.734375,38.28125,51.015625,53.5625,44.734375,48.015625,49.625,39.78125,35.9375,30.015625,22.671875,17.21875,14.203125,17.6875
2000-02-10,4.765625,4.71875,4.484375,5.828125,10.21875,13.734375,14.75,13.578125,14.484375,23.15625,38.453125,39.859375,29.546875,27.65625,32.625,32.734375,38.28125,51.015625,53.5625,44.734375,48.015625,49.625,39.78125,35.9375,30.015625,22.671875,17.21875,14.203125,17.6875,28.296875
2000-02-11,8.78125,8.671875,26.8125,50.953125,41.4375,32.8125,26.3125,24.59375,29.90625,34.96875,36.3125,52.671875,56.875,47.28125,50.296875,49.4375,35.71875,25.34375,19.671875,26.046875,38.875,36.640625,29.21875,25.375,25.984375,24.1875,18.953125,15.015625,14.9375,29.140625
2000-02-12,8.671875,26.8125,50.953125,41.4375,32.8125,26.3125,24.59375,29.90625,34.96875,36.3125,52.671875,56.875,47.28125,50.296875,49.4375,35.71875,25.34375,19.671875,26.046875,38.875,36.640625,29.21875,25.375,25.984375,24.1875,18.953125,15.015625,14.9375,29.140625,45.546875
2000-02-13,26.8125,50.953125,41.4375,32.8125,26.3125,24.59375,29.90625,34.96875,36.3125,52.671875,56.875,47.28125,50.296875,49.4375,35.71875,25.34375,19.671875,26.046875,38.875,36.640625,29.21875,25.375,25.984375,24.1875,18.953125,15.015625,14.9375,29.140625,45.546875,42.34375
2000-02-14,18.375,17.015625,14.203125,12.015625,12.109375,13.5,22.0,39.046875,38.34375,39.71875,47.15625,50.421875,45.484375,52.296875,60.34375,47.15625,36.375,28.609375,22.90625,20.09375,18.921875,16.765625,13.890625,14.203125,17.78125,16.09375,17.421875,23.765625,21.5,17.265625
2000-02-15,17.015625,14.203125,12.015625,12.109375,13.5,22.0,39.046875,38.34375,39.71875,47.15625,50.421875,45.484375,52.296875,60.34375,47.15625,36.375,28.609375,22.90625,20.09375,18.921875,16.765625,13.890625,14.203125,17.78125,16.09375,17.421875,23.765625,21.5,17.265625,15.890625
2000-02-16,14.203125,12.015625,12.109375,13.5,22.0,39.046875,38.34375,39.71875,47.15625,50.421875,45.484375,52.296875,60.34375,47.15625,36.375,28.609375,22.90625,20.09375,18.921875,16.765625,13.890625,14.203125,17.78125,16.09375,17.421875,23.765625,21.5,17.265625,15.890625,17.375
2000-02-17,12.015625,12.109375,13.5,22.0,39.046875,38.34375,39.71875,47.15625,50.421875,45.484375,52.296875,60.34375,47.15625,36.375,28.609375,22.90625,20.09375,18.921875,16.765625,13.890625,14.203125,17.78125,16.09375,17.421875,23.765625,21.5,17.265625,15.890625,17.375,16.78125
2000-02-18,26.25,21.15625,21.296875,32.75,43.875,39.25,43.75,56.734375,136.015625,152.46875,96.984375,104.171875,116.078125,106.734375,85.640625,58.546875,65.125,85.4375,70.921875,49.71875,50.109375,60.796875,458.96875,466.90625,264.0625,212.0625,216.59375,202.359375,145.859375,101.140625
2000-02-19,21.15625,21.296875,32.75,43.875,39.25,43.75,56.734375,136.015625,152.46875,96.984375,104.171875,116.078125,106.734375,85.640625,58.546875,65.125,85.4375,70.921875,49.71875,50.109375,60.796875,458.96875,466.90625,264.0625,212.0625,216.59375,202.359375,145.859375,101.140625,103.3125
2000-02-20,21.296875,32.75,43.875,39.25,43.75,56.734375,136.015625,152.46875,96.984375,104.171875,116.078125,106.734375,85.640625,58.546875,65.125,85.4375,70.921875,49.71875,50.109375,60.796875,458.96875,466.90625,264.0625,212.0625,216.59375,202.359375,145.859375,101.140625,103.3125,96.8125
2000-02-21,39.25,45.015625,50.65625,68.09375,77.59375,59.796875,40.84375,27.828125,25.78125,49.078125,92.15625,138.421875,117.8125,112.75,102.84375,66.59375,42.078125,28.234375,20.34375,17.71875,25.109375,31.5625,28.671875,25.78125,20.9375,19.40625,22.03125,25.140625,28.96875,34.03125
2000-02-22,45.015625,50.65625,68.09375,77.59375,59.796875,40.84375,27.828125,25.78125,49.078125,92.15625,138.421875,117.8125,112.75,102.84375,66.59375,42.078125,28.234375,20.34375,17.71875,25.109375,31.5625,28.671875,25.78125,20.9375,19.40625,22.03125,25.140625,28.96875,34.03125,35.65625
2000-02-23,50.65625,68.09375,77.59375,59.796875,40.84375,27.828125,25.78125,49.078125,92.15625,138.421875,117.8125,112.75,102.84375,66.59375,42.078125,28.234375,20.34375,17.71875,25.109375,31.5625,28.671875,25.78125,20.9375,19.40625,22.03125,25.140625,28.96875,34.03125,35.65625,32.5625
2000-02-24,68.09375,77.59375,59.796875,40.84375,27.828125,25.78125,49.078125,92.15625,138.421875,117.8125,112.75,102.84375,66.59375,42.078125,28.234375,20.34375,17.71875,25.109375,31.5625,28.671875,25.78125,20.9375,19.40625,22.03125,25.140625,28.96875,34.03125,35.65625,32.5625,35.1875
2000-02-25,57.609375,67.40625,70.9375,50.53125,51.09375,80.015625,89.25,73.1875,55.25,42.796875,34.46875,40.03125,52.40625,45.46875,45.4375,57.234375,91.734375,99.03125,66.765625,52.9375,65.640625,86.640625,118.71875,130.421875,120.9375,99.609375,68.3125,53.03125,44.90625,65.90625
2000-02-26,67.40625,70.9375,50.53125,51.09375,80.015625,89.25,73.1875,55.25,42.796875,34.46875,40.03125,52.40625,45.46875,45.4375,57.234375,91.734375,99.03125,66.765625,52.9375,65.640625,86.640625,118.71875,130.421875,120.9375,99.609375,68.3125,53.03125,44.90625,65.90625,82.9375
2000-02-27,70.9375,50.53125,51.09375,80.015625,89.25,73.1875,55.25,42.796875,34.46875,40.03125,52.40625,45.46875,45.4375,57.234375,91.734375,99.03125,66.765625,52.9375,65.640625,86.640625,118.71875,130.421875,120.9375,99.609375,68.3125,53.03125,44.90625,65.90625,82.9375,66.75
2000-02-28,35.453125,32.8125,25.296875,21.015625,29.828125,51.515625,72.71875,74.546875,58.515625,55.296875,337.8125,358.40625,204.25,128.109375,109.578125,95.828125,69.578125,54.34375,51.421875,45.59375,36.265625,35.703125,65.546875,92.6875,111.359375,123.03125,107.796875,90.296875,119.03125,115.40625
2000-02-29,32.8125,25.296875,21.015625,29.828125,51.515625,72.71875,74.546875,58.515625,55.296875,337.8125,358.40625,204.25,128.109375,109.578125,95.828125,69.578125,54.34375,51.421875,45.59375,36.265625,35.703125,65.546875,92.6875,111.359375,123.03125,107.796875,90.296875,119.03125,115.40625,71.890625
2000-03-01,25.296875,21.015625,29.828125,51.515625,72.71875,74.546875,58.515625,55.296875,337.8125,358.40625,204.25,128.109375,109.578125,95.828125,69.578125,54.34375,51.421875,45.59375,36.265625,35.703125,65.546875,92.6875,111.359375,123.03125,107.796875,90.296875,119.03125,115.40625,71.890625,46.921875
2000-03-02,21.015625,29.828125,51.515625,72.71875,74.546875,58.515625,55.296875,337.8125,358.40625,204.25,128.109375,109.578125,95.828125,69.578125,54.34375,51.421875,45.59375,36.265625,35.703125,65.546875,92.6875,111.359375,123.03125,107.796875,90.296875,119.03125,115.40625,71.890625,46.921875,31.9375
2000-03-03,29.828125,51.515625,72.71875,74.546875,58.515625,55.296875,337.8125,358.40625,204.25,128.109375,109.578125,95.828125,69.578125,54.34375,51.421875,45.59375,36.265625,35.703125,65.546875,92.6875,111.359375,123.03125,107.796875,90.296875,119.03125,115.40625,71.890625,46.921875,31.9375,23.953125
2000-03-04,24.1875,25.390625,30.96875,40.484375,77.359375,95.65625,83.1875,72.921875,52.78125,35.15625,24.40625,18.171875,16.765625,18.046875,18.5625,30.03125,44.03125,37.90625,28.40625,25.75,33.65625,43.21875,49.4375,45.25,37.875,32.625,27.90625,26.875,26.75,22.625
2000-03-05,25.390625,30.96875,40.484375,77.359375,95.65625,83.1875,72.921875,52.78125,35.15625,24.40625,18.171875,16.765625,18.046875,18.5625,30.03125,44.03125,37.90625,28.40625,25.75,33.65625,43.21875,49.4375,45.25,37.875,32.625,27.90625,26.875,26.75,22.625,17.59375
2000-03-06,30.96875,40.484375,77.359375,95.65625,83.1875,72.921875,52.78125,35.15625,24.40625,18.171875,16.765625,18.046875,18.5625,30.03125,44.03125,37.90625,28.40625,25.75,33.65625,43.21875,49.4375,45.25,37.875,32.625,27.90625,26.875,26.75,22.625,17.59375,14.03125
2000-03-07,146.15625,193.9375,168.71875,124.375,92.203125,70.8125,65.53125,57.3125,46.21875,47.625,65.09375,77.875,100.8125,243.71875,237.84375,156.15625,103.75,68.5,48.125,34.0625,27.375,57.25,104.03125,126.03125,123.21875,87.34375,57.53125,39.875,28.3125,21.0625
2000-03-08,193.9375,168.71875,124.375,92.203125,70.8125,65.53125,57.3125,46.21875,47.625,65.09375,77.875,100.8125,243.71875,237.84375,156.15625,103.75,68.5,48.125,34.0625,27.375,57.25,104.03125,126.03125,123.21875,87.34375,57.53125,39.875,28.3125,21.0625,16.125
2000-03-09,168.71875,124.375,92.203125,70.8125,65.53125,57.3125,46.21875,47.625,65.09375,77.875,100.8125,243.71875,237.84375,156.15625,103.75,68.5,48.125,34.0625,27.375,57.25,104.03125,126.03125,123.21875,87.34375,57.53125,39.875,28.3125,21.0625,16.125,13.09375
2000-03-10,124.375,92.203125,70.8125,65.53125,57.3125,46.21875,47.625,65.09375,77.875,100.8125,243.71875,237.84375,156.15625,103.75,68.5,48.125,34.0625,27.375,57.25,104.03125,126.03125,123.21875,87.34375,57.53125,39.875,28.3125,21.0625,16.125,13.09375,12.78125
2000-03-11,93.265625,62.078125,44.96875,56.15625,83.03125,147.71875,165.3125,115.71875,75.9375,51.75,54.53125,70.78125,68.0625,58.96875,60.34375,68.28125,65.78125,55.40625,47.03125,41.625,33.71875,27.09375,22.96875,21.9375,23.34375,24.75,23.1875,34.96875,57.46875,61.15625
2000-03-12,62.078125,44.96875,56.15625,83.03125,147.71875,165.3125,115.71875,75.9375,51.75,54.53125,70.78125,68.0625,58.96875,60.34375,68.28125,65.78125,55.40625,47.03125,41.625,33.71875,27.09375,22.96875,21.9375,23.34375,24.75,23.1875,34.96875,57.46875,61.15625,49.84375
2000-03-13,44.96875,56.15625,83.03125,147.71875,165.3125,115.71875,75.9375,51.75,54.53125,70.78125,68.0625,58.96875,60.34375,68.28125,65.78125,55.40625,47.03125,41.625,33.71875,27.09375,22.96875,21.9375,23.34375,24.75,23.1875,34.96875,57.46875,61.15625,49.84375,49.84375
2000-03-14,37.125,39.84375,43.0,62.53125,65.875,60.96875,63.03125,107.0625,122.6875,82.65625,52.96875,40.8125,37.65625,36.0,30.78125,25.125,23.03125,23.21875,26.5625,26.0625,24.25,21.5625,17.75,14.5625,13.34375,13.84375,15.40625,22.4375,41.9375,51.46875
2000-03-15,39.84375,43.0,62.53125,65.875,60.96875,63.03125,107.0625,122.6875,82.65625,52.96875,40.8125,37.65625,36.0,30.78125,25.125,23.03125,23.21875,26.5625,26.0625,24.25,21.5625,17.75,14.5625,13.34375,13.84375,15.40625,22.4375,41.9375,51.46875,58.53125
2000-03-16,43.0,62.53125,65.875,60.96875,63.03125,107.0625,122.6875,82.65625,52.96875,40.8125,37.65625,36.0,30.78125,25.125,23.03125,23.21875,26.5625,26.0625,24.25,21.5625,17.75,14.5625,13.34375,13.84375,15.40625,22.4375,41.9375,51.46875,58.53125,67.40625
2000-03-17,62.53125,65.875,60.96875,63.03125,107.0625,122.6875,82.65625,52.96875,40.8125,37.65625,36.0,30.78125,25.125,23.03125,23.21875,26.5625,26.0625,24.25,21.5625,17.75,14.5625,13.34375,13.84375,15.40625,22.4375,41.9375,51.46875,58.53125,67.40625,59.4375
2000-03-18,59.8125,48.0,41.25,35.59375,28.84375,32.40625,53.3125,64.28125,61.375,56.28125,52.53125,45.96875,36.1875,38.9375,45.34375,40.65625,31.0625,23.46875,20.0,18.65625,17.625,16.5625,15.71875,16.84375,20.03125,26.90625,35.875,44.5625,66.78125,71.875
2000-03-19,48.0,41.25,35.59375,28.84375,32.40625,53.3125,64.28125,61.375,56.28125,52.53125,45.96875,36.1875,38.9375,45.34375,40.65625,31.0625,23.46875,20.0,18.65625,17.625,16.5625,15.71875,16.84375,20.03125,26.90625,35.875,44.5625,66.78125,71.875,52.0
2000-03-20,41.25,35.59375,28.84375,32.40625,53.3125,64.28125,61.375,56.28125,52.53125,45.96875,36.1875,38.9375,45.34375,40.65625,31.0625,23.46875,20.0,18.65625,17.625,16.5625,15.71875,16.84375,20.03125,26.90625,35.875,44.5625,66.78125,71.875,52.0,56.03125
2000-03-21,53.875,42.75,33.34375,28.09375,25.4375,35.46875,67.3125,67.09375,49.84375,43.125,51.9375,63.9375,72.625,82.34375,127.0,133.1875,93.75,71.8125,76.0,82.59375,74.71875,67.875,62.875,56.3125,67.4375,80.625,109.875,127.40625,111.5,104.84375
2000-03-22,42.75,33.34375,28.09375,25.4375,35.46875,67.3125,67.09375,49.84375,43.125,51.9375,63.9375,72.625,82.34375,127.0,133.1875,93.75,71.8125,76.0,82.59375,74.71875,67.875,62.875,56.3125,67.4375,80.625,109.875,127.40625,111.5,104.84375,130.9375
2000-03-23,33.34375,28.09375,25.4375,35.46875,67.3125,67.09375,49.84375,43.125,51.9375,63.9375,72.625,82.34375,127.0,133.1875,93.75,71.8125,76.0,82.59375,74.71875,67.875,62.875,56.3125,67.4375,80.625,109.875,127.40625,111.5,104.84375,130.9375,154.3125
2000-03-24,28.09375,25.4375,35.46875,67.3125,67.09375,49.84375,43.125,51.9375,63.9375,72.625,82.34375,127.0,133.1875,93.75,71.8125,76.0,82.59375,74.71875,67.875,62.875,56.3125,67.4375,80.625,109.875,127.40625,111.5,104.84375,130.9375,154.3125,141.9375
2000-03-25,21.75,21.03125,23.3125,22.4375,37.34375,125.875,215.6875,234.5,214.6875,166.1875,117.09375,91.875,83.71875,86.75,76.5625,53.28125,36.71875,27.375,26.09375,29.28125,28.8125,29.78125,28.65625,34.75,163.75,193.71875,114.3125,141.4375,245.9375,243.125
2000-03-26,21.03125,23.3125,22.4375,37.34375,125.875,215.6875,234.5,214.6875,166.1875,117.09375,91.875,83.71875,86.75,76.5625,53.28125,36.71875,27.375,26.09375,29.28125,28.8125,29.78125,28.65625,34.75,163.75,193.71875,114.3125,141.4375,245.9375,243.125,216.34375
2000-03-27,23.3125,22.4375,37.34375,125.875,215.6875,234.5,214.6875,166.1875,117.09375,91.875,83.71875,86.75,76.5625,53.28125,36.71875,27.375,26.09375,29.28125,28.8125,29.78125,28.65625,34.75,163.75,193.71875,114.3125,141.4375,245.9375,243.125,216.34375,169.9375
2000-03-28,23.09375,25.96875,33.34375,40.6875,46.4375,72.375,106.71875,106.875,115.34375,111.1875,95.96875,111.15625,480.34375,496.1875,318.78125,225.6875,154.78125,100.28125,72.09375,51.5,53.375,68.625,68.28125,67.375,88.78125,102.75,85.875,77.21875,88.5,86.84375
2000-03-29,25.96875,33.34375,40.6875,46.4375,72.375,106.71875,106.875,115.34375,111.1875,95.96875,111.15625,480.34375,496.1875,318.78125,225.6875,154.78125,100.28125,72.09375,51.5,53.375,68.625,68.28125,67.375,88.78125,102.75,85.875,77.21875,88.5,86.84375,69.09375
2000-03-30,33.34375,40.6875,46.4375,72.375,106.71875,106.875,115.34375,111.1875,95.96875,111.15625,480.34375,496.1875,318.78125,225.6875,154.78125,100.28125,72.09375,51.5,53.375,68.625,68.28125,67.375,88.78125,102.75,85.875,77.21875,88.5,86.84375,69.09375,62.4375
2000-03-31,40.6875,46.4375,72.375,106.71875,106.875,115.34375,111.1875,95.96875,111.15625,480.34375,496.1875,318.78125,225.6875,154.78125,100.28125,72.09375,51.5,53.375,68.625,68.28125,67.375,88.78125,102.75,85.875,77.21875,88.5,86.84375,69.09375,62.4375,56.875
2000-04-01,45.5625,45.15625,46.25,44.4375,40.125,36.5625,30.84375,54.65625,109.0,125.75,98.59375,70.0,51.75,35.5,25.1875,20.03125,22.875,37.8125,49.78125,52.75,51.875,139.96875,246.75,239.6875,203.53125,198.5,161.21875,103.09375,73.75,58.875
2000-04-02,45.15625,46.25,44.4375,40.125,36.5625,30.84375,54.65625,109.0,125.75,98.59375,70.0,51.75,35.5,25.1875,20.03125,22.875,37.8125,49.78125,52.75,51.875,139.96875,246.75,239.6875,203.53125,198.5,161.21875,103.09375,73.75,58.875,55.9375
2000-04-03,46.25,44.4375,40.125,36.5625,30.84375,54.65625,109.0,125.75,98.59375,70.0,51.75,35.5,25.1875,20.03125,22.875,37.8125,49.78125,52.75,51.875,139.96875,246.75,239.6875,203.53125,198.5,161.21875,103.09375,73.75,58.875,55.9375,64.125
2000-04-04,110.6875,84.34375,76.03125,72.40625,120.03125,153.875,117.84375,77.15625,51.625,37.40625,38.90625,53.3125,55.5,48.28125,46.34375,52.125,92.0,124.40625,125.25,145.03125,174.34375,150.65625,97.375,60.53125,41.1875,59.15625,82.28125,126.125,155.53125,127.34375
2000-04-05,84.34375,76.03125,72.40625,120.03125,153.875,117.84375,77.15625,51.625,37.40625,38.90625,53.3125,55.5,48.28125,46.34375,52.125,92.0,124.40625,125.25,145.03125,174.34375,150.65625,97.375,60.53125,41.1875,59.15625,82.28125,126.125,155.53125,127.34375,106.46875
2000-04-06,76.03125,72.40625,120.03125,153.875,117.84375,77.15625,51.625,37.40625,38.90625,53.3125,55.5,48.28125,46.34375,52.125,92.0,124.40625,125.25,145.03125,174.34375,150.65625,97.375,60.53125,41.1875,59.15625,82.28125,126.125,155.53125,127.34375,106.46875,157.375
2000-04-07,72.40625,120.03125,153.875,117.84375,77.15625,51.625,37.40625,38.90625,53.3125,55.5,48.28125,46.34375,52.125,92.0,124.40625,125.25,145.03125,174.34375,150.65625,97.375,60.53125,41.1875,59.15625,82.28125,126.125,155.53125,127.34375,106.46875,157.375,205.40625
2000-04-08,59.875,93.9375,169.25,162.3125,141.125,141.09375,160.71875,158.0,137.65625,103.03125,66.46875,44.28125,34.03125,28.84375,26.8125,24.6875,20.21875,16.9375,16.1875,15.5,15.875,15.96875,20.0625,26.46875,29.28125,41.9375,93.53125,145.875,135.0625,109.75
2000-04-09,93.9375,169.25,162.3125,141.125,141.09375,160.71875,158.0,137.65625,103.03125,66.46875,44.28125,34.03125,28.84375,26.8125,24.6875,20.21875,16.9375,16.1875,15.5,15.875,15.96875,20.0625,26.46875,29.28125,41.9375,93.53125,145.875,135.0625,109.75,89.25
2000-04-10,169.25,162.3125,141.125,141.09375,160.71875,158.0,137.65625,103.03125,66.46875,44.28125,34.03125,28.84375,26.8125,24.6875,20.21875,16.9375,16.1875,15.5,15.875,15.96875,20.0625,26.46875,29.28125,41.9375,93.53125,145.875,135.0625,109.75,89.25,70.125
2000-04-11,197.5625,133.96875,125.84375,150.59375,154.65625,135.9375,140.0,134.28125,98.34375,97.4375,105.03125,91.84375,75.71875,56.90625,56.59375,77.53125,89.0,131.125,162.28125,128.25,111.9375,125.90625,125.34375,200.8125,259.9375,231.34375,166.96875,123.84375,97.21875,109.1875
2000-04-12,133.96875,125.84375,150.59375,154.65625,135.9375,140.0,134.28125,98.34375,97.4375,105.03125,91.84375,75.71875,56.90625,56.59375,77.53125,89.0,131.125,162.28125,128.25,111.9375,125.90625,125.34375,200.8125,259.9375,231.34375,166.96875,123.84375,97.21875,109.1875,224.21875
2000-04-13,125.84375,150.59375,154.65625,135.9375,140.0,134.28125,98.34375,97.4375,105.03125,91.84375,75.71875,56.90625,56.59375,77.53125,89.0,131.125,162.28125,128.25,111.9375,125.90625,125.34375,200.8125,259.9375,231.34375,166.96875,123.84375,97.21875,109.1875,224.21875,357.15625
2000-04-14,150.59375,154.65625,135.9375,140.0,134.28125,98.34375,97.4375,105.03125,91.84375,75.71875,56.90625,56.59375,77.53125,89.0,131.125,162.28125,128.25,111.9375,125.90625,125.34375,200.8125,259.9375,231.34375,166.96875,123.84375,97.21875,109.1875,224.21875,357.15625,409.5
2000-04-15,147.78125,170.71875,150.25,127.09375,120.65625,105.1875,90.40625,73.25,60.875,62.40625,80.03125,114.5,106.0625,71.65625,51.5,49.125,61.25,86.15625,157.09375,200.4375,208.125,220.15625,250.84375,234.25,172.4375,131.4375,104.5625,79.03125,66.65625,71.1875
2000-04-16,170.71875,150.25,127.09375,120.65625,105.1875,90.40625,73.25,60.875,62.40625,80.03125,114.5,106.0625,71.65625,51.5,49.125,61.25,86.15625,157.09375,200.4375,208.125,220.15625,250.84375,234.25,172.4375,131.4375,104.5625,79.03125,66.65625,71.1875,72.03125
2000-04-17,150.25,127.09375,120.65625,105.1875,90.40625,73.25,60.875,62.40625,80.03125,114.5,106.0625,71.65625,51.5,49.125,61.25,86.15625,157.09375,200.4375,208.125,220.15625,250.84375,234.25,172.4375,131.4375,104.5625,79.03125,66.65625,71.1875,72.03125,59.78125
2000-04-18,142.46875,140.59375,126.25,105.71875,91.9375,83.46875,67.78125,68.59375,88.03125,90.59375,73.625,56.90625,46.71875,38.53125,60.5625,120.5,123.53125,100.96875,90.375,115.96875,172.375,168.0,128.09375,106.96875,117.125,122.65625,95.0,95.71875,130.46875,155.46875
2000-04-19,140.59375,126.25,105.71875,91.9375,83.46875,67.78125,68.59375,88.03125,90.59375,73.625,56.90625,46.71875,38.53125,60.5625,120.5,123.53125,100.96875,90.375,115.96875,172.375,168.0,128.09375,106.96875,117.125,122.65625,95.0,95.71875,130.46875,155.46875,132.4375
2000-04-20,126.25,105.71875,91.9375,83.46875,67.78125,68.59375,88.03125,90.59375,73.625,56.90625,46.71875,38.53125,60.5625,120.5,123.53125,100.96875,90.375,115.96875,172.375,168.0,128.09375,106.96875,117.125,122.65625,95.0,95.71875,130.46875,155.46875,132.4375,88.40625
2000-04-21,105.71875,91.9375,83.46875,67.78125,68.59375,88.03125,90.59375,73.625,56.90625,46.71875,38.53125,60.5625,120.5,123.53125,100.96875,90.375,115.96875,172.375,168.0,128.09375,106.96875,117.125,122.65625,95.0,95.71875,130.46875,155.46875,132.4375,88.40625,74.46875
2000-04-22,157.65625,138.625,117.15625,100.3125,114.6875,122.625,97.125,85.40625,75.96875,54.4375,48.59375,68.9375,91.46875,82.6875,60.84375,47.375,49.71875,51.96875,46.71875,50.46875,99.90625,126.28125,102.4375,81.03125,62.375,57.25,72.625,96.8125,106.0625,117.9375
2000-04-23,138.625,117.15625,100.3125,114.6875,122.625,97.125,85.40625,75.96875,54.4375,48.59375,68.9375,91.46875,82.6875,60.84375,47.375,49.71875,51.96875,46.71875,50.46875,99.90625,126.28125,102.4375,81.03125,62.375,57.25,72.625,96.8125,106.0625,117.9375,125.25
2000-04-24,117.15625,100.3125,114.6875,122.625,97.125,85.40625,75.96875,54.4375,48.59375,68.9375,91.46875,82.6875,60.84375,47.375,49.71875,51.96875,46.71875,50.46875,99.90625,126.28125,102.4375,81.03125,62.375,57.25,72.625,96.8125,106.0625,117.9375,125.25,110.34375
2000-04-25,99.71875,76.59375,61.75,46.28125,42.125,47.625,47.5,45.84375,49.3125,49.28125,46.5,48.375,57.90625,81.71875,100.09375,97.40625,111.5,124.65625,108.4375,85.78125,61.65625,43.21875,43.34375,50.25,44.5,40.375,45.34375,55.84375,62.03125,59.3125
2000-04-26,76.59375,61.75,46.28125,42.125,47.625,47.5,45.84375,49.3125,49.28125,46.5,48.375,57.90625,81.71875,100.09375,97.40625,111.5,124.65625,108.4375,85.78125,61.65625,43.21875,43.34375,50.25,44.5,40.375,45.34375,55.84375,62.03125,59.3125,50.71875
2000-04-27,61.75,46.28125,42.125,47.625,47.5,45.84375,49.3125,49.28125,46.5,48.375,57.90625,81.71875,100.09375,97.40625,111.5,124.65625,108.4375,85.78125,61.65625,43.21875,43.34375,50.25,44.5,40.375,45.34375,55.84375,62.03125,59.3125,50.71875,46.5625
2000-04-28,46.28125,42.125,47.625,47.5,45.84375,49.3125,49.28125,46.5,48.375,57.90625,81.71875,100.09375,97.40625,111.5,124.65625,108.4375,85.78125,61.65625,43.21875,43.34375,50.25,44.5,40.375,45.34375,55.84375,62.03125,59.3125,50.71875,46.5625,54.59375
2000-04-29,105.5625,114.625,89.28125,71.53125,59.1875,52.03125,47.34375,63.0625,98.1875,113.40625,125.96875,115.8125,84.25,74.84375,83.09375,80.71875,66.75,48.90625,37.28125,30.71875,37.9375,56.1875,66.0,81.3125,97.3125,97.9375,102.84375,104.125,122.53125,147.75
2000-04-30,114.625,89.28125,71.53125,59.1875,52.03125,47.34375,63.0625,98.1875,113.40625,125.96875,115.8125,84.25,74.84375,83.09375,80.71875,66.75,48.90625,37.28125,30.71875,37.9375,56.1875,66.0,81.3125,97.3125,97.9375,102.84375,104.125,122.53125,147.75,142.0
2000-05-01,89.28125,71.53125,59.1875,52.03125,47.34375,63.0625,98.1875,113.40625,125.96875,115.8125,84.25,74.84375,83.09375,80.71875,66.75,48.90625,37.28125,30.71875,37.9375,56.1875,66.0,81.3125,97.3125,97.9375,102.84375,104.125,122.53125,147.75,142.0,115.96875
2000-05-02,49.875,55.59375,67.875,76.96875,82.5625,87.75,117.21875,127.0,109.6875,103.90625,98.5625,104.375,148.1875,174.96875,132.5625,85.84375,80.46875,100.28125,102.125,80.09375,66.53125,67.28125,62.25,52.34375,41.96875,36.9375,33.40625,36.21875,46.5,72.6875
2000-05-03,55.59375,67.875,76.96875,82.5625,87.75,117.21875,127.0,109.6875,103.90625,98.5625,104.375,148.1875,174.96875,132.5625,85.84375,80.46875,100.28125,102.125,80.09375,66.53125,67.28125,62.25,52.34375,41.96875,36.9375,33.40625,36.21875,46.5,72.6875,103.6875
2000-05-04,67.875,76.96875,82.5625,87.75,117.21875,127.0,109.6875,103.90625,98.5625,104.375,148.1875,174.96875,132.5625,85.84375,80.46875,100.28125,102.125,80.09375,66.53125,67.28125,62.25,52.34375,41.96875,36.9375,33.40625,36.21875,46.5,72.6875,103.6875,135.03125
2000-05-05,76.96875,82.5625,87.75,117.21875,127.0,109.6875,103.90625,98.5625,104.375,148.1875,174.96875,132.5625,85.84375,80.46875,100.28125,102.125,80.09375,66.53125,67.28125,62.25,52.34375,41.96875,36.9375,33.40625,36.21875,46.5,72.6875,103.6875,135.03125,190.25
2000-05-06,56.3125,43.21875,36.8125,33.4375,39.96875,85.8125,119.9375,112.6875,158.125,188.84375,155.0625,129.375,133.34375,121.78125,96.75,134.96875,268.375,324.78125,255.84375,208.625,210.5625,238.90625,259.125,294.75,358.6875,345.46875,270.34375,227.875,188.96875,142.09375
2000-05-07,43.21875,36.8125,33.4375,39.96875,85.8125,119.9375,112.6875,158.125,188.84375,155.0625,129.375,133.34375,121.78125,96.75,134.96875,268.375,324.78125,255.84375,208.625,210.5625,238.90625,259.125,294.75,358.6875,345.46875,270.34375,227.875,188.96875,142.09375,131.15625
2000-05-08,36.8125,33.4375,39.96875,85.8125,119.9375,112.6875,158.125,188.84375,155.0625,129.375,133.34375,121.78125,96.75,134.96875,268.375,324.78125,255.84375,208.625,210.5625,238.90625,259.125,294.75,358.6875,345.46875,270.34375,227.875,188.96875,142.09375,131.15625,147.46875
2000-05-09,77.3125,60.71875,79.53125,110.34375,101.28125,82.90625,139.5625,182.8125,137.9375,88.4375,80.53125,99.125,124.4375,216.125,206.1875,143.53125,121.15625,108.1875,102.5,124.875,160.96875,159.0,207.4375,206.46875,144.8125,100.625,82.28125,75.65625,65.65625,56.78125
2000-05-10,60.71875,79.53125,110.34375,101.28125,82.90625,139.5625,182.8125,137.9375,88.4375,80.53125,99.125,124.4375,216.125,206.1875,143.53125,121.15625,108.1875,102.5,124.875,160.96875,159.0,207.4375,206.46875,144.8125,100.625,82.28125,75.65625,65.65625,56.78125,51.25
2000-05-11,79.53125,110.34375,101.28125,82.90625,139.5625,182.8125,137.9375,88.4375,80.53125,99.125,124.4375,216.125,206.1875,143.53125,121.15625,108.1875,102.5,124.875,160.96875,159.0,207.4375,206.46875,144.8125,100.625,82.28125,75.65625,65.65625,56.78125,51.25,47.40625
2000-05-12,110.34375,101.28125,82.90625,139.5625,182.8125,137.9375,88.4375,80.53125,99.125,124.4375,216.125,206.1875,143.53125,121.15625,108.1875,102.5,124.875,160.96875,159.0,207.4375,206.46875,144.8125,100.625,82.28125,75.65625,65.65625,56.78125,51.25,47.40625,45.375
2000-05-13,124.75,121.5625,108.96875,103.34375,94.5625,95.03125,88.25,77.3125,75.5625,72.03125,68.75,68.3125,71.21875,85.40625,92.875,83.0625,73.03125,75.375,106.3125,140.40625,159.3125,200.6875,263.46875,234.78125,175.0,180.5625,190.46875,165.75,125.96875,89.21875
2000-05-14,121.5625,108.96875,103.34375,94.5625,95.03125,88.25,77.3125,75.5625,72.03125,68.75,68.3125,71.21875,85.40625,92.875,83.0625,73.03125,75.375,106.3125,140.40625,159.3125,200.6875,263.46875,234.78125,175.0,180.5625,190.46875,165.75,125.96875,89.21875,67.09375
2000-05-15,108.96875,103.34375,94.5625,95.03125,88.25,77.3125,75.5625,72.03125,68.75,68.3125,71.21875,85.40625,92.875,83.0625,73.03125,75.375,106.3125,140.40625,159.3125,200.6875,263.46875,234.78125,175.0,180.5625,190.46875,165.75,125.96875,89.21875,67.09375,54.71875
2000-05-16,111.34375,103.0,100.46875,110.40625,105.1875,81.6875,84.5625,99.90625,99.78125,80.625,60.375,62.8125,62.375,49.8125,49.25,50.84375,48.46875,54.0,62.65625,65.75,80.0625,105.96875,121.375,195.625,251.53125,268.875,221.25,158.84375,134.1875,132.0
2000-05-17,103.0,100.46875,110.40625,105.1875,81.6875,84.5625,99.90625,99.78125,80.625,60.375,62.8125,62.375,49.8125,49.25,50.84375,48.46875,54.0,62.65625,65.75,80.0625,105.96875,121.375,195.625,251.53125,268.875,221.25,158.84375,134.1875,132.0,227.125
2000-05-18,100.46875,110.40625,105.1875,81.6875,84.5625,99.90625,99.78125,80.625,60.375,62.8125,62.375,49.8125,49.25,50.84375,48.46875,54.0,62.65625,65.75,80.0625,105.96875,121.375,195.625,251.53125,268.875,221.25,158.84375,134.1875,132.0,227.125,331.0625
2000-05-19,110.40625,105.1875,81.6875,84.5625,99.90625,99.78125,80.625,60.375,62.8125,62.375,49.8125,49.25,50.84375,48.46875,54.0,62.65625,65.75,80.0625,105.96875,121.375,195.625,251.53125,268.875,221.25,158.84375,134.1875,132.0,227.125,331.0625,357.6875
2000-05-20,84.1875,81.75,79.125,74.9375,67.90625,57.125,49.5,45.15625,40.15625,43.3125,56.71875,63.65625,68.09375,91.53125,94.4375,93.15625,148.78125,248.15625,249.09375,202.5,148.625,100.71875,70.375,53.5625,44.53125,55.53125,85.71875,92.65625,86.625,97.875
2000-05-21,81.75,79.125,74.9375,67.90625,57.125,49.5,45.15625,40.15625,43.3125,56.71875,63.65625,68.09375,91.53125,94.4375,93.15625,148.78125,248.15625,249.09375,202.5,148.625,100.71875,70.375,53.5625,44.53125,55.53125,85.71875,92.65625,86.625,97.875,102.375
2000-05-22,79.125,74.9375,67.90625,57.125,49.5,45.15625,40.15625,43.3125,56.71875,63.65625,68.09375,91.53125,94.4375,93.15625,148.78125,248.15625,249.09375,202.5,148.625,100.71875,70.375,53.5625,44.53125,55.53125,85.71875,92.65625,86.625,97.875,102.375,97.25
2000-05-23,95.3125,81.75,65.4375,62.8125,71.6875,74.03125,73.15625,72.6875,72.15625,104.25,110.28125,147.40625,151.90625,109.0,81.0625,72.1875,65.03125,50.875,43.09375,72.8125,145.78125,149.96875,113.71875,83.96875,63.78125,60.40625,81.375,101.78125,94.4375,76.75
2000-05-24,81.75,65.4375,62.8125,71.6875,74.03125,73.15625,72.6875,72.15625,104.25,110.28125,147.40625,151.90625,109.0,81.0625,72.1875,65.03125,50.875,43.09375,72.8125,145.78125,149.96875,113.71875,83.96875,63.78125,60.40625,81.375,101.78125,94.4375,76.75,71.96875
2000-05-25,65.4375,62.8125,71.6875,74.03125,73.15625,72.6875,72.15625,104.25,110.28125,147.40625,151.90625,109.0,81.0625,72.1875,65.03125,50.875,43.09375,72.8125,145.78125,149.96875,113.71875,83.96875,63.78125,60.40625,81.375,101.78125,94.4375,76.75,71.96875,79.84375
2000-05-26,62.8125,71.6875,74.03125,73.15625,72.6875,72.15625,104.25,110.28125,147.40625,151.90625,109.0,81.0625,72.1875,65.03125,50.875,43.09375,72.8125,145.78125,149.96875,113.71875,83.96875,63.78125,60.40625,81.375,101.78125,94.4375,76.75,71.96875,79.84375,109.1875
2000-05-27,91.53125,78.0625,78.6875,83.5,86.03125,113.4375,138.28125,133.375,110.84375,82.28125,67.34375,66.9375,76.09375,101.875,117.375,117.875,102.25,79.0625,66.0,93.3125,159.5625,178.40625,189.28125,185.59375,156.625,139.375,137.34375,118.21875,100.40625,106.75
2000-05-28,78.0625,78.6875,83.5,86.03125,113.4375,138.28125,133.375,110.84375,82.28125,67.34375,66.9375,76.09375,101.875,117.375,117.875,102.25,79.0625,66.0,93.3125,159.5625,178.40625,189.28125,185.59375,156.625,139.375,137.34375,118.21875,100.40625,106.75,142.65625
2000-05-29,78.6875,83.5,86.03125,113.4375,138.28125,133.375,110.84375,82.28125,67.34375,66.9375,76.09375,101.875,117.375,117.875,102.25,79.0625,66.0,93.3125,159.5625,178.40625,189.28125,185.59375,156.625,139.375,137.34375,118.21875,100.40625,106.75,142.65625,151.28125
2000-05-30,89.03125,81.46875,75.59375,80.84375,102.9375,100.34375,83.3125,75.34375,75.3125,77.1875,73.78125,92.09375,164.40625,171.96875,143.96875,276.96875,612.71875,668.9375,493.0,423.78125,322.375,231.09375,199.1875,184.6875,224.78125,299.9375,280.4375,262.4375,251.375,266.5625
2000-05-31,81.46875,75.59375,80.84375,102.9375,100.34375,83.3125,75.34375,75.3125,77.1875,73.78125,92.09375,164.40625,171.96875,143.96875,276.96875,612.71875,668.9375,493.0,423.78125,322.375,231.09375,199.1875,184.6875,224.78125,299.9375,280.4375,262.4375,251.375,266.5625,245.6875
2000-06-01,75.59375,80.84375,102.9375,100.34375,83.3125,75.34375,75.3125,77.1875,73.78125,92.09375,164.40625,171.96875,143.96875,276.96875,612.71875,668.9375,493.0,423.78125,322.375,231.09375,199.1875,184.6875,224.78125,299.9375,280.4375,262.4375,251.375,266.5625,245.6875,211.8125
2000-06-02,80.84375,102.9375,100.34375,83.3125,75.34375,75.3125,77.1875,73.78125,92.09375,164.40625,171.96875,143.96875,276.96875,612.71875,668.9375,493.0,423.78125,322.375,231.09375,199.1875,184.6875,224.78125,299.9375,280.4375,262.4375,251.375,266.5625,245.6875,211.8125,194.5625
2000-06-03,337.125,232.5,163.53125,123.90625,101.5625,94.875,96.4375,88.6875,78.8125,98.09375,113.625,103.21875,96.40625,94.75,98.65625,92.5625,80.28125,81.6875,100.0625,134.75,154.875,139.3125,110.5,114.8125,132.84375,132.5625,135.75,135.4375,167.84375,203.03125
2000-06-04,232.5,163.53125,123.90625,101.5625,94.875,96.4375,88.6875,78.8125,98.09375,113.625,103.21875,96.40625,94.75,98.65625,92.5625,80.28125,81.6875,100.0625,134.75,154.875,139.3125,110.5,114.8125,132.84375,132.5625,135.75,135.4375,167.84375,203.03125,192.0625
2000-06-05,163.53125,123.90625,101.5625,94.875,96.4375,88.6875,78.8125,98.09375,113.625,103.21875,96.40625,94.75,98.65625,92.5625,80.28125,81.6875,100.0625,134.75,154.875,139.3125,110.5,114.8125,132.84375,132.5625,135.75,135.4375,167.84375,203.03125,192.0625,165.65625
2000-06-06,150.3125,138.375,145.875,142.4375,128.8125,116.1875,106.03125,101.125,114.75,137.34375,148.6875,143.34375,132.34375,118.53125,107.40625,101.40625,105.8125,121.5625,156.84375,240.75,265.21875,289.75,361.375,347.90625,272.375,278.90625,447.40625,426.0625,345.09375,312.4375
2000-06-07,138.375,145.875,142.4375,128.8125,116.1875,106.03125,101.125,114.75,137.34375,148.6875,143.34375,132.34375,118.53125,107.40625,101.40625,105.8125,121.5625,156.84375,240.75,265.21875,289.75,361.375,347.90625,272.375,278.90625,447.40625,426.0625,345.09375,312.4375,337.96875
2000-06-08,145.875,142.4375,128.8125,116.1875,106.03125,101.125,114.75,137.34375,148.6875,143.34375,132.34375,118.53125,107.40625,101.40625,105.8125,121.5625,156.84375,240.75,265.21875,289.75,361.375,347.90625,272.375,278.90625,447.40625,426.0625,345.09375,312.4375,337.96875,369.46875
2000-06-09,142.4375,128.8125,116.1875,106.03125,101.125,114.75,137.34375,148.6875,143.34375,132.34375,118.53125,107.40625,101.40625,105.8125,121.5625,156.84375,240.75,265.21875,289.75,361.375,347.90625,272.375,278.90625,447.40625,426.0625,345.09375,312.4375,337.96875,369.46875,484.9375
2000-06-10,161.5,177.71875,178.9375,175.59375,179.375,187.75,207.0625,207.34375,206.28125,193.21875,173.34375,175.75,175.75,193.6875,172.78125,132.21875,110.625,109.4375,130.75,159.53125,160.25,156.25,153.15625,150.15625,150.8125,152.03125,170.4375,234.78125,510.4375,633.203125
2000-06-11,177.71875,178.9375,175.59375,179.375,187.75,207.0625,207.34375,206.28125,193.21875,173.34375,175.75,175.75,193.6875,172.78125,132.21875,110.625,109.4375,130.75,159.53125,160.25,156.25,153.15625,150.15625,150.8125,152.03125,170.4375,234.78125,510.4375,633.203125,847.0
2000-06-12,178.9375,175.59375,179.375,187.75,207.0625,207.34375,206.28125,193.21875,173.34375,175.75,175.75,193.6875,172.78125,132.21875,110.625,109.4375,130.75,159.53125,160.25,156.25,153.15625,150.15625,150.8125,152.03125,170.4375,234.78125,510.4375,633.203125,847.0,766.53125
2000-06-13,114.0,116.34375,141.25,160.90625,148.5625,119.53125,101.09375,116.28125,118.46875,110.03125,113.53125,108.0625,94.6875,93.03125,98.875,121.375,137.90625,128.53125,113.9375,132.5,193.625,182.875,142.84375,159.40625,214.90625,302.9375,436.078125,570.484375,456.234375,307.125
2000-06-14,116.34375,141.25,160.90625,148.5625,119.53125,101.09375,116.28125,118.46875,110.03125,113.53125,108.0625,94.6875,93.03125,98.875,121.375,137.90625,128.53125,113.9375,132.5,193.625,182.875,142.84375,159.40625,214.90625,302.9375,436.078125,570.484375,456.234375,307.125,227.96875
2000-06-15,141.25,160.90625,148.5625,119.53125,101.09375,116.28125,118.46875,110.03125,113.53125,108.0625,94.6875,93.03125,98.875,121.375,137.90625,128.53125,113.9375,132.5,193.625,182.875,142.84375,159.40625,214.90625,302.9375,436.078125,570.484375,456.234375,307.125,227.96875,186.046875
2000-06-16,160.90625,148.5625,119.53125,101.09375,116.28125,118.46875,110.03125,113.53125,108.0625,94.6875,93.03125,98.875,121.375,137.90625,128.53125,113.9375,132.5,193.625,182.875,142.84375,159.40625,214.90625,302.9375,436.078125,570.484375,456.234375,307.125,227.96875,186.046875,196.15625
2000-06-17,169.15625,209.3125,325.90625,362.875,259.59375,171.40625,123.84375,102.125,94.75,98.03125,116.1875,140.78125,160.25,152.90625,319.59375,437.65625,474.9375,396.59375,334.84375,287.4375,230.8125,196.625,182.59375,206.8125,196.109375,178.234375,171.203125,176.125,199.78125,180.15625
2000-06-18,209.3125,325.90625,362.875,259.59375,171.40625,123.84375,102.125,94.75,98.03125,116.1875,140.78125,160.25,152.90625,319.59375,437.65625,474.9375,396.59375,334.84375,287.4375,230.8125,196.625,182.59375,206.8125,196.109375,178.234375,171.203125,176.125,199.78125,180.15625,143.25
2000-06-19,325.90625,362.875,259.59375,171.40625,123.84375,102.125,94.75,98.03125,116.1875,140.78125,160.25,152.90625,319.59375,437.65625,474.9375,396.59375,334.84375,287.4375,230.8125,196.625,182.59375,206.8125,196.109375,178.234375,171.203125,176.125,199.78125,180.15625,143.25,171.703125
2000-06-20,166.15625,121.25,102.5,100.1875,99.15625,87.34375,72.53125,78.5,89.21875,123.875,160.375,166.125,160.53125,163.21875,150.15625,140.6875,159.5625,162.5625,147.09375,128.6875,115.546875,140.296875,227.46875,282.59375,243.046875,194.140625,181.90625,243.15625,315.625,338.75
2000-06-21,121.25,102.5,100.1875,99.15625,87.34375,72.53125,78.5,89.21875,123.875,160.375,166.125,160.53125,163.21875,150.15625,140.6875,159.5625,162.5625,147.09375,128.6875,115.546875,140.296875,227.46875,282.59375,243.046875,194.140625,181.90625,243.15625,315.625,338.75,328.03125
2000-06-22,102.5,100.1875,99.15625,87.34375,72.53125,78.5,89.21875,123.875,160.375,166.125,160.53125,163.21875,150.15625,140.6875,159.5625,162.5625,147.09375,128.6875,115.546875,140.296875,227.46875,282.59375,243.046875,194.140625,181.90625,243.15625,315.625,338.75,328.03125,330.421875
2000-06-23,100.1875,99.15625,87.34375,72.53125,78.5,89.21875,123.875,160.375,166.125,160.53125,163.21875,150.15625,140.6875,159.5625,162.5625,147.09375,128.6875,115.546875,140.296875,227.46875,282.59375,243.046875,194.140625,181.90625,243.15625,315.625,338.75,328.03125,330.421875,341.171875
2000-06-24,117.75,96.25,85.75,86.1875,98.8125,104.53125,108.03125,110.9375,101.0625,84.5625,70.5,100.1875,162.4375,157.0625,120.65625,96.234375,88.6875,107.96875,118.84375,110.5625,98.453125,91.609375,127.265625,233.328125,229.453125,154.5,104.796875,78.703125,63.03125,53.734375
2000-06-25,96.25,85.75,86.1875,98.8125,104.53125,108.03125,110.9375,101.0625,84.5625,70.5,100.1875,162.4375,157.0625,120.65625,96.234375,88.6875,107.96875,118.84375,110.5625,98.453125,91.609375,127.265625,233.328125,229.453125,154.5,104.796875,78.703125,63.03125,53.734375,53.6875
2000-06-26,85.75,86.1875,98.8125,104.53125,108.03125,110.9375,101.0625,84.5625,70.5,100.1875,162.4375,157.0625,120.65625,96.234375,88.6875,107.96875,118.84375,110.5625,98.453125,91.609375,127.265625,233.328125,229.453125,154.5,104.796875,78.703125,63.03125,53.734375,53.6875,58.796875
2000-06-27,99.75,94.90625,113.78125,141.5,199.78125,244.03125,340.46875,321.0,232.15625,169.15625,130.46875,111.15625,111.0625,126.546875,127.359375,112.078125,102.671875,116.328125,115.515625,128.890625,242.40625,277.671875,209.28125,171.515625,169.1875,188.5625,238.828125,228.703125,172.640625,129.875
2000-06-28,94.90625,113.78125,141.5,199.78125,244.03125,340.46875,321.0,232.15625,169.15625,130.46875,111.15625,111.0625,126.546875,127.359375,112.078125,102.671875,116.328125,115.515625,128.890625,242.40625,277.671875,209.28125,171.515625,169.1875,188.5625,238.828125,228.703125,172.640625,129.875,104.46875
2000-06-29,113.78125,141.5,199.78125,244.03125,340.46875,321.0,232.15625,169.15625,130.46875,111.15625,111.0625,126.546875,127.359375,112.078125,102.671875,116.328125,115.515625,128.890625,242.40625,277.671875,209.28125,171.515625,169.1875,188.5625,238.828125,228.703125,172.640625,129.875,104.46875,86.453125
2000-06-30,141.5,199.78125,244.03125,340.46875,321.0,232.15625,169.15625,130.46875,111.15625,111.0625,126.546875,127.359375,112.078125,102.671875,116.328125,115.515625,128.890625,242.40625,277.671875,209.28125,171.515625,169.1875,188.5625,238.828125,228.703125,172.640625,129.875,104.46875,86.453125,76.375
2000-07-01,127.09375,110.9375,134.65625,164.75,136.90625,102.65625,86.59375,78.5625,80.0625,89.4375,151.890625,195.609375,232.765625,303.265625,257.140625,176.953125,129.046875,109.453125,104.078125,99.15625,98.640625,111.703125,123.0625,139.875,176.109375,165.4375,127.625,100.984375,100.703125,120.3125
2000-07-02,110.9375,134.65625,164.75,136.90625,102.65625,86.59375,78.5625,80.0625,89.4375,151.890625,195.609375,232.765625,303.265625,257.140625,176.953125,129.046875,109.453125,104.078125,99.15625,98.640625,111.703125,123.0625,139.875,176.109375,165.4375,127.625,100.984375,100.703125,120.3125,114.015625
2000-07-03,134.65625,164.75,136.90625,102.65625,86.59375,78.5625,80.0625,89.4375,151.890625,195.609375,232.765625,303.265625,257.140625,176.953125,129.046875,109.453125,104.078125,99.15625,98.640625,111.703125,123.0625,139.875,176.109375,165.4375,127.625,100.984375,100.703125,120.3125,114.015625,89.65625
2000-07-04,197.75,173.46875,141.25,111.65625,100.90625,134.453125,219.171875,196.46875,130.046875,89.4375,75.578125,69.71875,59.453125,50.140625,43.453125,40.4375,43.84375,73.484375,168.59375,185.21875,133.921875,117.859375,103.8125,79.984375,91.265625,156.796875,184.15625,156.53125,122.25,93.84375
2000-07-05,173.46875,141.25,111.65625,100.90625,134.453125,219.171875,196.46875,130.046875,89.4375,75.578125,69.71875,59.453125,50.140625,43.453125,40.4375,43.84375,73.484375,168.59375,185.21875,133.921875,117.859375,103.8125,79.984375,91.265625,156.796875,184.15625,156.53125,122.25,93.84375,84.9375
2000-07-06,141.25,111.65625,100.90625,134.453125,219.171875,196.46875,130.046875,89.4375,75.578125,69.71875,59.453125,50.140625,43.453125,40.4375,43.84375,73.484375,168.59375,185.21875,133.921875,117.859375,103.8125,79.984375,91.265625,156.796875,184.15625,156.53125,122.25,93.84375,84.9375,80.875
2000-07-07,111.65625,100.90625,134.453125,219.171875,196.46875,130.046875,89.4375,75.578125,69.71875,59.453125,50.140625,43.453125,40.4375,43.84375,73.484375,168.59375,185.21875,133.921875,117.859375,103.8125,79.984375,91.265625,156.796875,184.15625,156.53125,122.25,93.84375,84.9375,80.875,79.046875
2000-07-08,98.53125,102.5625,401.734375,420.34375,281.53125,192.390625,140.4375,127.0625,123.40625,113.765625,103.109375,92.90625,81.953125,78.8125,79.890625,76.046875,69.3125,60.421875,52.46875,52.125,59.171875,91.234375,136.46875,127.328125,101.1875,102.1875,105.328125,96.03125,108.46875,140.65625
2000-07-09,102.5625,401.734375,420.34375,281.53125,192.390625,140.4375,127.0625,123.40625,113.765625,103.109375,92.90625,81.953125,78.8125,79.890625,76.046875,69.3125,60.421875,52.46875,52.125,59.171875,91.234375,136.46875,127.328125,101.1875,102.1875,105.328125,96.03125,108.46875,140.65625,189.34375
2000-07-10,401.734375,420.34375,281.53125,192.390625,140.4375,127.0625,123.40625,113.765625,103.109375,92.90625,81.953125,78.8125,79.890625,76.046875,69.3125,60.421875,52.46875,52.125,59.171875,91.234375,136.46875,127.328125,101.1875,102.1875,105.328125,96.03125,108.46875,140.65625,189.34375,239.078125
2000-07-11,396.640625,283.75,180.5625,141.125,143.8125,142.9375,119.40625,92.53125,74.703125,68.375,79.5625,103.203125,108.453125,111.546875,112.171875,94.671875,81.453125,80.109375,75.90625,70.796875,85.953125,96.734375,84.421875,80.9375,102.390625,182.125,271.234375,256.40625,206.140625,148.25
2000-07-12,283.75,180.5625,141.125,143.8125,142.9375,119.40625,92.53125,74.703125,68.375,79.5625,103.203125,108.453125,111.546875,112.171875,94.671875,81.453125,80.109375,75.90625,70.796875,85.953125,96.734375,84.421875,80.9375,102.390625,182.125,271.234375,256.40625,206.140625,148.25,105.296875
2000-07-13,180.5625,141.125,143.8125,142.9375,119.40625,92.53125,74.703125,68.375,79.5625,103.203125,108.453125,111.546875,112.171875,94.671875,81.453125,80.109375,75.90625,70.796875,85.953125,96.734375,84.421875,80.9375,102.390625,182.125,271.234375,256.40625,206.140625,148.25,105.296875,92.453125
2000-07-14,141.125,143.8125,142.9375,119.40625,92.53125,74.703125,68.375,79.5625,103.203125,108.453125,111.546875,112.171875,94.671875,81.453125,80.109375,75.90625,70.796875,85.953125,96.734375,84.421875,80.9375,102.390625,182.125,271.234375,256.40625,206.140625,148.25,105.296875,92.453125,82.59375
2000-07-15,192.703125,209.921875,186.453125,143.1875,112.484375,97.625,91.03125,88.046875,81.03125,75.1875,71.625,72.234375,80.09375,88.265625,98.734375,115.984375,149.65625,141.40625,101.3125,74.1875,61.8125,54.5,46.671875,42.125,70.359375,125.453125,117.75,94.75,88.0,77.921875
2000-07-16,209.921875,186.453125,143.1875,112.484375,97.625,91.03125,88.046875,81.03125,75.1875,71.625,72.234375,80.09375,88.265625,98.734375,115.984375,149.65625,141.40625,101.3125,74.1875,61.8125,54.5,46.671875,42.125,70.359375,125.453125,117.75,94.75,88.0,77.921875,72.984375
2000-07-17,186.453125,143.1875,112.484375,97.625,91.03125,88.046875,81.03125,75.1875,71.625,72.234375,80.09375,88.265625,98.734375,115.984375,149.65625,141.40625,101.3125,74.1875,61.8125,54.5,46.671875,42.125,70.359375,125.453125,117.75,94.75,88.0,77.921875,72.984375,91.296875
2000-07-18,168.359375,141.703125,122.828125,106.21875,93.828125,86.984375,80.234375,78.6875,83.453125,87.09375,95.234375,99.390625,90.125,109.5625,135.28125,132.71875,138.015625,149.5625,265.03125,442.453125,461.40625,431.203125,358.34375,252.015625,191.859375,174.53125,161.703125,172.359375,164.46875,146.90625
2000-07-19,141.703125,122.828125,106.21875,93.828125,86.984375,80.234375,78.6875,83.453125,87.09375,95.234375,99.390625,90.125,109.5625,135.28125,132.71875,138.015625,149.5625,265.03125,442.453125,461.40625,431.203125,358.34375,252.015625,191.859375,174.53125,161.703125,172.359375,164.46875,146.90625,147.578125
2000-07-20,122.828125,106.21875,93.828125,86.984375,80.234375,78.6875,83.453125,87.09375,95.234375,99.390625,90.125,109.5625,135.28125,132.71875,138.015625,149.5625,265.03125,442.453125,461.40625,431.203125,358.34375,252.015625,191.859375,174.53125,161.703125,172.359375,164.46875,146.90625,147.578125,136.3125
2000-07-21,106.21875,93.828125,86.984375,80.234375,78.6875,83.453125,87.09375,95.234375,99.390625,90.125,109.5625,135.28125,132.71875,138.015625,149.5625,265.03125,442.453125,461.40625,431.203125,358.34375,252.015625,191.859375,174.53125,161.703125,172.359375,164.46875,146.90625,147.578125,136.3125,117.421875
2000-07-22,102.0,99.796875,92.0,87.953125,85.296875,95.34375,115.296875,114.65625,113.84375,106.78125,94.53125,89.921875,89.328125,97.140625,91.65625,74.515625,70.125,78.140625,85.34375,103.65625,114.8125,100.421875,85.03125,75.359375,79.4375,159.25,348.625,583.84375,561.40625,407.703125
2000-07-23,99.796875,92.0,87.953125,85.296875,95.34375,115.296875,114.65625,113.84375,106.78125,94.53125,89.921875,89.328125,97.140625,91.65625,74.515625,70.125,78.140625,85.34375,103.65625,114.8125,100.421875,85.03125,75.359375,79.4375,159.25,348.625,583.84375,561.40625,407.703125,306.21875
2000-07-24,92.0,87.953125,85.296875,95.34375,115.296875,114.65625,113.84375,106.78125,94.53125,89.921875,89.328125,97.140625,91.65625,74.515625,70.125,78.140625,85.34375,103.65625,114.8125,100.421875,85.03125,75.359375,79.4375,159.25,348.625,583.84375,561.40625,407.703125,306.21875,223.671875
2000-07-25,89.59375,91.46875,97.8125,108.890625,113.90625,104.125,88.171875,80.859375,94.28125,114.484375,114.71875,107.375,109.609375,118.84375,133.90625,142.453125,148.34375,145.65625,163.96875,354.671875,380.53125,374.234375,326.828125,244.546875,179.90625,138.6875,118.625,113.921875,105.3125,97.640625
2000-07-26,91.46875,97.8125,108.890625,113.90625,104.125,88.171875,80.859375,94.28125,114.484375,114.71875,107.375,109.609375,118.84375,133.90625,142.453125,148.34375,145.65625,163.96875,354.671875,380.53125,374.234375,326.828125,244.546875,179.90625,138.6875,118.625,113.921875,105.3125,97.640625,95.671875
2000-07-27,97.8125,108.890625,113.90625,104.125,88.171875,80.859375,94.28125,114.484375,114.71875,107.375,109.609375,118.84375,133.90625,142.453125,148.34375,145.65625,163.96875,354.671875,380.53125,374.234375,326.828125,244.546875,179.90625,138.6875,118.625,113.921875,105.3125,97.640625,95.671875,100.75
2000-07-28,108.890625,113.90625,104.125,88.171875,80.859375,94.28125,114.484375,114.71875,107.375,109.609375,118.84375,133.90625,142.453125,148.34375,145.65625,163.96875,354.671875,380.53125,374.234375,326.828125,244.546875,179.90625,138.6875,118.625,113.921875,105.3125,97.640625,95.671875,100.75,96.953125
2000-07-29,107.015625,93.9375,96.140625,96.46875,85.34375,80.28125,73.828125,71.0,75.90625,73.234375,70.921875,68.25,66.03125,69.671875,66.59375,65.859375,62.453125,72.296875,142.84375,181.953125,215.765625,221.875,193.515625,177.65625,152.625,135.953125,188.953125,279.453125,320.21875,312.28125
2000-07-30,93.9375,96.140625,96.46875,85.34375,80.28125,73.828125,71.0,75.90625,73.234375,70.921875,68.25,66.03125,69.671875,66.59375,65.859375,62.453125,72.296875,142.84375,181.953125,215.765625,221.875,193.515625,177.65625,152.625,135.953125,188.953125,279.453125,320.21875,312.28125,279.703125
2000-07-31,96.140625,96.46875,85.34375,80.28125,73.828125,71.0,75.90625,73.234375,70.921875,68.25,66.03125,69.671875,66.59375,65.859375,62.453125,72.296875,142.84375,181.953125,215.765625,221.875,193.515625,177.65625,152.625,135.953125,188.953125,279.453125,320.21875,312.28125,279.703125,224.671875
2000-08-01,105.109375,108.0,118.609375,111.234375,138.984375,162.875,144.28125,126.140625,114.421875,117.703125,115.734375,114.390625,107.21875,95.421875,80.953125,65.515625,72.828125,194.6875,309.921875,287.375,312.703125,263.859375,184.6875,133.1875,106.703125,115.875,148.875,173.03125,174.609375,159.296875
2000-08-02,108.0,118.609375,111.234375,138.984375,162.875,144.28125,126.140625,114.421875,117.703125,115.734375,114.390625,107.21875,95.421875,80.953125,65.515625,72.828125,194.6875,309.921875,287.375,312.703125,263.859375,184.6875,133.1875,106.703125,115.875,148.875,173.03125,174.609375,159.296875,183.4375
2000-08-03,118.609375,111.234375,138.984375,162.875,144.28125,126.140625,114.421875,117.703125,115.734375,114.390625,107.21875,95.421875,80.953125,65.515625,72.828125,194.6875,309.921875,287.375,312.703125,263.859375,184.6875,133.1875,106.703125,115.875,148.875,173.03125,174.609375,159.296875,183.4375,314.328125
2000-08-04,111.234375,138.984375,162.875,144.28125,126.140625,114.421875,117.703125,115.734375,114.390625,107.21875,95.421875,80.953125,65.515625,72.828125,194.6875,309.921875,287.375,312.703125,263.859375,184.6875,133.1875,106.703125,115.875,148.875,173.03125,174.609375,159.296875,183.4375,314.328125,367.859375
2000-08-05,120.21875,116.984375,99.3125,92.53125,115.703125,119.765625,92.765625,72.25,66.0625,68.015625,64.140625,58.296875,54.9375,50.484375,47.484375,52.3125,81.015625,127.125,161.203125,271.96875,411.0,427.34375,348.8125,276.5,239.5,236.25,225.875,178.046875,135.265625,140.453125
2000-08-06,116.984375,99.3125,92.53125,115.703125,119.765625,92.765625,72.25,66.0625,68.015625,64.140625,58.296875,54.9375,50.484375,47.484375,52.3125,81.015625,127.125,161.203125,271.96875,411.0,427.34375,348.8125,276.5,239.5,236.25,225.875,178.046875,135.265625,140.453125,197.875
2000-08-07,99.3125,92.53125,115.703125,119.765625,92.765625,72.25,66.0625,68.015625,64.140625,58.296875,54.9375,50.484375,47.484375,52.3125,81.015625,127.125,161.203125,271.96875,411.0,427.34375,348.8125,276.5,239.5,236.25,225.875,178.046875,135.265625,140.453125,197.875,192.28125
2000-08-08,128.9375,102.078125,86.921875,81.6875,82.15625,74.40625,61.03125,59.5625,64.140625,59.671875,58.90625,62.828125,61.15625,69.375,135.34375,182.375,181.1875,154.453125,113.703125,81.234375,74.25,89.5625,134.09375,156.921875,145.1875,200.765625,426.015625,491.484375,428.46875,355.796875
2000-08-09,102.078125,86.921875,81.6875,82.15625,74.40625,61.03125,59.5625,64.140625,59.671875,58.90625,62.828125,61.15625,69.375,135.34375,182.375,181.1875,154.453125,113.703125,81.234375,74.25,89.5625,134.09375,156.921875,145.1875,200.765625,426.015625,491.484375,428.46875,355.796875,311.78125
2000-08-10,86.921875,81.6875,82.15625,74.40625,61.03125,59.5625,64.140625,59.671875,58.90625,62.828125,61.15625,69.375,135.34375,182.375,181.1875,154.453125,113.703125,81.234375,74.25,89.5625,134.09375,156.921875,145.1875,200.765625,426.015625,491.484375,428.46875,355.796875,311.78125,271.3125
2000-08-11,81.6875,82.15625,74.40625,61.03125,59.5625,64.140625,59.671875,58.90625,62.828125,61.15625,69.375,135.34375,182.375,181.1875,154.453125,113.703125,81.234375,74.25,89.5625,134.09375,156.921875,145.1875,200.765625,426.015625,491.484375,428.46875,355.796875,311.78125,271.3125,229.171875
2000-08-12,93.96875,93.375,91.25,89.078125,80.03125,70.71875,80.921875,154.453125,178.765625,136.09375,111.53125,110.78125,108.8125,92.234375,81.984375,83.765625,139.3125,308.859375,368.640625,271.515625,178.984375,143.84375,174.28125,178.1875,139.765625,132.90625,169.984375,194.53125,189.8125,170.640625
2000-08-13,93.375,91.25,89.078125,80.03125,70.71875,80.921875,154.453125,178.765625,136.09375,111.53125,110.78125,108.8125,92.234375,81.984375,83.765625,139.3125,308.859375,368.640625,271.515625,178.984375,143.84375,174.28125,178.1875,139.765625,132.90625,169.984375,194.53125,189.8125,170.640625,138.015625
2000-08-14,91.25,89.078125,80.03125,70.71875,80.921875,154.453125,178.765625,136.09375,111.53125,110.78125,108.8125,92.234375,81.984375,83.765625,139.3125,308.859375,368.640625,271.515625,178.984375,143.84375,174.28125,178.1875,139.765625,132.90625,169.984375,194.53125,189.8125,170.640625,138.015625,114.640625
2000-08-15,83.796875,82.953125,107.421875,172.5,194.53125,190.5625,186.984375,408.71875,374.453125,307.875,235.171875,158.671875,129.9375,218.625,328.046875,277.953125,186.765625,127.9375,98.203125,94.53125,131.75,154.46875,140.0,129.484375,126.078125,116.578125,132.984375,158.46875,133.765625,96.375
2000-08-16,82.953125,107.421875,172.5,194.53125,190.5625,186.984375,408.71875,374.453125,307.875,235.171875,158.671875,129.9375,218.625,328.046875,277.953125,186.765625,127.9375,98.203125,94.53125,131.75,154.46875,140.0,129.484375,126.078125,116.578125,132.984375,158.46875,133.765625,96.375,75.125
2000-08-17,107.421875,172.5,194.53125,190.5625,186.984375,408.71875,374.453125,307.875,235.171875,158.671875,129.9375,218.625,328.046875,277.953125,186.765625,127.9375,98.203125,94.53125,131.75,154.46875,140.0,129.484375,126.078125,116.578125,132.984375,158.46875,133.765625,96.375,75.125,70.46875
2000-08-18,172.5,194.53125,190.5625,186.984375,408.71875,374.453125,307.875,235.171875,158.671875,129.9375,218.625,328.046875,277.953125,186.765625,127.9375,98.203125,94.53125,131.75,154.46875,140.0,129.484375,126.078125,116.578125,132.984375,158.46875,133.765625,96.375,75.125,70.46875,85.578125
2000-08-19,157.34375,126.0625,141.359375,324.078125,368.21875,299.828125,199.421875,145.125,148.109375,144.65625,120.59375,102.640625,93.46875,86.0625,79.203125,82.84375,148.6875,235.4375,228.609375,181.671875,146.578125,144.625,190.609375,255.015625,336.65625,268.28125,170.515625,121.671875,97.828125,84.375
2000-08-20,126.0625,141.359375,324.078125,368.21875,299.828125,199.421875,145.125,148.109375,144.65625,120.59375,102.640625,93.46875,86.0625,79.203125,82.84375,148.6875,235.4375,228.609375,181.671875,146.578125,144.625,190.609375,255.015625,336.65625,268.28125,170.515625,121.671875,97.828125,84.375,75.765625
2000-08-21,141.359375,324.078125,368.21875,299.828125,199.421875,145.125,148.109375,144.65625,120.59375,102.640625,93.46875,86.0625,79.203125,82.84375,148.6875,235.4375,228.609375,181.671875,146.578125,144.625,190.609375,255.015625,336.65625,268.28125,170.515625,121.671875,97.828125,84.375,75.765625,77.765625
2000-08-22,201.125,240.046875,221.625,165.890625,151.625,151.203125,127.09375,103.109375,92.5,87.0625,90.234375,103.75,115.125,132.484375,138.453125,114.53125,86.625,68.125,73.265625,83.1875,146.140625,161.75,113.828125,81.390625,61.765625,62.0625,93.0,151.421875,195.484375,195.3125
2000-08-23,240.046875,221.625,165.890625,151.625,151.203125,127.09375,103.109375,92.5,87.0625,90.234375,103.75,115.125,132.484375,138.453125,114.53125,86.625,68.125,73.265625,83.1875,146.140625,161.75,113.828125,81.390625,61.765625,62.0625,93.0,151.421875,195.484375,195.3125,189.453125
2000-08-24,221.625,165.890625,151.625,151.203125,127.09375,103.109375,92.5,87.0625,90.234375,103.75,115.125,132.484375,138.453125,114.53125,86.625,68.125,73.265625,83.1875,146.140625,161.75,113.828125,81.390625,61.765625,62.0625,93.0,151.421875,195.484375,195.3125,189.453125,163.5625
2000-08-25,165.890625,151.625,151.203125,127.09375,103.109375,92.5,87.0625,90.234375,103.75,115.125,132.484375,138.453125,114.53125,86.625,68.125,73.265625,83.1875,146.140625,161.75,113.828125,81.390625,61.765625,62.0625,93.0,151.421875,195.484375,195.3125,189.453125,163.5625,124.625
2000-08-26,163.28125,132.125,111.625,98.015625,114.265625,157.734375,151.59375,116.734375,91.578125,75.5,68.1875,65.765625,58.3125,50.25,44.484375,39.03125,35.5625,33.796875,44.8125,60.59375,67.34375,69.96875,67.953125,64.6875,67.65625,93.46875,99.796875,76.4375,71.53125,83.0
2000-08-27,132.125,111.625,98.015625,114.265625,157.734375,151.59375,116.734375,91.578125,75.5,68.1875,65.765625,58.3125,50.25,44.484375,39.03125,35.5625,33.796875,44.8125,60.59375,67.34375,69.96875,67.953125,64.6875,67.65625,93.46875,99.796875,76.4375,71.53125,83.0,86.828125
2000-08-28,111.625,98.015625,114.265625,157.734375,151.59375,116.734375,91.578125,75.5,68.1875,65.765625,58.3125,50.25,44.484375,39.03125,35.5625,33.796875,44.8125,60.59375,67.34375,69.96875,67.953125,64.6875,67.65625,93.46875,99.796875,76.4375,71.53125,83.0,86.828125,91.546875
2000-08-29,223.109375,287.015625,253.109375,209.78125,161.734375,117.84375,88.171875,70.765625,64.9375,65.90625,69.0625,68.359375,61.109375,55.9375,57.25,55.390625,49.59375,49.515625,61.984375,94.71875,164.921875,305.796875,321.453125,226.53125,147.703125,130.375,156.9375,151.15625,128.578125,232.578125
2000-08-30,287.015625,253.109375,209.78125,161.734375,117.84375,88.171875,70.765625,64.9375,65.90625,69.0625,68.359375,61.109375,55.9375,57.25,55.390625,49.59375,49.515625,61.984375,94.71875,164.921875,305.796875,321.453125,226.53125,147.703125,130.375,156.9375,151.15625,128.578125,232.578125,301.0625
2000-08-31,253.109375,209.78125,161.734375,117.84375,88.171875,70.765625,64.9375,65.90625,69.0625,68.359375,61.109375,55.9375,57.25,55.390625,49.59375,49.515625,61.984375,94.71875,164.921875,305.796875,321.453125,226.53125,147.703125,130.375,156.9375,151.15625,128.578125,232.578125,301.0625,512.484375
2000-09-01,209.78125,161.734375,117.84375,88.171875,70.765625,64.9375,65.90625,69.0625,68.359375,61.109375,55.9375,57.25,55.390625,49.59375,49.515625,61.984375,94.71875,164.921875,305.796875,321.453125,226.53125,147.703125,130.375,156.9375,151.15625,128.578125,232.578125,301.0625,512.484375,676.0625
2000-09-02,172.328125,121.5625,97.28125,87.421875,82.671875,71.078125,62.234375,60.75,69.609375,85.34375,97.265625,98.84375,91.296875,80.453125,70.0625,59.28125,48.15625,41.578125,40.875,57.625,74.359375,85.578125,85.765625,69.125,70.296875,85.921875,84.28125,72.0,61.1484375,74.6484375
2000-09-03,121.5625,97.28125,87.421875,82.671875,71.078125,62.234375,60.75,69.609375,85.34375,97.265625,98.84375,91.296875,80.453125,70.0625,59.28125,48.15625,41.578125,40.875,57.625,74.359375,85.578125,85.765625,69.125,70.296875,85.921875,84.28125,72.0,61.1484375,74.6484375,104.5859375
2000-09-04,97.28125,87.421875,82.671875,71.078125,62.234375,60.75,69.609375,85.34375,97.265625,98.84375,91.296875,80.453125,70.0625,59.28125,48.15625,41.578125,40.875,57.625,74.359375,85.578125,85.765625,69.125,70.296875,85.921875,84.28125,72.0,61.1484375,74.6484375,104.5859375,112.703125
2000-09-05,82.28125,78.609375,73.328125,81.65625,105.015625,124.75,172.6875,188.921875,160.515625,133.375,105.59375,80.6875,97.90625,131.328125,116.140625,95.5625,100.078125,107.765625,100.484375,86.46875,86.640625,89.546875,108.03125,109.859375,99.0703125,138.6015625,167.9375,142.1015625,173.4609375,278.109375
2000-09-06,78.609375,73.328125,81.65625,105.015625,124.75,172.6875,188.921875,160.515625,133.375,105.59375,80.6875,97.90625,131.328125,116.140625,95.5625,100.078125,107.765625,100.484375,86.46875,86.640625,89.546875,108.03125,109.859375,99.0703125,138.6015625,167.9375,142.1015625,173.4609375,278.109375,307.4765625
2000-09-07,73.328125,81.65625,105.015625,124.75,172.6875,188.921875,160.515625,133.375,105.59375,80.6875,97.90625,131.328125,116.140625,95.5625,100.078125,107.765625,100.484375,86.46875,86.640625,89.546875,108.03125,109.859375,99.0703125,138.6015625,167.9375,142.1015625,173.4609375,278.109375,307.4765625,333.0078125
2000-09-08,81.65625,105.015625,124.75,172.6875,188.921875,160.515625,133.375,105.59375,80.6875,97.90625,131.328125,116.140625,95.5625,100.078125,107.765625,100.484375,86.46875,86.640625,89.546875,108.03125,109.859375,99.0703125,138.6015625,167.9375,142.1015625,173.4609375,278.109375,307.4765625,333.0078125,292.3203125
2000-09-09,94.265625,115.640625,157.5,163.96875,126.578125,95.234375,88.03125,104.296875,126.015625,132.234375,131.109375,135.515625,155.0,165.84375,154.3125,125.234375,112.3125,176.921875,204.375,157.3125,118.8671875,106.8984375,126.09375,124.2734375,105.328125,106.6953125,111.5078125,128.71875,122.0234375,92.921875
2000-09-10,115.640625,157.5,163.96875,126.578125,95.234375,88.03125,104.296875,126.015625,132.234375,131.109375,135.515625,155.0,165.84375,154.3125,125.234375,112.3125,176.921875,204.375,157.3125,118.8671875,106.8984375,126.09375,124.2734375,105.328125,106.6953125,111.5078125,128.71875,122.0234375,92.921875,76.09375
2000-09-11,157.5,163.96875,126.578125,95.234375,88.03125,104.296875,126.015625,132.234375,131.109375,135.515625,155.0,165.84375,154.3125,125.234375,112.3125,176.921875,204.375,157.3125,118.8671875,106.8984375,126.09375,124.2734375,105.328125,106.6953125,111.5078125,128.71875,122.0234375,92.921875,76.09375,71.625
2000-09-12,173.703125,139.96875,115.640625,121.265625,123.484375,108.140625,89.453125,73.703125,66.90625,81.21875,109.25,121.265625,117.703125,100.34375,93.09375,87.875,85.3125,92.609375,98.609375,105.1171875,113.46875,127.3515625,195.8125,230.75,177.6953125,128.9765625,106.8828125,88.3125,89.90625,97.5859375
2000-09-13,139.96875,115.640625,121.265625,123.484375,108.140625,89.453125,73.703125,66.90625,81.21875,109.25,121.265625,117.703125,100.34375,93.09375,87.875,85.3125,92.609375,98.609375,105.1171875,113.46875,127.3515625,195.8125,230.75,177.6953125,128.9765625,106.8828125,88.3125,89.90625,97.5859375,138.3671875
2000-09-14,115.640625,121.265625,123.484375,108.140625,89.453125,73.703125,66.90625,81.21875,109.25,121.265625,117.703125,100.34375,93.09375,87.875,85.3125,92.609375,98.609375,105.1171875,113.46875,127.3515625,195.8125,230.75,177.6953125,128.9765625,106.8828125,88.3125,89.90625,97.5859375,138.3671875,178.9921875
2000-09-15,121.265625,123.484375,108.140625,89.453125,73.703125,66.90625,81.21875,109.25,121.265625,117.703125,100.34375,93.09375,87.875,85.3125,92.609375,98.609375,105.1171875,113.46875,127.3515625,195.8125,230.75,177.6953125,128.9765625,106.8828125,88.3125,89.90625,97.5859375,138.3671875,178.9921875,144.6953125
2000-09-16,160.625,157.28125,121.234375,102.296875,94.859375,115.515625,134.90625,159.328125,150.15625,123.21875,113.265625,103.515625,102.25,102.203125,120.6875,169.6640625,187.28125,186.3203125,176.546875,162.5546875,159.40625,139.1171875,136.09375,156.546875,187.3984375,161.78125,134.4765625,128.71875,142.75,160.125
2000-09-17,157.28125,121.234375,102.296875,94.859375,115.515625,134.90625,159.328125,150.15625,123.21875,113.265625,103.515625,102.25,102.203125,120.6875,169.6640625,187.28125,186.3203125,176.546875,162.5546875,159.40625,139.1171875,136.09375,156.546875,187.3984375,161.78125,134.4765625,128.71875,142.75,160.125,201.296875
2000-09-18,121.234375,102.296875,94.859375,115.515625,134.90625,159.328125,150.15625,123.21875,113.265625,103.515625,102.25,102.203125,120.6875,169.6640625,187.28125,186.3203125,176.546875,162.5546875,159.40625,139.1171875,136.09375,156.546875,187.3984375,161.78125,134.4765625,128.71875,142.75,160.125,201.296875,199.09375
2000-09-19,129.03125,111.046875,117.71875,171.546875,242.78125,251.453125,190.765625,139.9375,113.71875,105.03125,112.296875,117.1875,105.09375,99.625,122.640625,130.6484375,174.0390625,243.671875,212.1875,171.28125,139.2734375,121.1171875,109.7265625,88.640625,112.7734375,140.109375,122.8984375,126.578125,157.7734375,250.3046875
2000-09-20,111.046875,117.71875,171.546875,242.78125,251.453125,190.765625,139.9375,113.71875,105.03125,112.296875,117.1875,105.09375,99.625,122.640625,130.6484375,174.0390625,243.671875,212.1875,171.28125,139.2734375,121.1171875,109.7265625,88.640625,112.7734375,140.109375,122.8984375,126.578125,157.7734375,250.3046875,244.2578125
2000-09-21,117.71875,171.546875,242.78125,251.453125,190.765625,139.9375,113.71875,105.03125,112.296875,117.1875,105.09375,99.625,122.640625,130.6484375,174.0390625,243.671875,212.1875,171.28125,139.2734375,121.1171875,109.7265625,88.640625,112.7734375,140.109375,122.8984375,126.578125,157.7734375,250.3046875,244.2578125,183.2265625
2000-09-22,171.546875,242.78125,251.453125,190.765625,139.9375,113.71875,105.03125,112.296875,117.1875,105.09375,99.625,122.640625,130.6484375,174.0390625,243.671875,212.1875,171.28125,139.2734375,121.1171875,109.7265625,88.640625,112.7734375,140.109375,122.8984375,126.578125,157.7734375,250.3046875,244.2578125,183.2265625,152.8828125
2000-09-23,194.984375,139.921875,119.765625,111.859375,138.515625,148.625,126.578125,117.90625,149.5859375,169.4140625,163.5859375,146.6875,151.6484375,154.9921875,142.8203125,124.625,98.5390625,84.03125,145.5,274.84375,302.53125,235.8515625,180.28125,144.7109375,129.2265625,115.953125,105.7734375,108.2109375,120.2890625,120.65625
2000-09-24,139.921875,119.765625,111.859375,138.515625,148.625,126.578125,117.90625,149.5859375,169.4140625,163.5859375,146.6875,151.6484375,154.9921875,142.8203125,124.625,98.5390625,84.03125,145.5,274.84375,302.53125,235.8515625,180.28125,144.7109375,129.2265625,115.953125,105.7734375,108.2109375,120.2890625,120.65625,133.0859375
2000-09-25,119.765625,111.859375,138.515625,148.625,126.578125,117.90625,149.5859375,169.4140625,163.5859375,146.6875,151.6484375,154.9921875,142.8203125,124.625,98.5390625,84.03125,145.5,274.84375,302.53125,235.8515625,180.28125,144.7109375,129.2265625,115.953125,105.7734375,108.2109375,120.2890625,120.65625,133.0859375,163.1640625
2000-09-26,104.640625,89.890625,103.265625,127.203125,166.4140625,169.2109375,188.265625,179.6171875,171.8125,166.65625,166.1015625,133.921875,111.9375,127.890625,131.828125,111.0390625,106.859375,140.578125,143.8203125,107.4296875,76.9609375,59.3828125,58.3671875,112.859375,164.4453125,178.859375,176.34375,130.546875,85.9375,62.1015625
2000-09-27,89.890625,103.265625,127.203125,166.4140625,169.2109375,188.265625,179.6171875,171.8125,166.65625,166.1015625,133.921875,111.9375,127.890625,131.828125,111.0390625,106.859375,140.578125,143.8203125,107.4296875,76.9609375,59.3828125,58.3671875,112.859375,164.4453125,178.859375,176.34375,130.546875,85.9375,62.1015625,48.1015625
2000-09-28,103.265625,127.203125,166.4140625,169.2109375,188.265625,179.6171875,171.8125,166.65625,166.1015625,133.921875,111.9375,127.890625,131.828125,111.0390625,106.859375,140.578125,143.8203125,107.4296875,76.9609375,59.3828125,58.3671875,112.859375,164.4453125,178.859375,176.34375,130.546875,85.9375,62.1015625,48.1015625,39.40625
2000-09-29,127.203125,166.4140625,169.2109375,188.265625,179.6171875,171.8125,166.65625,166.1015625,133.921875,111.9375,127.890625,131.828125,111.0390625,106.859375,140.578125,143.8203125,107.4296875,76.9609375,59.3828125,58.3671875,112.859375,164.4453125,178.859375,176.34375,130.546875,85.9375,62.1015625,48.1015625,39.40625,33.5859375
2000-09-30,118.03125,139.3515625,128.234375,112.7265625,172.203125,192.7265625,155.1328125,118.359375,108.828125,136.359375,135.5625,130.296875,128.3046875,145.3125,156.765625,145.25,125.7109375,104.1328125,87.7265625,88.328125,95.28125,99.265625,116.65625,109.390625,269.265625,645.6796875,489.5,284.8984375,190.59375,143.3125
2000-10-01,139.3515625,128.234375,112.7265625,172.203125,192.7265625,155.1328125,118.359375,108.828125,136.359375,135.5625,130.296875,128.3046875,145.3125,156.765625,145.25,125.7109375,104.1328125,87.7265625,88.328125,95.28125,99.265625,116.65625,109.390625,269.265625,645.6796875,489.5,284.8984375,190.59375,143.3125,126.7109375
2000-10-02,128.234375,112.7265625,172.203125,192.7265625,155.1328125,118.359375,108.828125,136.359375,135.5625,130.296875,128.3046875,145.3125,156.765625,145.25,125.7109375,104.1328125,87.7265625,88.328125,95.28125,99.265625,116.65625,109.390625,269.265625,645.6796875,489.5,284.8984375,190.59375,143.3125,126.7109375,115.421875
2000-10-03,160.765625,127.0,109.0390625,91.078125,76.9375,68.1484375,63.3203125,65.3671875,99.5859375,214.1328125,246.21875,222.671875,226.1328125,577.4453125,452.40625,253.984375,168.7578125,128.7734375,108.203125,98.0,94.515625,92.046875,90.875,101.421875,115.640625,130.9296875,126.5859375,109.0390625,115.4921875,122.0546875
2000-10-04,127.0,109.0390625,91.078125,76.9375,68.1484375,63.3203125,65.3671875,99.5859375,214.1328125,246.21875,222.671875,226.1328125,577.4453125,452.40625,253.984375,168.7578125,128.7734375,108.203125,98.0,94.515625,92.046875,90.875,101.421875,115.640625,130.9296875,126.5859375,109.0390625,115.4921875,122.0546875,105.65625
2000-10-05,109.0390625,91.078125,76.9375,68.1484375,63.3203125,65.3671875,99.5859375,214.1328125,246.21875,222.671875,226.1328125,577.4453125,452.40625,253.984375,168.7578125,128.7734375,108.203125,98.0,94.515625,92.046875,90.875,101.421875,115.640625,130.9296875,126.5859375,109.0390625,115.4921875,122.0546875,105.65625,84.140625
2000-10-06,91.078125,76.9375,68.1484375,63.3203125,65.3671875,99.5859375,214.1328125,246.21875,222.671875,226.1328125,577.4453125,452.40625,253.984375,168.7578125,128.7734375,108.203125,98.0,94.515625,92.046875,90.875,101.421875,115.640625,130.9296875,126.5859375,109.0390625,115.4921875,122.0546875,105.65625,84.140625,68.8828125
2000-10-07,139.1875,126.5625,114.7734375,104.078125,115.796875,128.2734375,121.3984375,112.1171875,112.3515625,181.9453125,189.46875,179.609375,217.28125,216.3359375,235.3125,283.5,254.6953125,183.734375,131.3984375,110.3359375,136.5,158.3828125,139.9296875,122.8828125,120.546875,112.3125,118.4609375,142.3125,151.4375,153.59375
2000-10-08,126.5625,114.7734375,104.078125,115.796875,128.2734375,121.3984375,112.1171875,112.3515625,181.9453125,189.46875,179.609375,217.28125,216.3359375,235.3125,283.5,254.6953125,183.734375,131.3984375,110.3359375,136.5,158.3828125,139.9296875,122.8828125,120.546875,112.3125,118.4609375,142.3125,151.4375,153.59375,139.9921875
2000-10-09,114.7734375,104.078125,115.796875,128.2734375,121.3984375,112.1171875,112.3515625,181.9453125,189.46875,179.609375,217.28125,216.3359375,235.3125,283.5,254.6953125,183.734375,131.3984375,110.3359375,136.5,158.3828125,139.9296875,122.8828125,120.546875,112.3125,118.4609375,142.3125,151.4375,153.59375,139.9921875,124.4765625
2000-10-10,125.953125,142.640625,159.75,160.84375,236.640625,272.859375,199.875,141.3984375,130.1640625,115.4921875,93.828125,82.7265625,107.25,115.328125,116.5234375,111.0078125,113.40625,123.515625,130.9375,115.0,82.9609375,62.875,50.84375,56.4921875,88.4296875,117.6953125,145.734375,128.3515625,85.9140625,60.46875
2000-10-11,142.640625,159.75,160.84375,236.640625,272.859375,199.875,141.3984375,130.1640625,115.4921875,93.828125,82.7265625,107.25,115.328125,116.5234375,111.0078125,113.40625,123.515625,130.9375,115.0,82.9609375,62.875,50.84375,56.4921875,88.4296875,117.6953125,145.734375,128.3515625,85.9140625,60.46875,46.515625
2000-10-12,159.75,160.84375,236.640625,272.859375,199.875,141.3984375,130.1640625,115.4921875,93.828125,82.7265625,107.25,115.328125,116.5234375,111.0078125,113.40625,123.515625,130.9375,115.0,82.9609375,62.875,50.84375,56.4921875,88.4296875,117.6953125,145.734375,128.3515625,85.9140625,60.46875,46.515625,37.46875
2000-10-13,160.84375,236.640625,272.859375,199.875,141.3984375,130.1640625,115.4921875,93.828125,82.7265625,107.25,115.328125,116.5234375,111.0078125,113.40625,123.515625,130.9375,115.0,82.9609375,62.875,50.84375,56.4921875,88.4296875,117.6953125,145.734375,128.3515625,85.9140625,60.46875,46.515625,37.46875,31.484375
2000-10-14,366.4609375,285.1953125,206.640625,151.0,140.9609375,139.21875,119.640625,105.5546875,99.65625,96.5859375,102.8671875,107.9921875,120.65625,128.8515625,121.0546875,112.7890625,120.21875,138.15625,153.703125,238.078125,260.453125,207.828125,183.6171875,242.6640625,241.3125,185.71875,143.515625,113.578125,108.6484375,119.25
2000-10-15,285.1953125,206.640625,151.0,140.9609375,139.21875,119.640625,105.5546875,99.65625,96.5859375,102.8671875,107.9921875,120.65625,128.8515625,121.0546875,112.7890625,120.21875,138.15625,153.703125,238.078125,260.453125,207.828125,183.6171875,242.6640625,241.3125,185.71875,143.515625,113.578125,108.6484375,119.25,143.140625
2000-10-16,206.640625,151.0,140.9609375,139.21875,119.640625,105.5546875,99.65625,96.5859375,102.8671875,107.9921875,120.65625,128.8515625,121.0546875,112.7890625,120.21875,138.15625,153.703125,238.078125,260.453125,207.828125,183.6171875,242.6640625,241.3125,185.71875,143.515625,113.578125,108.6484375,119.25,143.140625,133.421875
2000-10-17,234.3046875,346.90625,322.6015625,230.75,185.0078125,180.90625,186.7109375,194.7890625,208.546875,240.0546875,252.21875,253.6171875,211.8515625,161.8046875,133.484375,117.34375,110.03125,118.7890625,120.859375,107.671875,95.515625,86.8515625,80.3671875,74.9296875,70.2578125,66.765625,62.6328125,59.5390625,56.578125,55.7109375
2000-10-18,346.90625,322.6015625,230.75,185.0078125,180.90625,186.7109375,194.7890625,208.546875,240.0546875,252.21875,253.6171875,211.8515625,161.8046875,133.484375,117.34375,110.03125,118.7890625,120.859375,107.671875,95.515625,86.8515625,80.3671875,74.9296875,70.2578125,66.765625,62.6328125,59.5390625,56.578125,55.7109375,57.171875
2000-10-19,322.6015625,230.75,185.0078125,180.90625,186.7109375,194.7890625,208.546875,240.0546875,252.21875,253.6171875,211.8515625,161.8046875,133.484375,117.34375,110.03125,118.7890625,120.859375,107.671875,95.515625,86.8515625,80.3671875,74.9296875,70.2578125,66.765625,62.6328125,59.5390625,56.578125,55.7109375,57.171875,56.6171875
2000-10-20,230.75,185.0078125,180.90625,186.7109375,194.7890625,208.546875,240.0546875,252.21875,253.6171875,211.8515625,161.8046875,133.484375,117.34375,110.03125,118.7890625,120.859375,107.671875,95.515625,86.8515625,80.3671875,74.9296875,70.2578125,66.765625,62.6328125,59.5390625,56.578125,55.7109375,57.171875,56.6171875,54.3125
2000-10-21,169.5625,171.1875,187.8203125,182.1875,159.484375,139.25,126.7890625,118.4296875,117.515625,110.0859375,94.6484375,96.0,100.7578125,91.046875,77.390625,66.4921875,61.7421875,66.375,107.6953125,143.4296875,135.0078125,148.6171875,154.4453125,120.3671875,97.625,88.34375,70.46875,53.703125,43.203125,38.3515625
2000-10-22,171.1875,187.8203125,182.1875,159.484375,139.25,126.7890625,118.4296875,117.515625,110.0859375,94.6484375,96.0,100.7578125,91.046875,77.390625,66.4921875,61.7421875,66.375,107.6953125,143.4296875,135.0078125,148.6171875,154.4453125,120.3671875,97.625,88.34375,70.46875,53.703125,43.203125,38.3515625,37.84375
2000-10-23,187.8203125,182.1875,159.484375,139.25,126.7890625,118.4296875,117.515625,110.0859375,94.6484375,96.0,100.7578125,91.046875,77.390625,66.4921875,61.7421875,66.375,107.6953125,143.4296875,135.0078125,148.6171875,154.4453125,120.3671875,97.625,88.34375,70.46875,53.703125,43.203125,38.3515625,37.84375,35.625
2000-10-24,227.1328125,200.1015625,183.8828125,191.2578125,198.1875,219.265625,274.7109375,400.7265625,1265.3203125,1211.53125,861.6171875,940.2421875,807.0546875,620.375,501.578125,432.84375,382.4765625,361.875,358.5390625,362.2890625,347.15625,300.546875,277.78125,261.9296875,243.265625,245.8515625,236.0234375,201.7734375,170.421875,162.0703125
2000-10-25,200.1015625,183.8828125,191.2578125,198.1875,219.265625,274.7109375,400.7265625,1265.3203125,1211.53125,861.6171875,940.2421875,807.0546875,620.375,501.578125,432.84375,382.4765625,361.875,358.5390625,362.2890625,347.15625,300.546875,277.78125,261.9296875,243.265625,245.8515625,236.0234375,201.7734375,170.421875,162.0703125,279.8515625
2000-10-26,183.8828125,191.2578125,198.1875,219.265625,274.7109375,400.7265625,1265.3203125,1211.53125,861.6171875,940.2421875,807.0546875,620.375,501.578125,432.84375,382.4765625,361.875,358.5390625,362.2890625,347.15625,300.546875,277.78125,261.9296875,243.265625,245.8515625,236.0234375,201.7734375,170.421875,162.0703125,279.8515625,280.890625
2000-10-27,191.2578125,198.1875,219.265625,274.7109375,400.7265625,1265.3203125,1211.53125,861.6171875,940.2421875,807.0546875,620.375,501.578125,432.84375,382.4765625,361.875,358.5390625,362.2890625,347.15625,300.546875,277.78125,261.9296875,243.265625,245.8515625,236.0234375,201.7734375,170.421875,162.0703125,279.8515625,280.890625,202.6953125
2000-10-28,280.34375,311.9921875,231.296875,219.4296875,303.453125,257.0625,179.5703125,143.015625,125.8671875,115.78125,108.4296875,102.4140625,97.6875,93.34375,89.4765625,86.4609375,81.6953125,77.0625,72.859375,69.171875,67.9296875,65.2265625,60.6484375,56.40625,52.59375,49.015625,46.3515625,43.4140625,41.1015625,38.828125
2000-10-29,311.9921875,231.296875,219.4296875,303.453125,257.0625,179.5703125,143.015625,125.8671875,115.78125,108.4296875,102.4140625,97.6875,93.34375,89.4765625,86.4609375,81.6953125,77.0625,72.859375,69.171875,67.9296875,65.2265625,60.6484375,56.40625,52.59375,49.015625,46.3515625,43.4140625,41.1015625,38.828125,36.9375
2000-10-30,231.296875,219.4296875,303.453125,257.0625,179.5703125,143.015625,125.8671875,115.78125,108.4296875,102.4140625,97.6875,93.34375,89.4765625,86.4609375,81.6953125,77.0625,72.859375,69.171875,67.9296875,65.2265625,60.6484375,56.40625,52.59375,49.015625,46.3515625,43.4140625,41.1015625,38.828125,36.9375,35.8515625
2000-10-31,474.84375,486.015625,348.96875,256.984375,214.265625,190.84375,175.765625,163.4375,153.1484375,143.8359375,135.0546875,126.625,118.8046875,111.78125,105.0078125,97.9765625,91.1953125,84.859375,79.1484375,73.546875,68.421875,63.4765625,58.9765625,54.5078125,57.921875,61.8125,56.5,67.6953125,85.890625,79.046875
2000-11-01,486.015625,348.96875,256.984375,214.265625,190.84375,175.765625,163.4375,153.1484375,143.8359375,135.0546875,126.625,118.8046875,111.78125,105.0078125,97.9765625,91.1953125,84.859375,79.1484375,73.546875,68.421875,63.4765625,58.9765625,54.5078125,57.921875,61.8125,56.5,67.6953125,85.890625,79.046875,62.046875
2000-11-02,348.96875,256.984375,214.265625,190.84375,175.765625,163.4375,153.1484375,143.8359375,135.0546875,126.625,118.8046875,111.78125,105.0078125,97.9765625,91.1953125,84.859375,79.1484375,73.546875,68.421875,63.4765625,58.9765625,54.5078125,57.921875,61.8125,56.5,67.6953125,85.890625,79.046875,62.046875,50.953125
2000-11-03,256.984375,214.265625,190.84375,175.765625,163.4375,153.1484375,143.8359375,135.0546875,126.625,118.8046875,111.78125,105.0078125,97.9765625,91.1953125,84.859375,79.1484375,73.546875,68.421875,63.4765625,58.9765625,54.5078125,57.921875,61.8125,56.5,67.6953125,85.890625,79.046875,62.046875,50.953125,43.7890625
2000-11-04,132.1875,116.46875,111.875,103.0625,92.3125,84.3671875,77.84375,72.140625,68.4921875,65.5078125,61.2890625,57.25,54.1640625,50.65625,49.453125,63.234375,79.28125,75.5703125,66.6796875,53.9296875,46.1640625,40.265625,35.015625,30.8828125,27.9453125,26.8046875,25.1875,23.125,20.671875,19.1171875
2000-11-05,116.46875,111.875,103.0625,92.3125,84.3671875,77.84375,72.140625,68.4921875,65.5078125,61.2890625,57.25,54.1640625,50.65625,49.453125,63.234375,79.28125,75.5703125,66.6796875,53.9296875,46.1640625,40.265625,35.015625,30.8828125,27.9453125,26.8046875,25.1875,23.125,20.671875,19.1171875,18.0
2000-11-06,111.875,103.0625,92.3125,84.3671875,77.84375,72.140625,68.4921875,65.5078125,61.2890625,57.25,54.1640625,50.65625,49.453125,63.234375,79.28125,75.5703125,66.6796875,53.9296875,46.1640625,40.265625,35.015625,30.8828125,27.9453125,26.8046875,25.1875,23.125,20.671875,19.1171875,18.0,16.453125
2000-11-07,91.3359375,84.0390625,78.0390625,72.8125,68.2734375,64.4296875,60.703125,57.2109375,57.0546875,58.6875,59.6015625,56.7734375,51.53125,47.0546875,42.9140625,39.890625,36.0859375,33.3671875,30.4296875,85.25,160.296875,189.8984375,166.0546875,110.7890625,73.359375,53.796875,42.2421875,33.796875,28.171875,24.125
2000-11-08,84.0390625,78.0390625,72.8125,68.2734375,64.4296875,60.703125,57.2109375,57.0546875,58.6875,59.6015625,56.7734375,51.53125,47.0546875,42.9140625,39.890625,36.0859375,33.3671875,30.4296875,85.25,160.296875,189.8984375,166.0546875,110.7890625,73.359375,53.796875,42.2421875,33.796875,28.171875,24.125,20.8984375
2000-11-09,78.0390625,72.8125,68.2734375,64.4296875,60.703125,57.2109375,57.0546875,58.6875,59.6015625,56.7734375,51.53125,47.0546875,42.9140625,39.890625,36.0859375,33.3671875,30.4296875,85.25,160.296875,189.8984375,166.0546875,110.7890625,73.359375,53.796875,42.2421875,33.796875,28.171875,24.125,20.8984375,18.3828125
2000-11-10,72.8125,68.2734375,64.4296875,60.703125,57.2109375,57.0546875,58.6875,59.6015625,56.7734375,51.53125,47.0546875,42.9140625,39.890625,36.0859375,33.3671875,30.4296875,85.25,160.296875,189.8984375,166.0546875,110.7890625,73.359375,53.796875,42.2421875,33.796875,28.171875,24.125,20.8984375,18.3828125,16.7109375
2000-11-11,70.515625,71.859375,72.1015625,66.359375,61.1171875,75.2421875,85.328125,73.1015625,61.6171875,55.7265625,54.4765625,51.3671875,45.375,40.375,37.203125,34.1328125,31.953125,29.234375,26.28125,24.265625,22.53125,20.2734375,23.6171875,27.90625,26.0,22.6015625,20.7421875,18.90625,18.0,17.765625
2000-11-12,71.859375,72.1015625,66.359375,61.1171875,75.2421875,85.328125,73.1015625,61.6171875,55.7265625,54.4765625,51.3671875,45.375,40.375,37.203125,34.1328125,31.953125,29.234375,26.28125,24.265625,22.53125,20.2734375,23.6171875,27.90625,26.0,22.6015625,20.7421875,18.90625,18.0,17.765625,15.609375
2000-11-13,72.1015625,66.359375,61.1171875,75.2421875,85.328125,73.1015625,61.6171875,55.7265625,54.4765625,51.3671875,45.375,40.375,37.203125,34.1328125,31.953125,29.234375,26.28125,24.265625,22.53125,20.2734375,23.6171875,27.90625,26.0,22.6015625,20.7421875,18.90625,18.0,17.765625,15.609375,14.0390625
2000-11-14,72.9296875,66.21875,146.2578125,169.265625,115.7890625,84.8828125,68.53125,59.4296875,53.0859375,53.609375,76.5234375,88.8046875,77.125,65.1484375,53.9921875,45.90625,39.71875,33.78125,29.0234375,25.5078125,22.546875,20.1875,18.34375,17.0,16.078125,15.09375,14.0859375,13.0703125,12.09375,11.3828125
2000-11-15,66.21875,146.2578125,169.265625,115.7890625,84.8828125,68.53125,59.4296875,53.0859375,53.609375,76.5234375,88.8046875,77.125,65.1484375,53.9921875,45.90625,39.71875,33.78125,29.0234375,25.5078125,22.546875,20.1875,18.34375,17.0,16.078125,15.09375,14.0859375,13.0703125,12.09375,11.3828125,10.4375
2000-11-16,146.2578125,169.265625,115.7890625,84.8828125,68.53125,59.4296875,53.0859375,53.609375,76.5234375,88.8046875,77.125,65.1484375,53.9921875,45.90625,39.71875,33.78125,29.0234375,25.5078125,22.546875,20.1875,18.34375,17.0,16.078125,15.09375,14.0859375,13.0703125,12.09375,11.3828125,10.4375,9.796875
2000-11-17,169.265625,115.7890625,84.8828125,68.53125,59.4296875,53.0859375,53.609375,76.5234375,88.8046875,77.125,65.1484375,53.9921875,45.90625,39.71875,33.78125,29.0234375,25.5078125,22.546875,20.1875,18.34375,17.0,16.078125,15.09375,14.0859375,13.0703125,12.09375,11.3828125,10.4375,9.796875,9.53125
2000-11-18,115.96875,98.0078125,82.796875,72.515625,59.6953125,77.0,105.3359375,103.28125,91.25,76.1171875,58.9296875,46.8828125,39.0546875,33.6953125,29.9921875,30.5078125,69.4296875,103.890625,84.453125,65.1171875,48.0078125,36.7265625,28.9140625,23.5625,19.953125,17.3984375,15.390625,14.0,12.7109375,12.203125
2000-11-19,98.0078125,82.796875,72.515625,59.6953125,77.0,105.3359375,103.28125,91.25,76.1171875,58.9296875,46.8828125,39.0546875,33.6953125,29.9921875,30.5078125,69.4296875,103.890625,84.453125,65.1171875,48.0078125,36.7265625,28.9140625,23.5625,19.953125,17.3984375,15.390625,14.0,12.7109375,12.203125,11.8046875
2000-11-20,82.796875,72.515625,59.6953125,77.0,105.3359375,103.28125,91.25,76.1171875,58.9296875,46.8828125,39.0546875,33.6953125,29.9921875,30.5078125,69.4296875,103.890625,84.453125,65.1171875,48.0078125,36.7265625,28.9140625,23.5625,19.953125,17.3984375,15.390625,14.0,12.7109375,12.203125,11.8046875,10.65625
2000-11-21,71.1015625,60.6328125,54.6015625,54.3359375,59.7109375,61.1640625,58.734375,55.28125,48.015625,131.4609375,154.78125,98.3125,67.2734375,50.546875,39.5,32.0625,26.71875,23.5859375,22.640625,22.546875,20.484375,18.0234375,15.7421875,14.0390625,12.46875,11.4453125,10.328125,10.96875,12.1875,11.6953125
2000-11-22,60.6328125,54.6015625,54.3359375,59.7109375,61.1640625,58.734375,55.28125,48.015625,131.4609375,154.78125,98.3125,67.2734375,50.546875,39.5,32.0625,26.71875,23.5859375,22.640625,22.546875,20.484375,18.0234375,15.7421875,14.0390625,12.46875,11.4453125,10.328125,10.96875,12.1875,11.6953125,10.4296875
2000-11-23,54.6015625,54.3359375,59.7109375,61.1640625,58.734375,55.28125,48.015625,131.4609375,154.78125,98.3125,67.2734375,50.546875,39.5,32.0625,26.71875,23.5859375,22.640625,22.546875,20.484375,18.0234375,15.7421875,14.0390625,12.46875,11.4453125,10.328125,10.96875,12.1875,11.6953125,10.4296875,9.3046875
2000-11-24,54.3359375,59.7109375,61.1640625,58.734375,55.28125,48.015625,131.4609375,154.78125,98.3125,67.2734375,50.546875,39.5,32.0625,26.71875,23.5859375,22.640625,22.546875,20.484375,18.0234375,15.7421875,14.0390625,12.46875,11.4453125,10.328125,10.96875,12.1875,11.6953125,10.4296875,9.3046875,8.3046875
2000-11-25,76.390625,83.34375,72.8984375,63.34375,56.2109375,52.125,47.0,39.9375,34.9921875,32.3203125,30.109375,26.6875,23.4765625,20.984375,19.1953125,17.40625,15.7734375,14.6171875,14.3359375,14.578125,14.53125,13.34375,11.796875,10.5078125,9.6796875,9.109375,8.5546875,7.625,6.78125,6.609375
2000-11-26,83.34375,72.8984375,63.34375,56.2109375,52.125,47.0,39.9375,34.9921875,32.3203125,30.109375,26.6875,23.4765625,20.984375,19.1953125,17.40625,15.7734375,14.6171875,14.3359375,14.578125,14.53125,13.34375,11.796875,10.5078125,9.6796875,9.109375,8.5546875,7.625,6.78125,6.609375,6.28125
2000-11-27,72.8984375,63.34375,56.2109375,52.125,47.0,39.9375,34.9921875,32.3203125,30.109375,26.6875,23.4765625,20.984375,19.1953125,17.40625,15.7734375,14.6171875,14.3359375,14.578125,14.53125,13.34375,11.796875,10.5078125,9.6796875,9.109375,8.5546875,7.625,6.78125,6.609375,6.28125,5.640625
2000-11-28,88.625,68.5,58.953125,63.375,63.2734375,50.078125,39.9296875,33.109375,28.359375,24.8046875,22.3046875,20.0546875,18.4296875,19.1796875,29.921875,37.71875,32.4765625,26.5859375,22.75,20.1328125,20.453125,18.5703125,21.4140625,28.7890625,25.46875,20.609375,16.359375,13.09375,10.8671875,9.0234375
2000-11-29,68.5,58.953125,63.375,63.2734375,50.078125,39.9296875,33.109375,28.359375,24.8046875,22.3046875,20.0546875,18.4296875,19.1796875,29.921875,37.71875,32.4765625,26.5859375,22.75,20.1328125,20.453125,18.5703125,21.4140625,28.7890625,25.46875,20.609375,16.359375,13.09375,10.8671875,9.0234375,7.859375
2000-11-30,58.953125,63.375,63.2734375,50.078125,39.9296875,33.109375,28.359375,24.8046875,22.3046875,20.0546875,18.4296875,19.1796875,29.921875,37.71875,32.4765625,26.5859375,22.75,20.1328125,20.453125,18.5703125,21.4140625,28.7890625,25.46875,20.609375,16.359375,13.09375,10.8671875,9.0234375,7.859375,6.5859375
2000-12-01,63.375,63.2734375,50.078125,39.9296875,33.109375,28.359375,24.8046875,22.3046875,20.0546875,18.4296875,19.1796875,29.921875,37.71875,32.4765625,26.5859375,22.75,20.1328125,20.453125,18.5703125,21.4140625,28.7890625,25.46875,20.609375,16.359375,13.09375,10.8671875,9.0234375,7.859375,6.5859375,5.75
2000-12-02,44.9296875,38.265625,32.7890625,29.1953125,27.7265625,27.6015625,25.21875,22.75,20.4453125,18.4921875,16.96875,15.7734375,14.7890625,13.5859375,12.4765625,11.3359375,10.5625,9.4140625,8.546875,8.109375,8.1015625,7.78125,7.3828125,6.96875,6.3984375,5.8984375,5.9140625,6.375,7.4375,7.6484375
2000-12-03,38.265625,32.7890625,29.1953125,27.7265625,27.6015625,25.21875,22.75,20.4453125,18.4921875,16.96875,15.7734375,14.7890625,13.5859375,12.4765625,11.3359375,10.5625,9.4140625,8.546875,8.109375,8.1015625,7.78125,7.3828125,6.96875,6.3984375,5.8984375,5.9140625,6.375,7.4375,7.6484375,7.3125
2000-12-04,32.7890625,29.1953125,27.7265625,27.6015625,25.21875,22.75,20.4453125,18.4921875,16.96875,15.7734375,14.7890625,13.5859375,12.4765625,11.3359375,10.5625,9.4140625,8.546875,8.109375,8.1015625,7.78125,7.3828125,6.96875,6.3984375,5.8984375,5.9140625,6.375,7.4375,7.6484375,7.3125,7.09375
2000-12-05,30.796875,29.25,155.7578125,230.1953125,171.8125,112.1953125,71.6484375,49.4609375,36.8046875,29.5234375,25.921875,23.8515625,23.890625,25.046875,24.6640625,22.828125,19.6796875,16.9140625,15.484375,16.5859375,15.9375,13.7734375,11.96875,12.875,14.9296875,14.7265625,16.390625,19.5078125,24.078125,28.84375
2000-12-06,29.25,155.7578125,230.1953125,171.8125,112.1953125,71.6484375,49.4609375,36.8046875,29.5234375,25.921875,23.8515625,23.890625,25.046875,24.6640625,22.828125,19.6796875,16.9140625,15.484375,16.5859375,15.9375,13.7734375,11.96875,12.875,14.9296875,14.7265625,16.390625,19.5078125,24.078125,28.84375,36.140625
2000-12-07,155.7578125,230.1953125,171.8125,112.1953125,71.6484375,49.4609375,36.8046875,29.5234375,25.921875,23.8515625,23.890625,25.046875,24.6640625,22.828125,19.6796875,16.9140625,15.484375,16.5859375,15.9375,13.7734375,11.96875,12.875,14.9296875,14.7265625,16.390625,19.5078125,24.078125,28.84375,36.140625,36.453125
2000-12-08,230.1953125,171.8125,112.1953125,71.6484375,49.4609375,36.8046875,29.5234375,25.921875,23.8515625,23.890625,25.046875,24.6640625,22.828125,19.6796875,16.9140625,15.484375,16.5859375,15.9375,13.7734375,11.96875,12.875,14.9296875,14.7265625,16.390625,19.5078125,24.078125,28.84375,36.140625,36.453125,32.6875
2000-12-09,79.6796875,56.2734375,41.1171875,32.203125,26.7265625,24.3125,21.9453125,20.7734375,27.328125,35.0078125,33.0625,34.4296875,41.5625,39.5546875,30.203125,22.9609375,18.3203125,14.375,11.7578125,10.7421875,9.125,8.0390625,7.6328125,6.78125,5.9140625,5.34375,5.015625,5.203125,6.171875,7.78125
2000-12-10,56.2734375,41.1171875,32.203125,26.7265625,24.3125,21.9453125,20.7734375,27.328125,35.0078125,33.0625,34.4296875,41.5625,39.5546875,30.203125,22.9609375,18.3203125,14.375,11.7578125,10.7421875,9.125,8.0390625,7.6328125,6.78125,5.9140625,5.34375,5.015625,5.203125,6.171875,7.78125,30.953125
2000-12-11,41.1171875,32.203125,26.7265625,24.3125,21.9453125,20.7734375,27.328125,35.0078125,33.0625,34.4296875,41.5625,39.5546875,30.203125,22.9609375,18.3203125,14.375,11.7578125,10.7421875,9.125,8.0390625,7.6328125,6.78125,5.9140625,5.34375,5.015625,5.203125,6.171875,7.78125,30.953125,72.140625
2000-12-12,59.8984375,159.1953125,194.1796875,139.2109375,89.34375,61.7734375,47.5703125,51.640625,58.5390625,49.859375,39.2890625,30.375,24.1015625,20.0078125,16.8046875,16.3359375,18.3828125,17.7265625,15.5,13.6484375,13.1015625,11.734375,10.5,9.234375,8.2265625,7.5703125,6.9296875,6.203125,6.015625,5.5625
2000-12-13,159.1953125,194.1796875,139.2109375,89.34375,61.7734375,47.5703125,51.640625,58.5390625,49.859375,39.2890625,30.375,24.1015625,20.0078125,16.8046875,16.3359375,18.3828125,17.7265625,15.5,13.6484375,13.1015625,11.734375,10.5,9.234375,8.2265625,7.5703125,6.9296875,6.203125,6.015625,5.5625,5.890625
2000-12-14,194.1796875,139.2109375,89.34375,61.7734375,47.5703125,51.640625,58.5390625,49.859375,39.2890625,30.375,24.1015625,20.0078125,16.8046875,16.3359375,18.3828125,17.7265625,15.5,13.6484375,13.1015625,11.734375,10.5,9.234375,8.2265625,7.5703125,6.9296875,6.203125,6.015625,5.5625,5.890625,6.15625
2000-12-15,139.2109375,89.34375,61.7734375,47.5703125,51.640625,58.5390625,49.859375,39.2890625,30.375,24.1015625,20.0078125,16.8046875,16.3359375,18.3828125,17.7265625,15.5,13.6484375,13.1015625,11.734375,10.5,9.234375,8.2265625,7.5703125,6.9296875,6.203125,6.015625,5.5625,5.890625,6.15625,6.3125
2000-12-16,26.40625,22.9375,20.8984375,38.390625,126.3203125,193.9140625,150.5703125,89.859375,57.8125,40.171875,29.5703125,22.90625,18.3515625,15.0546875,12.796875,11.34375,10.015625,8.7890625,7.90625,7.3671875,6.7734375,6.3671875,6.09375,5.875,5.6015625,5.609375,5.0625,4.3828125,4.0234375,3.9140625
2000-12-17,22.9375,20.8984375,38.390625,126.3203125,193.9140625,150.5703125,89.859375,57.8125,40.171875,29.5703125,22.90625,18.3515625,15.0546875,12.796875,11.34375,10.015625,8.7890625,7.90625,7.3671875,6.7734375,6.3671875,6.09375,5.875,5.6015625,5.609375,5.0625,4.3828125,4.0234375,3.9140625,4.359375
2000-12-18,20.8984375,38.390625,126.3203125,193.9140625,150.5703125,89.859375,57.8125,40.171875,29.5703125,22.90625,18.3515625,15.0546875,12.796875,11.34375,10.015625,8.7890625,7.90625,7.3671875,6.7734375,6.3671875,6.09375,5.875,5.6015625,5.609375,5.0625,4.3828125,4.0234375,3.9140625,4.359375,4.484375
2000-12-19,21.59375,28.0859375,32.9140625,30.109375,24.0625,19.2734375,15.734375,13.1484375,11.0859375,9.8125,8.8671875,7.8828125,7.0625,6.5625,6.6875,6.265625,6.125,5.703125,5.203125,4.703125,4.1640625,3.9765625,3.96875,6.9609375,13.2109375,15.140625,17.1640625,20.2109375,30.5859375,53.6171875
2000-12-20,28.0859375,32.9140625,30.109375,24.0625,19.2734375,15.734375,13.1484375,11.0859375,9.8125,8.8671875,7.8828125,7.0625,6.5625,6.6875,6.265625,6.125,5.703125,5.203125,4.703125,4.1640625,3.9765625,3.96875,6.9609375,13.2109375,15.140625,17.1640625,20.2109375,30.5859375,53.6171875,56.5390625
2000-12-21,32.9140625,30.109375,24.0625,19.2734375,15.734375,13.1484375,11.0859375,9.8125,8.8671875,7.8828125,7.0625,6.5625,6.6875,6.265625,6.125,5.703125,5.203125,4.703125,4.1640625,3.9765625,3.96875,6.9609375,13.2109375,15.140625,17.1640625,20.2109375,30.5859375,53.6171875,56.5390625,48.09375
2000-12-22,30.109375,24.0625,19.2734375,15.734375,13.1484375,11.0859375,9.8125,8.8671875,7.8828125,7.0625,6.5625,6.6875,6.265625,6.125,5.703125,5.203125,4.703125,4.1640625,3.9765625,3.96875,6.9609375,13.2109375,15.140625,17.1640625,20.2109375,30.5859375,53.6171875,56.5390625,48.09375,38.25
2000-12-23,27.3671875,21.8203125,17.46875,14.7734375,12.484375,10.8125,9.7890625,8.8984375,8.34375,7.859375,7.234375,6.84375,7.1171875,6.765625,6.859375,7.34375,6.7734375,6.3203125,6.046875,18.1328125,43.078125,46.9921875,42.25,32.015625,24.5625,19.921875,18.28125,15.46875,13.71875,14.3125
2000-12-24,21.8203125,17.46875,14.7734375,12.484375,10.8125,9.7890625,8.8984375,8.34375,7.859375,7.234375,6.84375,7.1171875,6.765625,6.859375,7.34375,6.7734375,6.3203125,6.046875,18.1328125,43.078125,46.9921875,42.25,32.015625,24.5625,19.921875,18.28125,15.46875,13.71875,14.3125,18.59375
2000-12-25,17.46875,14.7734375,12.484375,10.8125,9.7890625,8.8984375,8.34375,7.859375,7.234375,6.84375,7.1171875,6.765625,6.859375,7.34375,6.7734375,6.3203125,6.046875,18.1328125,43.078125,46.9921875,42.25,32.015625,24.5625,19.921875,18.28125,15.46875,13.71875,14.3125,18.59375,24.859375
2000-12-26,18.125,20.1640625,18.4140625,16.3203125,16.4765625,19.8046875,21.46875,19.4765625,15.984375,12.78125,10.734375,9.390625,8.609375,8.78125,12.09375,19.109375,28.640625,32.875,33.90625,40.203125,41.0625,35.140625,29.015625,23.921875,18.65625,18.390625,23.921875,25.328125,24.515625,20.46875
2000-12-27,20.1640625,18.4140625,16.3203125,16.4765625,19.8046875,21.46875,19.4765625,15.984375,12.78125,10.734375,9.390625,8.609375,8.78125,12.09375,19.109375,28.640625,32.875,33.90625,40.203125,41.0625,35.140625,29.015625,23.921875,18.65625,18.390625,23.921875,25.328125,24.515625,20.46875,16.75
2000-12-28,18.4140625,16.3203125,16.4765625,19.8046875,21.46875,19.4765625,15.984375,12.78125,10.734375,9.390625,8.609375,8.78125,12.09375,19.109375,28.640625,32.875,33.90625,40.203125,41.0625,35.140625,29.015625,23.921875,18.65625,18.390625,23.921875,25.328125,24.515625,20.46875,16.75,14.640625
2000-12-29,16.3203125,16.4765625,19.8046875,21.46875,19.4765625,15.984375,12.78125,10.734375,9.390625,8.609375,8.78125,12.09375,19.109375,28.640625,32.875,33.90625,40.203125,41.0625,35.140625,29.015625,23.921875,18.65625,18.390625,23.921875,25.328125,24.515625,20.46875,16.75,14.640625,12.71875
2000-12-30,16.9375,16.84375,16.4296875,16.1171875,14.25,12.25,10.5234375,9.2578125,9.53125,11.375,11.53125,10.734375,10.046875,10.46875,9.5,8.34375,7.546875,7.921875,9.609375,10.28125,10.15625,10.265625,10.265625,9.796875,9.5,8.953125,8.140625,7.15625,6.390625,6.25
2000-12-31,16.84375,16.4296875,16.1171875,14.25,12.25,10.5234375,9.2578125,9.53125,11.375,11.53125,10.734375,10.046875,10.46875,9.5,8.34375,7.546875,7.921875,9.609375,10.28125,10.15625,10.265625,10.265625,9.796875,9.5,8.953125,8.140625,7.15625,6.390625,6.25,6.265625
2001-01-01,16.4296875,16.1171875,14.25,12.25,10.5234375,9.2578125,9.53125,11.375,11.53125,10.734375,10.046875,10.46875,9.5,8.34375,7.546875,7.921875,9.609375,10.28125,10.15625,10.265625,10.265625,9.796875,9.5,8.953125,8.140625,7.15625,6.390625,6.25,6.265625,5.5
2001-01-02,16.1171875,14.25,12.25,10.5234375,9.2578125,9.53125,11.375,11.53125,10.734375,10.046875,10.46875,9.5,8.34375,7.546875,7.921875,9.609375,10.28125,10.15625,10.265625,10.265625,9.796875,9.5,8.953125,8.140625,7.15625,6.390625,6.25,6.265625,5.5,4.734375
2001-01-03,29.765625,23.3515625,20.171875,19.796875,18.453125,18.9375,20.21875,20.546875,26.703125,37.140625,44.9375,44.515625,36.328125,27.421875,20.765625,22.546875,28.1875,24.953125,20.0625,16.625,14.046875,11.96875,10.484375,9.09375,7.859375,9.0,11.96875,13.109375,11.90625,20.890625
2001-01-04,23.3515625,20.171875,19.796875,18.453125,18.9375,20.21875,20.546875,26.703125,37.140625,44.9375,44.515625,36.328125,27.421875,20.765625,22.546875,28.1875,24.953125,20.0625,16.625,14.046875,11.96875,10.484375,9.09375,7.859375,9.0,11.96875,13.109375,11.90625,20.890625,40.3125
2001-01-05,20.171875,19.796875,18.453125,18.9375,20.21875,20.546875,26.703125,37.140625,44.9375,44.515625,36.328125,27.421875,20.765625,22.546875,28.1875,24.953125,20.0625,16.625,14.046875,11.96875,10.484375,9.09375,7.859375,9.0,11.96875,13.109375,11.90625,20.890625,40.3125,38.03125
2001-01-06,19.796875,18.453125,18.9375,20.21875,20.546875,26.703125,37.140625,44.9375,44.515625,36.328125,27.421875,20.765625,22.546875,28.1875,24.953125,20.0625,16.625,14.046875,11.96875,10.484375,9.09375,7.859375,9.0,11.96875,13.109375,11.90625,20.890625,40.3125,38.03125,29.453125
2001-01-07,62.140625,45.9375,36.0078125,28.015625,21.4375,18.59375,102.703125,140.90625,84.71875,52.40625,34.765625,24.8125,19.0,15.03125,12.3125,11.296875,15.4375,25.8125,29.953125,46.703125,99.578125,123.5,132.25,134.234375,99.390625,63.890625,44.3125,32.53125,23.921875,18.59375
2001-01-08,45.9375,36.0078125,28.015625,21.4375,18.59375,102.703125,140.90625,84.71875,52.40625,34.765625,24.8125,19.0,15.03125,12.3125,11.296875,15.4375,25.8125,29.953125,46.703125,99.578125,123.5,132.25,134.234375,99.390625,63.890625,44.3125,32.53125,23.921875,18.59375,14.734375
2001-01-09,36.0078125,28.015625,21.4375,18.59375,102.703125,140.90625,84.71875,52.40625,34.765625,24.8125,19.0,15.03125,12.3125,11.296875,15.4375,25.8125,29.953125,46.703125,99.578125,123.5,132.25,134.234375,99.390625,63.890625,44.3125,32.53125,23.921875,18.59375,14.734375,12.234375
2001-01-10,48.984375,62.71875,48.5625,36.078125,29.15625,23.859375,18.75,14.90625,12.140625,10.46875,15.390625,30.546875,42.765625,47.9375,40.546875,31.0625,23.265625,17.90625,15.640625,15.078125,14.578125,15.265625,30.0625,50.65625,41.234375,29.484375,21.578125,16.5,13.8125,13.5
2001-01-11,62.71875,48.5625,36.078125,29.15625,23.859375,18.75,14.90625,12.140625,10.46875,15.390625,30.546875,42.765625,47.9375,40.546875,31.0625,23.265625,17.90625,15.640625,15.078125,14.578125,15.265625,30.0625,50.65625,41.234375,29.484375,21.578125,16.5,13.8125,13.5,19.125
2001-01-12,48.5625,36.078125,29.15625,23.859375,18.75,14.90625,12.140625,10.46875,15.390625,30.546875,42.765625,47.9375,40.546875,31.0625,23.265625,17.90625,15.640625,15.078125,14.578125,15.265625,30.0625,50.65625,41.234375,29.484375,21.578125,16.5,13.8125,13.5,19.125,39.53125
2001-01-13,36.078125,29.15625,23.859375,18.75,14.90625,12.140625,10.46875,15.390625,30.546875,42.765625,47.9375,40.546875,31.0625,23.265625,17.90625,15.640625,15.078125,14.578125,15.265625,30.0625,50.65625,41.234375,29.484375,21.578125,16.5,13.8125,13.5,19.125,39.53125,55.0625
2001-01-14,97.640625,90.6875,57.46875,38.125,27.5625,21.359375,27.671875,41.5625,37.09375,31.734375,30.9375,31.453125,41.765625,47.828125,36.421875,25.953125,19.890625,15.203125,14.921875,18.796875,19.890625,20.125,19.109375,25.5625,34.6875,28.171875,20.875,16.359375,13.3125,11.890625
2001-01-15,90.6875,57.46875,38.125,27.5625,21.359375,27.671875,41.5625,37.09375,31.734375,30.9375,31.453125,41.765625,47.828125,36.421875,25.953125,19.890625,15.203125,14.921875,18.796875,19.890625,20.125,19.109375,25.5625,34.6875,28.171875,20.875,16.359375,13.3125,11.890625,11.765625
2001-01-16,57.46875,38.125,27.5625,21.359375,27.671875,41.5625,37.09375,31.734375,30.9375,31.453125,41.765625,47.828125,36.421875,25.953125,19.890625,15.203125,14.921875,18.796875,19.890625,20.125,19.109375,25.5625,34.6875,28.171875,20.875,16.359375,13.3125,11.890625,11.765625,12.734375
2001-01-17,36.3125,25.921875,34.34375,57.09375,54.484375,40.859375,32.21875,28.59375,24.34375,21.34375,21.578125,24.890625,29.109375,24.703125,19.296875,15.5625,12.96875,10.890625,9.828125,11.046875,11.59375,12.0625,11.6875,10.21875,8.8125,7.71875,6.96875,7.96875,9.453125,9.78125
2001-01-18,25.921875,34.34375,57.09375,54.484375,40.859375,32.21875,28.59375,24.34375,21.34375,21.578125,24.890625,29.109375,24.703125,19.296875,15.5625,12.96875,10.890625,9.828125,11.046875,11.59375,12.0625,11.6875,10.21875,8.8125,7.71875,6.96875,7.96875,9.453125,9.78125,9.703125
2001-01-19,34.34375,57.09375,54.484375,40.859375,32.21875,28.59375,24.34375,21.34375,21.578125,24.890625,29.109375,24.703125,19.296875,15.5625,12.96875,10.890625,9.828125,11.046875,11.59375,12.0625,11.6875,10.21875,8.8125,7.71875,6.96875,7.96875,9.453125,9.78125,9.703125,12.09375
2001-01-20,57.09375,54.484375,40.859375,32.21875,28.59375,24.34375,21.34375,21.578125,24.890625,29.109375,24.703125,19.296875,15.5625,12.96875,10.890625,9.828125,11.046875,11.59375,12.0625,11.6875,10.21875,8.8125,7.71875,6.96875,7.96875,9.453125,9.78125,9.703125,12.09375,17.9375
2001-01-21,20.546875,18.09375,15.390625,13.96875,14.953125,15.203125,17.0,21.296875,25.28125,28.5625,49.28125,65.921875,51.375,39.671875,32.0625,23.703125,17.75,14.140625,11.828125,10.078125,9.046875,9.046875,8.265625,7.9375,7.75,7.5,7.34375,7.25,7.765625,9.5
2001-01-22,18.09375,15.390625,13.96875,14.953125,15.203125,17.0,21.296875,25.28125,28.5625,49.28125,65.921875,51.375,39.671875,32.0625,23.703125,17.75,14.140625,11.828125,10.078125,9.046875,9.046875,8.265625,7.9375,7.75,7.5,7.34375,7.25,7.765625,9.5,11.4375
2001-01-23,15.390625,13.96875,14.953125,15.203125,17.0,21.296875,25.28125,28.5625,49.28125,65.921875,51.375,39.671875,32.0625,23.703125,17.75,14.140625,11.828125,10.078125,9.046875,9.046875,8.265625,7.9375,7.75,7.5,7.34375,7.25,7.765625,9.5,11.4375,13.109375
2001-01-24,19.140625,16.078125,15.171875,14.203125,14.984375,16.703125,17.03125,15.046875,12.703125,11.453125,10.34375,9.296875,8.40625,8.5625,9.578125,10.421875,10.4375,9.328125,8.21875,8.109375,7.15625,6.40625,6.625,7.890625,9.15625,9.453125,9.921875,11.21875,11.640625,13.171875
2001-01-25,16.078125,15.171875,14.203125,14.984375,16.703125,17.03125,15.046875,12.703125,11.453125,10.34375,9.296875,8.40625,8.5625,9.578125,10.421875,10.4375,9.328125,8.21875,8.109375,7.15625,6.40625,6.625,7.890625,9.15625,9.453125,9.921875,11.21875,11.640625,13.171875,19.3125
2001-01-26,15.171875,14.203125,14.984375,16.703125,17.03125,15.046875,12.703125,11.453125,10.34375,9.296875,8.40625,8.5625,9.578125,10.421875,10.4375,9.328125,8.21875,8.109375,7.15625,6.40625,6.625,7.890625,9.15625,9.453125,9.921875,11.21875,11.640625,13.171875,19.3125,27.21875
2001-01-27,14.203125,14.984375,16.703125,17.03125,15.046875,12.703125,11.453125,10.34375,9.296875,8.40625,8.5625,9.578125,10.421875,10.4375,9.328125,8.21875,8.109375,7.15625,6.40625,6.625,7.890625,9.15625,9.453125,9.921875,11.21875,11.640625,13.171875,19.3125,27.21875,23.75
2001-01-28,19.515625,32.078125,32.5,25.578125,19.6875,16.515625,15.203125,14.203125,14.28125,15.328125,13.921875,13.3125,13.453125,33.71875,65.046875,81.90625,84.234375,60.03125,67.265625,103.359375,137.03125,115.828125,72.109375,46.90625,32.078125,23.109375,17.40625,13.671875,11.125,9.46875
2001-01-29,32.078125,32.5,25.578125,19.6875,16.515625,15.203125,14.203125,14.28125,15.328125,13.921875,13.3125,13.453125,33.71875,65.046875,81.90625,84.234375,60.03125,67.265625,103.359375,137.03125,115.828125,72.109375,46.90625,32.078125,23.109375,17.40625,13.671875,11.125,9.46875,8.90625
2001-01-30,32.5,25.578125,19.6875,16.515625,15.203125,14.203125,14.28125,15.328125,13.921875,13.3125,13.453125,33.71875,65.046875,81.90625,84.234375,60.03125,67.265625,103.359375,137.03125,115.828125,72.109375,46.90625,32.078125,23.109375,17.40625,13.671875,11.125,9.46875,8.90625,8.796875
2001-01-31,14.515625,13.296875,14.34375,16.4375,16.3125,14.0,14.59375,34.96875,52.46875,39.640625,28.890625,25.15625,34.3125,47.484375,41.25,29.328125,22.453125,25.234375,42.75,215.09375,318.5625,227.703125,142.4375,98.15625,70.71875,56.390625,66.78125,78.484375,67.53125,50.625
2001-02-01,13.296875,14.34375,16.4375,16.3125,14.0,14.59375,34.96875,52.46875,39.640625,28.890625,25.15625,34.3125,47.484375,41.25,29.328125,22.453125,25.234375,42.75,215.09375,318.5625,227.703125,142.4375,98.15625,70.71875,56.390625,66.78125,78.484375,67.53125,50.625,35.140625
2001-02-02,14.34375,16.4375,16.3125,14.0,14.59375,34.96875,52.46875,39.640625,28.890625,25.15625,34.3125,47.484375,41.25,29.328125,22.453125,25.234375,42.75,215.09375,318.5625,227.703125,142.4375,98.15625,70.71875,56.390625,66.78125,78.484375,67.53125,50.625,35.140625,25.234375
2001-02-03,16.4375,16.3125,14.0,14.59375,34.96875,52.46875,39.640625,28.890625,25.15625,34.3125,47.484375,41.25,29.328125,22.453125,25.234375,42.75,215.09375,318.5625,227.703125,142.4375,98.15625,70.71875,56.390625,66.78125,78.484375,67.53125,50.625,35.140625,25.234375,19.671875
2001-02-04,31.375,23.71875,18.421875,16.140625,14.890625,12.921875,10.875,9.5625,7.6875,6.078125,5.328125,4.953125,4.71875,4.84375,4.765625,4.40625,4.21875,4.578125,4.640625,4.71875,4.890625,4.984375,5.359375,6.0,7.09375,10.828125,19.78125,27.421875,23.5625,18.6875
2001-02-05,23.71875,18.421875,16.140625,14.890625,12.921875,10.875,9.5625,7.6875,6.078125,5.328125,4.953125,4.71875,4.84375,4.765625,4.40625,4.21875,4.578125,4.640625,4.71875,4.890625,4.984375,5.359375,6.0,7.09375,10.828125,19.78125,27.421875,23.5625,18.6875,16.03125
2001-02-06,18.421875,16.140625,14.890625,12.921875,10.875,9.5625,7.6875,6.078125,5.328125,4.953125,4.71875,4.84375,4.765625,4.40625,4.21875,4.578125,4.640625,4.71875,4.890625,4.984375,5.359375,6.0,7.09375,10.828125,19.78125,27.421875,23.5625,18.6875,16.03125,15.9375
2001-02-07,15.296875,16.59375,20.859375,18.625,15.890625,12.90625,10.75,9.125,7.78125,6.890625,6.359375,5.65625,5.203125,5.109375,7.3125,14.546875,21.4375,26.546875,27.515625,25.90625,22.0625,17.984375,13.828125,10.390625,8.625,7.59375,6.921875,9.859375,19.640625,25.65625
2001-02-08,16.59375,20.859375,18.625,15.890625,12.90625,10.75,9.125,7.78125,6.890625,6.359375,5.65625,5.203125,5.109375,7.3125,14.546875,21.4375,26.546875,27.515625,25.90625,22.0625,17.984375,13.828125,10.390625,8.625,7.59375,6.921875,9.859375,19.640625,25.65625,28.328125
2001-02-09,20.859375,18.625,15.890625,12.90625,10.75,9.125,7.78125,6.890625,6.359375,5.65625,5.203125,5.109375,7.3125,14.546875,21.4375,26.546875,27.515625,25.90625,22.0625,17.984375,13.828125,10.390625,8.625,7.59375,6.921875,9.859375,19.640625,25.65625,28.328125,24.03125
2001-02-10,18.625,15.890625,12.90625,10.75,9.125,7.78125,6.890625,6.359375,5.65625,5.203125,5.109375,7.3125,14.546875,21.4375,26.546875,27.515625,25.90625,22.0625,17.984375,13.828125,10.390625,8.625,7.59375,6.921875,9.859375,19.640625,25.65625,28.328125,24.03125,19.9375
2001-02-11,13.4375,10.953125,12.625,16.640625,16.203125,13.46875,11.109375,9.625,8.734375,17.734375,47.546875,80.515625,84.078125,63.515625,48.59375,36.0,26.359375,20.4375,16.9375,15.171875,13.953125,12.265625,10.53125,14.640625,24.0625,21.765625,18.84375,18.015625,16.03125,15.546875
2001-02-12,10.953125,12.625,16.640625,16.203125,13.46875,11.109375,9.625,8.734375,17.734375,47.546875,80.515625,84.078125,63.515625,48.59375,36.0,26.359375,20.4375,16.9375,15.171875,13.953125,12.265625,10.53125,14.640625,24.0625,21.765625,18.84375,18.015625,16.03125,15.546875,15.84375
2001-02-13,12.625,16.640625,16.203125,13.46875,11.109375,9.625,8.734375,17.734375,47.546875,80.515625,84.078125,63.515625,48.59375,36.0,26.359375,20.4375,16.9375,15.171875,13.953125,12.265625,10.53125,14.640625,24.0625,21.765625,18.84375,18.015625,16.03125,15.546875,15.84375,16.484375
2001-02-14,117.171875,82.84375,50.734375,33.234375,23.546875,17.59375,13.703125,11.78125,11.0,10.5,28.453125,68.71875,65.703125,59.59375,88.9375,111.15625,92.9375,72.171875,73.53125,79.515625,64.4375,42.9375,29.84375,25.328125,28.75,31.21875,87.515625,241.984375,226.5,151.671875
2001-02-15,82.84375,50.734375,33.234375,23.546875,17.59375,13.703125,11.78125,11.0,10.5,28.453125,68.71875,65.703125,59.59375,88.9375,111.15625,92.9375,72.171875,73.53125,79.515625,64.4375,42.9375,29.84375,25.328125,28.75,31.21875,87.515625,241.984375,226.5,151.671875,100.296875
2001-02-16,50.734375,33.234375,23.546875,17.59375,13.703125,11.78125,11.0,10.5,28.453125,68.71875,65.703125,59.59375,88.9375,111.15625,92.9375,72.171875,73.53125,79.515625,64.4375,42.9375,29.84375,25.328125,28.75,31.21875,87.515625,241.984375,226.5,151.671875,100.296875,62.859375
2001-02-17,33.234375,23.546875,17.59375,13.703125,11.78125,11.0,10.5,28.453125,68.71875,65.703125,59.59375,88.9375,111.15625,92.9375,72.171875,73.53125,79.515625,64.4375,42.9375,29.84375,25.328125,28.75,31.21875,87.515625,241.984375,226.5,151.671875,100.296875,62.859375,43.5
2001-02-18,23.71875,18.109375,17.5,19.71875,20.765625,20.84375,19.703125,19.78125,21.3125,54.015625,74.84375,57.734375,47.640625,35.53125,27.734375,22.578125,19.6875,17.09375,14.484375,12.859375,11.484375,10.21875,10.453125,14.5,25.0625,28.75,37.140625,53.15625,83.625,86.53125
2001-02-19,18.109375,17.5,19.71875,20.765625,20.84375,19.703125,19.78125,21.3125,54.015625,74.84375,57.734375,47.640625,35.53125,27.734375,22.578125,19.6875,17.09375,14.484375,12.859375,11.484375,10.21875,10.453125,14.5,25.0625,28.75,37.140625,53.15625,83.625,86.53125,60.203125
2001-02-20,17.5,19.71875,20.765625,20.84375,19.703125,19.78125,21.3125,54.015625,74.84375,57.734375,47.640625,35.53125,27.734375,22.578125,19.6875,17.09375,14.484375,12.859375,11.484375,10.21875,10.453125,14.5,25.0625,28.75,37.140625,53.15625,83.625,86.53125,60.203125,43.8125
2001-02-21,17.703125,16.671875,22.75,33.9375,33.453125,35.21875,33.3125,25.671875,19.3125,15.03125,12.5625,10.75,9.53125,8.234375,8.796875,20.171875,41.453125,47.359375,49.390625,46.765625,34.953125,76.140625,127.125,101.046875,68.421875,46.125,32.390625,24.3125,18.984375,16.890625
2001-02-22,16.671875,22.75,33.9375,33.453125,35.21875,33.3125,25.671875,19.3125,15.03125,12.5625,10.75,9.53125,8.234375,8.796875,20.171875,41.453125,47.359375,49.390625,46.765625,34.953125,76.140625,127.125,101.046875,68.421875,46.125,32.390625,24.3125,18.984375,16.890625,25.234375
2001-02-23,22.75,33.9375,33.453125,35.21875,33.3125,25.671875,19.3125,15.03125,12.5625,10.75,9.53125,8.234375,8.796875,20.171875,41.453125,47.359375,49.390625,46.765625,34.953125,76.140625,127.125,101.046875,68.421875,46.125,32.390625,24.3125,18.984375,16.890625,25.234375,37.96875
2001-02-24,33.9375,33.453125,35.21875,33.3125,25.671875,19.3125,15.03125,12.5625,10.75,9.53125,8.234375,8.796875,20.171875,41.453125,47.359375,49.390625,46.765625,34.953125,76.140625,127.125,101.046875,68.421875,46.125,32.390625,24.3125,18.984375,16.890625,25.234375,37.96875,32.34375
2001-02-25,12.890625,12.046875,10.65625,9.515625,8.796875,7.828125,7.46875,7.40625,7.9375,13.796875,27.5625,29.8125,23.265625,17.09375,12.5625,13.0,21.65625,27.125,25.140625,24.921875,26.75,29.390625,35.234375,29.515625,22.96875,19.1875,23.984375,28.734375,23.203125,18.140625
2001-02-26,12.046875,10.65625,9.515625,8.796875,7.828125,7.46875,7.40625,7.9375,13.796875,27.5625,29.8125,23.265625,17.09375,12.5625,13.0,21.65625,27.125,25.140625,24.921875,26.75,29.390625,35.234375,29.515625,22.96875,19.1875,23.984375,28.734375,23.203125,18.140625,16.4375
2001-02-27,10.65625,9.515625,8.796875,7.828125,7.46875,7.40625,7.9375,13.796875,27.5625,29.8125,23.265625,17.09375,12.5625,13.0,21.65625,27.125,25.140625,24.921875,26.75,29.390625,35.234375,29.515625,22.96875,19.1875,23.984375,28.734375,23.203125,18.140625,16.4375,15.921875
2001-02-28,13.640625,15.5,16.46875,17.75,16.828125,15.03125,12.171875,15.84375,25.9375,23.484375,19.140625,40.953125,90.15625,135.953125,132.125,105.984375,87.8125,62.84375,43.875,41.296875,44.125,35.265625,26.90625,22.546875,24.15625,32.09375,36.421875,40.46875,41.109375,34.703125
2001-03-01,15.5,16.46875,17.75,16.828125,15.03125,12.171875,15.84375,25.9375,23.484375,19.140625,40.953125,90.15625,135.953125,132.125,105.984375,87.8125,62.84375,43.875,41.296875,44.125,35.265625,26.90625,22.546875,24.15625,32.09375,36.421875,40.46875,41.109375,34.703125,30.40625
2001-03-02,16.46875,17.75,16.828125,15.03125,12.171875,15.84375,25.9375,23.484375,19.140625,40.953125,90.15625,135.953125,132.125,105.984375,87.8125,62.84375,43.875,41.296875,44.125,35.265625,26.90625,22.546875,24.15625,32.09375,36.421875,40.46875,41.109375,34.703125,30.40625,31.484375
2001-03-03,17.75,16.828125,15.03125,12.171875,15.84375,25.9375,23.484375,19.140625,40.953125,90.15625,135.953125,132.125,105.984375,87.8125,62.84375,43.875,41.296875,44.125,35.265625,26.90625,22.546875,24.15625,32.09375,36.421875,40.46875,41.109375,34.703125,30.40625,31.484375,41.109375
2001-03-04,9.625,8.90625,7.84375,7.21875,8.625,11.4375,25.046875,41.40625,35.765625,32.421875,30.890625,30.171875,31.9375,32.359375,37.171875,35.484375,41.28125,51.84375,40.9375,30.75,26.859375,25.5,23.6875,19.234375,15.265625,13.328125,14.203125,19.796875,22.0,27.46875
2001-03-05,8.90625,7.84375,7.21875,8.625,11.4375,25.046875,41.40625,35.765625,32.421875,30.890625,30.171875,31.9375,32.359375,37.171875,35.484375,41.28125,51.84375,40.9375,30.75,26.859375,25.5,23.6875,19.234375,15.265625,13.328125,14.203125,19.796875,22.0,27.46875,35.640625
2001-03-06,7.84375,7.21875,8.625,11.4375,25.046875,41.40625,35.765625,32.421875,30.890625,30.171875,31.9375,32.359375,37.171875,35.484375,41.28125,51.84375,40.9375,30.75,26.859375,25.5,23.6875,19.234375,15.265625,13.328125,14.203125,19.796875,22.0,27.46875,35.640625,29.890625
2001-03-07,9.421875,8.609375,7.59375,7.125,12.15625,20.890625,19.09375,15.828125,13.890625,12.21875,19.875,51.15625,62.03125,46.0625,32.484375,23.59375,33.703125,51.625,44.109375,42.0625,42.71875,35.953125,35.234375,52.8125,74.28125,84.015625,90.09375,77.78125,55.484375,46.609375
2001-03-08,8.609375,7.59375,7.125,12.15625,20.890625,19.09375,15.828125,13.890625,12.21875,19.875,51.15625,62.03125,46.0625,32.484375,23.59375,33.703125,51.625,44.109375,42.0625,42.71875,35.953125,35.234375,52.8125,74.28125,84.015625,90.09375,77.78125,55.484375,46.609375,47.453125
2001-03-09,7.59375,7.125,12.15625,20.890625,19.09375,15.828125,13.890625,12.21875,19.875,51.15625,62.03125,46.0625,32.484375,23.59375,33.703125,51.625,44.109375,42.0625,42.71875,35.953125,35.234375,52.8125,74.28125,84.015625,90.09375,77.78125,55.484375,46.609375,47.453125,40.515625
2001-03-10,7.125,12.15625,20.890625,19.09375,15.828125,13.890625,12.21875,19.875,51.15625,62.03125,46.0625,32.484375,23.59375,33.703125,51.625,44.109375,42.0625,42.71875,35.953125,35.234375,52.8125,74.28125,84.015625,90.09375,77.78125,55.484375,46.609375,47.453125,40.515625,37.46875
2001-03-11,16.5625,18.921875,30.515625,50.640625,59.875,61.53125,69.59375,110.859375,126.28125,98.546875,71.171875,49.265625,35.125,30.71875,46.53125,78.375,88.109375,93.21875,89.484375,64.140625,43.921875,32.0,29.265625,30.703125,27.15625,25.953125,42.703125,82.359375,151.625,163.75
2001-03-12,18.921875,30.515625,50.640625,59.875,61.53125,69.59375,110.859375,126.28125,98.546875,71.171875,49.265625,35.125,30.71875,46.53125,78.375,88.109375,93.21875,89.484375,64.140625,43.921875,32.0,29.265625,30.703125,27.15625,25.953125,42.703125,82.359375,151.625,163.75,121.5625
2001-03-13,30.515625,50.640625,59.875,61.53125,69.59375,110.859375,126.28125,98.546875,71.171875,49.265625,35.125,30.71875,46.53125,78.375,88.109375,93.21875,89.484375,64.140625,43.921875,32.0,29.265625,30.703125,27.15625,25.953125,42.703125,82.359375,151.625,163.75,121.5625,122.90625
2001-03-14,55.03125,47.40625,37.0,34.46875,42.109375,88.078125,117.859375,111.859375,116.515625,103.671875,74.390625,68.984375,83.5625,82.640625,92.890625,95.671875,70.734375,49.984375,38.84375,32.046875,25.5,20.578125,20.296875,25.953125,32.5,39.625,38.625,29.5,21.125,15.578125
2001-03-15,47.40625,37.0,34.46875,42.109375,88.078125,117.859375,111.859375,116.515625,103.671875,74.390625,68.984375,83.5625,82.640625,92.890625,95.671875,70.734375,49.984375,38.84375,32.046875,25.5,20.578125,20.296875,25.953125,32.5,39.625,38.625,29.5,21.125,15.578125,12.265625
2001-03-16,37.0,34.46875,42.109375,88.078125,117.859375,111.859375,116.515625,103.671875,74.390625,68.984375,83.5625,82.640625,92.890625,95.671875,70.734375,49.984375,38.84375,32.046875,25.5,20.578125,20.296875,25.953125,32.5,39.625,38.625,29.5,21.125,15.578125,12.265625,9.78125
2001-03-17,34.46875,42.109375,88.078125,117.859375,111.859375,116.515625,103.671875,74.390625,68.984375,83.5625,82.640625,92.890625,95.671875,70.734375,49.984375,38.84375,32.046875,25.5,20.578125,20.296875,25.953125,32.5,39.625,38.625,29.5,21.125,15.578125,12.265625,9.78125,8.8125
2001-03-18,106.375,136.4375,150.0625,145.53125,121.90625,110.515625,92.125,81.484375,85.21875,70.59375,48.71875,35.953125,27.65625,20.59375,21.609375,28.09375,30.609375,31.515625,26.515625,23.671875,29.296875,33.46875,38.578125,45.53125,51.453125,83.65625,125.890625,115.671875,83.8125,70.890625
2001-03-19,136.4375,150.0625,145.53125,121.90625,110.515625,92.125,81.484375,85.21875,70.59375,48.71875,35.953125,27.65625,20.59375,21.609375,28.09375,30.609375,31.515625,26.515625,23.671875,29.296875,33.46875,38.578125,45.53125,51.453125,83.65625,125.890625,115.671875,83.8125,70.890625,60.0
2001-03-20,150.0625,145.53125,121.90625,110.515625,92.125,81.484375,85.21875,70.59375,48.71875,35.953125,27.65625,20.59375,21.609375,28.09375,30.609375,31.515625,26.515625,23.671875,29.296875,33.46875,38.578125,45.53125,51.453125,83.65625,125.890625,115.671875,83.8125,70.890625,60.0,49.375
2001-03-21,187.3125,133.53125,104.984375,87.25,83.828125,84.46875,83.734375,79.6875,74.6875,92.109375,92.4375,70.328125,63.75,60.96875,54.5,49.15625,36.625,25.90625,20.40625,19.53125,18.4375,18.0,36.1875,54.9375,41.65625,31.78125,28.125,26.09375,23.34375,20.40625
2001-03-22,133.53125,104.984375,87.25,83.828125,84.46875,83.734375,79.6875,74.6875,92.109375,92.4375,70.328125,63.75,60.96875,54.5,49.15625,36.625,25.90625,20.40625,19.53125,18.4375,18.0,36.1875,54.9375,41.65625,31.78125,28.125,26.09375,23.34375,20.40625,18.53125
2001-03-23,104.984375,87.25,83.828125,84.46875,83.734375,79.6875,74.6875,92.109375,92.4375,70.328125,63.75,60.96875,54.5,49.15625,36.625,25.90625,20.40625,19.53125,18.4375,18.0,36.1875,54.9375,41.65625,31.78125,28.125,26.09375,23.34375,20.40625,18.53125,19.5
2001-03-24,87.25,83.828125,84.46875,83.734375,79.6875,74.6875,92.109375,92.4375,70.328125,63.75,60.96875,54.5,49.15625,36.625,25.90625,20.40625,19.53125,18.4375,18.0,36.1875,54.9375,41.65625,31.78125,28.125,26.09375,23.34375,20.40625,18.53125,19.5,20.625
2001-03-25,67.171875,49.546875,37.53125,29.328125,32.0,42.421875,76.125,89.609375,67.578125,51.953125,36.484375,28.25,26.6875,29.5625,32.1875,30.3125,25.3125,19.625,15.28125,12.4375,11.0625,11.59375,11.125,9.8125,12.0,25.96875,38.125,34.8125,38.6875,45.21875
2001-03-26,49.546875,37.53125,29.328125,32.0,42.421875,76.125,89.609375,67.578125,51.953125,36.484375,28.25,26.6875,29.5625,32.1875,30.3125,25.3125,19.625,15.28125,12.4375,11.0625,11.59375,11.125,9.8125,12.0,25.96875,38.125,34.8125,38.6875,45.21875,50.375
2001-03-27,37.53125,29.328125,32.0,42.421875,76.125,89.609375,67.578125,51.953125,36.484375,28.25,26.6875,29.5625,32.1875,30.3125,25.3125,19.625,15.28125,12.4375,11.0625,11.59375,11.125,9.8125,12.0,25.96875,38.125,34.8125,38.6875,45.21875,50.375,55.3125
2001-03-28,67.28125,51.265625,45.140625,50.59375,50.875,43.296875,42.734375,40.515625,31.515625,36.03125,45.96875,56.46875,69.28125,68.125,74.125,87.3125,145.3125,188.90625,202.15625,301.4375,288.625,199.5625,129.75,85.0625,60.53125,45.78125,35.96875,31.65625,36.3125,69.96875
2001-03-29,51.265625,45.140625,50.59375,50.875,43.296875,42.734375,40.515625,31.515625,36.03125,45.96875,56.46875,69.28125,68.125,74.125,87.3125,145.3125,188.90625,202.15625,301.4375,288.625,199.5625,129.75,85.0625,60.53125,45.78125,35.96875,31.65625,36.3125,69.96875,120.34375
2001-03-30,45.140625,50.59375,50.875,43.296875,42.734375,40.515625,31.515625,36.03125,45.96875,56.46875,69.28125,68.125,74.125,87.3125,145.3125,188.90625,202.15625,301.4375,288.625,199.5625,129.75,85.0625,60.53125,45.78125,35.96875,31.65625,36.3125,69.96875,120.34375,160.375
2001-03-31,50.59375,50.875,43.296875,42.734375,40.515625,31.515625,36.03125,45.96875,56.46875,69.28125,68.125,74.125,87.3125,145.3125,188.90625,202.15625,301.4375,288.625,199.5625,129.75,85.0625,60.53125,45.78125,35.96875,31.65625,36.3125,69.96875,120.34375,160.375,177.78125
2001-04-01,64.9375,48.359375,54.65625,65.15625,50.90625,43.71875,45.75,44.03125,42.25,38.65625,29.03125,21.78125,19.0625,34.03125,53.4375,46.4375,49.125,61.9375,57.28125,51.5,46.71875,34.0,24.375,20.625,22.875,30.875,57.25,83.1875,77.28125,72.5
2001-04-02,48.359375,54.65625,65.15625,50.90625,43.71875,45.75,44.03125,42.25,38.65625,29.03125,21.78125,19.0625,34.03125,53.4375,46.4375,49.125,61.9375,57.28125,51.5,46.71875,34.0,24.375,20.625,22.875,30.875,57.25,83.1875,77.28125,72.5,74.625
2001-04-03,54.65625,65.15625,50.90625,43.71875,45.75,44.03125,42.25,38.65625,29.03125,21.78125,19.0625,34.03125,53.4375,46.4375,49.125,61.9375,57.28125,51.5,46.71875,34.0,24.375,20.625,22.875,30.875,57.25,83.1875,77.28125,72.5,74.625,106.9375
2001-04-04,55.9375,46.4375,38.59375,36.375,33.75,34.25,32.9375,31.25,30.0,23.03125,17.4375,13.78125,14.5625,21.3125,28.46875,31.75,27.84375,39.5625,86.21875,109.9375,87.65625,76.59375,71.15625,57.90625,52.3125,45.34375,53.28125,67.125,81.03125,90.1875
2001-04-05,46.4375,38.59375,36.375,33.75,34.25,32.9375,31.25,30.0,23.03125,17.4375,13.78125,14.5625,21.3125,28.46875,31.75,27.84375,39.5625,86.21875,109.9375,87.65625,76.59375,71.15625,57.90625,52.3125,45.34375,53.28125,67.125,81.03125,90.1875,77.90625
2001-04-06,38.59375,36.375,33.75,34.25,32.9375,31.25,30.0,23.03125,17.4375,13.78125,14.5625,21.3125,28.46875,31.75,27.84375,39.5625,86.21875,109.9375,87.65625,76.59375,71.15625,57.90625,52.3125,45.34375,53.28125,67.125,81.03125,90.1875,77.90625,95.75
2001-04-07,36.375,33.75,34.25,32.9375,31.25,30.0,23.03125,17.4375,13.78125,14.5625,21.3125,28.46875,31.75,27.84375,39.5625,86.21875,109.9375,87.65625,76.59375,71.15625,57.90625,52.3125,45.34375,53.28125,67.125,81.03125,90.1875,77.90625,95.75,123.28125
2001-04-08,32.78125,24.75,18.9375,18.28125,25.71875,28.8125,26.5625,25.8125,32.625,74.65625,85.40625,61.6875,46.0,33.28125,25.59375,21.21875,31.8125,61.9375,75.25,65.5625,55.34375,54.625,57.03125,60.65625,59.03125,63.90625,91.4375,167.6875,229.21875,243.21875
2001-04-09,24.75,18.9375,18.28125,25.71875,28.8125,26.5625,25.8125,32.625,74.65625,85.40625,61.6875,46.0,33.28125,25.59375,21.21875,31.8125,61.9375,75.25,65.5625,55.34375,54.625,57.03125,60.65625,59.03125,63.90625,91.4375,167.6875,229.21875,243.21875,239.6875
2001-04-10,18.9375,18.28125,25.71875,28.8125,26.5625,25.8125,32.625,74.65625,85.40625,61.6875,46.0,33.28125,25.59375,21.21875,31.8125,61.9375,75.25,65.5625,55.34375,54.625,57.03125,60.65625,59.03125,63.90625,91.4375,167.6875,229.21875,243.21875,239.6875,204.21875
2001-04-11,15.8125,20.9375,27.46875,31.3125,41.5625,42.65625,33.90625,26.125,22.9375,24.3125,45.53125,62.21875,68.375,78.96875,84.15625,83.46875,85.09375,130.6875,161.125,175.15625,165.84375,139.34375,110.46875,79.09375,75.125,73.8125,59.5625,79.6875,178.28125,448.53125
2001-04-12,20.9375,27.46875,31.3125,41.5625,42.65625,33.90625,26.125,22.9375,24.3125,45.53125,62.21875,68.375,78.96875,84.15625,83.46875,85.09375,130.6875,161.125,175.15625,165.84375,139.34375,110.46875,79.09375,75.125,73.8125,59.5625,79.6875,178.28125,448.53125,422.75
2001-04-13,27.46875,31.3125,41.5625,42.65625,33.90625,26.125,22.9375,24.3125,45.53125,62.21875,68.375,78.96875,84.15625,83.46875,85.09375,130.6875,161.125,175.15625,165.84375,139.34375,110.46875,79.09375,75.125,73.8125,59.5625,79.6875,178.28125,448.53125,422.75,374.15625
2001-04-14,31.3125,41.5625,42.65625,33.90625,26.125,22.9375,24.3125,45.53125,62.21875,68.375,78.96875,84.15625,83.46875,85.09375,130.6875,161.125,175.15625,165.84375,139.34375,110.46875,79.09375,75.125,73.8125,59.5625,79.6875,178.28125,448.53125,422.75,374.15625,304.96875
2001-04-15,29.59375,43.3125,65.59375,71.3125,64.5625,69.65625,70.625,67.53125,58.71875,45.03125,36.84375,37.0625,52.15625,69.03125,105.40625,113.78125,91.625,71.90625,54.6875,42.53125,32.875,30.75,42.125,61.375,75.5,77.09375,79.75,99.84375,172.40625,196.71875
2001-04-16,43.3125,65.59375,71.3125,64.5625,69.65625,70.625,67.53125,58.71875,45.03125,36.84375,37.0625,52.15625,69.03125,105.40625,113.78125,91.625,71.90625,54.6875,42.53125,32.875,30.75,42.125,61.375,75.5,77.09375,79.75,99.84375,172.40625,196.71875,178.0
2001-04-17,65.59375,71.3125,64.5625,69.65625,70.625,67.53125,58.71875,45.03125,36.84375,37.0625,52.15625,69.03125,105.40625,113.78125,91.625,71.90625,54.6875,42.53125,32.875,30.75,42.125,61.375,75.5,77.09375,79.75,99.84375,172.40625,196.71875,178.0,203.4375
2001-04-18,39.65625,40.96875,38.15625,37.28125,40.1875,38.6875,41.6875,42.59375,36.9375,30.4375,23.8125,23.09375,23.3125,20.15625,20.125,24.25,41.5,65.21875,69.59375,61.0625,52.6875,49.21875,57.3125,63.4375,50.625,35.375,27.1875,23.15625,17.75,14.6875
2001-04-19,40.96875,38.15625,37.28125,40.1875,38.6875,41.6875,42.59375,36.9375,30.4375,23.8125,23.09375,23.3125,20.15625,20.125,24.25,41.5,65.21875,69.59375,61.0625,52.6875,49.21875,57.3125,63.4375,50.625,35.375,27.1875,23.15625,17.75,14.6875,24.15625
2001-04-20,38.15625,37.28125,40.1875,38.6875,41.6875,42.59375,36.9375,30.4375,23.8125,23.09375,23.3125,20.15625,20.125,24.25,41.5,65.21875,69.59375,61.0625,52.6875,49.21875,57.3125,63.4375,50.625,35.375,27.1875,23.15625,17.75,14.6875,24.15625,45.34375
2001-04-21,37.28125,40.1875,38.6875,41.6875,42.59375,36.9375,30.4375,23.8125,23.09375,23.3125,20.15625,20.125,24.25,41.5,65.21875,69.59375,61.0625,52.6875,49.21875,57.3125,63.4375,50.625,35.375,27.1875,23.15625,17.75,14.6875,24.15625,45.34375,63.125
2001-04-22,27.5,30.9375,41.6875,55.5625,74.1875,132.78125,189.96875,157.75,103.34375,80.0625,67.78125,59.6875,76.65625,85.0,65.3125,51.125,48.59375,45.96875,53.59375,66.65625,89.03125,157.125,174.4375,132.4375,91.65625,64.4375,46.40625,44.53125,63.28125,186.5625
2001-04-23,30.9375,41.6875,55.5625,74.1875,132.78125,189.96875,157.75,103.34375,80.0625,67.78125,59.6875,76.65625,85.0,65.3125,51.125,48.59375,45.96875,53.59375,66.65625,89.03125,157.125,174.4375,132.4375,91.65625,64.4375,46.40625,44.53125,63.28125,186.5625,522.25
2001-04-24,41.6875,55.5625,74.1875,132.78125,189.96875,157.75,103.34375,80.0625,67.78125,59.6875,76.65625,85.0,65.3125,51.125,48.59375,45.96875,53.59375,66.65625,89.03125,157.125,174.4375,132.4375,91.65625,64.4375,46.40625,44.53125,63.28125,186.5625,522.25,584.21875
2001-04-25,57.53125,46.15625,38.84375,66.34375,132.875,138.4375,99.125,66.28125,50.46875,55.03125,68.15625,65.875,66.15625,69.59375,70.03125,59.65625,42.0625,33.6875,37.25,44.15625,45.96875,47.59375,54.1875,59.0625,61.96875,75.09375,88.09375,92.25,78.875,62.5
2001-04-26,46.15625,38.84375,66.34375,132.875,138.4375,99.125,66.28125,50.46875,55.03125,68.15625,65.875,66.15625,69.59375,70.03125,59.65625,42.0625,33.6875,37.25,44.15625,45.96875,47.59375,54.1875,59.0625,61.96875,75.09375,88.09375,92.25,78.875,62.5,56.71875
2001-04-27,38.84375,66.34375,132.875,138.4375,99.125,66.28125,50.46875,55.03125,68.15625,65.875,66.15625,69.59375,70.03125,59.65625,42.0625,33.6875,37.25,44.15625,45.96875,47.59375,54.1875,59.0625,61.96875,75.09375,88.09375,92.25,78.875,62.5,56.71875,56.0625
2001-04-28,66.34375,132.875,138.4375,99.125,66.28125,50.46875,55.03125,68.15625,65.875,66.15625,69.59375,70.03125,59.65625,42.0625,33.6875,37.25,44.15625,45.96875,47.59375,54.1875,59.0625,61.96875,75.09375,88.09375,92.25,78.875,62.5,56.71875,56.0625,57.875
2001-04-29,182.59375,132.78125,88.21875,65.90625,56.40625,67.96875,93.03125,90.75,70.3125,52.25,43.5625,46.65625,60.0,58.6875,42.90625,37.28125,42.3125,84.15625,156.1875,146.34375,135.8125,165.28125,151.0,116.96875,92.96875,82.8125,75.4375,60.6875,50.21875,55.84375
2001-04-30,132.78125,88.21875,65.90625,56.40625,67.96875,93.03125,90.75,70.3125,52.25,43.5625,46.65625,60.0,58.6875,42.90625,37.28125,42.3125,84.15625,156.1875,146.34375,135.8125,165.28125,151.0,116.96875,92.96875,82.8125,75.4375,60.6875,50.21875,55.84375,64.5
2001-05-01,88.21875,65.90625,56.40625,67.96875,93.03125,90.75,70.3125,52.25,43.5625,46.65625,60.0,58.6875,42.90625,37.28125,42.3125,84.15625,156.1875,146.34375,135.8125,165.28125,151.0,116.96875,92.96875,82.8125,75.4375,60.6875,50.21875,55.84375,64.5,55.59375
2001-05-02,89.34375,74.4375,62.8125,49.21875,51.09375,56.46875,46.15625,34.03125,28.9375,34.53125,49.53125,65.25,68.65625,64.15625,73.8125,97.59375,95.90625,69.8125,51.28125,40.25,32.5,27.75,22.15625,18.53125,19.0625,25.125,32.9375,35.96875,39.71875,50.6875
2001-05-03,74.4375,62.8125,49.21875,51.09375,56.46875,46.15625,34.03125,28.9375,34.53125,49.53125,65.25,68.65625,64.15625,73.8125,97.59375,95.90625,69.8125,51.28125,40.25,32.5,27.75,22.15625,18.53125,19.0625,25.125,32.9375,35.96875,39.71875,50.6875,57.4375
2001-05-04,62.8125,49.21875,51.09375,56.46875,46.15625,34.03125,28.9375,34.53125,49.53125,65.25,68.65625,64.15625,73.8125,97.59375,95.90625,69.8125,51.28125,40.25,32.5,27.75,22.15625,18.53125,19.0625,25.125,32.9375,35.96875,39.71875,50.6875,57.4375,83.390625
2001-05-05,49.21875,51.09375,56.46875,46.15625,34.03125,28.9375,34.53125,49.53125,65.25,68.65625,64.15625,73.8125,97.59375,95.90625,69.8125,51.28125,40.25,32.5,27.75,22.15625,18.53125,19.0625,25.125,32.9375,35.96875,39.71875,50.6875,57.4375,83.390625,94.734375
2001-05-06,29.375,24.125,20.71875,17.84375,20.65625,32.28125,51.1875,62.46875,81.5,107.9375,115.75,123.5,99.25,76.96875,66.6875,53.96875,47.96875,41.1875,35.34375,39.8125,61.6875,98.6875,113.21875,88.46875,59.0625,44.75,61.8125,88.03125,96.3125,132.328125
2001-05-07,24.125,20.71875,17.84375,20.65625,32.28125,51.1875,62.46875,81.5,107.9375,115.75,123.5,99.25,76.96875,66.6875,53.96875,47.96875,41.1875,35.34375,39.8125,61.6875,98.6875,113.21875,88.46875,59.0625,44.75,61.8125,88.03125,96.3125,132.328125,163.828125
2001-05-08,20.71875,17.84375,20.65625,32.28125,51.1875,62.46875,81.5,107.9375,115.75,123.5,99.25,76.96875,66.6875,53.96875,47.96875,41.1875,35.34375,39.8125,61.6875,98.6875,113.21875,88.46875,59.0625,44.75,61.8125,88.03125,96.3125,132.328125,163.828125,182.0625
2001-05-09,30.84375,43.21875,84.03125,87.34375,66.9375,97.8125,130.75,191.5625,207.78125,167.625,130.09375,120.65625,126.34375,132.65625,124.09375,93.09375,62.53125,48.15625,53.15625,63.53125,60.5625,56.09375,63.96875,71.40625,97.71875,119.15625,122.34375,108.03125,83.421875,81.203125
2001-05-10,43.21875,84.03125,87.34375,66.9375,97.8125,130.75,191.5625,207.78125,167.625,130.09375,120.65625,126.34375,132.65625,124.09375,93.09375,62.53125,48.15625,53.15625,63.53125,60.5625,56.09375,63.96875,71.40625,97.71875,119.15625,122.34375,108.03125,83.421875,81.203125,146.125
2001-05-11,84.03125,87.34375,66.9375,97.8125,130.75,191.5625,207.78125,167.625,130.09375,120.65625,126.34375,132.65625,124.09375,93.09375,62.53125,48.15625,53.15625,63.53125,60.5625,56.09375,63.96875,71.40625,97.71875,119.15625,122.34375,108.03125,83.421875,81.203125,146.125,184.171875
2001-05-12,87.34375,66.9375,97.8125,130.75,191.5625,207.78125,167.625,130.09375,120.65625,126.34375,132.65625,124.09375,93.09375,62.53125,48.15625,53.15625,63.53125,60.5625,56.09375,63.96875,71.40625,97.71875,119.15625,122.34375,108.03125,83.421875,81.203125,146.125,184.171875,147.6875
2001-05-13,107.90625,132.4375,155.53125,248.59375,248.59375,165.0625,103.09375,70.9375,52.25,39.84375,32.5,34.21875,37.5,35.125,32.875,42.125,107.8125,130.8125,103.34375,98.3125,107.96875,127.90625,118.09375,86.71875,63.015625,49.640625,46.625,52.5,52.375,47.15625
2001-05-14,132.4375,155.53125,248.59375,248.59375,165.0625,103.09375,70.9375,52.25,39.84375,32.5,34.21875,37.5,35.125,32.875,42.125,107.8125,130.8125,103.34375,98.3125,107.96875,127.90625,118.09375,86.71875,63.015625,49.640625,46.625,52.5,52.375,47.15625,43.4375
2001-05-15,155.53125,248.59375,248.59375,165.0625,103.09375,70.9375,52.25,39.84375,32.5,34.21875,37.5,35.125,32.875,42.125,107.8125,130.8125,103.34375,98.3125,107.96875,127.90625,118.09375,86.71875,63.015625,49.640625,46.625,52.5,52.375,47.15625,43.4375,37.546875
2001-05-16,202.84375,220.15625,153.1875,101.78125,77.71875,63.6875,58.25,59.6875,71.75,82.75,80.625,72.09375,58.375,44.375,34.15625,27.34375,29.375,42.25,81.875,101.125,75.28125,57.0,46.453125,47.5625,108.46875,194.171875,177.953125,126.9375,100.75,107.234375
2001-05-17,220.15625,153.1875,101.78125,77.71875,63.6875,58.25,59.6875,71.75,82.75,80.625,72.09375,58.375,44.375,34.15625,27.34375,29.375,42.25,81.875,101.125,75.28125,57.0,46.453125,47.5625,108.46875,194.171875,177.953125,126.9375,100.75,107.234375,120.921875
2001-05-18,153.1875,101.78125,77.71875,63.6875,58.25,59.6875,71.75,82.75,80.625,72.09375,58.375,44.375,34.15625,27.34375,29.375,42.25,81.875,101.125,75.28125,57.0,46.453125,47.5625,108.46875,194.171875,177.953125,126.9375,100.75,107.234375,120.921875,96.625
2001-05-19,101.78125,77.71875,63.6875,58.25,59.6875,71.75,82.75,80.625,72.09375,58.375,44.375,34.15625,27.34375,29.375,42.25,81.875,101.125,75.28125,57.0,46.453125,47.5625,108.46875,194.171875,177.953125,126.9375,100.75,107.234375,120.921875,96.625,62.3125
2001-05-20,75.0,77.34375,66.75,55.9375,53.375,59.0625,56.84375,54.28125,54.15625,47.15625,38.4375,29.8125,33.15625,66.375,82.03125,68.6875,51.625,70.4375,108.796875,120.65625,154.328125,145.84375,99.5,79.046875,80.9375,91.390625,107.0625,100.90625,139.15625,229.53125
2001-05-21,77.34375,66.75,55.9375,53.375,59.0625,56.84375,54.28125,54.15625,47.15625,38.4375,29.8125,33.15625,66.375,82.03125,68.6875,51.625,70.4375,108.796875,120.65625,154.328125,145.84375,99.5,79.046875,80.9375,91.390625,107.0625,100.90625,139.15625,229.53125,393.171875
2001-05-22,66.75,55.9375,53.375,59.0625,56.84375,54.28125,54.15625,47.15625,38.4375,29.8125,33.15625,66.375,82.03125,68.6875,51.625,70.4375,108.796875,120.65625,154.328125,145.84375,99.5,79.046875,80.9375,91.390625,107.0625,100.90625,139.15625,229.53125,393.171875,342.140625
2001-05-23,69.34375,70.875,73.0625,75.53125,63.65625,54.03125,51.71875,48.71875,44.5625,39.8125,46.4375,48.46875,66.84375,86.59375,110.71875,185.15625,212.78125,151.640625,116.828125,213.6875,399.328125,406.375,346.234375,332.078125,304.4375,260.796875,241.171875,227.609375,244.046875,313.359375
2001-05-24,70.875,73.0625,75.53125,63.65625,54.03125,51.71875,48.71875,44.5625,39.8125,46.4375,48.46875,66.84375,86.59375,110.71875,185.15625,212.78125,151.640625,116.828125,213.6875,399.328125,406.375,346.234375,332.078125,304.4375,260.796875,241.171875,227.609375,244.046875,313.359375,296.953125
2001-05-25,73.0625,75.53125,63.65625,54.03125,51.71875,48.71875,44.5625,39.8125,46.4375,48.46875,66.84375,86.59375,110.71875,185.15625,212.78125,151.640625,116.828125,213.6875,399.328125,406.375,346.234375,332.078125,304.4375,260.796875,241.171875,227.609375,244.046875,313.359375,296.953125,266.765625
2001-05-26,75.53125,63.65625,54.03125,51.71875,48.71875,44.5625,39.8125,46.4375,48.46875,66.84375,86.59375,110.71875,185.15625,212.78125,151.640625,116.828125,213.6875,399.328125,406.375,346.234375,332.078125,304.4375,260.796875,241.171875,227.609375,244.046875,313.359375,296.953125,266.765625,221.96875
2001-05-27,76.53125,67.28125,63.34375,63.4375,55.0,63.1875,109.59375,123.03125,94.125,65.125,48.3125,52.6875,56.9375,55.53125,76.0625,90.46875,161.078125,216.453125,169.828125,114.609375,81.546875,62.796875,53.59375,48.65625,55.890625,67.84375,64.140625,69.53125,98.84375,162.140625
2001-05-28,67.28125,63.34375,63.4375,55.0,63.1875,109.59375,123.03125,94.125,65.125,48.3125,52.6875,56.9375,55.53125,76.0625,90.46875,161.078125,216.453125,169.828125,114.609375,81.546875,62.796875,53.59375,48.65625,55.890625,67.84375,64.140625,69.53125,98.84375,162.140625,205.4375
2001-05-29,63.34375,63.4375,55.0,63.1875,109.59375,123.03125,94.125,65.125,48.3125,52.6875,56.9375,55.53125,76.0625,90.46875,161.078125,216.453125,169.828125,114.609375,81.546875,62.796875,53.59375,48.65625,55.890625,67.84375,64.140625,69.53125,98.84375,162.140625,205.4375,190.859375
2001-05-30,69.0,65.0,90.5,115.5,110.03125,97.625,110.5,124.15625,112.21875,83.8125,63.734375,75.0,92.4375,93.171875,105.703125,102.15625,111.90625,107.796875,110.328125,121.4375,97.234375,70.3125,57.734375,69.078125,97.15625,127.90625,117.3125,81.328125,61.25,71.734375
2001-05-31,65.0,90.5,115.5,110.03125,97.625,110.5,124.15625,112.21875,83.8125,63.734375,75.0,92.4375,93.171875,105.703125,102.15625,111.90625,107.796875,110.328125,121.4375,97.234375,70.3125,57.734375,69.078125,97.15625,127.90625,117.3125,81.328125,61.25,71.734375,97.390625
2001-06-01,90.5,115.5,110.03125,97.625,110.5,124.15625,112.21875,83.8125,63.734375,75.0,92.4375,93.171875,105.703125,102.15625,111.90625,107.796875,110.328125,121.4375,97.234375,70.3125,57.734375,69.078125,97.15625,127.90625,117.3125,81.328125,61.25,71.734375,97.390625,116.203125
2001-06-02,115.5,110.03125,97.625,110.5,124.15625,112.21875,83.8125,63.734375,75.0,92.4375,93.171875,105.703125,102.15625,111.90625,107.796875,110.328125,121.4375,97.234375,70.3125,57.734375,69.078125,97.15625,127.90625,117.3125,81.328125,61.25,71.734375,97.390625,116.203125,239.0625
2001-06-03,65.75,77.34375,65.5625,56.5,72.515625,81.3125,91.125,100.796875,88.21875,74.296875,78.28125,106.15625,134.46875,114.234375,88.0625,71.609375,53.515625,43.859375,38.140625,33.859375,31.140625,33.578125,39.40625,60.78125,94.234375,100.5625,104.953125,111.703125,107.484375,148.78125
2001-06-04,77.34375,65.5625,56.5,72.515625,81.3125,91.125,100.796875,88.21875,74.296875,78.28125,106.15625,134.46875,114.234375,88.0625,71.609375,53.515625,43.859375,38.140625,33.859375,31.140625,33.578125,39.40625,60.78125,94.234375,100.5625,104.953125,111.703125,107.484375,148.78125,299.140625
2001-06-05,65.5625,56.5,72.515625,81.3125,91.125,100.796875,88.21875,74.296875,78.28125,106.15625,134.46875,114.234375,88.0625,71.609375,53.515625,43.859375,38.140625,33.859375,31.140625,33.578125,39.40625,60.78125,94.234375,100.5625,104.953125,111.703125,107.484375,148.78125,299.140625,296.671875
2001-06-06,82.84375,92.140625,86.75,63.546875,49.84375,50.71875,76.21875,86.421875,72.375,78.96875,92.34375,130.25,154.03125,122.65625,98.65625,94.15625,130.15625,155.515625,170.96875,171.234375,184.375,183.90625,145.65625,122.421875,135.125,179.28125,200.953125,164.390625,132.984375,115.203125
2001-06-07,92.140625,86.75,63.546875,49.84375,50.71875,76.21875,86.421875,72.375,78.96875,92.34375,130.25,154.03125,122.65625,98.65625,94.15625,130.15625,155.515625,170.96875,171.234375,184.375,183.90625,145.65625,122.421875,135.125,179.28125,200.953125,164.390625,132.984375,115.203125,126.25
2001-06-08,86.75,63.546875,49.84375,50.71875,76.21875,86.421875,72.375,78.96875,92.34375,130.25,154.03125,122.65625,98.65625,94.15625,130.15625,155.515625,170.96875,171.234375,184.375,183.90625,145.65625,122.421875,135.125,179.28125,200.953125,164.390625,132.984375,115.203125,126.25,146.46875
2001-06-09,63.546875,49.84375,50.71875,76.21875,86.421875,72.375,78.96875,92.34375,130.25,154.03125,122.65625,98.65625,94.15625,130.15625,155.515625,170.96875,171.234375,184.375,183.90625,145.65625,122.421875,135.125,179.28125,200.953125,164.390625,132.984375,115.203125,126.25,146.46875,131.625
2001-06-10,113.296875,107.734375,92.921875,84.0,95.078125,87.0,82.15625,79.5,83.5,88.84375,89.71875,89.5,127.640625,232.359375,315.984375,433.609375,433.078125,450.65625,417.9375,342.671875,281.25,269.203125,267.828125,334.015625,492.0,849.5625,777.703125,630.921875,482.625,389.828125
2001-06-11,107.734375,92.921875,84.0,95.078125,87.0,82.15625,79.5,83.5,88.84375,89.71875,89.5,127.640625,232.359375,315.984375,433.609375,433.078125,450.65625,417.9375,342.671875,281.25,269.203125,267.828125,334.015625,492.0,849.5625,777.703125,630.921875,482.625,389.828125,341.4375
2001-06-12,92.921875,84.0,95.078125,87.0,82.15625,79.5,83.5,88.84375,89.71875,89.5,127.640625,232.359375,315.984375,433.609375,433.078125,450.65625,417.9375,342.671875,281.25,269.203125,267.828125,334.015625,492.0,849.5625,777.703125,630.921875,482.625,389.828125,341.4375,311.90625
2001-06-13,54.890625,38.609375,29.859375,30.375,39.375,46.1875,60.71875,93.15625,124.515625,197.53125,303.90625,284.3125,271.71875,265.75,225.671875,207.375,184.421875,162.359375,161.453125,153.75,149.609375,154.28125,142.28125,126.109375,109.5625,104.109375,132.78125,151.25,153.859375,144.671875
2001-06-14,38.609375,29.859375,30.375,39.375,46.1875,60.71875,93.15625,124.515625,197.53125,303.90625,284.3125,271.71875,265.75,225.671875,207.375,184.421875,162.359375,161.453125,153.75,149.609375,154.28125,142.28125,126.109375,109.5625,104.109375,132.78125,151.25,153.859375,144.671875,131.875
2001-06-15,29.859375,30.375,39.375,46.1875,60.71875,93.15625,124.515625,197.53125,303.90625,284.3125,271.71875,265.75,225.671875,207.375,184.421875,162.359375,161.453125,153.75,149.609375,154.28125,142.28125,126.109375,109.5625,104.109375,132.78125,151.25,153.859375,144.671875,131.875,124.375
2001-06-16,30.375,39.375,46.1875,60.71875,93.15625,124.515625,197.53125,303.90625,284.3125,271.71875,265.75,225.671875,207.375,184.421875,162.359375,161.453125,153.75,149.609375,154.28125,142.28125,126.109375,109.5625,104.109375,132.78125,151.25,153.859375,144.671875,131.875,124.375,104.828125
2001-06-17,46.3125,85.875,124.5,111.46875,98.40625,238.296875,262.515625,220.15625,260.203125,376.546875,343.1875,320.875,255.375,226.421875,173.25,123.6875,112.921875,121.421875,135.53125,147.25,126.171875,89.046875,66.484375,53.921875,47.796875,46.53125,45.609375,41.796875,37.96875,34.84375
2001-06-18,85.875,124.5,111.46875,98.40625,238.296875,262.515625,220.15625,260.203125,376.546875,343.1875,320.875,255.375,226.421875,173.25,123.6875,112.921875,121.421875,135.53125,147.25,126.171875,89.046875,66.484375,53.921875,47.796875,46.53125,45.609375,41.796875,37.96875,34.84375,37.921875
2001-06-19,124.5,111.46875,98.40625,238.296875,262.515625,220.15625,260.203125,376.546875,343.1875,320.875,255.375,226.421875,173.25,123.6875,112.921875,121.421875,135.53125,147.25,126.171875,89.046875,66.484375,53.921875,47.796875,46.53125,45.609375,41.796875,37.96875,34.84375,37.921875,44.046875
2001-06-20,68.875,69.53125,86.3125,308.96875,394.921875,322.4375,340.96875,301.984375,253.328125,202.078125,155.5625,122.359375,109.890625,113.09375,109.5625,94.734375,82.96875,77.921875,69.21875,58.140625,49.328125,53.40625,63.515625,60.5,50.203125,42.5,38.0625,34.40625,31.59375,30.375
2001-06-21,69.53125,86.3125,308.96875,394.921875,322.4375,340.96875,301.984375,253.328125,202.078125,155.5625,122.359375,109.890625,113.09375,109.5625,94.734375,82.96875,77.921875,69.21875,58.140625,49.328125,53.40625,63.515625,60.5,50.203125,42.5,38.0625,34.40625,31.59375,30.375,29.953125
2001-06-22,86.3125,308.96875,394.921875,322.4375,340.96875,301.984375,253.328125,202.078125,155.5625,122.359375,109.890625,113.09375,109.5625,94.734375,82.96875,77.921875,69.21875,58.140625,49.328125,53.40625,63.515625,60.5,50.203125,42.5,38.0625,34.40625,31.59375,30.375,29.953125,43.5
2001-06-23,308.96875,394.921875,322.4375,340.96875,301.984375,253.328125,202.078125,155.5625,122.359375,109.890625,113.09375,109.5625,94.734375,82.96875,77.921875,69.21875,58.140625,49.328125,53.40625,63.515625,60.5,50.203125,42.5,38.0625,34.40625,31.59375,30.375,29.953125,43.5,64.28125
2001-06-24,229.46875,192.046875,189.828125,147.5,101.75,80.015625,62.921875,52.03125,51.140625,82.171875,145.84375,200.34375,177.84375,126.625,105.65625,95.5625,101.515625,108.5,108.890625,114.921875,106.265625,95.453125,91.796875,88.140625,111.34375,208.609375,295.0,311.65625,242.0625,177.8125
2001-06-25,192.046875,189.828125,147.5,101.75,80.015625,62.921875,52.03125,51.140625,82.171875,145.84375,200.34375,177.84375,126.625,105.65625,95.5625,101.515625,108.5,108.890625,114.921875,106.265625,95.453125,91.796875,88.140625,111.34375,208.609375,295.0,311.65625,242.0625,177.8125,163.671875
2001-06-26,189.828125,147.5,101.75,80.015625,62.921875,52.03125,51.140625,82.171875,145.84375,200.34375,177.84375,126.625,105.65625,95.5625,101.515625,108.5,108.890625,114.921875,106.265625,95.453125,91.796875,88.140625,111.34375,208.609375,295.0,311.65625,242.0625,177.8125,163.671875,162.5625
2001-06-27,298.734375,190.890625,135.796875,110.28125,100.9375,105.25,147.8125,182.71875,262.3125,319.0625,255.421875,191.75,151.984375,129.5,122.125,120.921875,135.484375,145.671875,139.015625,194.109375,265.1875,226.28125,163.546875,126.671875,104.484375,87.515625,78.078125,71.765625,65.0,62.109375
2001-06-28,190.890625,135.796875,110.28125,100.9375,105.25,147.8125,182.71875,262.3125,319.0625,255.421875,191.75,151.984375,129.5,122.125,120.921875,135.484375,145.671875,139.015625,194.109375,265.1875,226.28125,163.546875,126.671875,104.484375,87.515625,78.078125,71.765625,65.0,62.109375,66.625
2001-06-29,135.796875,110.28125,100.9375,105.25,147.8125,182.71875,262.3125,319.0625,255.421875,191.75,151.984375,129.5,122.125,120.921875,135.484375,145.671875,139.015625,194.109375,265.1875,226.28125,163.546875,126.671875,104.484375,87.515625,78.078125,71.765625,65.0,62.109375,66.625,82.6875
2001-06-30,110.28125,100.9375,105.25,147.8125,182.71875,262.3125,319.0625,255.421875,191.75,151.984375,129.5,122.125,120.921875,135.484375,145.671875,139.015625,194.109375,265.1875,226.28125,163.546875,126.671875,104.484375,87.515625,78.078125,71.765625,65.0,62.109375,66.625,82.6875,87.359375
2001-07-01,106.75,115.75,187.296875,257.265625,395.921875,693.65625,595.65625,409.0625,291.1875,243.40625,229.25,258.234375,278.375,283.390625,304.328125,317.359375,291.046875,243.796875,194.765625,161.46875,137.984375,125.296875,124.578125,129.03125,126.78125,130.640625,135.4375,132.0625,129.359375,127.75
2001-07-02,115.75,187.296875,257.265625,395.921875,693.65625,595.65625,409.0625,291.1875,243.40625,229.25,258.234375,278.375,283.390625,304.328125,317.359375,291.046875,243.796875,194.765625,161.46875,137.984375,125.296875,124.578125,129.03125,126.78125,130.640625,135.4375,132.0625,129.359375,127.75,123.5625
2001-07-03,187.296875,257.265625,395.921875,693.65625,595.65625,409.0625,291.1875,243.40625,229.25,258.234375,278.375,283.390625,304.328125,317.359375,291.046875,243.796875,194.765625,161.46875,137.984375,125.296875,124.578125,129.03125,126.78125,130.640625,135.4375,132.0625,129.359375,127.75,123.5625,117.375
2001-07-04,326.34375,718.15625,716.390625,664.40625,465.546875,329.234375,271.3125,246.015625,226.03125,208.5,192.8125,179.28125,171.921875,174.609375,178.15625,174.390625,168.5625,162.09375,173.109375,180.921875,164.984375,139.078125,140.5,146.171875,138.53125,132.1875,132.78125,154.265625,168.984375,155.4375
2001-07-05,718.15625,716.390625,664.40625,465.546875,329.234375,271.3125,246.015625,226.03125,208.5,192.8125,179.28125,171.921875,174.609375,178.15625,174.390625,168.5625,162.09375,173.109375,180.921875,164.984375,139.078125,140.5,146.171875,138.53125,132.1875,132.78125,154.265625,168.984375,155.4375,137.03125
2001-07-06,716.390625,664.40625,465.546875,329.234375,271.3125,246.015625,226.03125,208.5,192.8125,179.28125,171.921875,174.609375,178.15625,174.390625,168.5625,162.09375,173.109375,180.921875,164.984375,139.078125,140.5,146.171875,138.53125,132.1875,132.78125,154.265625,168.984375,155.4375,137.03125,115.34375
2001-07-07,664.40625,465.546875,329.234375,271.3125,246.015625,226.03125,208.5,192.8125,179.28125,171.921875,174.609375,178.15625,174.390625,168.5625,162.09375,173.109375,180.921875,164.984375,139.078125,140.5,146.171875,138.53125,132.1875,132.78125,154.265625,168.984375,155.4375,137.03125,115.34375,95.0
2001-07-08,247.8125,176.53125,131.46875,109.828125,100.53125,103.0625,110.890625,119.65625,141.40625,137.359375,124.125,116.4375,114.296875,118.9375,119.640625,121.59375,120.65625,147.59375,367.265625,576.84375,485.046875,348.09375,245.46875,175.796875,137.140625,123.515625,123.0,122.140625,133.125,143.953125
2001-07-09,176.53125,131.46875,109.828125,100.53125,103.0625,110.890625,119.65625,141.40625,137.359375,124.125,116.4375,114.296875,118.9375,119.640625,121.59375,120.65625,147.59375,367.265625,576.84375,485.046875,348.09375,245.46875,175.796875,137.140625,123.515625,123.0,122.140625,133.125,143.953125,145.546875
2001-07-10,131.46875,109.828125,100.53125,103.0625,110.890625,119.65625,141.40625,137.359375,124.125,116.4375,114.296875,118.9375,119.640625,121.59375,120.65625,147.59375,367.265625,576.84375,485.046875,348.09375,245.46875,175.796875,137.140625,123.515625,123.0,122.140625,133.125,143.953125,145.546875,135.609375
2001-07-11,96.734375,88.421875,91.09375,102.734375,115.40625,117.453125,117.765625,113.265625,106.453125,106.984375,114.078125,107.15625,90.71875,79.140625,81.59375,80.09375,91.65625,105.28125,105.515625,127.953125,143.75,158.453125,159.53125,133.734375,105.921875,85.640625,76.84375,71.25,60.921875,54.03125
2001-07-12,88.421875,91.09375,102.734375,115.40625,117.453125,117.765625,113.265625,106.453125,106.984375,114.078125,107.15625,90.71875,79.140625,81.59375,80.09375,91.65625,105.28125,105.515625,127.953125,143.75,158.453125,159.53125,133.734375,105.921875,85.640625,76.84375,71.25,60.921875,54.03125,57.234375
2001-07-13,91.09375,102.734375,115.40625,117.453125,117.765625,113.265625,106.453125,106.984375,114.078125,107.15625,90.71875,79.140625,81.59375,80.09375,91.65625,105.28125,105.515625,127.953125,143.75,158.453125,159.53125,133.734375,105.921875,85.640625,76.84375,71.25,60.921875,54.03125,57.234375,58.203125
2001-07-14,102.734375,115.40625,117.453125,117.765625,113.265625,106.453125,106.984375,114.078125,107.15625,90.71875,79.140625,81.59375,80.09375,91.65625,105.28125,105.515625,127.953125,143.75,158.453125,159.53125,133.734375,105.921875,85.640625,76.84375,71.25,60.921875,54.03125,57.234375,58.203125,52.03125
2001-07-15,111.84375,126.53125,123.6875,110.171875,104.328125,99.21875,116.4375,164.25,161.265625,145.3125,132.453125,110.09375,90.296875,74.484375,65.359375,58.6875,52.578125,50.359375,50.484375,53.640625,62.71875,91.84375,142.28125,168.484375,171.40625,142.3125,122.578125,144.90625,173.765625,149.921875
2001-07-16,126.53125,123.6875,110.171875,104.328125,99.21875,116.4375,164.25,161.265625,145.3125,132.453125,110.09375,90.296875,74.484375,65.359375,58.6875,52.578125,50.359375,50.484375,53.640625,62.71875,91.84375,142.28125,168.484375,171.40625,142.3125,122.578125,144.90625,173.765625,149.921875,110.28125
2001-07-17,123.6875,110.171875,104.328125,99.21875,116.4375,164.25,161.265625,145.3125,132.453125,110.09375,90.296875,74.484375,65.359375,58.6875,52.578125,50.359375,50.484375,53.640625,62.71875,91.84375,142.28125,168.484375,171.40625,142.3125,122.578125,144.90625,173.765625,149.921875,110.28125,88.765625
2001-07-18,94.09375,84.796875,81.78125,95.34375,116.890625,118.265625,105.34375,90.078125,76.078125,68.6875,78.703125,95.40625,103.390625,114.109375,111.203125,97.859375,90.8125,94.171875,109.984375,110.671875,98.46875,92.09375,88.328125,82.84375,74.796875,83.46875,129.515625,154.6875,131.0625,98.46875
2001-07-19,84.796875,81.78125,95.34375,116.890625,118.265625,105.34375,90.078125,76.078125,68.6875,78.703125,95.40625,103.390625,114.109375,111.203125,97.859375,90.8125,94.171875,109.984375,110.671875,98.46875,92.09375,88.328125,82.84375,74.796875,83.46875,129.515625,154.6875,131.0625,98.46875,91.515625
2001-07-20,81.78125,95.34375,116.890625,118.265625,105.34375,90.078125,76.078125,68.6875,78.703125,95.40625,103.390625,114.109375,111.203125,97.859375,90.8125,94.171875,109.984375,110.671875,98.46875,92.09375,88.328125,82.84375,74.796875,83.46875,129.515625,154.6875,131.0625,98.46875,91.515625,90.84375
2001-07-21,95.34375,116.890625,118.265625,105.34375,90.078125,76.078125,68.6875,78.703125,95.40625,103.390625,114.109375,111.203125,97.859375,90.8125,94.171875,109.984375,110.671875,98.46875,92.09375,88.328125,82.84375,74.796875,83.46875,129.515625,154.6875,131.0625,98.46875,91.515625,90.84375,74.859375
2001-07-22,98.296875,93.59375,90.15625,106.59375,114.625,109.84375,110.765625,115.984375,110.15625,111.15625,114.078125,123.125,122.453125,121.09375,139.359375,182.09375,294.25,344.65625,257.96875,168.828125,119.390625,94.125,90.125,104.75,128.6875,127.109375,98.765625,77.421875,71.0625,72.4375
2001-07-23,93.59375,90.15625,106.59375,114.625,109.84375,110.765625,115.984375,110.15625,111.15625,114.078125,123.125,122.453125,121.09375,139.359375,182.09375,294.25,344.65625,257.96875,168.828125,119.390625,94.125,90.125,104.75,128.6875,127.109375,98.765625,77.421875,71.0625,72.4375,72.796875
2001-07-24,90.15625,106.59375,114.625,109.84375,110.765625,115.984375,110.15625,111.15625,114.078125,123.125,122.453125,121.09375,139.359375,182.09375,294.25,344.65625,257.96875,168.828125,119.390625,94.125,90.125,104.75,128.6875,127.109375,98.765625,77.421875,71.0625,72.4375,72.796875,74.828125
2001-07-25,73.21875,73.8125,77.171875,80.796875,82.546875,78.234375,78.625,108.09375,136.6875,131.015625,112.796875,128.84375,165.578125,176.40625,153.015625,118.3125,97.234375,155.296875,211.71875,282.671875,270.296875,187.4375,136.171875,129.5625,129.40625,124.4375,117.25,105.84375,97.0625,90.953125
2001-07-26,73.8125,77.171875,80.796875,82.546875,78.234375,78.625,108.09375,136.6875,131.015625,112.796875,128.84375,165.578125,176.40625,153.015625,118.3125,97.234375,155.296875,211.71875,282.671875,270.296875,187.4375,136.171875,129.5625,129.40625,124.4375,117.25,105.84375,97.0625,90.953125,84.40625
2001-07-27,77.171875,80.796875,82.546875,78.234375,78.625,108.09375,136.6875,131.015625,112.796875,128.84375,165.578125,176.40625,153.015625,118.3125,97.234375,155.296875,211.71875,282.671875,270.296875,187.4375,136.171875,129.5625,129.40625,124.4375,117.25,105.84375,97.0625,90.953125,84.40625,93.875
2001-07-28,80.796875,82.546875,78.234375,78.625,108.09375,136.6875,131.015625,112.796875,128.84375,165.578125,176.40625,153.015625,118.3125,97.234375,155.296875,211.71875,282.671875,270.296875,187.4375,136.171875,129.5625,129.40625,124.4375,117.25,105.84375,97.0625,90.953125,84.40625,93.875,129.0
2001-07-29,75.515625,70.734375,70.046875,65.984375,62.734375,65.796875,78.953125,119.8125,130.734375,118.734375,105.21875,90.4375,87.3125,84.65625,85.578125,77.203125,61.640625,47.78125,39.6875,41.5625,46.453125,44.0625,43.6875,45.703125,56.21875,73.375,76.0625,70.671875,68.75,71.28125
2001-07-30,70.734375,70.046875,65.984375,62.734375,65.796875,78.953125,119.8125,130.734375,118.734375,105.21875,90.4375,87.3125,84.65625,85.578125,77.203125,61.640625,47.78125,39.6875,41.5625,46.453125,44.0625,43.6875,45.703125,56.21875,73.375,76.0625,70.671875,68.75,71.28125,91.296875
2001-07-31,70.046875,65.984375,62.734375,65.796875,78.953125,119.8125,130.734375,118.734375,105.21875,90.4375,87.3125,84.65625,85.578125,77.203125,61.640625,47.78125,39.6875,41.5625,46.453125,44.0625,43.6875,45.703125,56.21875,73.375,76.0625,70.671875,68.75,71.28125,91.296875,153.65625
2001-08-01,74.84375,75.46875,76.46875,203.59375,313.734375,295.125,275.515625,213.46875,144.5625,99.8125,71.984375,66.890625,84.421875,101.28125,152.4375,183.46875,153.09375,117.875,114.890625,179.734375,229.09375,209.921875,175.828125,157.21875,133.875,117.671875,119.125,128.046875,124.9375,113.0625
2001-08-02,75.46875,76.46875,203.59375,313.734375,295.125,275.515625,213.46875,144.5625,99.8125,71.984375,66.890625,84.421875,101.28125,152.4375,183.46875,153.09375,117.875,114.890625,179.734375,229.09375,209.921875,175.828125,157.21875,133.875,117.671875,119.125,128.046875,124.9375,113.0625,106.484375
2001-08-03,76.46875,203.59375,313.734375,295.125,275.515625,213.46875,144.5625,99.8125,71.984375,66.890625,84.421875,101.28125,152.4375,183.46875,153.09375,117.875,114.890625,179.734375,229.09375,209.921875,175.828125,157.21875,133.875,117.671875,119.125,128.046875,124.9375,113.0625,106.484375,120.515625
2001-08-04,203.59375,313.734375,295.125,275.515625,213.46875,144.5625,99.8125,71.984375,66.890625,84.421875,101.28125,152.4375,183.46875,153.09375,117.875,114.890625,179.734375,229.09375,209.921875,175.828125,157.21875,133.875,117.671875,119.125,128.046875,124.9375,113.0625,106.484375,120.515625,175.328125
2001-08-05,119.984375,124.65625,123.25,112.890625,110.609375,111.40625,133.265625,184.484375,229.125,258.609375,208.203125,146.5625,111.390625,89.828125,94.34375,109.953125,102.03125,79.546875,62.640625,52.359375,49.78125,78.140625,110.765625,117.21875,114.546875,119.859375,128.15625,115.234375,88.71875,68.765625
2001-08-06,124.65625,123.25,112.890625,110.609375,111.40625,133.265625,184.484375,229.125,258.609375,208.203125,146.5625,111.390625,89.828125,94.34375,109.953125,102.03125,79.546875,62.640625,52.359375,49.78125,78.140625,110.765625,117.21875,114.546875,119.859375,128.15625,115.234375,88.71875,68.765625,64.03125
2001-08-07,123.25,112.890625,110.609375,111.40625,133.265625,184.484375,229.125,258.609375,208.203125,146.5625,111.390625,89.828125,94.34375,109.953125,102.03125,79.546875,62.640625,52.359375,49.78125,78.140625,110.765625,117.21875,114.546875,119.859375,128.15625,115.234375,88.71875,68.765625,64.03125,72.9375
2001-08-08,129.078125,126.90625,126.0,141.03125,132.65625,115.9375,133.984375,120.375,87.640625,74.28125,89.421875,107.46875,94.953125,76.953125,61.796875,58.96875,72.953125,82.125,85.765625,91.015625,81.625,84.921875,93.0625,79.125,64.46875,52.9375,50.21875,54.90625,59.171875,75.3125
2001-08-09,126.90625,126.0,141.03125,132.65625,115.9375,133.984375,120.375,87.640625,74.28125,89.421875,107.46875,94.953125,76.953125,61.796875,58.96875,72.953125,82.125,85.765625,91.015625,81.625,84.921875,93.0625,79.125,64.46875,52.9375,50.21875,54.90625,59.171875,75.3125,90.390625
2001-08-10,126.0,141.03125,132.65625,115.9375,133.984375,120.375,87.640625,74.28125,89.421875,107.46875,94.953125,76.953125,61.796875,58.96875,72.953125,82.125,85.765625,91.015625,81.625,84.921875,93.0625,79.125,64.46875,52.9375,50.21875,54.90625,59.171875,75.3125,90.390625,84.875
2001-08-11,141.03125,132.65625,115.9375,133.984375,120.375,87.640625,74.28125,89.421875,107.46875,94.953125,76.953125,61.796875,58.96875,72.953125,82.125,85.765625,91.015625,81.625,84.921875,93.0625,79.125,64.46875,52.9375,50.21875,54.90625,59.171875,75.3125,90.390625,84.875,119.65625
2001-08-12,153.734375,128.546875,165.25,172.640625,133.0625,105.546875,97.890625,96.875,87.515625,83.078125,78.8125,79.90625,86.6875,88.09375,86.734375,88.1875,102.859375,106.203125,114.0,104.828125,79.40625,74.90625,85.0,79.21875,65.8125,75.953125,89.21875,90.65625,110.3125,150.765625
2001-08-13,128.546875,165.25,172.640625,133.0625,105.546875,97.890625,96.875,87.515625,83.078125,78.8125,79.90625,86.6875,88.09375,86.734375,88.1875,102.859375,106.203125,114.0,104.828125,79.40625,74.90625,85.0,79.21875,65.8125,75.953125,89.21875,90.65625,110.3125,150.765625,176.71875
2001-08-14,165.25,172.640625,133.0625,105.546875,97.890625,96.875,87.515625,83.078125,78.8125,79.90625,86.6875,88.09375,86.734375,88.1875,102.859375,106.203125,114.0,104.828125,79.40625,74.90625,85.0,79.21875,65.8125,75.953125,89.21875,90.65625,110.3125,150.765625,176.71875,165.734375
2001-08-15,159.078125,139.515625,210.40625,225.359375,166.390625,111.140625,83.796875,77.171875,90.5625,96.09375,89.46875,85.671875,88.0625,107.78125,107.359375,86.0,70.828125,59.609375,61.90625,85.609375,97.96875,87.125,71.0,71.578125,90.4375,105.25,106.484375,135.375,150.328125,121.9375
2001-08-16,139.515625,210.40625,225.359375,166.390625,111.140625,83.796875,77.171875,90.5625,96.09375,89.46875,85.671875,88.0625,107.78125,107.359375,86.0,70.828125,59.609375,61.90625,85.609375,97.96875,87.125,71.0,71.578125,90.4375,105.25,106.484375,135.375,150.328125,121.9375,97.671875
2001-08-17,210.40625,225.359375,166.390625,111.140625,83.796875,77.171875,90.5625,96.09375,89.46875,85.671875,88.0625,107.78125,107.359375,86.0,70.828125,59.609375,61.90625,85.609375,97.96875,87.125,71.0,71.578125,90.4375,105.25,106.484375,135.375,150.328125,121.9375,97.671875,214.3671875
2001-08-18,225.359375,166.390625,111.140625,83.796875,77.171875,90.5625,96.09375,89.46875,85.671875,88.0625,107.78125,107.359375,86.0,70.828125,59.609375,61.90625,85.609375,97.96875,87.125,71.0,71.578125,90.4375,105.25,106.484375,135.375,150.328125,121.9375,97.671875,214.3671875,512.2578125
2001-08-19,242.890625,185.03125,135.859375,114.109375,126.3125,127.46875,108.78125,101.671875,125.25,172.40625,215.15625,323.21875,326.640625,244.015625,179.0,138.515625,116.734375,109.09375,101.9375,98.953125,107.515625,106.09375,93.03125,79.984375,69.65625,65.21875,61.984375,57.96875,62.4609375,79.5
2001-08-20,185.03125,135.859375,114.109375,126.3125,127.46875,108.78125,101.671875,125.25,172.40625,215.15625,323.21875,326.640625,244.015625,179.0,138.515625,116.734375,109.09375,101.9375,98.953125,107.515625,106.09375,93.03125,79.984375,69.65625,65.21875,61.984375,57.96875,62.4609375,79.5,106.9140625
2001-08-21,135.859375,114.109375,126.3125,127.46875,108.78125,101.671875,125.25,172.40625,215.15625,323.21875,326.640625,244.015625,179.0,138.515625,116.734375,109.09375,101.9375,98.953125,107.515625,106.09375,93.03125,79.984375,69.65625,65.21875,61.984375,57.96875,62.4609375,79.5,106.9140625,157.2265625
2001-08-22,167.265625,152.796875,121.921875,106.65625,106.953125,148.5625,172.328125,173.1875,256.609375,227.296875,156.921875,132.390625,131.09375,126.03125,116.21875,109.21875,100.40625,91.875,96.5,145.40625,181.859375,164.90625,154.640625,170.65625,221.171875,198.2890625,158.7578125,139.578125,114.125,102.625
2001-08-23,152.796875,121.921875,106.65625,106.953125,148.5625,172.328125,173.1875,256.609375,227.296875,156.921875,132.390625,131.09375,126.03125,116.21875,109.21875,100.40625,91.875,96.5,145.40625,181.859375,164.90625,154.640625,170.65625,221.171875,198.2890625,158.7578125,139.578125,114.125,102.625,99.9921875
2001-08-24,121.921875,106.65625,106.953125,148.5625,172.328125,173.1875,256.609375,227.296875,156.921875,132.390625,131.09375,126.03125,116.21875,109.21875,100.40625,91.875,96.5,145.40625,181.859375,164.90625,154.640625,170.65625,221.171875,198.2890625,158.7578125,139.578125,114.125,102.625,99.9921875,94.984375
2001-08-25,106.65625,106.953125,148.5625,172.328125,173.1875,256.609375,227.296875,156.921875,132.390625,131.09375,126.03125,116.21875,109.21875,100.40625,91.875,96.5,145.40625,181.859375,164.90625,154.640625,170.65625,221.171875,198.2890625,158.7578125,139.578125,114.125,102.625,99.9921875,94.984375,94.578125
2001-08-26,110.03125,106.078125,140.21875,205.53125,210.28125,167.6875,123.984375,95.65625,81.375,95.703125,122.90625,131.859375,130.921875,119.8125,104.328125,86.875,79.4375,78.875,73.921875,72.25,78.140625,89.890625,92.4921875,98.5234375,112.265625,125.9140625,119.0,122.21875,158.9921875,179.625
2001-08-27,106.078125,140.21875,205.53125,210.28125,167.6875,123.984375,95.65625,81.375,95.703125,122.90625,131.859375,130.921875,119.8125,104.328125,86.875,79.4375,78.875,73.921875,72.25,78.140625,89.890625,92.4921875,98.5234375,112.265625,125.9140625,119.0,122.21875,158.9921875,179.625,163.40625
2001-08-28,140.21875,205.53125,210.28125,167.6875,123.984375,95.65625,81.375,95.703125,122.90625,131.859375,130.921875,119.8125,104.328125,86.875,79.4375,78.875,73.921875,72.25,78.140625,89.890625,92.4921875,98.5234375,112.265625,125.9140625,119.0,122.21875,158.9921875,179.625,163.40625,131.6953125
2001-08-29,242.359375,242.09375,201.453125,164.59375,140.296875,125.65625,115.640625,113.8125,109.796875,99.546875,92.828125,89.296875,103.1875,108.25,101.96875,95.234375,81.796875,73.4375,83.5234375,87.2734375,87.484375,85.6796875,87.7265625,116.734375,135.2421875,143.9921875,164.6328125,172.9375,144.4921875,125.546875
2001-08-30,242.09375,201.453125,164.59375,140.296875,125.65625,115.640625,113.8125,109.796875,99.546875,92.828125,89.296875,103.1875,108.25,101.96875,95.234375,81.796875,73.4375,83.5234375,87.2734375,87.484375,85.6796875,87.7265625,116.734375,135.2421875,143.9921875,164.6328125,172.9375,144.4921875,125.546875,125.2421875
2001-08-31,201.453125,164.59375,140.296875,125.65625,115.640625,113.8125,109.796875,99.546875,92.828125,89.296875,103.1875,108.25,101.96875,95.234375,81.796875,73.4375,83.5234375,87.2734375,87.484375,85.6796875,87.7265625,116.734375,135.2421875,143.9921875,164.6328125,172.9375,144.4921875,125.546875,125.2421875,208.453125
2001-09-01,164.59375,140.296875,125.65625,115.640625,113.8125,109.796875,99.546875,92.828125,89.296875,103.1875,108.25,101.96875,95.234375,81.796875,73.4375,83.5234375,87.2734375,87.484375,85.6796875,87.7265625,116.734375,135.2421875,143.9921875,164.6328125,172.9375,144.4921875,125.546875,125.2421875,208.453125,346.5234375
2001-09-02,133.171875,125.09375,132.234375,142.203125,133.296875,116.796875,109.03125,106.390625,104.171875,104.4375,108.71875,116.953125,119.25,126.21875,154.7109375,164.1640625,152.0703125,203.265625,273.328125,255.078125,182.8203125,128.28125,101.265625,85.09375,78.3671875,80.0390625,78.4140625,73.109375,65.2734375,56.4375
2001-09-03,125.09375,132.234375,142.203125,133.296875,116.796875,109.03125,106.390625,104.171875,104.4375,108.71875,116.953125,119.25,126.21875,154.7109375,164.1640625,152.0703125,203.265625,273.328125,255.078125,182.8203125,128.28125,101.265625,85.09375,78.3671875,80.0390625,78.4140625,73.109375,65.2734375,56.4375,49.9140625
2001-09-04,132.234375,142.203125,133.296875,116.796875,109.03125,106.390625,104.171875,104.4375,108.71875,116.953125,119.25,126.21875,154.7109375,164.1640625,152.0703125,203.265625,273.328125,255.078125,182.8203125,128.28125,101.265625,85.09375,78.3671875,80.0390625,78.4140625,73.109375,65.2734375,56.4375,49.9140625,50.2578125
2001-09-05,133.1875,126.890625,124.109375,117.28125,109.140625,99.484375,88.59375,81.09375,78.296875,78.0,74.40625,69.5234375,64.015625,58.4609375,61.4375,72.0625,180.5078125,238.8828125,204.3828125,150.5078125,115.984375,141.828125,165.703125,156.03125,148.9453125,129.59375,132.546875,153.2890625,129.3125,110.5078125
2001-09-06,126.890625,124.109375,117.28125,109.140625,99.484375,88.59375,81.09375,78.296875,78.0,74.40625,69.5234375,64.015625,58.4609375,61.4375,72.0625,180.5078125,238.8828125,204.3828125,150.5078125,115.984375,141.828125,165.703125,156.03125,148.9453125,129.59375,132.546875,153.2890625,129.3125,110.5078125,130.296875
2001-09-07,124.109375,117.28125,109.140625,99.484375,88.59375,81.09375,78.296875,78.0,74.40625,69.5234375,64.015625,58.4609375,61.4375,72.0625,180.5078125,238.8828125,204.3828125,150.5078125,115.984375,141.828125,165.703125,156.03125,148.9453125,129.59375,132.546875,153.2890625,129.3125,110.5078125,130.296875,132.9140625
2001-09-08,117.28125,109.140625,99.484375,88.59375,81.09375,78.296875,78.0,74.40625,69.5234375,64.015625,58.4609375,61.4375,72.0625,180.5078125,238.8828125,204.3828125,150.5078125,115.984375,141.828125,165.703125,156.03125,148.9453125,129.59375,132.546875,153.2890625,129.3125,110.5078125,130.296875,132.9140625,105.9296875
2001-09-09,121.578125,116.703125,107.109375,98.296875,97.8125,99.765625,102.0703125,108.296875,113.8828125,165.1484375,170.0234375,136.96875,126.9609375,121.9140625,110.6875,103.4296875,107.125,102.734375,92.3984375,101.640625,115.2265625,176.171875,183.890625,161.28125,161.125,159.46875,168.9296875,208.5,216.046875,223.0078125
2001-09-10,116.703125,107.109375,98.296875,97.8125,99.765625,102.0703125,108.296875,113.8828125,165.1484375,170.0234375,136.96875,126.9609375,121.9140625,110.6875,103.4296875,107.125,102.734375,92.3984375,101.640625,115.2265625,176.171875,183.890625,161.28125,161.125,159.46875,168.9296875,208.5,216.046875,223.0078125,235.4296875
2001-09-11,107.109375,98.296875,97.8125,99.765625,102.0703125,108.296875,113.8828125,165.1484375,170.0234375,136.96875,126.9609375,121.9140625,110.6875,103.4296875,107.125,102.734375,92.3984375,101.640625,115.2265625,176.171875,183.890625,161.28125,161.125,159.46875,168.9296875,208.5,216.046875,223.0078125,235.4296875,182.640625
2001-09-12,107.9375,97.234375,88.40625,87.84375,92.0078125,90.640625,86.59375,85.5859375,90.75,102.5078125,112.46875,151.2578125,148.0390625,109.28125,95.0703125,97.9140625,110.140625,126.59375,129.328125,123.5,117.859375,97.6875,80.5625,72.859375,70.7265625,66.3203125,53.375,43.515625,37.1796875,35.3359375
2001-09-13,97.234375,88.40625,87.84375,92.0078125,90.640625,86.59375,85.5859375,90.75,102.5078125,112.46875,151.2578125,148.0390625,109.28125,95.0703125,97.9140625,110.140625,126.59375,129.328125,123.5,117.859375,97.6875,80.5625,72.859375,70.7265625,66.3203125,53.375,43.515625,37.1796875,35.3359375,33.7421875
2001-09-14,88.40625,87.84375,92.0078125,90.640625,86.59375,85.5859375,90.75,102.5078125,112.46875,151.2578125,148.0390625,109.28125,95.0703125,97.9140625,110.140625,126.59375,129.328125,123.5,117.859375,97.6875,80.5625,72.859375,70.7265625,66.3203125,53.375,43.515625,37.1796875,35.3359375,33.7421875,30.0546875
2001-09-15,87.84375,92.0078125,90.640625,86.59375,85.5859375,90.75,102.5078125,112.46875,151.2578125,148.0390625,109.28125,95.0703125,97.9140625,110.140625,126.59375,129.328125,123.5,117.859375,97.6875,80.5625,72.859375,70.7265625,66.3203125,53.375,43.515625,37.1796875,35.3359375,33.7421875,30.0546875,25.5625
2001-09-16,97.0703125,122.3828125,138.5859375,132.90625,118.78125,102.921875,97.6015625,106.1796875,98.984375,84.140625,76.2265625,73.765625,80.7109375,84.890625,85.640625,99.5625,100.2421875,84.609375,115.8046875,154.8046875,136.6171875,121.9375,120.6953125,117.859375,96.5,66.8984375,53.5390625,56.5234375,86.8203125,110.6640625
2001-09-17,122.3828125,138.5859375,132.90625,118.78125,102.921875,97.6015625,106.1796875,98.984375,84.140625,76.2265625,73.765625,80.7109375,84.890625,85.640625,99.5625,100.2421875,84.609375,115.8046875,154.8046875,136.6171875,121.9375,120.6953125,117.859375,96.5,66.8984375,53.5390625,56.5234375,86.8203125,110.6640625,91.796875
2001-09-18,138.5859375,132.90625,118.78125,102.921875,97.6015625,106.1796875,98.984375,84.140625,76.2265625,73.765625,80.7109375,84.890625,85.640625,99.5625,100.2421875,84.609375,115.8046875,154.8046875,136.6171875,121.9375,120.6953125,117.859375,96.5,66.8984375,53.5390625,56.5234375,86.8203125,110.6640625,91.796875,71.3984375
2001-09-19,118.953125,107.765625,131.359375,169.6015625,163.453125,143.2265625,153.0859375,152.71875,154.734375,149.75,142.8984375,145.265625,162.4921875,244.0078125,226.15625,195.8203125,188.6328125,216.9375,245.4921875,222.875,179.8828125,148.3828125,145.34375,207.09375,209.359375,157.1328125,124.578125,116.9453125,122.578125,115.4375
2001-09-20,107.765625,131.359375,169.6015625,163.453125,143.2265625,153.0859375,152.71875,154.734375,149.75,142.8984375,145.265625,162.4921875,244.0078125,226.15625,195.8203125,188.6328125,216.9375,245.4921875,222.875,179.8828125,148.3828125,145.34375,207.09375,209.359375,157.1328125,124.578125,116.9453125,122.578125,115.4375,97.2734375
2001-09-21,131.359375,169.6015625,163.453125,143.2265625,153.0859375,152.71875,154.734375,149.75,142.8984375,145.265625,162.4921875,244.0078125,226.15625,195.8203125,188.6328125,216.9375,245.4921875,222.875,179.8828125,148.3828125,145.34375,207.09375,209.359375,157.1328125,124.578125,116.9453125,122.578125,115.4375,97.2734375,85.671875
2001-09-22,169.6015625,163.453125,143.2265625,153.0859375,152.71875,154.734375,149.75,142.8984375,145.265625,162.4921875,244.0078125,226.15625,195.8203125,188.6328125,216.9375,245.4921875,222.875,179.8828125,148.3828125,145.34375,207.09375,209.359375,157.1328125,124.578125,116.9453125,122.578125,115.4375,97.2734375,85.671875,78.7734375
2001-09-23,110.109375,142.34375,195.09375,183.5703125,187.6015625,195.9609375,178.9296875,280.609375,277.2265625,215.078125,180.25,157.7578125,138.171875,113.515625,94.6953125,105.0,120.5859375,132.0859375,157.3515625,236.359375,268.625,216.625,183.484375,161.3359375,136.9765625,170.3671875,181.0078125,222.625,228.9765625,187.828125
2001-09-24,142.34375,195.09375,183.5703125,187.6015625,195.9609375,178.9296875,280.609375,277.2265625,215.078125,180.25,157.7578125,138.171875,113.515625,94.6953125,105.0,120.5859375,132.0859375,157.3515625,236.359375,268.625,216.625,183.484375,161.3359375,136.9765625,170.3671875,181.0078125,222.625,228.9765625,187.828125,170.7578125
2001-09-25,195.09375,183.5703125,187.6015625,195.9609375,178.9296875,280.609375,277.2265625,215.078125,180.25,157.7578125,138.171875,113.515625,94.6953125,105.0,120.5859375,132.0859375,157.3515625,236.359375,268.625,216.625,183.484375,161.3359375,136.9765625,170.3671875,181.0078125,222.625,228.9765625,187.828125,170.7578125,149.0703125
2001-09-26,179.78125,151.859375,134.3828125,120.125,155.3203125,181.3671875,165.90625,130.359375,119.515625,115.8359375,102.40625,94.9765625,92.921875,127.6875,159.75,188.8359375,177.890625,152.0703125,144.828125,142.8046875,146.4765625,133.25,195.046875,193.1171875,134.859375,122.4765625,118.890625,111.171875,115.796875,118.8828125
2001-09-27,151.859375,134.3828125,120.125,155.3203125,181.3671875,165.90625,130.359375,119.515625,115.8359375,102.40625,94.9765625,92.921875,127.6875,159.75,188.8359375,177.890625,152.0703125,144.828125,142.8046875,146.4765625,133.25,195.046875,193.1171875,134.859375,122.4765625,118.890625,111.171875,115.796875,118.8828125,120.6484375
2001-09-28,134.3828125,120.125,155.3203125,181.3671875,165.90625,130.359375,119.515625,115.8359375,102.40625,94.9765625,92.921875,127.6875,159.75,188.8359375,177.890625,152.0703125,144.828125,142.8046875,146.4765625,133.25,195.046875,193.1171875,134.859375,122.4765625,118.890625,111.171875,115.796875,118.8828125,120.6484375,117.375
2001-09-29,120.125,155.3203125,181.3671875,165.90625,130.359375,119.515625,115.8359375,102.40625,94.9765625,92.921875,127.6875,159.75,188.8359375,177.890625,152.0703125,144.828125,142.8046875,146.4765625,133.25,195.046875,193.1171875,134.859375,122.4765625,118.890625,111.171875,115.796875,118.8828125,120.6484375,117.375,110.609375
2001-09-30,199.4140625,209.4609375,166.84375,204.515625,219.15625,170.7265625,125.890625,125.5625,154.8125,165.2578125,141.5390625,112.8203125,94.4296875,81.9453125,80.5390625,81.2578125,90.0859375,98.53125,102.3671875,118.515625,122.0546875,119.8671875,137.390625,152.4453125,164.21875,174.15625,172.4765625,135.96875,94.171875,70.78125
2001-10-01,209.4609375,166.84375,204.515625,219.15625,170.7265625,125.890625,125.5625,154.8125,165.2578125,141.5390625,112.8203125,94.4296875,81.9453125,80.5390625,81.2578125,90.0859375,98.53125,102.3671875,118.515625,122.0546875,119.8671875,137.390625,152.4453125,164.21875,174.15625,172.4765625,135.96875,94.171875,70.78125,57.515625
2001-10-02,166.84375,204.515625,219.15625,170.7265625,125.890625,125.5625,154.8125,165.2578125,141.5390625,112.8203125,94.4296875,81.9453125,80.5390625,81.2578125,90.0859375,98.53125,102.3671875,118.515625,122.0546875,119.8671875,137.390625,152.4453125,164.21875,174.15625,172.4765625,135.96875,94.171875,70.78125,57.515625,48.5078125
2001-10-03,195.3046875,148.1015625,135.984375,140.75,166.046875,147.1953125,128.359375,165.8359375,194.7734375,196.71875,179.28125,147.6875,141.3671875,141.9609375,126.3671875,108.1953125,95.6640625,83.28125,108.1328125,154.828125,204.0078125,215.453125,182.0234375,158.3515625,141.3828125,148.6796875,144.390625,172.7578125,179.1796875,153.078125
2001-10-04,148.1015625,135.984375,140.75,166.046875,147.1953125,128.359375,165.8359375,194.7734375,196.71875,179.28125,147.6875,141.3671875,141.9609375,126.3671875,108.1953125,95.6640625,83.28125,108.1328125,154.828125,204.0078125,215.453125,182.0234375,158.3515625,141.3828125,148.6796875,144.390625,172.7578125,179.1796875,153.078125,197.9140625
2001-10-05,135.984375,140.75,166.046875,147.1953125,128.359375,165.8359375,194.7734375,196.71875,179.28125,147.6875,141.3671875,141.9609375,126.3671875,108.1953125,95.6640625,83.28125,108.1328125,154.828125,204.0078125,215.453125,182.0234375,158.3515625,141.3828125,148.6796875,144.390625,172.7578125,179.1796875,153.078125,197.9140625,228.4140625
2001-10-06,140.75,166.046875,147.1953125,128.359375,165.8359375,194.7734375,196.71875,179.28125,147.6875,141.3671875,141.9609375,126.3671875,108.1953125,95.6640625,83.28125,108.1328125,154.828125,204.0078125,215.453125,182.0234375,158.3515625,141.3828125,148.6796875,144.390625,172.7578125,179.1796875,153.078125,197.9140625,228.4140625,207.4765625
2001-10-07,217.7265625,199.0546875,190.8125,161.7421875,163.296875,148.203125,181.390625,275.0703125,311.5625,267.15625,204.359375,164.4375,152.453125,198.7421875,215.6484375,217.5,198.03125,156.875,126.515625,115.0625,108.5859375,107.359375,112.734375,111.5234375,102.5703125,112.3828125,121.609375,108.0390625,88.8125,74.6171875
2001-10-08,199.0546875,190.8125,161.7421875,163.296875,148.203125,181.390625,275.0703125,311.5625,267.15625,204.359375,164.4375,152.453125,198.7421875,215.6484375,217.5,198.03125,156.875,126.515625,115.0625,108.5859375,107.359375,112.734375,111.5234375,102.5703125,112.3828125,121.609375,108.0390625,88.8125,74.6171875,65.6328125
2001-10-09,190.8125,161.7421875,163.296875,148.203125,181.390625,275.0703125,311.5625,267.15625,204.359375,164.4375,152.453125,198.7421875,215.6484375,217.5,198.03125,156.875,126.515625,115.0625,108.5859375,107.359375,112.734375,111.5234375,102.5703125,112.3828125,121.609375,108.0390625,88.8125,74.6171875,65.6328125,59.3984375
2001-10-10,135.90625,136.5,142.96875,152.125,167.3828125,190.9140625,186.171875,171.3203125,155.7265625,155.25,137.75,139.296875,149.28125,159.8125,168.96875,161.796875,177.3671875,187.28125,153.84375,117.6953125,137.8828125,162.34375,134.1484375,100.4453125,80.4765625,68.1171875,60.109375,57.0234375,54.3125,51.1015625
2001-10-11,136.5,142.96875,152.125,167.3828125,190.9140625,186.171875,171.3203125,155.7265625,155.25,137.75,139.296875,149.28125,159.8125,168.96875,161.796875,177.3671875,187.28125,153.84375,117.6953125,137.8828125,162.34375,134.1484375,100.4453125,80.4765625,68.1171875,60.109375,57.0234375,54.3125,51.1015625,50.328125
2001-10-12,142.96875,152.125,167.3828125,190.9140625,186.171875,171.3203125,155.7265625,155.25,137.75,139.296875,149.28125,159.8125,168.96875,161.796875,177.3671875,187.28125,153.84375,117.6953125,137.8828125,162.34375,134.1484375,100.4453125,80.4765625,68.1171875,60.109375,57.0234375,54.3125,51.1015625,50.328125,50.7109375
2001-10-13,152.125,167.3828125,190.9140625,186.171875,171.3203125,155.7265625,155.25,137.75,139.296875,149.28125,159.8125,168.96875,161.796875,177.3671875,187.28125,153.84375,117.6953125,137.8828125,162.34375,134.1484375,100.4453125,80.4765625,68.1171875,60.109375,57.0234375,54.3125,51.1015625,50.328125,50.7109375,62.53125
2001-10-14,141.71875,109.9375,99.609375,109.7890625,127.109375,142.6875,127.859375,98.6015625,78.265625,66.53125,61.3359375,55.8046875,67.921875,101.6328125,123.125,111.6328125,85.296875,62.3671875,48.6953125,40.2890625,34.8359375,30.4140625,26.9140625,24.6328125,23.1640625,27.609375,39.8125,58.671875,107.6171875,131.71875
2001-10-15,109.9375,99.609375,109.7890625,127.109375,142.6875,127.859375,98.6015625,78.265625,66.53125,61.3359375,55.8046875,67.921875,101.6328125,123.125,111.6328125,85.296875,62.3671875,48.6953125,40.2890625,34.8359375,30.4140625,26.9140625,24.6328125,23.1640625,27.609375,39.8125,58.671875,107.6171875,131.71875,103.25
2001-10-16,99.609375,109.7890625,127.109375,142.6875,127.859375,98.6015625,78.265625,66.53125,61.3359375,55.8046875,67.921875,101.6328125,123.125,111.6328125,85.296875,62.3671875,48.6953125,40.2890625,34.8359375,30.4140625,26.9140625,24.6328125,23.1640625,27.609375,39.8125,58.671875,107.6171875,131.71875,103.25,67.9765625
2001-10-17,113.578125,105.015625,109.859375,129.140625,199.09375,239.765625,214.9140625,317.734375,352.0390625,256.0546875,211.9453125,185.359375,161.1328125,156.5234375,167.453125,181.3046875,172.1484375,147.546875,131.984375,121.125,112.640625,115.6796875,123.6171875,122.015625,111.65625,97.2890625,84.6640625,76.8984375,73.4609375,74.4921875
2001-10-18,105.015625,109.859375,129.140625,199.09375,239.765625,214.9140625,317.734375,352.0390625,256.0546875,211.9453125,185.359375,161.1328125,156.5234375,167.453125,181.3046875,172.1484375,147.546875,131.984375,121.125,112.640625,115.6796875,123.6171875,122.015625,111.65625,97.2890625,84.6640625,76.8984375,73.4609375,74.4921875,91.6015625
2001-10-19,109.859375,129.140625,199.09375,239.765625,214.9140625,317.734375,352.0390625,256.0546875,211.9453125,185.359375,161.1328125,156.5234375,167.453125,181.3046875,172.1484375,147.546875,131.984375,121.125,112.640625,115.6796875,123.6171875,122.015625,111.65625,97.2890625,84.6640625,76.8984375,73.4609375,74.4921875,91.6015625,95.9609375
2001-10-20,129.140625,199.09375,239.765625,214.9140625,317.734375,352.0390625,256.0546875,211.9453125,185.359375,161.1328125,156.5234375,167.453125,181.3046875,172.1484375,147.546875,131.984375,121.125,112.640625,115.6796875,123.6171875,122.015625,111.65625,97.2890625,84.6640625,76.8984375,73.4609375,74.4921875,91.6015625,95.9609375,78.5078125
2001-10-21,171.6953125,179.5546875,173.765625,185.7890625,181.75,157.625,129.2578125,115.203125,122.1484375,115.1953125,114.6796875,113.0859375,105.1171875,93.0625,83.8515625,79.5625,88.203125,91.046875,75.234375,61.8046875,51.28125,44.546875,40.4765625,37.15625,34.140625,31.9296875,30.15625,28.7734375,27.3046875,26.203125
2001-10-22,179.5546875,173.765625,185.7890625,181.75,157.625,129.2578125,115.203125,122.1484375,115.1953125,114.6796875,113.0859375,105.1171875,93.0625,83.8515625,79.5625,88.203125,91.046875,75.234375,61.8046875,51.28125,44.546875,40.4765625,37.15625,34.140625,31.9296875,30.15625,28.7734375,27.3046875,26.203125,24.8359375
2001-10-23,173.765625,185.7890625,181.75,157.625,129.2578125,115.203125,122.1484375,115.1953125,114.6796875,113.0859375,105.1171875,93.0625,83.8515625,79.5625,88.203125,91.046875,75.234375,61.8046875,51.28125,44.546875,40.4765625,37.15625,34.140625,31.9296875,30.15625,28.7734375,27.3046875,26.203125,24.8359375,23.7421875
2001-10-24,181.890625,156.6875,132.546875,145.4375,158.96875,166.5234375,148.296875,138.5390625,138.40625,130.4296875,139.3046875,141.21875,122.640625,115.1015625,114.4921875,101.0859375,81.546875,72.9765625,68.6015625,61.5390625,55.6328125,51.5703125,48.203125,45.7109375,46.6953125,53.34375,77.2578125,89.390625,72.046875,58.7890625
2001-10-25,156.6875,132.546875,145.4375,158.96875,166.5234375,148.296875,138.5390625,138.40625,130.4296875,139.3046875,141.21875,122.640625,115.1015625,114.4921875,101.0859375,81.546875,72.9765625,68.6015625,61.5390625,55.6328125,51.5703125,48.203125,45.7109375,46.6953125,53.34375,77.2578125,89.390625,72.046875,58.7890625,50.4609375
2001-10-26,132.546875,145.4375,158.96875,166.5234375,148.296875,138.5390625,138.40625,130.4296875,139.3046875,141.21875,122.640625,115.1015625,114.4921875,101.0859375,81.546875,72.9765625,68.6015625,61.5390625,55.6328125,51.5703125,48.203125,45.7109375,46.6953125,53.34375,77.2578125,89.390625,72.046875,58.7890625,50.4609375,45.140625
2001-10-27,145.4375,158.96875,166.5234375,148.296875,138.5390625,138.40625,130.4296875,139.3046875,141.21875,122.640625,115.1015625,114.4921875,101.0859375,81.546875,72.9765625,68.6015625,61.5390625,55.6328125,51.5703125,48.203125,45.7109375,46.6953125,53.34375,77.2578125,89.390625,72.046875,58.7890625,50.4609375,45.140625,40.921875
2001-10-28,156.546875,173.5703125,154.2890625,137.171875,120.609375,114.6796875,116.015625,107.3046875,94.3671875,79.7265625,80.765625,103.8671875,204.984375,253.3515625,196.015625,135.1953125,100.6171875,82.328125,71.7734375,65.28125,61.0078125,89.7734375,112.2421875,94.640625,77.2734375,65.6875,58.40625,54.7421875,50.5546875,46.546875
2001-10-29,173.5703125,154.2890625,137.171875,120.609375,114.6796875,116.015625,107.3046875,94.3671875,79.7265625,80.765625,103.8671875,204.984375,253.3515625,196.015625,135.1953125,100.6171875,82.328125,71.7734375,65.28125,61.0078125,89.7734375,112.2421875,94.640625,77.2734375,65.6875,58.40625,54.7421875,50.5546875,46.546875,44.6484375
2001-10-30,154.2890625,137.171875,120.609375,114.6796875,116.015625,107.3046875,94.3671875,79.7265625,80.765625,103.8671875,204.984375,253.3515625,196.015625,135.1953125,100.6171875,82.328125,71.7734375,65.28125,61.0078125,89.7734375,112.2421875,94.640625,77.2734375,65.6875,58.40625,54.7421875,50.5546875,46.546875,44.6484375,41.8203125
2001-10-31,114.734375,125.609375,133.6796875,114.140625,96.75,104.6328125,109.9921875,127.9765625,148.859375,151.6171875,127.5546875,94.6171875,74.8203125,63.0546875,56.03125,50.109375,46.4375,43.78125,40.8203125,38.015625,35.671875,33.5625,31.84375,30.8046875,29.5234375,27.9375,26.46875,25.4375,24.4765625,85.4765625
2001-11-01,125.609375,133.6796875,114.140625,96.75,104.6328125,109.9921875,127.9765625,148.859375,151.6171875,127.5546875,94.6171875,74.8203125,63.0546875,56.03125,50.109375,46.4375,43.78125,40.8203125,38.015625,35.671875,33.5625,31.84375,30.8046875,29.5234375,27.9375,26.46875,25.4375,24.4765625,85.4765625,192.578125
2001-11-02,133.6796875,114.140625,96.75,104.6328125,109.9921875,127.9765625,148.859375,151.6171875,127.5546875,94.6171875,74.8203125,63.0546875,56.03125,50.109375,46.4375,43.78125,40.8203125,38.015625,35.671875,33.5625,31.84375,30.8046875,29.5234375,27.9375,26.46875,25.4375,24.4765625,85.4765625,192.578125,198.2109375
2001-11-03,114.140625,96.75,104.6328125,109.9921875,127.9765625,148.859375,151.6171875,127.5546875,94.6171875,74.8203125,63.0546875,56.03125,50.109375,46.4375,43.78125,40.8203125,38.015625,35.671875,33.5625,31.84375,30.8046875,29.5234375,27.9375,26.46875,25.4375,24.4765625,85.4765625,192.578125,198.2109375,145.265625
2001-11-04,148.4375,156.1875,142.875,113.6875,91.0078125,74.546875,64.53125,57.8203125,51.34375,49.421875,48.734375,47.046875,52.5546875,73.390625,79.484375,63.6328125,51.7734375,43.0859375,36.546875,31.8671875,28.1640625,25.421875,23.2578125,32.796875,50.4453125,49.8203125,47.40625,45.265625,43.578125,58.3828125
2001-11-05,156.1875,142.875,113.6875,91.0078125,74.546875,64.53125,57.8203125,51.34375,49.421875,48.734375,47.046875,52.5546875,73.390625,79.484375,63.6328125,51.7734375,43.0859375,36.546875,31.8671875,28.1640625,25.421875,23.2578125,32.796875,50.4453125,49.8203125,47.40625,45.265625,43.578125,58.3828125,63.7578125
2001-11-06,142.875,113.6875,91.0078125,74.546875,64.53125,57.8203125,51.34375,49.421875,48.734375,47.046875,52.5546875,73.390625,79.484375,63.6328125,51.7734375,43.0859375,36.546875,31.8671875,28.1640625,25.421875,23.2578125,32.796875,50.4453125,49.8203125,47.40625,45.265625,43.578125,58.3828125,63.7578125,52.9296875
2001-11-07,103.734375,83.1875,68.890625,59.875,54.0703125,49.390625,59.015625,103.6484375,110.1796875,81.609375,62.4296875,51.8046875,44.296875,38.3125,34.5703125,31.6328125,30.53125,30.328125,32.203125,34.4375,31.109375,27.15625,26.6171875,36.234375,42.4375,35.265625,28.59375,23.421875,19.84375,17.328125
2001-11-08,83.1875,68.890625,59.875,54.0703125,49.390625,59.015625,103.6484375,110.1796875,81.609375,62.4296875,51.8046875,44.296875,38.3125,34.5703125,31.6328125,30.53125,30.328125,32.203125,34.4375,31.109375,27.15625,26.6171875,36.234375,42.4375,35.265625,28.59375,23.421875,19.84375,17.328125,15.4140625
2001-11-09,68.890625,59.875,54.0703125,49.390625,59.015625,103.6484375,110.1796875,81.609375,62.4296875,51.8046875,44.296875,38.3125,34.5703125,31.6328125,30.53125,30.328125,32.203125,34.4375,31.109375,27.15625,26.6171875,36.234375,42.4375,35.265625,28.59375,23.421875,19.84375,17.328125,15.4140625,14.1328125
2001-11-10,59.875,54.0703125,49.390625,59.015625,103.6484375,110.1796875,81.609375,62.4296875,51.8046875,44.296875,38.3125,34.5703125,31.6328125,30.53125,30.328125,32.203125,34.4375,31.109375,27.15625,26.6171875,36.234375,42.4375,35.265625,28.59375,23.421875,19.84375,17.328125,15.4140625,14.1328125,13.28125
2001-11-11,57.8828125,53.71875,49.7734375,48.859375,47.1796875,43.9921875,40.6953125,40.5078125,44.0546875,48.390625,77.3203125,87.5,65.7578125,49.890625,40.125,34.1171875,50.109375,90.3828125,99.40625,78.0859375,54.8828125,40.078125,31.375,25.453125,21.3359375,82.484375,128.734375,91.109375,63.796875,44.453125
2001-11-12,53.71875,49.7734375,48.859375,47.1796875,43.9921875,40.6953125,40.5078125,44.0546875,48.390625,77.3203125,87.5,65.7578125,49.890625,40.125,34.1171875,50.109375,90.3828125,99.40625,78.0859375,54.8828125,40.078125,31.375,25.453125,21.3359375,82.484375,128.734375,91.109375,63.796875,44.453125,32.6328125
2001-11-13,49.7734375,48.859375,47.1796875,43.9921875,40.6953125,40.5078125,44.0546875,48.390625,77.3203125,87.5,65.7578125,49.890625,40.125,34.1171875,50.109375,90.3828125,99.40625,78.0859375,54.8828125,40.078125,31.375,25.453125,21.3359375,82.484375,128.734375,91.109375,63.796875,44.453125,32.6328125,26.1875
2001-11-14,49.2109375,46.484375,43.09375,40.4921875,37.6484375,35.171875,32.9140625,31.125,29.671875,28.203125,26.6796875,25.5390625,26.6640625,27.0,25.3203125,23.203125,21.234375,19.6171875,17.984375,16.6875,18.0703125,23.1171875,25.359375,25.453125,22.4921875,20.8046875,20.234375,62.03125,103.359375,80.3828125
2001-11-15,46.484375,43.09375,40.4921875,37.6484375,35.171875,32.9140625,31.125,29.671875,28.203125,26.6796875,25.5390625,26.6640625,27.0,25.3203125,23.203125,21.234375,19.6171875,17.984375,16.6875,18.0703125,23.1171875,25.359375,25.453125,22.4921875,20.8046875,20.234375,62.03125,103.359375,80.3828125,60.34375
2001-11-16,43.09375,40.4921875,37.6484375,35.171875,32.9140625,31.125,29.671875,28.203125,26.6796875,25.5390625,26.6640625,27.0,25.3203125,23.203125,21.234375,19.6171875,17.984375,16.6875,18.0703125,23.1171875,25.359375,25.453125,22.4921875,20.8046875,20.234375,62.03125,103.359375,80.3828125,60.34375,41.390625
2001-11-17,40.4921875,37.6484375,35.171875,32.9140625,31.125,29.671875,28.203125,26.6796875,25.5390625,26.6640625,27.0,25.3203125,23.203125,21.234375,19.6171875,17.984375,16.6875,18.0703125,23.1171875,25.359375,25.453125,22.4921875,20.8046875,20.234375,62.03125,103.359375,80.3828125,60.34375,41.390625,28.8046875
2001-11-18,38.984375,37.0859375,34.90625,32.8125,31.21875,29.515625,27.6328125,26.8046875,26.0,24.4609375,23.515625,21.90625,20.2265625,19.21875,18.1328125,16.4140625,14.6640625,13.6796875,12.640625,11.625,10.734375,10.234375,10.0859375,9.9140625,9.3046875,8.6171875,8.328125,7.890625,24.421875,59.171875
2001-11-19,37.0859375,34.90625,32.8125,31.21875,29.515625,27.6328125,26.8046875,26.0,24.4609375,23.515625,21.90625,20.2265625,19.21875,18.1328125,16.4140625,14.6640625,13.6796875,12.640625,11.625,10.734375,10.234375,10.0859375,9.9140625,9.3046875,8.6171875,8.328125,7.890625,24.421875,59.171875,73.265625
2001-11-20,34.90625,32.8125,31.21875,29.515625,27.6328125,26.8046875,26.0,24.4609375,23.515625,21.90625,20.2265625,19.21875,18.1328125,16.4140625,14.6640625,13.6796875,12.640625,11.625,10.734375,10.234375,10.0859375,9.9140625,9.3046875,8.6171875,8.328125,7.890625,24.421875,59.171875,73.265625,68.65625
2001-11-21,34.5234375,32.8359375,30.890625,29.03125,27.8828125,25.828125,24.1484375,22.734375,21.375,20.15625,18.890625,17.7421875,16.6484375,17.171875,19.921875,20.40625,18.71875,16.375,14.84375,13.9140625,14.75,32.71875,66.890625,80.8203125,67.53125,45.015625,31.171875,24.1640625,19.1875,15.3828125
2001-11-22,32.8359375,30.890625,29.03125,27.8828125,25.828125,24.1484375,22.734375,21.375,20.15625,18.890625,17.7421875,16.6484375,17.171875,19.921875,20.40625,18.71875,16.375,14.84375,13.9140625,14.75,32.71875,66.890625,80.8203125,67.53125,45.015625,31.171875,24.1640625,19.1875,15.3828125,12.328125
2001-11-23,30.890625,29.03125,27.8828125,25.828125,24.1484375,22.734375,21.375,20.15625,18.890625,17.7421875,16.6484375,17.171875,19.921875,20.40625,18.71875,16.375,14.84375,13.9140625,14.75,32.71875,66.890625,80.8203125,67.53125,45.015625,31.171875,24.1640625,19.1875,15.3828125,12.328125,10.3671875
2001-11-24,29.03125,27.8828125,25.828125,24.1484375,22.734375,21.375,20.15625,18.890625,17.7421875,16.6484375,17.171875,19.921875,20.40625,18.71875,16.375,14.84375,13.9140625,14.75,32.71875,66.890625,80.8203125,67.53125,45.015625,31.171875,24.1640625,19.1875,15.3828125,12.328125,10.3671875,8.8046875
2001-11-25,29.625,28.546875,26.609375,25.0859375,23.484375,22.2265625,21.421875,21.328125,20.7421875,19.6484375,18.390625,17.5078125,16.1328125,14.84375,13.65625,12.421875,11.359375,10.0625,9.0234375,8.1953125,7.21875,6.5625,5.9375,5.375,5.515625,5.46875,6.046875,6.640625,7.359375,7.640625
2001-11-26,28.546875,26.609375,25.0859375,23.484375,22.2265625,21.421875,21.328125,20.7421875,19.6484375,18.390625,17.5078125,16.1328125,14.84375,13.65625,12.421875,11.359375,10.0625,9.0234375,8.1953125,7.21875,6.5625,5.9375,5.375,5.515625,5.46875,6.046875,6.640625,7.359375,7.640625,7.6328125
2001-11-27,26.609375,25.0859375,23.484375,22.2265625,21.421875,21.328125,20.7421875,19.6484375,18.390625,17.5078125,16.1328125,14.84375,13.65625,12.421875,11.359375,10.0625,9.0234375,8.1953125,7.21875,6.5625,5.9375,5.375,5.515625,5.46875,6.046875,6.640625,7.359375,7.640625,7.6328125,6.875
2001-11-28,24.921875,23.921875,24.5703125,27.3359375,26.8828125,25.796875,26.953125,26.4921875,36.3984375,64.984375,110.375,150.890625,145.328125,106.1171875,67.4453125,46.0390625,33.265625,25.015625,20.3828125,18.71875,16.5390625,17.7265625,24.21875,22.7734375,18.765625,14.828125,12.21875,10.4296875,9.0234375,8.9375
2001-11-29,23.921875,24.5703125,27.3359375,26.8828125,25.796875,26.953125,26.4921875,36.3984375,64.984375,110.375,150.890625,145.328125,106.1171875,67.4453125,46.0390625,33.265625,25.015625,20.3828125,18.71875,16.5390625,17.7265625,24.21875,22.7734375,18.765625,14.828125,12.21875,10.4296875,9.0234375,8.9375,9.5390625
2001-11-30,24.5703125,27.3359375,26.8828125,25.796875,26.953125,26.4921875,36.3984375,64.984375,110.375,150.890625,145.328125,106.1171875,67.4453125,46.0390625,33.265625,25.015625,20.3828125,18.71875,16.5390625,17.7265625,24.21875,22.7734375,18.765625,14.828125,12.21875,10.4296875,9.0234375,8.9375,9.5390625,9.0625
2001-12-01,27.3359375,26.8828125,25.796875,26.953125,26.4921875,36.3984375,64.984375,110.375,150.890625,145.328125,106.1171875,67.4453125,46.0390625,33.265625,25.015625,20.3828125,18.71875,16.5390625,17.7265625,24.21875,22.7734375,18.765625,14.828125,12.21875,10.4296875,9.0234375,8.9375,9.5390625,9.0625,8.5
2001-12-02,29.7578125,27.15625,24.453125,22.03125,66.21875,194.390625,172.796875,101.5546875,65.5546875,46.2734375,35.6875,32.3828125,31.796875,27.5625,22.796875,21.2265625,25.0703125,27.1015625,23.109375,18.09375,14.5390625,11.7890625,9.8359375,8.5,7.625,7.3515625,6.2421875,5.28125,4.8515625,4.546875
2001-12-03,27.15625,24.453125,22.03125,66.21875,194.390625,172.796875,101.5546875,65.5546875,46.2734375,35.6875,32.3828125,31.796875,27.5625,22.796875,21.2265625,25.0703125,27.1015625,23.109375,18.09375,14.5390625,11.7890625,9.8359375,8.5,7.625,7.3515625,6.2421875,5.28125,4.8515625,4.546875,4.4609375
2001-12-04,24.453125,22.03125,66.21875,194.390625,172.796875,101.5546875,65.5546875,46.2734375,35.6875,32.3828125,31.796875,27.5625,22.796875,21.2265625,25.0703125,27.1015625,23.109375,18.09375,14.5390625,11.7890625,9.8359375,8.5,7.625,7.3515625,6.2421875,5.28125,4.8515625,4.546875,4.4609375,4.2734375
2001-12-05,26.453125,24.6015625,21.78125,20.078125,18.9609375,18.5390625,68.5078125,101.640625,78.5390625,62.5078125,44.65625,31.5390625,23.3046875,20.046875,20.1640625,17.984375,15.6796875,12.9609375,10.3125,8.6328125,7.2734375,6.2109375,5.1875,4.7421875,4.5625,4.296875,4.140625,4.171875,4.03125,3.9453125
2001-12-06,24.6015625,21.78125,20.078125,18.9609375,18.5390625,68.5078125,101.640625,78.5390625,62.5078125,44.65625,31.5390625,23.3046875,20.046875,20.1640625,17.984375,15.6796875,12.9609375,10.3125,8.6328125,7.2734375,6.2109375,5.1875,4.7421875,4.5625,4.296875,4.140625,4.171875,4.03125,3.9453125,4.4296875
2001-12-07,21.78125,20.078125,18.9609375,18.5390625,68.5078125,101.640625,78.5390625,62.5078125,44.65625,31.5390625,23.3046875,20.046875,20.1640625,17.984375,15.6796875,12.9609375,10.3125,8.6328125,7.2734375,6.2109375,5.1875,4.7421875,4.5625,4.296875,4.140625,4.171875,4.03125,3.9453125,4.4296875,5.71875
2001-12-08,20.078125,18.9609375,18.5390625,68.5078125,101.640625,78.5390625,62.5078125,44.65625,31.5390625,23.3046875,20.046875,20.1640625,17.984375,15.6796875,12.9609375,10.3125,8.6328125,7.2734375,6.2109375,5.1875,4.7421875,4.5625,4.296875,4.140625,4.171875,4.03125,3.9453125,4.4296875,5.71875,9.1875
2001-12-09,18.375,16.8359375,15.21875,21.6484375,33.671875,31.625,28.53125,40.34375,59.1953125,55.03125,39.0859375,29.2890625,27.25,25.9609375,20.5703125,16.2578125,12.8828125,10.484375,10.28125,13.0703125,16.5234375,17.4453125,15.4296875,12.6953125,10.484375,8.8046875,7.5234375,6.7421875,6.3359375,6.296875
2001-12-10,16.8359375,15.21875,21.6484375,33.671875,31.625,28.53125,40.34375,59.1953125,55.03125,39.0859375,29.2890625,27.25,25.9609375,20.5703125,16.2578125,12.8828125,10.484375,10.28125,13.0703125,16.5234375,17.4453125,15.4296875,12.6953125,10.484375,8.8046875,7.5234375,6.7421875,6.3359375,6.296875,13.1875
2001-12-11,15.21875,21.6484375,33.671875,31.625,28.53125,40.34375,59.1953125,55.03125,39.0859375,29.2890625,27.25,25.9609375,20.5703125,16.2578125,12.8828125,10.484375,10.28125,13.0703125,16.5234375,17.4453125,15.4296875,12.6953125,10.484375,8.8046875,7.5234375,6.7421875,6.3359375,6.296875,13.1875,21.75
2001-12-12,15.625,15.3125,14.1484375,13.046875,17.84375,27.1328125,26.3828125,23.3359375,22.0390625,18.828125,14.875,12.0234375,9.890625,8.0078125,6.703125,5.7890625,5.1015625,5.53125,4.7578125,3.984375,3.8046875,3.609375,3.6484375,4.390625,6.6953125,15.9453125,23.1875,23.15625,18.5859375,14.890625
2001-12-13,15.3125,14.1484375,13.046875,17.84375,27.1328125,26.3828125,23.3359375,22.0390625,18.828125,14.875,12.0234375,9.890625,8.0078125,6.703125,5.7890625,5.1015625,5.53125,4.7578125,3.984375,3.8046875,3.609375,3.6484375,4.390625,6.6953125,15.9453125,23.1875,23.15625,18.5859375,14.890625,12.09375
2001-12-14,14.1484375,13.046875,17.84375,27.1328125,26.3828125,23.3359375,22.0390625,18.828125,14.875,12.0234375,9.890625,8.0078125,6.703125,5.7890625,5.1015625,5.53125,4.7578125,3.984375,3.8046875,3.609375,3.6484375,4.390625,6.6953125,15.9453125,23.1875,23.15625,18.5859375,14.890625,12.09375,10.2265625
2001-12-15,13.046875,17.84375,27.1328125,26.3828125,23.3359375,22.0390625,18.828125,14.875,12.0234375,9.890625,8.0078125,6.703125,5.7890625,5.1015625,5.53125,4.7578125,3.984375,3.8046875,3.609375,3.6484375,4.390625,6.6953125,15.9453125,23.1875,23.15625,18.5859375,14.890625,12.09375,10.2265625,9.171875
2001-12-16,20.9453125,21.9375,23.9765625,24.0859375,20.0703125,15.921875,13.3359375,11.390625,9.5078125,7.7265625,6.4765625,5.25,4.90625,4.890625,4.7421875,4.8046875,4.6171875,4.2734375,4.0234375,4.390625,4.421875,4.234375,3.7578125,3.59375,3.5546875,3.4375,3.4921875,3.3828125,3.2734375,3.5078125
2001-12-17,21.9375,23.9765625,24.0859375,20.0703125,15.921875,13.3359375,11.390625,9.5078125,7.7265625,6.4765625,5.25,4.90625,4.890625,4.7421875,4.8046875,4.6171875,4.2734375,4.0234375,4.390625,4.421875,4.234375,3.7578125,3.59375,3.5546875,3.4375,3.4921875,3.3828125,3.2734375,3.5078125,3.5546875
2001-12-18,23.9765625,24.0859375,20.0703125,15.921875,13.3359375,11.390625,9.5078125,7.7265625,6.4765625,5.25,4.90625,4.890625,4.7421875,4.8046875,4.6171875,4.2734375,4.0234375,4.390625,4.421875,4.234375,3.7578125,3.59375,3.5546875,3.4375,3.4921875,3.3828125,3.2734375,3.5078125,3.5546875,3.46875
2001-12-19,18.8515625,15.90625,13.234375,11.8671875,10.3671875,9.46875,8.65625,8.0390625,7.1953125,6.25,5.7421875,5.359375,5.125,5.0234375,4.7265625,4.5,4.4453125,4.1953125,3.6953125,3.859375,26.2578125,60.7578125,58.8515625,58.2734375,49.1640625,39.7421875,33.4609375,29.78125,31.5078125,33.171875
2001-12-20,15.90625,13.234375,11.8671875,10.3671875,9.46875,8.65625,8.0390625,7.1953125,6.25,5.7421875,5.359375,5.125,5.0234375,4.7265625,4.5,4.4453125,4.1953125,3.6953125,3.859375,26.2578125,60.7578125,58.8515625,58.2734375,49.1640625,39.7421875,33.4609375,29.78125,31.5078125,33.171875,28.2421875
2001-12-21,13.234375,11.8671875,10.3671875,9.46875,8.65625,8.0390625,7.1953125,6.25,5.7421875,5.359375,5.125,5.0234375,4.7265625,4.5,4.4453125,4.1953125,3.6953125,3.859375,26.2578125,60.7578125,58.8515625,58.2734375,49.1640625,39.7421875,33.4609375,29.78125,31.5078125,33.171875,28.2421875,23.5078125
2001-12-22,11.8671875,10.3671875,9.46875,8.65625,8.0390625,7.1953125,6.25,5.7421875,5.359375,5.125,5.0234375,4.7265625,4.5,4.4453125,4.1953125,3.6953125,3.859375,26.2578125,60.7578125,58.8515625,58.2734375,49.1640625,39.7421875,33.4609375,29.78125,31.5078125,33.171875,28.2421875,23.5078125,18.1953125
2001-12-23,10.2109375,9.421875,8.109375,7.359375,6.65625,6.3125,5.796875,5.2578125,5.0625,4.8203125,4.5859375,4.4296875,4.1015625,3.71875,3.3046875,3.1796875,3.3671875,3.4140625,3.953125,6.8984375,8.625,8.5078125,7.6875,7.375,7.6171875,8.34375,8.1640625,7.765625,8.265625,10.3359375
2001-12-24,9.421875,8.109375,7.359375,6.65625,6.3125,5.796875,5.2578125,5.0625,4.8203125,4.5859375,4.4296875,4.1015625,3.71875,3.3046875,3.1796875,3.3671875,3.4140625,3.953125,6.8984375,8.625,8.5078125,7.6875,7.375,7.6171875,8.34375,8.1640625,7.765625,8.265625,10.3359375,15.203125
2001-12-25,8.109375,7.359375,6.65625,6.3125,5.796875,5.2578125,5.0625,4.8203125,4.5859375,4.4296875,4.1015625,3.71875,3.3046875,3.1796875,3.3671875,3.4140625,3.953125,6.8984375,8.625,8.5078125,7.6875,7.375,7.6171875,8.34375,8.1640625,7.765625,8.265625,10.3359375,15.203125,17.484375
2001-12-26,7.515625,6.859375,6.2734375,5.5546875,5.0859375,4.78125,4.3828125,4.3515625,4.375,3.6875,3.234375,3.140625,3.109375,3.28125,3.4296875,3.5078125,3.5234375,3.390625,3.390625,3.359375,3.1953125,3.046875,3.171875,3.078125,3.2265625,3.515625,4.5234375,4.953125,4.5,4.609375
2001-12-27,6.859375,6.2734375,5.5546875,5.0859375,4.78125,4.3828125,4.3515625,4.375,3.6875,3.234375,3.140625,3.109375,3.28125,3.4296875,3.5078125,3.5234375,3.390625,3.390625,3.359375,3.1953125,3.046875,3.171875,3.078125,3.2265625,3.515625,4.5234375,4.953125,4.5,4.609375,4.625
2001-12-28,6.2734375,5.5546875,5.0859375,4.78125,4.3828125,4.3515625,4.375,3.6875,3.234375,3.140625,3.109375,3.28125,3.4296875,3.5078125,3.5234375,3.390625,3.390625,3.359375,3.1953125,3.046875,3.171875,3.078125,3.2265625,3.515625,4.5234375,4.953125,4.5,4.609375,4.625,4.265625
2001-12-29,5.5546875,5.0859375,4.78125,4.3828125,4.3515625,4.375,3.6875,3.234375,3.140625,3.109375,3.28125,3.4296875,3.5078125,3.5234375,3.390625,3.390625,3.359375,3.1953125,3.046875,3.171875,3.078125,3.2265625,3.515625,4.5234375,4.953125,4.5,4.609375,4.625,4.265625,3.953125
2001-12-30,5.140625,5.203125,4.890625,4.15625,3.703125,3.4296875,3.1953125,3.1328125,4.0546875,6.203125,6.7578125,6.5546875,6.109375,7.5,11.65625,13.2734375,13.6953125,14.546875,13.8984375,12.0859375,10.7109375,12.5078125,16.203125,15.9296875,13.4375,11.2890625,8.8515625,7.515625,6.421875,5.6875
2001-12-31,5.203125,4.890625,4.15625,3.703125,3.4296875,3.1953125,3.1328125,4.0546875,6.203125,6.7578125,6.5546875,6.109375,7.5,11.65625,13.2734375,13.6953125,14.546875,13.8984375,12.0859375,10.7109375,12.5078125,16.203125,15.9296875,13.4375,11.2890625,8.8515625,7.515625,6.421875,5.6875,5.28125
2002-01-01,4.890625,4.15625,3.703125,3.4296875,3.1953125,3.1328125,4.0546875,6.203125,6.7578125,6.5546875,6.109375,7.5,11.65625,13.2734375,13.6953125,14.546875,13.8984375,12.0859375,10.7109375,12.5078125,16.203125,15.9296875,13.4375,11.2890625,8.8515625,7.515625,6.421875,5.6875,5.28125,4.90625
2002-01-02,4.15625,3.703125,3.4296875,3.1953125,3.1328125,4.0546875,6.203125,6.7578125,6.5546875,6.109375,7.5,11.65625,13.2734375,13.6953125,14.546875,13.8984375,12.0859375,10.7109375,12.5078125,16.203125,15.9296875,13.4375,11.2890625,8.8515625,7.515625,6.421875,5.6875,5.28125,4.90625,4.375
2002-01-03,3.625,3.3046875,3.2265625,3.3203125,3.2890625,3.234375,3.2578125,3.34375,3.453125,3.53125,4.1875,7.4921875,10.0703125,39.625,71.0703125,53.1875,38.4140625,29.625,28.2265625,29.4453125,26.5,21.421875,16.5,12.734375,9.8125,8.078125,6.984375,6.203125,5.640625,5.15625
2002-01-04,3.3046875,3.2265625,3.3203125,3.2890625,3.234375,3.2578125,3.34375,3.453125,3.53125,4.1875,7.4921875,10.0703125,39.625,71.0703125,53.1875,38.4140625,29.625,28.2265625,29.4453125,26.5,21.421875,16.5,12.734375,9.8125,8.078125,6.984375,6.203125,5.640625,5.15625,4.390625
2002-01-05,3.2265625,3.3203125,3.2890625,3.234375,3.2578125,3.34375,3.453125,3.53125,4.1875,7.4921875,10.0703125,39.625,71.0703125,53.1875,38.4140625,29.625,28.2265625,29.4453125,26.5,21.421875,16.5,12.734375,9.8125,8.078125,6.984375,6.203125,5.640625,5.15625,4.390625,4.234375
2002-01-06,3.3203125,3.2890625,3.234375,3.2578125,3.34375,3.453125,3.53125,4.1875,7.4921875,10.0703125,39.625,71.0703125,53.1875,38.4140625,29.625,28.2265625,29.4453125,26.5,21.421875,16.5,12.734375,9.8125,8.078125,6.984375,6.203125,5.640625,5.15625,4.390625,4.234375,4.609375
2002-01-07,3.1015625,3.0625,3.1953125,3.3515625,3.40625,3.5390625,3.921875,3.875,3.796875,4.734375,8.0546875,13.8125,28.0703125,43.5234375,44.6875,38.03125,42.21875,50.28125,38.8125,30.28125,25.359375,24.84375,21.203125,16.1875,12.5625,10.375,10.1875,10.65625,10.609375,11.453125
2002-01-08,3.0625,3.1953125,3.3515625,3.40625,3.5390625,3.921875,3.875,3.796875,4.734375,8.0546875,13.8125,28.0703125,43.5234375,44.6875,38.03125,42.21875,50.28125,38.8125,30.28125,25.359375,24.84375,21.203125,16.1875,12.5625,10.375,10.1875,10.65625,10.609375,11.453125,10.9375
2002-01-09,3.1953125,3.3515625,3.40625,3.5390625,3.921875,3.875,3.796875,4.734375,8.0546875,13.8125,28.0703125,43.5234375,44.6875,38.03125,42.21875,50.28125,38.8125,30.28125,25.359375,24.84375,21.203125,16.1875,12.5625,10.375,10.1875,10.65625,10.609375,11.453125,10.9375,9.453125
2002-01-10,3.140625,3.21875,3.375,3.734375,3.9609375,6.8203125,20.59375,33.140625,31.34375,26.0078125,24.34375,68.3203125,179.6484375,156.671875,87.921875,52.125,33.65625,23.265625,17.1875,13.546875,10.859375,9.078125,7.953125,7.46875,7.015625,6.875,6.640625,6.65625,6.890625,7.828125
2002-01-11,3.21875,3.375,3.734375,3.9609375,6.8203125,20.59375,33.140625,31.34375,26.0078125,24.34375,68.3203125,179.6484375,156.671875,87.921875,52.125,33.65625,23.265625,17.1875,13.546875,10.859375,9.078125,7.953125,7.46875,7.015625,6.875,6.640625,6.65625,6.890625,7.828125,7.90625
2002-01-12,3.375,3.734375,3.9609375,6.8203125,20.59375,33.140625,31.34375,26.0078125,24.34375,68.3203125,179.6484375,156.671875,87.921875,52.125,33.65625,23.265625,17.1875,13.546875,10.859375,9.078125,7.953125,7.46875,7.015625,6.875,6.640625,6.65625,6.890625,7.828125,7.90625,7.796875
2002-01-13,3.734375,3.9609375,6.8203125,20.59375,33.140625,31.34375,26.0078125,24.34375,68.3203125,179.6484375,156.671875,87.921875,52.125,33.65625,23.265625,17.1875,13.546875,10.859375,9.078125,7.953125,7.46875,7.015625,6.875,6.640625,6.65625,6.890625,7.828125,7.90625,7.796875,8.71875
2002-01-14,3.4296875,3.625,3.5859375,4.1640625,5.28125,7.1171875,9.8125,10.25,9.125,7.890625,6.953125,6.578125,7.296875,9.359375,13.46875,15.328125,16.15625,17.828125,17.15625,15.921875,14.984375,12.6875,10.015625,8.25,7.265625,6.9375,9.609375,13.796875,15.609375,17.4375
2002-01-15,3.625,3.5859375,4.1640625,5.28125,7.1171875,9.8125,10.25,9.125,7.890625,6.953125,6.578125,7.296875,9.359375,13.46875,15.328125,16.15625,17.828125,17.15625,15.921875,14.984375,12.6875,10.015625,8.25,7.265625,6.9375,9.609375,13.796875,15.609375,17.4375,16.15625
2002-01-16,3.5859375,4.1640625,5.28125,7.1171875,9.8125,10.25,9.125,7.890625,6.953125,6.578125,7.296875,9.359375,13.46875,15.328125,16.15625,17.828125,17.15625,15.921875,14.984375,12.6875,10.015625,8.25,7.265625,6.9375,9.609375,13.796875,15.609375,17.4375,16.15625,14.0625
2002-01-17,4.0390625,4.453125,5.328125,6.75,17.390625,33.4296875,31.96875,25.984375,20.546875,17.40625,14.796875,12.359375,10.546875,8.359375,7.125,6.40625,5.75,5.59375,5.5625,5.640625,5.671875,5.46875,6.328125,9.046875,9.890625,10.125,13.140625,19.09375,18.5625,15.59375
2002-01-18,4.453125,5.328125,6.75,17.390625,33.4296875,31.96875,25.984375,20.546875,17.40625,14.796875,12.359375,10.546875,8.359375,7.125,6.40625,5.75,5.59375,5.5625,5.640625,5.671875,5.46875,6.328125,9.046875,9.890625,10.125,13.140625,19.09375,18.5625,15.59375,12.8125
2002-01-19,5.328125,6.75,17.390625,33.4296875,31.96875,25.984375,20.546875,17.40625,14.796875,12.359375,10.546875,8.359375,7.125,6.40625,5.75,5.59375,5.5625,5.640625,5.671875,5.46875,6.328125,9.046875,9.890625,10.125,13.140625,19.09375,18.5625,15.59375,12.8125,10.9375
2002-01-20,6.75,17.390625,33.4296875,31.96875,25.984375,20.546875,17.40625,14.796875,12.359375,10.546875,8.359375,7.125,6.40625,5.75,5.59375,5.5625,5.640625,5.671875,5.46875,6.328125,9.046875,9.890625,10.125,13.140625,19.09375,18.5625,15.59375,12.8125,10.9375,9.0
2002-01-21,6.640625,6.859375,6.5859375,6.359375,5.953125,6.484375,9.890625,17.078125,18.640625,16.796875,14.1875,11.421875,9.390625,7.796875,6.640625,6.15625,5.28125,4.46875,4.328125,4.59375,6.140625,7.75,8.5625,9.6875,11.828125,12.125,11.109375,10.171875,9.40625,12.875
2002-01-22,6.859375,6.5859375,6.359375,5.953125,6.484375,9.890625,17.078125,18.640625,16.796875,14.1875,11.421875,9.390625,7.796875,6.640625,6.15625,5.28125,4.46875,4.328125,4.59375,6.140625,7.75,8.5625,9.6875,11.828125,12.125,11.109375,10.171875,9.40625,12.875,19.21875
2002-01-23,6.5859375,6.359375,5.953125,6.484375,9.890625,17.078125,18.640625,16.796875,14.1875,11.421875,9.390625,7.796875,6.640625,6.15625,5.28125,4.46875,4.328125,4.59375,6.140625,7.75,8.5625,9.6875,11.828125,12.125,11.109375,10.171875,9.40625,12.875,19.21875,19.390625
2002-01-24,13.125,11.421875,9.96875,12.84375,21.921875,24.5,20.015625,15.40625,11.875,9.453125,7.78125,6.53125,5.609375,4.59375,4.25,3.6875,3.5625,3.671875,3.765625,4.453125,6.484375,8.75,9.359375,9.71875,10.671875,9.671875,9.046875,8.3125,8.359375,9.0
2002-01-25,11.421875,9.96875,12.84375,21.921875,24.5,20.015625,15.40625,11.875,9.453125,7.78125,6.53125,5.609375,4.59375,4.25,3.6875,3.5625,3.671875,3.765625,4.453125,6.484375,8.75,9.359375,9.71875,10.671875,9.671875,9.046875,8.3125,8.359375,9.0,8.4375
2002-01-26,9.96875,12.84375,21.921875,24.5,20.015625,15.40625,11.875,9.453125,7.78125,6.53125,5.609375,4.59375,4.25,3.6875,3.5625,3.671875,3.765625,4.453125,6.484375,8.75,9.359375,9.71875,10.671875,9.671875,9.046875,8.3125,8.359375,9.0,8.4375,8.515625
2002-01-27,12.84375,21.921875,24.5,20.015625,15.40625,11.875,9.453125,7.78125,6.53125,5.609375,4.59375,4.25,3.6875,3.5625,3.671875,3.765625,4.453125,6.484375,8.75,9.359375,9.71875,10.671875,9.671875,9.046875,8.3125,8.359375,9.0,8.4375,8.515625,9.015625
2002-01-28,6.984375,5.90625,5.09375,4.609375,4.46875,4.28125,4.21875,4.359375,5.453125,7.875,8.84375,8.890625,8.984375,11.0625,14.703125,14.875,14.28125,14.34375,16.15625,16.78125,17.59375,17.15625,14.390625,12.28125,9.921875,8.21875,7.40625,7.1875,8.640625,10.9375
2002-01-29,5.90625,5.09375,4.609375,4.46875,4.28125,4.21875,4.359375,5.453125,7.875,8.84375,8.890625,8.984375,11.0625,14.703125,14.875,14.28125,14.34375,16.15625,16.78125,17.59375,17.15625,14.390625,12.28125,9.921875,8.21875,7.40625,7.1875,8.640625,10.9375,11.796875
2002-01-30,5.09375,4.609375,4.46875,4.28125,4.21875,4.359375,5.453125,7.875,8.84375,8.890625,8.984375,11.0625,14.703125,14.875,14.28125,14.34375,16.15625,16.78125,17.59375,17.15625,14.390625,12.28125,9.921875,8.21875,7.40625,7.1875,8.640625,10.9375,11.796875,12.421875
2002-01-31,5.53125,5.34375,4.96875,4.796875,4.578125,4.9375,6.796875,10.453125,12.375,11.359375,10.390625,10.140625,10.875,11.859375,14.625,16.515625,15.5625,13.953125,11.875,10.0,8.40625,7.78125,7.921875,9.421875,15.390625,20.890625,21.546875,23.953125,41.359375,52.734375
2002-02-01,5.34375,4.96875,4.796875,4.578125,4.9375,6.796875,10.453125,12.375,11.359375,10.390625,10.140625,10.875,11.859375,14.625,16.515625,15.5625,13.953125,11.875,10.0,8.40625,7.78125,7.921875,9.421875,15.390625,20.890625,21.546875,23.953125,41.359375,52.734375,40.03125
2002-02-02,4.96875,4.796875,4.578125,4.9375,6.796875,10.453125,12.375,11.359375,10.390625,10.140625,10.875,11.859375,14.625,16.515625,15.5625,13.953125,11.875,10.0,8.40625,7.78125,7.921875,9.421875,15.390625,20.890625,21.546875,23.953125,41.359375,52.734375,40.03125,28.703125
2002-02-03,4.796875,4.578125,4.9375,6.796875,10.453125,12.375,11.359375,10.390625,10.140625,10.875,11.859375,14.625,16.515625,15.5625,13.953125,11.875,10.0,8.40625,7.78125,7.921875,9.421875,15.390625,20.890625,21.546875,23.953125,41.359375,52.734375,40.03125,28.703125,20.84375
2002-02-04,6.5,6.15625,5.609375,5.5,5.953125,6.484375,6.609375,6.953125,7.40625,7.421875,6.75,6.171875,6.34375,10.03125,27.859375,48.640625,47.421875,35.3125,25.953125,19.09375,14.65625,11.640625,9.59375,8.203125,10.59375,20.5625,27.59375,26.296875,22.5,17.953125
2002-02-05,6.15625,5.609375,5.5,5.953125,6.484375,6.609375,6.953125,7.40625,7.421875,6.75,6.171875,6.34375,10.03125,27.859375,48.640625,47.421875,35.3125,25.953125,19.09375,14.65625,11.640625,9.59375,8.203125,10.59375,20.5625,27.59375,26.296875,22.5,17.953125,18.078125
2002-02-06,5.609375,5.5,5.953125,6.484375,6.609375,6.953125,7.40625,7.421875,6.75,6.171875,6.34375,10.03125,27.859375,48.640625,47.421875,35.3125,25.953125,19.09375,14.65625,11.640625,9.59375,8.203125,10.59375,20.5625,27.59375,26.296875,22.5,17.953125,18.078125,19.21875
2002-02-07,6.53125,6.640625,6.859375,6.6875,6.1875,5.34375,4.828125,4.890625,5.140625,5.34375,5.265625,5.75,6.46875,10.109375,13.25,12.03125,10.1875,9.265625,9.078125,9.21875,9.78125,10.96875,11.53125,10.265625,8.953125,7.796875,6.328125,5.234375,5.453125,5.78125
2002-02-08,6.640625,6.859375,6.6875,6.1875,5.34375,4.828125,4.890625,5.140625,5.34375,5.265625,5.75,6.46875,10.109375,13.25,12.03125,10.1875,9.265625,9.078125,9.21875,9.78125,10.96875,11.53125,10.265625,8.953125,7.796875,6.328125,5.234375,5.453125,5.78125,6.421875
2002-02-09,6.859375,6.6875,6.1875,5.34375,4.828125,4.890625,5.140625,5.34375,5.265625,5.75,6.46875,10.109375,13.25,12.03125,10.1875,9.265625,9.078125,9.21875,9.78125,10.96875,11.53125,10.265625,8.953125,7.796875,6.328125,5.234375,5.453125,5.78125,6.421875,7.875
2002-02-10,6.6875,6.1875,5.34375,4.828125,4.890625,5.140625,5.34375,5.265625,5.75,6.46875,10.109375,13.25,12.03125,10.1875,9.265625,9.078125,9.21875,9.78125,10.96875,11.53125,10.265625,8.953125,7.796875,6.328125,5.234375,5.453125,5.78125,6.421875,7.875,16.40625
2002-02-11,8.265625,7.953125,8.953125,10.484375,12.453125,12.953125,11.796875,10.328125,9.1875,15.046875,29.359375,27.5625,21.3125,15.96875,12.28125,10.46875,9.859375,9.84375,10.296875,10.3125,9.078125,7.6875,6.75,6.703125,8.546875,9.359375,8.34375,7.484375,6.53125,5.953125
2002-02-12,7.953125,8.953125,10.484375,12.453125,12.953125,11.796875,10.328125,9.1875,15.046875,29.359375,27.5625,21.3125,15.96875,12.28125,10.46875,9.859375,9.84375,10.296875,10.3125,9.078125,7.6875,6.75,6.703125,8.546875,9.359375,8.34375,7.484375,6.53125,5.953125,12.46875
2002-02-13,8.953125,10.484375,12.453125,12.953125,11.796875,10.328125,9.1875,15.046875,29.359375,27.5625,21.3125,15.96875,12.28125,10.46875,9.859375,9.84375,10.296875,10.3125,9.078125,7.6875,6.75,6.703125,8.546875,9.359375,8.34375,7.484375,6.53125,5.953125,12.46875,35.46875
2002-02-14,7.0625,6.3125,6.015625,6.21875,6.1875,5.890625,6.546875,8.171875,9.5625,11.375,11.46875,10.25,12.96875,19.171875,18.203125,17.546875,15.0625,11.90625,10.21875,14.59375,25.109375,24.921875,20.953125,18.734375,17.0625,16.78125,26.796875,45.9375,42.671875,31.5625
2002-02-15,6.3125,6.015625,6.21875,6.1875,5.890625,6.546875,8.171875,9.5625,11.375,11.46875,10.25,12.96875,19.171875,18.203125,17.546875,15.0625,11.90625,10.21875,14.59375,25.109375,24.921875,20.953125,18.734375,17.0625,16.78125,26.796875,45.9375,42.671875,31.5625,23.984375
2002-02-16,6.015625,6.21875,6.1875,5.890625,6.546875,8.171875,9.5625,11.375,11.46875,10.25,12.96875,19.171875,18.203125,17.546875,15.0625,11.90625,10.21875,14.59375,25.109375,24.921875,20.953125,18.734375,17.0625,16.78125,26.796875,45.9375,42.671875,31.5625,23.984375,19.828125
2002-02-17,6.21875,6.1875,5.890625,6.546875,8.171875,9.5625,11.375,11.46875,10.25,12.96875,19.171875,18.203125,17.546875,15.0625,11.90625,10.21875,14.59375,25.109375,24.921875,20.953125,18.734375,17.0625,16.78125,26.796875,45.9375,42.671875,31.5625,23.984375,19.828125,15.15625
2002-02-18,6.40625,6.21875,12.984375,31.484375,34.296875,29.484375,26.203125,22.25,17.984375,20.609375,27.875,24.09375,18.0,13.359375,10.375,8.875,9.0625,10.234375,10.84375,11.984375,14.375,16.0625,18.578125,26.65625,36.046875,32.84375,25.34375,30.109375,38.546875,31.109375
2002-02-19,6.21875,12.984375,31.484375,34.296875,29.484375,26.203125,22.25,17.984375,20.609375,27.875,24.09375,18.0,13.359375,10.375,8.875,9.0625,10.234375,10.84375,11.984375,14.375,16.0625,18.578125,26.65625,36.046875,32.84375,25.34375,30.109375,38.546875,31.109375,27.4375
2002-02-20,12.984375,31.484375,34.296875,29.484375,26.203125,22.25,17.984375,20.609375,27.875,24.09375,18.0,13.359375,10.375,8.875,9.0625,10.234375,10.84375,11.984375,14.375,16.0625,18.578125,26.65625,36.046875,32.84375,25.34375,30.109375,38.546875,31.109375,27.4375,28.875
2002-02-21,7.65625,7.0,7.671875,9.875,11.03125,10.359375,9.734375,9.765625,10.359375,10.15625,11.328125,15.375,15.296875,12.75,10.328125,9.046875,9.015625,9.078125,11.15625,12.1875,11.125,9.1875,7.75,7.078125,7.625,10.171875,13.4375,17.953125,18.40625,17.796875
2002-02-22,7.0,7.671875,9.875,11.03125,10.359375,9.734375,9.765625,10.359375,10.15625,11.328125,15.375,15.296875,12.75,10.328125,9.046875,9.015625,9.078125,11.15625,12.1875,11.125,9.1875,7.75,7.078125,7.625,10.171875,13.4375,17.953125,18.40625,17.796875,15.359375
2002-02-23,7.671875,9.875,11.03125,10.359375,9.734375,9.765625,10.359375,10.15625,11.328125,15.375,15.296875,12.75,10.328125,9.046875,9.015625,9.078125,11.15625,12.1875,11.125,9.1875,7.75,7.078125,7.625,10.171875,13.4375,17.953125,18.40625,17.796875,15.359375,13.765625
2002-02-24,9.875,11.03125,10.359375,9.734375,9.765625,10.359375,10.15625,11.328125,15.375,15.296875,12.75,10.328125,9.046875,9.015625,9.078125,11.15625,12.1875,11.125,9.1875,7.75,7.078125,7.625,10.171875,13.4375,17.953125,18.40625,17.796875,15.359375,13.765625,12.78125
2002-02-25,9.78125,9.078125,8.0,7.25,8.8125,16.671875,23.484375,22.09375,18.171875,18.1875,20.140625,23.484375,24.265625,21.359375,18.46875,16.859375,15.5625,16.03125,15.84375,15.171875,13.3125,13.5,15.65625,15.171875,14.96875,16.96875,17.46875,16.78125,15.125,13.15625
2002-02-26,9.078125,8.0,7.25,8.8125,16.671875,23.484375,22.09375,18.171875,18.1875,20.140625,23.484375,24.265625,21.359375,18.46875,16.859375,15.5625,16.03125,15.84375,15.171875,13.3125,13.5,15.65625,15.171875,14.96875,16.96875,17.46875,16.78125,15.125,13.15625,11.953125
2002-02-27,8.0,7.25,8.8125,16.671875,23.484375,22.09375,18.171875,18.1875,20.140625,23.484375,24.265625,21.359375,18.46875,16.859375,15.5625,16.03125,15.84375,15.171875,13.3125,13.5,15.65625,15.171875,14.96875,16.96875,17.46875,16.78125,15.125,13.15625,11.953125,12.03125
2002-02-28,7.8125,8.375,14.109375,25.6875,25.75,21.015625,26.234375,53.890625,69.546875,56.6875,42.921875,37.09375,29.796875,23.71875,19.234375,14.796875,19.078125,36.90625,39.015625,29.546875,23.65625,57.828125,101.671875,79.390625,49.71875,32.421875,23.34375,18.234375,15.359375,15.125
2002-03-01,8.375,14.109375,25.6875,25.75,21.015625,26.234375,53.890625,69.546875,56.6875,42.921875,37.09375,29.796875,23.71875,19.234375,14.796875,19.078125,36.90625,39.015625,29.546875,23.65625,57.828125,101.671875,79.390625,49.71875,32.421875,23.34375,18.234375,15.359375,15.125,15.703125
2002-03-02,14.109375,25.6875,25.75,21.015625,26.234375,53.890625,69.546875,56.6875,42.921875,37.09375,29.796875,23.71875,19.234375,14.796875,19.078125,36.90625,39.015625,29.546875,23.65625,57.828125,101.671875,79.390625,49.71875,32.421875,23.34375,18.234375,15.359375,15.125,15.703125,16.40625
2002-03-03,25.6875,25.75,21.015625,26.234375,53.890625,69.546875,56.6875,42.921875,37.09375,29.796875,23.71875,19.234375,14.796875,19.078125,36.90625,39.015625,29.546875,23.65625,57.828125,101.671875,79.390625,49.71875,32.421875,23.34375,18.234375,15.359375,15.125,15.703125,16.40625,14.953125
2002-03-04,11.6875,12.21875,18.3125,77.21875,103.125,67.328125,46.59375,40.09375,38.234375,31.828125,23.46875,17.578125,13.09375,11.0,11.296875,14.46875,14.390625,12.4375,10.921875,9.890625,9.140625,10.390625,13.578125,15.96875,18.1875,18.375,18.96875,28.09375,43.46875,50.71875
2002-03-05,12.21875,18.3125,77.21875,103.125,67.328125,46.59375,40.09375,38.234375,31.828125,23.46875,17.578125,13.09375,11.0,11.296875,14.46875,14.390625,12.4375,10.921875,9.890625,9.140625,10.390625,13.578125,15.96875,18.1875,18.375,18.96875,28.09375,43.46875,50.71875,42.875
2002-03-06,18.3125,77.21875,103.125,67.328125,46.59375,40.09375,38.234375,31.828125,23.46875,17.578125,13.09375,11.0,11.296875,14.46875,14.390625,12.4375,10.921875,9.890625,9.140625,10.390625,13.578125,15.96875,18.1875,18.375,18.96875,28.09375,43.46875,50.71875,42.875,61.421875
2002-03-07,16.984375,16.59375,14.453125,12.5,12.171875,13.515625,12.5625,11.921875,11.84375,15.234375,21.546875,22.25,20.84375,20.171875,20.25,17.328125,14.46875,25.15625,47.8125,47.59375,37.71875,27.703125,25.15625,26.59375,22.71875,20.03125,30.046875,43.21875,36.125,31.09375
2002-03-08,16.59375,14.453125,12.5,12.171875,13.515625,12.5625,11.921875,11.84375,15.234375,21.546875,22.25,20.84375,20.171875,20.25,17.328125,14.46875,25.15625,47.8125,47.59375,37.71875,27.703125,25.15625,26.59375,22.71875,20.03125,30.046875,43.21875,36.125,31.09375,33.84375
2002-03-09,14.453125,12.5,12.171875,13.515625,12.5625,11.921875,11.84375,15.234375,21.546875,22.25,20.84375,20.171875,20.25,17.328125,14.46875,25.15625,47.8125,47.59375,37.71875,27.703125,25.15625,26.59375,22.71875,20.03125,30.046875,43.21875,36.125,31.09375,33.84375,42.5
2002-03-10,12.5,12.171875,13.515625,12.5625,11.921875,11.84375,15.234375,21.546875,22.25,20.84375,20.171875,20.25,17.328125,14.46875,25.15625,47.8125,47.59375,37.71875,27.703125,25.15625,26.59375,22.71875,20.03125,30.046875,43.21875,36.125,31.09375,33.84375,42.5,42.5
2002-03-11,19.828125,16.75,14.25,13.9375,17.21875,19.453125,21.34375,26.015625,28.78125,26.8125,20.84375,17.671875,18.015625,19.359375,22.65625,26.140625,27.796875,30.09375,28.3125,23.609375,24.3125,41.453125,50.421875,39.6875,31.6875,27.125,24.453125,28.546875,41.453125,42.34375
2002-03-12,16.75,14.25,13.9375,17.21875,19.453125,21.34375,26.015625,28.78125,26.8125,20.84375,17.671875,18.015625,19.359375,22.65625,26.140625,27.796875,30.09375,28.3125,23.609375,24.3125,41.453125,50.421875,39.6875,31.6875,27.125,24.453125,28.546875,41.453125,42.34375,31.0625
2002-03-13,14.25,13.9375,17.21875,19.453125,21.34375,26.015625,28.78125,26.8125,20.84375,17.671875,18.015625,19.359375,22.65625,26.140625,27.796875,30.09375,28.3125,23.609375,24.3125,41.453125,50.421875,39.6875,31.6875,27.125,24.453125,28.546875,41.453125,42.34375,31.0625,22.1875
2002-03-14,12.609375,10.28125,8.234375,8.671875,11.84375,12.25,11.3125,11.09375,14.1875,18.46875,18.75,24.875,30.46875,24.40625,18.75,14.203125,12.328125,12.796875,11.71875,10.875,9.765625,8.21875,6.65625,5.53125,4.5625,9.5,24.234375,24.9375,20.8125,17.78125
2002-03-15,10.28125,8.234375,8.671875,11.84375,12.25,11.3125,11.09375,14.1875,18.46875,18.75,24.875,30.46875,24.40625,18.75,14.203125,12.328125,12.796875,11.71875,10.875,9.765625,8.21875,6.65625,5.53125,4.5625,9.5,24.234375,24.9375,20.8125,17.78125,21.78125
2002-03-16,8.234375,8.671875,11.84375,12.25,11.3125,11.09375,14.1875,18.46875,18.75,24.875,30.46875,24.40625,18.75,14.203125,12.328125,12.796875,11.71875,10.875,9.765625,8.21875,6.65625,5.53125,4.5625,9.5,24.234375,24.9375,20.8125,17.78125,21.78125,42.71875
2002-03-17,8.671875,11.84375,12.25,11.3125,11.09375,14.1875,18.46875,18.75,24.875,30.46875,24.40625,18.75,14.203125,12.328125,12.796875,11.71875,10.875,9.765625,8.21875,6.65625,5.53125,4.5625,9.5,24.234375,24.9375,20.8125,17.78125,21.78125,42.71875,58.53125
2002-03-18,6.84375,6.28125,6.0625,7.0,10.140625,17.4375,34.4375,50.640625,59.609375,51.9375,38.21875,35.375,43.171875,40.625,33.484375,26.453125,22.421875,21.390625,20.859375,29.6875,43.203125,52.359375,57.9375,47.53125,42.9375,44.6875,36.34375,32.21875,36.78125,40.46875
2002-03-19,6.28125,6.0625,7.0,10.140625,17.4375,34.4375,50.640625,59.609375,51.9375,38.21875,35.375,43.171875,40.625,33.484375,26.453125,22.421875,21.390625,20.859375,29.6875,43.203125,52.359375,57.9375,47.53125,42.9375,44.6875,36.34375,32.21875,36.78125,40.46875,36.65625
2002-03-20,6.0625,7.0,10.140625,17.4375,34.4375,50.640625,59.609375,51.9375,38.21875,35.375,43.171875,40.625,33.484375,26.453125,22.421875,21.390625,20.859375,29.6875,43.203125,52.359375,57.9375,47.53125,42.9375,44.6875,36.34375,32.21875,36.78125,40.46875,36.65625,30.53125
2002-03-21,4.671875,6.484375,10.578125,11.84375,15.5625,31.3125,39.875,36.53125,43.3125,45.65625,38.921875,31.359375,29.109375,52.578125,71.5625,80.1875,86.9375,72.4375,85.40625,82.03125,54.453125,35.9375,24.9375,25.125,32.8125,32.53125,39.15625,51.21875,48.03125,42.40625
2002-03-22,6.484375,10.578125,11.84375,15.5625,31.3125,39.875,36.53125,43.3125,45.65625,38.921875,31.359375,29.109375,52.578125,71.5625,80.1875,86.9375,72.4375,85.40625,82.03125,54.453125,35.9375,24.9375,25.125,32.8125,32.53125,39.15625,51.21875,48.03125,42.40625,37.65625
2002-03-23,10.578125,11.84375,15.5625,31.3125,39.875,36.53125,43.3125,45.65625,38.921875,31.359375,29.109375,52.578125,71.5625,80.1875,86.9375,72.4375,85.40625,82.03125,54.453125,35.9375,24.9375,25.125,32.8125,32.53125,39.15625,51.21875,48.03125,42.40625,37.65625,42.8125
2002-03-24,11.84375,15.5625,31.3125,39.875,36.53125,43.3125,45.65625,38.921875,31.359375,29.109375,52.578125,71.5625,80.1875,86.9375,72.4375,85.40625,82.03125,54.453125,35.9375,24.9375,25.125,32.8125,32.53125,39.15625,51.21875,48.03125,42.40625,37.65625,42.8125,125.1875
2002-03-25,8.640625,24.765625,44.015625,49.65625,54.671875,56.359375,47.984375,39.03125,29.515625,22.5,20.0625,18.65625,16.46875,14.09375,21.40625,31.75,25.1875,18.9375,18.90625,20.53125,19.15625,22.4375,32.25,31.53125,34.1875,45.78125,49.9375,47.5,41.8125,35.78125
2002-03-26,24.765625,44.015625,49.65625,54.671875,56.359375,47.984375,39.03125,29.515625,22.5,20.0625,18.65625,16.46875,14.09375,21.40625,31.75,25.1875,18.9375,18.90625,20.53125,19.15625,22.4375,32.25,31.53125,34.1875,45.78125,49.9375,47.5,41.8125,35.78125,33.328125
2002-03-27,44.015625,49.65625,54.671875,56.359375,47.984375,39.03125,29.515625,22.5,20.0625,18.65625,16.46875,14.09375,21.40625,31.75,25.1875,18.9375,18.90625,20.53125,19.15625,22.4375,32.25,31.53125,34.1875,45.78125,49.9375,47.5,41.8125,35.78125,33.328125,36.90625
2002-03-28,97.828125,67.421875,43.78125,33.671875,30.59375,23.875,19.234375,21.9375,26.46875,25.8125,30.0,56.4375,74.96875,61.34375,54.8125,66.4375,76.0,60.5,41.0625,28.9375,21.46875,18.65625,19.0625,20.125,21.4375,32.53125,45.78125,40.0,29.96875,24.125
2002-03-29,67.421875,43.78125,33.671875,30.59375,23.875,19.234375,21.9375,26.46875,25.8125,30.0,56.4375,74.96875,61.34375,54.8125,66.4375,76.0,60.5,41.0625,28.9375,21.46875,18.65625,19.0625,20.125,21.4375,32.53125,45.78125,40.0,29.96875,24.125,27.8125
2002-03-30,43.78125,33.671875,30.59375,23.875,19.234375,21.9375,26.46875,25.8125,30.0,56.4375,74.96875,61.34375,54.8125,66.4375,76.0,60.5,41.0625,28.9375,21.46875,18.65625,19.0625,20.125,21.4375,32.53125,45.78125,40.0,29.96875,24.125,27.8125,36.78125
2002-03-31,33.671875,30.59375,23.875,19.234375,21.9375,26.46875,25.8125,30.0,56.4375,74.96875,61.34375,54.8125,66.4375,76.0,60.5,41.0625,28.9375,21.46875,18.65625,19.0625,20.125,21.4375,32.53125,45.78125,40.0,29.96875,24.125,27.8125,36.78125,46.4375
2002-04-01,38.875,30.453125,24.890625,24.15625,23.96875,49.8125,69.78125,57.90625,48.46875,35.65625,44.25,77.40625,80.4375,66.09375,67.15625,57.5625,38.875,31.53125,34.90625,41.125,58.5,75.25,69.3125,66.03125,65.109375,54.6875,66.328125,85.078125,88.390625,101.140625
2002-04-02,30.453125,24.890625,24.15625,23.96875,49.8125,69.78125,57.90625,48.46875,35.65625,44.25,77.40625,80.4375,66.09375,67.15625,57.5625,38.875,31.53125,34.90625,41.125,58.5,75.25,69.3125,66.03125,65.109375,54.6875,66.328125,85.078125,88.390625,101.140625,113.921875
2002-04-03,24.890625,24.15625,23.96875,49.8125,69.78125,57.90625,48.46875,35.65625,44.25,77.40625,80.4375,66.09375,67.15625,57.5625,38.875,31.53125,34.90625,41.125,58.5,75.25,69.3125,66.03125,65.109375,54.6875,66.328125,85.078125,88.390625,101.140625,113.921875,131.234375
2002-04-04,22.15625,18.0,17.4375,19.28125,26.0,59.875,189.125,222.875,137.03125,75.03125,45.25,32.8125,29.4375,26.6875,24.375,23.0625,32.875,79.65625,117.1875,104.28125,74.375,63.125,67.03125,59.0625,44.875,38.25,36.25,33.65625,33.9375,42.34375
2002-04-05,18.0,17.4375,19.28125,26.0,59.875,189.125,222.875,137.03125,75.03125,45.25,32.8125,29.4375,26.6875,24.375,23.0625,32.875,79.65625,117.1875,104.28125,74.375,63.125,67.03125,59.0625,44.875,38.25,36.25,33.65625,33.9375,42.34375,46.65625
2002-04-06,17.4375,19.28125,26.0,59.875,189.125,222.875,137.03125,75.03125,45.25,32.8125,29.4375,26.6875,24.375,23.0625,32.875,79.65625,117.1875,104.28125,74.375,63.125,67.03125,59.0625,44.875,38.25,36.25,33.65625,33.9375,42.34375,46.65625,42.890625
2002-04-07,19.28125,26.0,59.875,189.125,222.875,137.03125,75.03125,45.25,32.8125,29.4375,26.6875,24.375,23.0625,32.875,79.65625,117.1875,104.28125,74.375,63.125,67.03125,59.0625,44.875,38.25,36.25,33.65625,33.9375,42.34375,46.65625,42.890625,33.453125
2002-04-08,38.84375,41.84375,45.34375,55.875,54.96875,42.625,33.90625,27.28125,24.78125,31.59375,34.09375,25.84375,21.03125,23.59375,29.0,31.0,35.09375,32.1875,27.5,22.3125,22.875,28.0,24.6875,19.3125,21.71875,48.6875,82.53125,80.3125,65.078125,69.9375
2002-04-09,41.84375,45.34375,55.875,54.96875,42.625,33.90625,27.28125,24.78125,31.59375,34.09375,25.84375,21.03125,23.59375,29.0,31.0,35.09375,32.1875,27.5,22.3125,22.875,28.0,24.6875,19.3125,21.71875,48.6875,82.53125,80.3125,65.078125,69.9375,77.296875
2002-04-10,45.34375,55.875,54.96875,42.625,33.90625,27.28125,24.78125,31.59375,34.09375,25.84375,21.03125,23.59375,29.0,31.0,35.09375,32.1875,27.5,22.3125,22.875,28.0,24.6875,19.3125,21.71875,48.6875,82.53125,80.3125,65.078125,69.9375,77.296875,73.84375
2002-04-11,104.875,114.53125,81.6875,58.4375,53.59375,50.53125,47.1875,46.875,39.0625,30.40625,25.625,22.5,18.0,14.84375,12.34375,10.0625,9.34375,9.875,13.6875,18.25,46.59375,79.5,61.1875,52.875,51.6875,43.78125,37.046875,30.9375,27.515625,23.890625
2002-04-12,114.53125,81.6875,58.4375,53.59375,50.53125,47.1875,46.875,39.0625,30.40625,25.625,22.5,18.0,14.84375,12.34375,10.0625,9.34375,9.875,13.6875,18.25,46.59375,79.5,61.1875,52.875,51.6875,43.78125,37.046875,30.9375,27.515625,23.890625,22.40625
2002-04-13,81.6875,58.4375,53.59375,50.53125,47.1875,46.875,39.0625,30.40625,25.625,22.5,18.0,14.84375,12.34375,10.0625,9.34375,9.875,13.6875,18.25,46.59375,79.5,61.1875,52.875,51.6875,43.78125,37.046875,30.9375,27.515625,23.890625,22.40625,37.0625
2002-04-14,58.4375,53.59375,50.53125,47.1875,46.875,39.0625,30.40625,25.625,22.5,18.0,14.84375,12.34375,10.0625,9.34375,9.875,13.6875,18.25,46.59375,79.5,61.1875,52.875,51.6875,43.78125,37.046875,30.9375,27.515625,23.890625,22.40625,37.0625,57.796875
2002-04-15,38.1875,40.8125,48.25,70.8125,65.59375,43.375,34.03125,35.1875,45.59375,64.375,73.46875,62.28125,41.15625,30.375,28.75,26.25,20.15625,14.90625,25.65625,60.40625,67.890625,59.125,52.15625,45.140625,45.59375,65.234375,71.109375,67.296875,64.125,52.984375
2002-04-16,40.8125,48.25,70.8125,65.59375,43.375,34.03125,35.1875,45.59375,64.375,73.46875,62.28125,41.15625,30.375,28.75,26.25,20.15625,14.90625,25.65625,60.40625,67.890625,59.125,52.15625,45.140625,45.59375,65.234375,71.109375,67.296875,64.125,52.984375,45.984375
2002-04-17,48.25,70.8125,65.59375,43.375,34.03125,35.1875,45.59375,64.375,73.46875,62.28125,41.15625,30.375,28.75,26.25,20.15625,14.90625,25.65625,60.40625,67.890625,59.125,52.15625,45.140625,45.59375,65.234375,71.109375,67.296875,64.125,52.984375,45.984375,73.609375
2002-04-18,41.1875,37.5,29.78125,22.71875,21.625,31.25,47.15625,56.4375,50.0,35.625,42.375,100.25,122.59375,99.625,102.625,125.15625,124.84375,99.3125,107.09375,109.375,78.8125,69.5,83.1875,80.140625,61.1875,55.828125,99.75,114.734375,85.8125,76.859375
2002-04-19,37.5,29.78125,22.71875,21.625,31.25,47.15625,56.4375,50.0,35.625,42.375,100.25,122.59375,99.625,102.625,125.15625,124.84375,99.3125,107.09375,109.375,78.8125,69.5,83.1875,80.140625,61.1875,55.828125,99.75,114.734375,85.8125,76.859375,76.5625
2002-04-20,29.78125,22.71875,21.625,31.25,47.15625,56.4375,50.0,35.625,42.375,100.25,122.59375,99.625,102.625,125.15625,124.84375,99.3125,107.09375,109.375,78.8125,69.5,83.1875,80.140625,61.1875,55.828125,99.75,114.734375,85.8125,76.859375,76.5625,86.40625
2002-04-21,22.71875,21.625,31.25,47.15625,56.4375,50.0,35.625,42.375,100.25,122.59375,99.625,102.625,125.15625,124.84375,99.3125,107.09375,109.375,78.8125,69.5,83.1875,80.140625,61.1875,55.828125,99.75,114.734375,85.8125,76.859375,76.5625,86.40625,88.6875
2002-04-22,138.34375,186.625,134.1875,107.90625,86.0,67.59375,54.28125,146.6875,171.40625,117.71875,86.625,74.1875,216.4375,305.8125,252.25,183.34375,157.265625,130.546875,95.453125,85.625,85.484375,79.96875,71.46875,73.03125,68.046875,51.921875,46.546875,64.71875,82.140625,71.40625
2002-04-23,186.625,134.1875,107.90625,86.0,67.59375,54.28125,146.6875,171.40625,117.71875,86.625,74.1875,216.4375,305.8125,252.25,183.34375,157.265625,130.546875,95.453125,85.625,85.484375,79.96875,71.46875,73.03125,68.046875,51.921875,46.546875,64.71875,82.140625,71.40625,100.734375
2002-04-24,134.1875,107.90625,86.0,67.59375,54.28125,146.6875,171.40625,117.71875,86.625,74.1875,216.4375,305.8125,252.25,183.34375,157.265625,130.546875,95.453125,85.625,85.484375,79.96875,71.46875,73.03125,68.046875,51.921875,46.546875,64.71875,82.140625,71.40625,100.734375,129.359375
2002-04-25,126.21875,93.03125,59.25,42.5,38.125,41.90625,39.75,29.03125,48.09375,69.625,66.84375,64.21875,46.875,35.75,33.0625,33.90625,29.21875,22.875,32.28125,108.25,136.71875,120.21875,102.109375,75.734375,62.375,53.375,45.46875,39.234375,33.640625,30.234375
2002-04-26,93.03125,59.25,42.5,38.125,41.90625,39.75,29.03125,48.09375,69.625,66.84375,64.21875,46.875,35.75,33.0625,33.90625,29.21875,22.875,32.28125,108.25,136.71875,120.21875,102.109375,75.734375,62.375,53.375,45.46875,39.234375,33.640625,30.234375,30.859375
2002-04-27,59.25,42.5,38.125,41.90625,39.75,29.03125,48.09375,69.625,66.84375,64.21875,46.875,35.75,33.0625,33.90625,29.21875,22.875,32.28125,108.25,136.71875,120.21875,102.109375,75.734375,62.375,53.375,45.46875,39.234375,33.640625,30.234375,30.859375,38.140625
2002-04-28,42.5,38.125,41.90625,39.75,29.03125,48.09375,69.625,66.84375,64.21875,46.875,35.75,33.0625,33.90625,29.21875,22.875,32.28125,108.25,136.71875,120.21875,102.109375,75.734375,62.375,53.375,45.46875,39.234375,33.640625,30.234375,30.859375,38.140625,58.140625
2002-04-29,44.625,40.6875,40.78125,49.5625,69.40625,88.625,103.46875,134.625,133.0625,100.53125,92.0,97.59375,99.25,106.4375,126.1875,119.515625,93.171875,78.015625,75.21875,76.125,77.703125,71.375,67.4375,69.828125,64.921875,47.828125,38.0,40.953125,41.234375,44.421875
2002-04-30,40.6875,40.78125,49.5625,69.40625,88.625,103.46875,134.625,133.0625,100.53125,92.0,97.59375,99.25,106.4375,126.1875,119.515625,93.171875,78.015625,75.21875,76.125,77.703125,71.375,67.4375,69.828125,64.921875,47.828125,38.0,40.953125,41.234375,44.421875,50.125
2002-05-01,40.78125,49.5625,69.40625,88.625,103.46875,134.625,133.0625,100.53125,92.0,97.59375,99.25,106.4375,126.1875,119.515625,93.171875,78.015625,75.21875,76.125,77.703125,71.375,67.4375,69.828125,64.921875,47.828125,38.0,40.953125,41.234375,44.421875,50.125,52.640625
2002-05-02,29.5,26.65625,24.84375,24.84375,29.09375,68.3125,124.78125,107.78125,68.96875,65.3125,67.25,54.546875,54.234375,67.71875,117.03125,153.75,155.171875,117.9375,76.78125,51.28125,53.6875,95.953125,144.171875,144.171875,123.390625,108.640625,92.421875,88.09375,82.703125,152.421875
2002-05-03,26.65625,24.84375,24.84375,29.09375,68.3125,124.78125,107.78125,68.96875,65.3125,67.25,54.546875,54.234375,67.71875,117.03125,153.75,155.171875,117.9375,76.78125,51.28125,53.6875,95.953125,144.171875,144.171875,123.390625,108.640625,92.421875,88.09375,82.703125,152.421875,281.578125
2002-05-04,24.84375,24.84375,29.09375,68.3125,124.78125,107.78125,68.96875,65.3125,67.25,54.546875,54.234375,67.71875,117.03125,153.75,155.171875,117.9375,76.78125,51.28125,53.6875,95.953125,144.171875,144.171875,123.390625,108.640625,92.421875,88.09375,82.703125,152.421875,281.578125,229.625
2002-05-05,24.84375,29.09375,68.3125,124.78125,107.78125,68.96875,65.3125,67.25,54.546875,54.234375,67.71875,117.03125,153.75,155.171875,117.9375,76.78125,51.28125,53.6875,95.953125,144.171875,144.171875,123.390625,108.640625,92.421875,88.09375,82.703125,152.421875,281.578125,229.625,136.484375
2002-05-06,34.65625,33.6875,35.59375,34.78125,29.625,27.5625,28.40625,42.84375,52.96875,48.46875,41.8125,33.125,36.78125,43.25,37.3125,33.03125,35.140625,37.78125,37.53125,34.65625,27.09375,22.171875,19.296875,18.53125,26.125,39.640625,47.96875,53.890625,49.359375,46.5
2002-05-07,33.6875,35.59375,34.78125,29.625,27.5625,28.40625,42.84375,52.96875,48.46875,41.8125,33.125,36.78125,43.25,37.3125,33.03125,35.140625,37.78125,37.53125,34.65625,27.09375,22.171875,19.296875,18.53125,26.125,39.640625,47.96875,53.890625,49.359375,46.5,76.171875
2002-05-08,35.59375,34.78125,29.625,27.5625,28.40625,42.84375,52.96875,48.46875,41.8125,33.125,36.78125,43.25,37.3125,33.03125,35.140625,37.78125,37.53125,34.65625,27.09375,22.171875,19.296875,18.53125,26.125,39.640625,47.96875,53.890625,49.359375,46.5,76.171875,163.59375
2002-05-09,41.15625,50.84375,70.84375,71.9375,62.375,48.84375,45.28125,52.34375,53.28125,46.15625,40.28125,33.625,30.78125,31.9375,30.421875,27.6875,21.25,17.4375,18.875,25.515625,43.984375,69.703125,96.734375,174.09375,259.5,231.671875,217.90625,171.6875,104.375,72.5625
2002-05-10,50.84375,70.84375,71.9375,62.375,48.84375,45.28125,52.34375,53.28125,46.15625,40.28125,33.625,30.78125,31.9375,30.421875,27.6875,21.25,17.4375,18.875,25.515625,43.984375,69.703125,96.734375,174.09375,259.5,231.671875,217.90625,171.6875,104.375,72.5625,76.640625
2002-05-11,70.84375,71.9375,62.375,48.84375,45.28125,52.34375,53.28125,46.15625,40.28125,33.625,30.78125,31.9375,30.421875,27.6875,21.25,17.4375,18.875,25.515625,43.984375,69.703125,96.734375,174.09375,259.5,231.671875,217.90625,171.6875,104.375,72.5625,76.640625,83.75
2002-05-12,71.9375,62.375,48.84375,45.28125,52.34375,53.28125,46.15625,40.28125,33.625,30.78125,31.9375,30.421875,27.6875,21.25,17.4375,18.875,25.515625,43.984375,69.703125,96.734375,174.09375,259.5,231.671875,217.90625,171.6875,104.375,72.5625,76.640625,83.75,68.4375
2002-05-13,129.09375,92.375,83.5625,75.375,58.09375,44.75,36.0,38.6875,159.71875,205.15625,154.4375,108.71875,71.53125,53.3125,42.71875,30.84375,29.84375,42.984375,60.34375,67.015625,59.953125,57.015625,52.296875,48.015625,45.28125,40.78125,39.875,56.375,78.421875,86.453125
2002-05-14,92.375,83.5625,75.375,58.09375,44.75,36.0,38.6875,159.71875,205.15625,154.4375,108.71875,71.53125,53.3125,42.71875,30.84375,29.84375,42.984375,60.34375,67.015625,59.953125,57.015625,52.296875,48.015625,45.28125,40.78125,39.875,56.375,78.421875,86.453125,102.375
2002-05-15,83.5625,75.375,58.09375,44.75,36.0,38.6875,159.71875,205.15625,154.4375,108.71875,71.53125,53.3125,42.71875,30.84375,29.84375,42.984375,60.34375,67.015625,59.953125,57.015625,52.296875,48.015625,45.28125,40.78125,39.875,56.375,78.421875,86.453125,102.375,242.28125
2002-05-16,51.03125,35.8125,27.953125,24.0,26.875,39.28125,50.90625,53.125,54.75,49.421875,43.421875,54.953125,76.265625,104.328125,103.59375,83.046875,69.265625,52.984375,42.46875,64.40625,90.0625,94.65625,95.90625,108.484375,136.703125,133.953125,103.28125,84.78125,73.265625,66.8125
2002-05-17,35.8125,27.953125,24.0,26.875,39.28125,50.90625,53.125,54.75,49.421875,43.421875,54.953125,76.265625,104.328125,103.59375,83.046875,69.265625,52.984375,42.46875,64.40625,90.0625,94.65625,95.90625,108.484375,136.703125,133.953125,103.28125,84.78125,73.265625,66.8125,67.5
2002-05-18,27.953125,24.0,26.875,39.28125,50.90625,53.125,54.75,49.421875,43.421875,54.953125,76.265625,104.328125,103.59375,83.046875,69.265625,52.984375,42.46875,64.40625,90.0625,94.65625,95.90625,108.484375,136.703125,133.953125,103.28125,84.78125,73.265625,66.8125,67.5,58.171875
2002-05-19,24.0,26.875,39.28125,50.90625,53.125,54.75,49.421875,43.421875,54.953125,76.265625,104.328125,103.59375,83.046875,69.265625,52.984375,42.46875,64.40625,90.0625,94.65625,95.90625,108.484375,136.703125,133.953125,103.28125,84.78125,73.265625,66.8125,67.5,58.171875,69.15625
2002-05-20,54.0625,64.6875,66.6875,55.28125,52.09375,63.625,79.375,71.46875,50.3125,45.34375,58.1875,68.03125,79.0,78.015625,61.578125,64.8125,83.5,81.578125,77.96875,79.234375,62.171875,54.78125,67.75,81.96875,78.453125,99.96875,134.609375,126.96875,104.515625,111.625
2002-05-21,64.6875,66.6875,55.28125,52.09375,63.625,79.375,71.46875,50.3125,45.34375,58.1875,68.03125,79.0,78.015625,61.578125,64.8125,83.5,81.578125,77.96875,79.234375,62.171875,54.78125,67.75,81.96875,78.453125,99.96875,134.609375,126.96875,104.515625,111.625,169.359375
2002-05-22,66.6875,55.28125,52.09375,63.625,79.375,71.46875,50.3125,45.34375,58.1875,68.03125,79.0,78.015625,61.578125,64.8125,83.5,81.578125,77.96875,79.234375,62.171875,54.78125,67.75,81.96875,78.453125,99.96875,134.609375,126.96875,104.515625,111.625,169.359375,195.296875
2002-05-23,63.78125,78.390625,82.859375,113.78125,139.5,114.40625,91.5,78.8125,70.125,75.90625,80.34375,74.90625,62.0625,56.078125,60.28125,79.796875,86.28125,82.796875,78.5,58.625,45.625,40.75,68.5625,197.375,215.9375,172.96875,164.8125,146.1875,114.875,87.90625
2002-05-24,78.390625,82.859375,113.78125,139.5,114.40625,91.5,78.8125,70.125,75.90625,80.34375,74.90625,62.0625,56.078125,60.28125,79.796875,86.28125,82.796875,78.5,58.625,45.625,40.75,68.5625,197.375,215.9375,172.96875,164.8125,146.1875,114.875,87.90625,78.78125
2002-05-25,82.859375,113.78125,139.5,114.40625,91.5,78.8125,70.125,75.90625,80.34375,74.90625,62.0625,56.078125,60.28125,79.796875,86.28125,82.796875,78.5,58.625,45.625,40.75,68.5625,197.375,215.9375,172.96875,164.8125,146.1875,114.875,87.90625,78.78125,79.0
2002-05-26,113.78125,139.5,114.40625,91.5,78.8125,70.125,75.90625,80.34375,74.90625,62.0625,56.078125,60.28125,79.796875,86.28125,82.796875,78.5,58.625,45.625,40.75,68.5625,197.375,215.9375,172.96875,164.8125,146.1875,114.875,87.90625,78.78125,79.0,70.1875
2002-05-27,96.328125,79.84375,57.75,45.5,37.78125,38.1875,42.78125,48.25,60.375,69.46875,70.9375,68.546875,57.84375,43.0625,42.9375,49.5,51.03125,46.875,40.28125,45.1875,61.0,82.40625,103.875,126.40625,134.875,127.4375,112.59375,85.96875,57.8125,36.9375
2002-05-28,79.84375,57.75,45.5,37.78125,38.1875,42.78125,48.25,60.375,69.46875,70.9375,68.546875,57.84375,43.0625,42.9375,49.5,51.03125,46.875,40.28125,45.1875,61.0,82.40625,103.875,126.40625,134.875,127.4375,112.59375,85.96875,57.8125,36.9375,25.53125
2002-05-29,57.75,45.5,37.78125,38.1875,42.78125,48.25,60.375,69.46875,70.9375,68.546875,57.84375,43.0625,42.9375,49.5,51.03125,46.875,40.28125,45.1875,61.0,82.40625,103.875,126.40625,134.875,127.4375,112.59375,85.96875,57.8125,36.9375,25.53125,25.453125
2002-05-30,58.5,47.0,42.65625,49.03125,71.375,81.96875,84.46875,85.78125,75.03125,65.375,53.03125,41.59375,36.5625,80.78125,206.53125,231.65625,165.125,114.75,179.375,260.28125,324.9375,334.875,232.5625,149.15625,109.09375,82.59375,65.125,54.0,50.375,50.8125
2002-05-31,47.0,42.65625,49.03125,71.375,81.96875,84.46875,85.78125,75.03125,65.375,53.03125,41.59375,36.5625,80.78125,206.53125,231.65625,165.125,114.75,179.375,260.28125,324.9375,334.875,232.5625,149.15625,109.09375,82.59375,65.125,54.0,50.375,50.8125,50.28125
2002-06-01,42.65625,49.03125,71.375,81.96875,84.46875,85.78125,75.03125,65.375,53.03125,41.59375,36.5625,80.78125,206.53125,231.65625,165.125,114.75,179.375,260.28125,324.9375,334.875,232.5625,149.15625,109.09375,82.59375,65.125,54.0,50.375,50.8125,50.28125,66.53125
2002-06-02,49.03125,71.375,81.96875,84.46875,85.78125,75.03125,65.375,53.03125,41.59375,36.5625,80.78125,206.53125,231.65625,165.125,114.75,179.375,260.28125,324.9375,334.875,232.5625,149.15625,109.09375,82.59375,65.125,54.0,50.375,50.8125,50.28125,66.53125,82.515625
2002-06-03,68.40625,70.6875,77.578125,85.390625,78.078125,63.953125,49.84375,39.71875,38.46875,39.875,36.59375,36.125,47.84375,80.4375,100.21875,128.53125,281.71875,500.375,407.84375,297.125,309.15625,299.71875,211.65625,146.03125,160.625,187.34375,176.015625,156.359375,139.8125,115.171875
2002-06-04,70.6875,77.578125,85.390625,78.078125,63.953125,49.84375,39.71875,38.46875,39.875,36.59375,36.125,47.84375,80.4375,100.21875,128.53125,281.71875,500.375,407.84375,297.125,309.15625,299.71875,211.65625,146.03125,160.625,187.34375,176.015625,156.359375,139.8125,115.171875,103.21875
2002-06-05,77.578125,85.390625,78.078125,63.953125,49.84375,39.71875,38.46875,39.875,36.59375,36.125,47.84375,80.4375,100.21875,128.53125,281.71875,500.375,407.84375,297.125,309.15625,299.71875,211.65625,146.03125,160.625,187.34375,176.015625,156.359375,139.8125,115.171875,103.21875,106.453125
2002-06-06,120.046875,113.125,94.0625,81.015625,89.0625,89.0625,79.96875,85.96875,86.59375,89.59375,118.59375,164.0,141.5,91.34375,64.8125,47.3125,32.65625,23.46875,19.03125,21.375,35.71875,59.6875,87.78125,117.28125,118.03125,101.0625,95.859375,102.53125,119.015625,242.015625
2002-06-07,113.125,94.0625,81.015625,89.0625,89.0625,79.96875,85.96875,86.59375,89.59375,118.59375,164.0,141.5,91.34375,64.8125,47.3125,32.65625,23.46875,19.03125,21.375,35.71875,59.6875,87.78125,117.28125,118.03125,101.0625,95.859375,102.53125,119.015625,242.015625,290.109375
2002-06-08,94.0625,81.015625,89.0625,89.0625,79.96875,85.96875,86.59375,89.59375,118.59375,164.0,141.5,91.34375,64.8125,47.3125,32.65625,23.46875,19.03125,21.375,35.71875,59.6875,87.78125,117.28125,118.03125,101.0625,95.859375,102.53125,119.015625,242.015625,290.109375,233.296875
2002-06-09,81.015625,89.0625,89.0625,79.96875,85.96875,86.59375,89.59375,118.59375,164.0,141.5,91.34375,64.8125,47.3125,32.65625,23.46875,19.03125,21.375,35.71875,59.6875,87.78125,117.28125,118.03125,101.0625,95.859375,102.53125,119.015625,242.015625,290.109375,233.296875,166.265625
2002-06-10,77.09375,82.6875,88.1875,68.28125,48.5625,36.78125,30.9375,31.21875,29.59375,38.1875,67.65625,92.09375,80.125,62.46875,104.625,252.53125,352.1875,372.6875,270.59375,182.71875,125.8125,97.546875,102.515625,149.53125,182.140625,144.796875,95.640625,72.390625,80.953125,121.6875
2002-06-11,82.6875,88.1875,68.28125,48.5625,36.78125,30.9375,31.21875,29.59375,38.1875,67.65625,92.09375,80.125,62.46875,104.625,252.53125,352.1875,372.6875,270.59375,182.71875,125.8125,97.546875,102.515625,149.53125,182.140625,144.796875,95.640625,72.390625,80.953125,121.6875,144.234375
2002-06-12,88.1875,68.28125,48.5625,36.78125,30.9375,31.21875,29.59375,38.1875,67.65625,92.09375,80.125,62.46875,104.625,252.53125,352.1875,372.6875,270.59375,182.71875,125.8125,97.546875,102.515625,149.53125,182.140625,144.796875,95.640625,72.390625,80.953125,121.6875,144.234375,125.53125
2002-06-13,66.15625,45.5625,34.28125,27.875,30.71875,31.875,32.40625,47.25,116.9375,147.28125,108.5625,82.125,70.71875,84.4375,87.5,77.125,109.3125,204.65625,271.03125,401.8125,547.671875,420.390625,338.265625,274.1875,197.546875,212.75,239.09375,201.234375,153.203125,123.21875
2002-06-14,45.5625,34.28125,27.875,30.71875,31.875,32.40625,47.25,116.9375,147.28125,108.5625,82.125,70.71875,84.4375,87.5,77.125,109.3125,204.65625,271.03125,401.8125,547.671875,420.390625,338.265625,274.1875,197.546875,212.75,239.09375,201.234375,153.203125,123.21875,113.4375
2002-06-15,34.28125,27.875,30.71875,31.875,32.40625,47.25,116.9375,147.28125,108.5625,82.125,70.71875,84.4375,87.5,77.125,109.3125,204.65625,271.03125,401.8125,547.671875,420.390625,338.265625,274.1875,197.546875,212.75,239.09375,201.234375,153.203125,123.21875,113.4375,116.09375
2002-06-16,27.875,30.71875,31.875,32.40625,47.25,116.9375,147.28125,108.5625,82.125,70.71875,84.4375,87.5,77.125,109.3125,204.65625,271.03125,401.8125,547.671875,420.390625,338.265625,274.1875,197.546875,212.75,239.09375,201.234375,153.203125,123.21875,113.4375,116.09375,118.78125
2002-06-17,67.84375,59.21875,92.09375,95.8125,67.6875,63.03125,94.3125,158.09375,172.65625,129.53125,95.09375,75.3125,70.5,74.6875,76.140625,66.078125,55.5,67.953125,85.4375,120.203125,156.1875,154.359375,128.40625,93.140625,69.59375,64.421875,71.546875,80.875,80.09375,91.890625
2002-06-18,59.21875,92.09375,95.8125,67.6875,63.03125,94.3125,158.09375,172.65625,129.53125,95.09375,75.3125,70.5,74.6875,76.140625,66.078125,55.5,67.953125,85.4375,120.203125,156.1875,154.359375,128.40625,93.140625,69.59375,64.421875,71.546875,80.875,80.09375,91.890625,155.78125
2002-06-19,92.09375,95.8125,67.6875,63.03125,94.3125,158.09375,172.65625,129.53125,95.09375,75.3125,70.5,74.6875,76.140625,66.078125,55.5,67.953125,85.4375,120.203125,156.1875,154.359375,128.40625,93.140625,69.59375,64.421875,71.546875,80.875,80.09375,91.890625,155.78125,238.0
2002-06-20,91.0,76.3125,67.53125,135.28125,322.625,333.46875,210.65625,133.9375,108.59375,95.28125,88.5625,228.5,276.203125,196.203125,162.8125,130.8125,112.921875,115.5,110.75,116.25,103.078125,76.890625,69.546875,66.25,70.453125,83.265625,172.78125,258.359375,237.46875,180.875
2002-06-21,76.3125,67.53125,135.28125,322.625,333.46875,210.65625,133.9375,108.59375,95.28125,88.5625,228.5,276.203125,196.203125,162.8125,130.8125,112.921875,115.5,110.75,116.25,103.078125,76.890625,69.546875,66.25,70.453125,83.265625,172.78125,258.359375,237.46875,180.875,130.4375
2002-06-22,67.53125,135.28125,322.625,333.46875,210.65625,133.9375,108.59375,95.28125,88.5625,228.5,276.203125,196.203125,162.8125,130.8125,112.921875,115.5,110.75,116.25,103.078125,76.890625,69.546875,66.25,70.453125,83.265625,172.78125,258.359375,237.46875,180.875,130.4375,95.734375
2002-06-23,135.28125,322.625,333.46875,210.65625,133.9375,108.59375,95.28125,88.5625,228.5,276.203125,196.203125,162.8125,130.8125,112.921875,115.5,110.75,116.25,103.078125,76.890625,69.546875,66.25,70.453125,83.265625,172.78125,258.359375,237.46875,180.875,130.4375,95.734375,75.28125
2002-06-24,142.4375,89.34375,77.71875,90.5625,104.65625,95.9375,72.03125,62.65625,61.4375,66.90625,78.296875,88.28125,104.921875,108.65625,92.40625,75.265625,68.53125,79.234375,104.265625,108.734375,188.875,450.859375,458.421875,317.59375,253.015625,221.640625,193.453125,193.671875,171.4375,146.15625
2002-06-25,89.34375,77.71875,90.5625,104.65625,95.9375,72.03125,62.65625,61.4375,66.90625,78.296875,88.28125,104.921875,108.65625,92.40625,75.265625,68.53125,79.234375,104.265625,108.734375,188.875,450.859375,458.421875,317.59375,253.015625,221.640625,193.453125,193.671875,171.4375,146.15625,123.359375
2002-06-26,77.71875,90.5625,104.65625,95.9375,72.03125,62.65625,61.4375,66.90625,78.296875,88.28125,104.921875,108.65625,92.40625,75.265625,68.53125,79.234375,104.265625,108.734375,188.875,450.859375,458.421875,317.59375,253.015625,221.640625,193.453125,193.671875,171.4375,146.15625,123.359375,101.59375
2002-06-27,191.78125,135.375,115.5625,118.09375,160.0625,189.203125,150.53125,111.625,96.234375,93.421875,88.71875,86.796875,91.375,95.796875,107.1875,121.5,162.21875,261.265625,416.015625,524.265625,493.84375,346.171875,218.46875,146.953125,108.828125,86.4375,71.078125,60.703125,56.71875,66.984375
2002-06-28,135.375,115.5625,118.09375,160.0625,189.203125,150.53125,111.625,96.234375,93.421875,88.71875,86.796875,91.375,95.796875,107.1875,121.5,162.21875,261.265625,416.015625,524.265625,493.84375,346.171875,218.46875,146.953125,108.828125,86.4375,71.078125,60.703125,56.71875,66.984375,91.484375
2002-06-29,115.5625,118.09375,160.0625,189.203125,150.53125,111.625,96.234375,93.421875,88.71875,86.796875,91.375,95.796875,107.1875,121.5,162.21875,261.265625,416.015625,524.265625,493.84375,346.171875,218.46875,146.953125,108.828125,86.4375,71.078125,60.703125,56.71875,66.984375,91.484375,107.78125
2002-06-30,118.09375,160.0625,189.203125,150.53125,111.625,96.234375,93.421875,88.71875,86.796875,91.375,95.796875,107.1875,121.5,162.21875,261.265625,416.015625,524.265625,493.84375,346.171875,218.46875,146.953125,108.828125,86.4375,71.078125,60.703125,56.71875,66.984375,91.484375,107.78125,124.171875
2002-07-01,62.21875,56.359375,67.859375,82.546875,96.15625,138.453125,147.03125,131.078125,133.703125,122.90625,99.9375,102.296875,111.703125,123.796875,176.296875,159.859375,128.109375,112.09375,110.71875,124.671875,147.078125,143.890625,113.015625,89.0625,83.53125,85.875,87.390625,92.625,86.75,66.765625
2002-07-02,56.359375,67.859375,82.546875,96.15625,138.453125,147.03125,131.078125,133.703125,122.90625,99.9375,102.296875,111.703125,123.796875,176.296875,159.859375,128.109375,112.09375,110.71875,124.671875,147.078125,143.890625,113.015625,89.0625,83.53125,85.875,87.390625,92.625,86.75,66.765625,51.15625
2002-07-03,67.859375,82.546875,96.15625,138.453125,147.03125,131.078125,133.703125,122.90625,99.9375,102.296875,111.703125,123.796875,176.296875,159.859375,128.109375,112.09375,110.71875,124.671875,147.078125,143.890625,113.015625,89.0625,83.53125,85.875,87.390625,92.625,86.75,66.765625,51.15625,50.390625
2002-07-04,58.515625,86.8125,131.609375,144.015625,144.8125,153.859375,130.71875,110.9375,120.40625,136.3125,139.0625,138.421875,141.46875,136.5,139.984375,115.21875,85.234375,73.25,64.828125,54.296875,41.828125,34.15625,29.296875,26.21875,25.015625,25.453125,30.5,49.0,78.6875,105.671875
2002-07-05,86.8125,131.609375,144.015625,144.8125,153.859375,130.71875,110.9375,120.40625,136.3125,139.0625,138.421875,141.46875,136.5,139.984375,115.21875,85.234375,73.25,64.828125,54.296875,41.828125,34.15625,29.296875,26.21875,25.015625,25.453125,30.5,49.0,78.6875,105.671875,100.875
2002-07-06,131.609375,144.015625,144.8125,153.859375,130.71875,110.9375,120.40625,136.3125,139.0625,138.421875,141.46875,136.5,139.984375,115.21875,85.234375,73.25,64.828125,54.296875,41.828125,34.15625,29.296875,26.21875,25.015625,25.453125,30.5,49.0,78.6875,105.671875,100.875,85.890625
2002-07-07,144.015625,144.8125,153.859375,130.71875,110.9375,120.40625,136.3125,139.0625,138.421875,141.46875,136.5,139.984375,115.21875,85.234375,73.25,64.828125,54.296875,41.828125,34.15625,29.296875,26.21875,25.015625,25.453125,30.5,49.0,78.6875,105.671875,100.875,85.890625,80.296875
2002-07-08,108.953125,113.328125,105.765625,88.515625,73.78125,62.140625,101.6875,193.3125,285.390625,375.78125,300.8125,200.265625,133.015625,92.859375,76.40625,66.46875,56.046875,46.9375,42.109375,42.84375,47.765625,68.4375,98.0,106.453125,173.015625,192.078125,175.71875,146.109375,102.84375,117.421875
2002-07-09,113.328125,105.765625,88.515625,73.78125,62.140625,101.6875,193.3125,285.390625,375.78125,300.8125,200.265625,133.015625,92.859375,76.40625,66.46875,56.046875,46.9375,42.109375,42.84375,47.765625,68.4375,98.0,106.453125,173.015625,192.078125,175.71875,146.109375,102.84375,117.421875,242.234375
2002-07-10,105.765625,88.515625,73.78125,62.140625,101.6875,193.3125,285.390625,375.78125,300.8125,200.265625,133.015625,92.859375,76.40625,66.46875,56.046875,46.9375,42.109375,42.84375,47.765625,68.4375,98.0,106.453125,173.015625,192.078125,175.71875,146.109375,102.84375,117.421875,242.234375,273.21875
2002-07-11,76.8125,72.8125,79.09375,102.1875,108.78125,93.75,72.609375,54.21875,43.078125,38.453125,37.625,35.421875,30.1875,27.71875,27.21875,21.84375,21.53125,39.765625,80.703125,120.015625,133.078125,120.71875,99.5625,82.8125,95.765625,112.296875,102.40625,102.046875,117.03125,249.390625
2002-07-12,72.8125,79.09375,102.1875,108.78125,93.75,72.609375,54.21875,43.078125,38.453125,37.625,35.421875,30.1875,27.71875,27.21875,21.84375,21.53125,39.765625,80.703125,120.015625,133.078125,120.71875,99.5625,82.8125,95.765625,112.296875,102.40625,102.046875,117.03125,249.390625,346.671875
2002-07-13,79.09375,102.1875,108.78125,93.75,72.609375,54.21875,43.078125,38.453125,37.625,35.421875,30.1875,27.71875,27.21875,21.84375,21.53125,39.765625,80.703125,120.015625,133.078125,120.71875,99.5625,82.8125,95.765625,112.296875,102.40625,102.046875,117.03125,249.390625,346.671875,286.609375
2002-07-14,102.1875,108.78125,93.75,72.609375,54.21875,43.078125,38.453125,37.625,35.421875,30.1875,27.71875,27.21875,21.84375,21.53125,39.765625,80.703125,120.015625,133.078125,120.71875,99.5625,82.8125,95.765625,112.296875,102.40625,102.046875,117.03125,249.390625,346.671875,286.609375,204.40625
2002-07-15,66.109375,75.84375,76.75,68.625,53.953125,40.640625,31.109375,24.515625,21.140625,23.203125,36.453125,43.875,39.421875,49.21875,65.53125,85.96875,86.71875,59.6875,104.265625,135.6875,153.640625,365.015625,535.03125,458.296875,324.953125,232.109375,184.59375,195.6875,249.015625,216.6875
2002-07-16,75.84375,76.75,68.625,53.953125,40.640625,31.109375,24.515625,21.140625,23.203125,36.453125,43.875,39.421875,49.21875,65.53125,85.96875,86.71875,59.6875,104.265625,135.6875,153.640625,365.015625,535.03125,458.296875,324.953125,232.109375,184.59375,195.6875,249.015625,216.6875,145.3125
2002-07-17,76.75,68.625,53.953125,40.640625,31.109375,24.515625,21.140625,23.203125,36.453125,43.875,39.421875,49.21875,65.53125,85.96875,86.71875,59.6875,104.265625,135.6875,153.640625,365.015625,535.03125,458.296875,324.953125,232.109375,184.59375,195.6875,249.015625,216.6875,145.3125,100.625
2002-07-18,75.515625,51.109375,33.96875,27.484375,26.359375,23.390625,23.5625,34.765625,53.390625,60.578125,52.875,41.484375,50.1875,65.21875,68.03125,103.609375,182.375,212.65625,244.1875,212.234375,151.953125,113.640625,89.484375,79.875,79.890625,83.09375,89.359375,88.703125,88.40625,138.359375
2002-07-19,51.109375,33.96875,27.484375,26.359375,23.390625,23.5625,34.765625,53.390625,60.578125,52.875,41.484375,50.1875,65.21875,68.03125,103.609375,182.375,212.65625,244.1875,212.234375,151.953125,113.640625,89.484375,79.875,79.890625,83.09375,89.359375,88.703125,88.40625,138.359375,186.546875
2002-07-20,33.96875,27.484375,26.359375,23.390625,23.5625,34.765625,53.390625,60.578125,52.875,41.484375,50.1875,65.21875,68.03125,103.609375,182.375,212.65625,244.1875,212.234375,151.953125,113.640625,89.484375,79.875,79.890625,83.09375,89.359375,88.703125,88.40625,138.359375,186.546875,391.09375
2002-07-21,27.484375,26.359375,23.390625,23.5625,34.765625,53.390625,60.578125,52.875,41.484375,50.1875,65.21875,68.03125,103.609375,182.375,212.65625,244.1875,212.234375,151.953125,113.640625,89.484375,79.875,79.890625,83.09375,89.359375,88.703125,88.40625,138.359375,186.546875,391.09375,515.53125
2002-07-22,31.28125,30.703125,40.9375,60.515625,77.671875,82.09375,85.390625,84.046875,86.140625,80.71875,66.59375,69.578125,65.390625,52.5,47.375,50.609375,83.671875,126.453125,134.359375,120.09375,105.578125,90.859375,69.0625,56.953125,54.0,67.40625,125.03125,154.453125,133.203125,112.578125
2002-07-23,30.703125,40.9375,60.515625,77.671875,82.09375,85.390625,84.046875,86.140625,80.71875,66.59375,69.578125,65.390625,52.5,47.375,50.609375,83.671875,126.453125,134.359375,120.09375,105.578125,90.859375,69.0625,56.953125,54.0,67.40625,125.03125,154.453125,133.203125,112.578125,92.890625
2002-07-24,40.9375,60.515625,77.671875,82.09375,85.390625,84.046875,86.140625,80.71875,66.59375,69.578125,65.390625,52.5,47.375,50.609375,83.671875,126.453125,134.359375,120.09375,105.578125,90.859375,69.0625,56.953125,54.0,67.40625,125.03125,154.453125,133.203125,112.578125,92.890625,75.046875
2002-07-25,34.953125,37.5,57.0,84.0,91.15625,90.421875,80.796875,79.90625,79.4375,77.5625,107.109375,119.703125,99.875,81.609375,75.171875,69.40625,69.171875,81.734375,114.8125,121.765625,110.9375,104.0,94.265625,80.546875,80.453125,98.0,98.40625,87.78125,161.890625,275.78125
2002-07-26,37.5,57.0,84.0,91.15625,90.421875,80.796875,79.90625,79.4375,77.5625,107.109375,119.703125,99.875,81.609375,75.171875,69.40625,69.171875,81.734375,114.8125,121.765625,110.9375,104.0,94.265625,80.546875,80.453125,98.0,98.40625,87.78125,161.890625,275.78125,283.75
2002-07-27,57.0,84.0,91.15625,90.421875,80.796875,79.90625,79.4375,77.5625,107.109375,119.703125,99.875,81.609375,75.171875,69.40625,69.171875,81.734375,114.8125,121.765625,110.9375,104.0,94.265625,80.546875,80.453125,98.0,98.40625,87.78125,161.890625,275.78125,283.75,216.5625
2002-07-28,84.0,91.15625,90.421875,80.796875,79.90625,79.4375,77.5625,107.109375,119.703125,99.875,81.609375,75.171875,69.40625,69.171875,81.734375,114.8125,121.765625,110.9375,104.0,94.265625,80.546875,80.453125,98.0,98.40625,87.78125,161.890625,275.78125,283.75,216.5625,184.6875
2002-07-29,72.46875,67.015625,59.453125,54.765625,59.8125,60.921875,56.125,72.0,84.6875,101.234375,112.09375,97.390625,77.8125,68.671875,71.34375,83.640625,101.109375,97.21875,87.015625,160.515625,190.484375,183.765625,166.609375,134.078125,128.921875,231.4375,367.609375,415.171875,485.8125,430.984375
2002-07-30,67.015625,59.453125,54.765625,59.8125,60.921875,56.125,72.0,84.6875,101.234375,112.09375,97.390625,77.8125,68.671875,71.34375,83.640625,101.109375,97.21875,87.015625,160.515625,190.484375,183.765625,166.609375,134.078125,128.921875,231.4375,367.609375,415.171875,485.8125,430.984375,335.421875
2002-07-31,59.453125,54.765625,59.8125,60.921875,56.125,72.0,84.6875,101.234375,112.09375,97.390625,77.8125,68.671875,71.34375,83.640625,101.109375,97.21875,87.015625,160.515625,190.484375,183.765625,166.609375,134.078125,128.921875,231.4375,367.609375,415.171875,485.8125,430.984375,335.421875,243.75
2002-08-01,66.9375,63.09375,65.0625,89.6875,145.15625,218.796875,276.359375,238.765625,181.828125,151.59375,123.15625,122.859375,125.25,106.375,103.96875,114.046875,111.15625,94.921875,98.0625,114.703125,107.625,96.15625,83.765625,67.703125,62.109375,68.390625,94.703125,158.890625,402.40625,436.796875
2002-08-02,63.09375,65.0625,89.6875,145.15625,218.796875,276.359375,238.765625,181.828125,151.59375,123.15625,122.859375,125.25,106.375,103.96875,114.046875,111.15625,94.921875,98.0625,114.703125,107.625,96.15625,83.765625,67.703125,62.109375,68.390625,94.703125,158.890625,402.40625,436.796875,303.484375
2002-08-03,65.0625,89.6875,145.15625,218.796875,276.359375,238.765625,181.828125,151.59375,123.15625,122.859375,125.25,106.375,103.96875,114.046875,111.15625,94.921875,98.0625,114.703125,107.625,96.15625,83.765625,67.703125,62.109375,68.390625,94.703125,158.890625,402.40625,436.796875,303.484375,219.484375
2002-08-04,89.6875,145.15625,218.796875,276.359375,238.765625,181.828125,151.59375,123.15625,122.859375,125.25,106.375,103.96875,114.046875,111.15625,94.921875,98.0625,114.703125,107.625,96.15625,83.765625,67.703125,62.109375,68.390625,94.703125,158.890625,402.40625,436.796875,303.484375,219.484375,205.21875
2002-08-05,137.890625,165.0625,172.609375,223.4375,177.03125,102.890625,71.015625,109.859375,293.4375,432.0,413.34375,448.875,412.671875,293.40625,245.859375,326.953125,452.640625,404.984375,312.59375,248.234375,205.125,172.1875,142.125,121.0625,108.515625,101.921875,109.21875,111.140625,123.0,147.28125
2002-08-06,165.0625,172.609375,223.4375,177.03125,102.890625,71.015625,109.859375,293.4375,432.0,413.34375,448.875,412.671875,293.40625,245.859375,326.953125,452.640625,404.984375,312.59375,248.234375,205.125,172.1875,142.125,121.0625,108.515625,101.921875,109.21875,111.140625,123.0,147.28125,145.484375
2002-08-07,172.609375,223.4375,177.03125,102.890625,71.015625,109.859375,293.4375,432.0,413.34375,448.875,412.671875,293.40625,245.859375,326.953125,452.640625,404.984375,312.59375,248.234375,205.125,172.1875,142.125,121.0625,108.515625,101.921875,109.21875,111.140625,123.0,147.28125,145.484375,123.578125
2002-08-08,129.640625,97.953125,84.203125,75.4375,81.640625,109.125,138.046875,162.578125,169.5625,208.4375,222.609375,194.640625,165.34375,176.015625,172.015625,129.265625,94.5,81.109375,95.484375,116.640625,121.578125,127.96875,112.890625,92.953125,113.921875,122.078125,101.40625,102.125,95.828125,81.71875
2002-08-09,97.953125,84.203125,75.4375,81.640625,109.125,138.046875,162.578125,169.5625,208.4375,222.609375,194.640625,165.34375,176.015625,172.015625,129.265625,94.5,81.109375,95.484375,116.640625,121.578125,127.96875,112.890625,92.953125,113.921875,122.078125,101.40625,102.125,95.828125,81.71875,70.671875
2002-08-10,84.203125,75.4375,81.640625,109.125,138.046875,162.578125,169.5625,208.4375,222.609375,194.640625,165.34375,176.015625,172.015625,129.265625,94.5,81.109375,95.484375,116.640625,121.578125,127.96875,112.890625,92.953125,113.921875,122.078125,101.40625,102.125,95.828125,81.71875,70.671875,55.984375
2002-08-11,75.4375,81.640625,109.125,138.046875,162.578125,169.5625,208.4375,222.609375,194.640625,165.34375,176.015625,172.015625,129.265625,94.5,81.109375,95.484375,116.640625,121.578125,127.96875,112.890625,92.953125,113.921875,122.078125,101.40625,102.125,95.828125,81.71875,70.671875,55.984375,45.15625
2002-08-12,126.359375,176.125,210.734375,274.96875,209.0,156.25,278.71875,450.5,341.21875,210.734375,150.859375,131.765625,131.015625,120.765625,103.75,90.234375,77.578125,67.09375,62.65625,71.4375,102.09375,158.546875,220.234375,260.53125,253.203125,222.78125,306.703125,321.171875,280.703125,279.609375
2002-08-13,176.125,210.734375,274.96875,209.0,156.25,278.71875,450.5,341.21875,210.734375,150.859375,131.765625,131.015625,120.765625,103.75,90.234375,77.578125,67.09375,62.65625,71.4375,102.09375,158.546875,220.234375,260.53125,253.203125,222.78125,306.703125,321.171875,280.703125,279.609375,229.265625
2002-08-14,210.734375,274.96875,209.0,156.25,278.71875,450.5,341.21875,210.734375,150.859375,131.765625,131.015625,120.765625,103.75,90.234375,77.578125,67.09375,62.65625,71.4375,102.09375,158.546875,220.234375,260.53125,253.203125,222.78125,306.703125,321.171875,280.703125,279.609375,229.265625,159.59375
2002-08-15,200.78125,165.1875,118.265625,129.421875,158.40625,252.21875,243.96875,168.578125,117.859375,91.546875,88.59375,100.21875,96.9375,87.0625,77.859375,64.453125,54.0625,52.328125,56.125,60.21875,81.140625,220.609375,389.234375,511.53125,439.796875,399.3125,400.875,418.109375,395.1875,332.921875
2002-08-16,165.1875,118.265625,129.421875,158.40625,252.21875,243.96875,168.578125,117.859375,91.546875,88.59375,100.21875,96.9375,87.0625,77.859375,64.453125,54.0625,52.328125,56.125,60.21875,81.140625,220.609375,389.234375,511.53125,439.796875,399.3125,400.875,418.109375,395.1875,332.921875,487.90625
2002-08-17,118.265625,129.421875,158.40625,252.21875,243.96875,168.578125,117.859375,91.546875,88.59375,100.21875,96.9375,87.0625,77.859375,64.453125,54.0625,52.328125,56.125,60.21875,81.140625,220.609375,389.234375,511.53125,439.796875,399.3125,400.875,418.109375,395.1875,332.921875,487.90625,534.75
2002-08-18,129.421875,158.40625,252.21875,243.96875,168.578125,117.859375,91.546875,88.59375,100.21875,96.9375,87.0625,77.859375,64.453125,54.0625,52.328125,56.125,60.21875,81.140625,220.609375,389.234375,511.53125,439.796875,399.3125,400.875,418.109375,395.1875,332.921875,487.90625,534.75,441.984375
2002-08-19,199.921875,353.9375,283.078125,189.953125,144.28125,119.421875,105.671875,94.171875,92.515625,96.625,90.59375,83.28125,83.953125,107.640625,125.8125,126.046875,122.671875,110.3125,89.265625,74.28125,67.359375,61.8125,65.34375,83.640625,88.359375,85.359375,84.515625,141.34375,181.2734375,136.4140625
2002-08-20,353.9375,283.078125,189.953125,144.28125,119.421875,105.671875,94.171875,92.515625,96.625,90.59375,83.28125,83.953125,107.640625,125.8125,126.046875,122.671875,110.3125,89.265625,74.28125,67.359375,61.8125,65.34375,83.640625,88.359375,85.359375,84.515625,141.34375,181.2734375,136.4140625,96.953125
2002-08-21,283.078125,189.953125,144.28125,119.421875,105.671875,94.171875,92.515625,96.625,90.59375,83.28125,83.953125,107.640625,125.8125,126.046875,122.671875,110.3125,89.265625,74.28125,67.359375,61.8125,65.34375,83.640625,88.359375,85.359375,84.515625,141.34375,181.2734375,136.4140625,96.953125,116.703125
2002-08-22,263.984375,198.78125,163.96875,132.796875,112.703125,99.453125,85.9375,75.34375,66.140625,61.375,64.859375,73.0625,74.140625,76.90625,81.28125,73.734375,63.25,80.046875,96.40625,86.6875,80.390625,75.890625,71.65625,85.71875,107.4296875,124.90625,179.125,185.6640625,153.7890625,117.5078125
2002-08-23,198.78125,163.96875,132.796875,112.703125,99.453125,85.9375,75.34375,66.140625,61.375,64.859375,73.0625,74.140625,76.90625,81.28125,73.734375,63.25,80.046875,96.40625,86.6875,80.390625,75.890625,71.65625,85.71875,107.4296875,124.90625,179.125,185.6640625,153.7890625,117.5078125,83.171875
2002-08-24,163.96875,132.796875,112.703125,99.453125,85.9375,75.34375,66.140625,61.375,64.859375,73.0625,74.140625,76.90625,81.28125,73.734375,63.25,80.046875,96.40625,86.6875,80.390625,75.890625,71.65625,85.71875,107.4296875,124.90625,179.125,185.6640625,153.7890625,117.5078125,83.171875,61.71875
2002-08-25,132.796875,112.703125,99.453125,85.9375,75.34375,66.140625,61.375,64.859375,73.0625,74.140625,76.90625,81.28125,73.734375,63.25,80.046875,96.40625,86.6875,80.390625,75.890625,71.65625,85.71875,107.4296875,124.90625,179.125,185.6640625,153.7890625,117.5078125,83.171875,61.71875,47.1953125
2002-08-26,154.03125,150.984375,144.109375,124.71875,105.40625,100.75,111.765625,116.53125,107.171875,93.171875,78.921875,67.015625,72.90625,88.859375,93.15625,88.0,85.390625,98.921875,114.265625,131.4921875,179.0703125,249.6796875,236.0078125,172.2734375,125.078125,123.2578125,150.046875,136.765625,99.515625,96.015625
2002-08-27,150.984375,144.109375,124.71875,105.40625,100.75,111.765625,116.53125,107.171875,93.171875,78.921875,67.015625,72.90625,88.859375,93.15625,88.0,85.390625,98.921875,114.265625,131.4921875,179.0703125,249.6796875,236.0078125,172.2734375,125.078125,123.2578125,150.046875,136.765625,99.515625,96.015625,105.46875
2002-08-28,144.109375,124.71875,105.40625,100.75,111.765625,116.53125,107.171875,93.171875,78.921875,67.015625,72.90625,88.859375,93.15625,88.0,85.390625,98.921875,114.265625,131.4921875,179.0703125,249.6796875,236.0078125,172.2734375,125.078125,123.2578125,150.046875,136.765625,99.515625,96.015625,105.46875,116.46875
2002-08-29,150.65625,143.15625,139.828125,134.15625,140.78125,134.203125,115.015625,92.46875,74.828125,68.84375,70.390625,66.46875,60.734375,57.65625,54.1875,50.375,52.5859375,63.890625,85.875,113.390625,120.5390625,121.6640625,123.078125,135.09375,158.84375,153.9375,139.921875,145.75,165.7890625,158.3828125
2002-08-30,143.15625,139.828125,134.15625,140.78125,134.203125,115.015625,92.46875,74.828125,68.84375,70.390625,66.46875,60.734375,57.65625,54.1875,50.375,52.5859375,63.890625,85.875,113.390625,120.5390625,121.6640625,123.078125,135.09375,158.84375,153.9375,139.921875,145.75,165.7890625,158.3828125,140.0625
2002-08-31,139.828125,134.15625,140.78125,134.203125,115.015625,92.46875,74.828125,68.84375,70.390625,66.46875,60.734375,57.65625,54.1875,50.375,52.5859375,63.890625,85.875,113.390625,120.5390625,121.6640625,123.078125,135.09375,158.84375,153.9375,139.921875,145.75,165.7890625,158.3828125,140.0625,137.4375
2002-09-01,134.15625,140.78125,134.203125,115.015625,92.46875,74.828125,68.84375,70.390625,66.46875,60.734375,57.65625,54.1875,50.375,52.5859375,63.890625,85.875,113.390625,120.5390625,121.6640625,123.078125,135.09375,158.84375,153.9375,139.921875,145.75,165.7890625,158.3828125,140.0625,137.4375,162.0859375
2002-09-02,159.53125,136.859375,125.890625,125.765625,114.625,98.75,85.4375,75.203125,66.75,59.734375,63.828125,84.8125,98.9375,95.515625,94.1171875,113.6640625,144.125,154.1328125,131.421875,125.484375,190.046875,193.8515625,148.140625,113.3515625,121.421875,131.1484375,116.25,111.6328125,114.9375,117.5078125
2002-09-03,136.859375,125.890625,125.765625,114.625,98.75,85.4375,75.203125,66.75,59.734375,63.828125,84.8125,98.9375,95.515625,94.1171875,113.6640625,144.125,154.1328125,131.421875,125.484375,190.046875,193.8515625,148.140625,113.3515625,121.421875,131.1484375,116.25,111.6328125,114.9375,117.5078125,101.84375
2002-09-04,125.890625,125.765625,114.625,98.75,85.4375,75.203125,66.75,59.734375,63.828125,84.8125,98.9375,95.515625,94.1171875,113.6640625,144.125,154.1328125,131.421875,125.484375,190.046875,193.8515625,148.140625,113.3515625,121.421875,131.1484375,116.25,111.6328125,114.9375,117.5078125,101.84375,77.421875
2002-09-05,130.921875,122.203125,119.109375,121.53125,150.640625,157.984375,165.703125,168.25,138.859375,111.828125,93.9140625,86.9296875,92.7265625,100.15625,102.0703125,126.890625,134.125,111.625,103.671875,110.46875,134.9609375,127.8046875,108.3984375,123.6640625,146.609375,129.0234375,105.0,85.3125,67.609375,56.109375
2002-09-06,122.203125,119.109375,121.53125,150.640625,157.984375,165.703125,168.25,138.859375,111.828125,93.9140625,86.9296875,92.7265625,100.15625,102.0703125,126.890625,134.125,111.625,103.671875,110.46875,134.9609375,127.8046875,108.3984375,123.6640625,146.609375,129.0234375,105.0,85.3125,67.609375,56.109375,47.328125
2002-09-07,119.109375,121.53125,150.640625,157.984375,165.703125,168.25,138.859375,111.828125,93.9140625,86.9296875,92.7265625,100.15625,102.0703125,126.890625,134.125,111.625,103.671875,110.46875,134.9609375,127.8046875,108.3984375,123.6640625,146.609375,129.0234375,105.0,85.3125,67.609375,56.109375,47.328125,41.40625
2002-09-08,121.53125,150.640625,157.984375,165.703125,168.25,138.859375,111.828125,93.9140625,86.9296875,92.7265625,100.15625,102.0703125,126.890625,134.125,111.625,103.671875,110.46875,134.9609375,127.8046875,108.3984375,123.6640625,146.609375,129.0234375,105.0,85.3125,67.609375,56.109375,47.328125,41.40625,41.8046875
2002-09-09,158.0625,189.078125,151.921875,117.59375,105.3125,96.671875,92.7421875,93.4921875,102.1015625,101.828125,84.6953125,71.6640625,67.6171875,74.8046875,88.921875,87.9921875,77.8671875,65.234375,56.8203125,60.5234375,67.125,78.765625,81.578125,81.1796875,80.2109375,87.5546875,97.046875,79.109375,80.7890625,83.578125
2002-09-10,189.078125,151.921875,117.59375,105.3125,96.671875,92.7421875,93.4921875,102.1015625,101.828125,84.6953125,71.6640625,67.6171875,74.8046875,88.921875,87.9921875,77.8671875,65.234375,56.8203125,60.5234375,67.125,78.765625,81.578125,81.1796875,80.2109375,87.5546875,97.046875,79.109375,80.7890625,83.578125,79.0625
2002-09-11,151.921875,117.59375,105.3125,96.671875,92.7421875,93.4921875,102.1015625,101.828125,84.6953125,71.6640625,67.6171875,74.8046875,88.921875,87.9921875,77.8671875,65.234375,56.8203125,60.5234375,67.125,78.765625,81.578125,81.1796875,80.2109375,87.5546875,97.046875,79.109375,80.7890625,83.578125,79.0625,81.046875
2002-09-12,214.34375,158.921875,129.3046875,114.3984375,117.78125,121.9296875,124.6171875,114.8203125,95.6875,81.0625,79.5859375,86.8359375,132.0546875,144.84375,118.328125,108.0625,141.6953125,153.09375,136.4765625,120.1953125,101.875,91.6875,99.21875,103.59375,102.1953125,92.03125,96.9765625,99.3515625,88.078125,99.140625
2002-09-13,158.921875,129.3046875,114.3984375,117.78125,121.9296875,124.6171875,114.8203125,95.6875,81.0625,79.5859375,86.8359375,132.0546875,144.84375,118.328125,108.0625,141.6953125,153.09375,136.4765625,120.1953125,101.875,91.6875,99.21875,103.59375,102.1953125,92.03125,96.9765625,99.3515625,88.078125,99.140625,98.84375
2002-09-14,129.3046875,114.3984375,117.78125,121.9296875,124.6171875,114.8203125,95.6875,81.0625,79.5859375,86.8359375,132.0546875,144.84375,118.328125,108.0625,141.6953125,153.09375,136.4765625,120.1953125,101.875,91.6875,99.21875,103.59375,102.1953125,92.03125,96.9765625,99.3515625,88.078125,99.140625,98.84375,85.9765625
2002-09-15,114.3984375,117.78125,121.9296875,124.6171875,114.8203125,95.6875,81.0625,79.5859375,86.8359375,132.0546875,144.84375,118.328125,108.0625,141.6953125,153.09375,136.4765625,120.1953125,101.875,91.6875,99.21875,103.59375,102.1953125,92.03125,96.9765625,99.3515625,88.078125,99.140625,98.84375,85.9765625,89.578125
2002-09-16,96.546875,97.390625,98.578125,101.8515625,99.6328125,102.2421875,136.1875,182.3046875,213.15625,198.0546875,174.1953125,145.1640625,128.5,158.40625,178.421875,152.375,114.9765625,108.75,109.0390625,92.7109375,104.5390625,125.6484375,108.671875,80.7265625,68.1171875,64.5390625,59.84375,56.1171875,49.7265625,41.1171875
2002-09-17,97.390625,98.578125,101.8515625,99.6328125,102.2421875,136.1875,182.3046875,213.15625,198.0546875,174.1953125,145.1640625,128.5,158.40625,178.421875,152.375,114.9765625,108.75,109.0390625,92.7109375,104.5390625,125.6484375,108.671875,80.7265625,68.1171875,64.5390625,59.84375,56.1171875,49.7265625,41.1171875,50.03125
2002-09-18,98.578125,101.8515625,99.6328125,102.2421875,136.1875,182.3046875,213.15625,198.0546875,174.1953125,145.1640625,128.5,158.40625,178.421875,152.375,114.9765625,108.75,109.0390625,92.7109375,104.5390625,125.6484375,108.671875,80.7265625,68.1171875,64.5390625,59.84375,56.1171875,49.7265625,41.1171875,50.03125,72.4296875
2002-09-19,185.59375,190.921875,168.4609375,134.1640625,133.9921875,122.625,98.6328125,97.8125,111.3046875,116.203125,161.0,198.4921875,186.3671875,158.1171875,119.7578125,99.7578125,85.1328125,71.1640625,109.8828125,125.75,88.9140625,63.1328125,47.9140625,38.6328125,32.2578125,27.9140625,24.953125,22.84375,20.6484375,19.1796875
2002-09-20,190.921875,168.4609375,134.1640625,133.9921875,122.625,98.6328125,97.8125,111.3046875,116.203125,161.0,198.4921875,186.3671875,158.1171875,119.7578125,99.7578125,85.1328125,71.1640625,109.8828125,125.75,88.9140625,63.1328125,47.9140625,38.6328125,32.2578125,27.9140625,24.953125,22.84375,20.6484375,19.1796875,19.234375
2002-09-21,168.4609375,134.1640625,133.9921875,122.625,98.6328125,97.8125,111.3046875,116.203125,161.0,198.4921875,186.3671875,158.1171875,119.7578125,99.7578125,85.1328125,71.1640625,109.8828125,125.75,88.9140625,63.1328125,47.9140625,38.6328125,32.2578125,27.9140625,24.953125,22.84375,20.6484375,19.1796875,19.234375,35.078125
2002-09-22,134.1640625,133.9921875,122.625,98.6328125,97.8125,111.3046875,116.203125,161.0,198.4921875,186.3671875,158.1171875,119.7578125,99.7578125,85.1328125,71.1640625,109.8828125,125.75,88.9140625,63.1328125,47.9140625,38.6328125,32.2578125,27.9140625,24.953125,22.84375,20.6484375,19.1796875,19.234375,35.078125,73.71875
2002-09-23,129.140625,148.8125,164.6484375,166.328125,147.9765625,128.5703125,117.84375,131.234375,138.0546875,129.109375,138.546875,127.5625,132.296875,134.875,115.7890625,107.296875,100.5859375,105.21875,102.609375,81.3671875,81.828125,91.671875,88.3515625,111.7265625,122.0234375,99.0703125,86.21875,75.84375,74.484375,79.828125
2002-09-24,148.8125,164.6484375,166.328125,147.9765625,128.5703125,117.84375,131.234375,138.0546875,129.109375,138.546875,127.5625,132.296875,134.875,115.7890625,107.296875,100.5859375,105.21875,102.609375,81.3671875,81.828125,91.671875,88.3515625,111.7265625,122.0234375,99.0703125,86.21875,75.84375,74.484375,79.828125,76.5703125
2002-09-25,164.6484375,166.328125,147.9765625,128.5703125,117.84375,131.234375,138.0546875,129.109375,138.546875,127.5625,132.296875,134.875,115.7890625,107.296875,100.5859375,105.21875,102.609375,81.3671875,81.828125,91.671875,88.3515625,111.7265625,122.0234375,99.0703125,86.21875,75.84375,74.484375,79.828125,76.5703125,73.75
2002-09-26,104.4609375,93.421875,105.453125,138.1875,137.0546875,129.7734375,127.2734375,130.9375,123.1328125,108.15625,98.03125,121.390625,150.4453125,128.34375,92.7421875,74.546875,63.96875,51.5546875,42.859375,37.625,37.7734375,41.765625,60.7890625,98.609375,103.703125,83.828125,65.28125,66.171875,90.78125,117.9375
2002-09-27,93.421875,105.453125,138.1875,137.0546875,129.7734375,127.2734375,130.9375,123.1328125,108.15625,98.03125,121.390625,150.4453125,128.34375,92.7421875,74.546875,63.96875,51.5546875,42.859375,37.625,37.7734375,41.765625,60.7890625,98.609375,103.703125,83.828125,65.28125,66.171875,90.78125,117.9375,130.453125
2002-09-28,105.453125,138.1875,137.0546875,129.7734375,127.2734375,130.9375,123.1328125,108.15625,98.03125,121.390625,150.4453125,128.34375,92.7421875,74.546875,63.96875,51.5546875,42.859375,37.625,37.7734375,41.765625,60.7890625,98.609375,103.703125,83.828125,65.28125,66.171875,90.78125,117.9375,130.453125,161.1875
2002-09-29,138.1875,137.0546875,129.7734375,127.2734375,130.9375,123.1328125,108.15625,98.03125,121.390625,150.4453125,128.34375,92.7421875,74.546875,63.96875,51.5546875,42.859375,37.625,37.7734375,41.765625,60.7890625,98.609375,103.703125,83.828125,65.28125,66.171875,90.78125,117.9375,130.453125,161.1875,145.96875
2002-09-30,162.34375,147.3046875,120.4609375,139.875,149.5,125.75,116.40625,304.46875,286.4765625,171.1484375,114.7109375,99.3984375,95.8203125,81.6015625,72.71875,76.5234375,131.7109375,164.8671875,134.75,125.53125,121.90625,121.5703125,136.203125,195.46875,262.234375,213.5703125,189.25,167.796875,113.40625,75.8125
2002-10-01,147.3046875,120.4609375,139.875,149.5,125.75,116.40625,304.46875,286.4765625,171.1484375,114.7109375,99.3984375,95.8203125,81.6015625,72.71875,76.5234375,131.7109375,164.8671875,134.75,125.53125,121.90625,121.5703125,136.203125,195.46875,262.234375,213.5703125,189.25,167.796875,113.40625,75.8125,55.2421875
2002-10-02,120.4609375,139.875,149.5,125.75,116.40625,304.46875,286.4765625,171.1484375,114.7109375,99.3984375,95.8203125,81.6015625,72.71875,76.5234375,131.7109375,164.8671875,134.75,125.53125,121.90625,121.5703125,136.203125,195.46875,262.234375,213.5703125,189.25,167.796875,113.40625,75.8125,55.2421875,42.953125
2002-10-03,234.59375,220.421875,182.3515625,168.96875,155.9921875,121.3671875,100.1875,141.28125,168.234375,176.6875,311.953125,283.15625,212.140625,168.59375,152.6953125,144.7109375,121.3046875,99.1171875,91.5703125,97.0078125,110.546875,105.1875,95.8046875,113.078125,112.7421875,105.3984375,101.34375,92.4609375,91.6015625,82.09375
2002-10-04,220.421875,182.3515625,168.96875,155.9921875,121.3671875,100.1875,141.28125,168.234375,176.6875,311.953125,283.15625,212.140625,168.59375,152.6953125,144.7109375,121.3046875,99.1171875,91.5703125,97.0078125,110.546875,105.1875,95.8046875,113.078125,112.7421875,105.3984375,101.34375,92.4609375,91.6015625,82.09375,67.8125
2002-10-05,182.3515625,168.96875,155.9921875,121.3671875,100.1875,141.28125,168.234375,176.6875,311.953125,283.15625,212.140625,168.59375,152.6953125,144.7109375,121.3046875,99.1171875,91.5703125,97.0078125,110.546875,105.1875,95.8046875,113.078125,112.7421875,105.3984375,101.34375,92.4609375,91.6015625,82.09375,67.8125,55.515625
2002-10-06,168.96875,155.9921875,121.3671875,100.1875,141.28125,168.234375,176.6875,311.953125,283.15625,212.140625,168.59375,152.6953125,144.7109375,121.3046875,99.1171875,91.5703125,97.0078125,110.546875,105.1875,95.8046875,113.078125,112.7421875,105.3984375,101.34375,92.4609375,91.6015625,82.09375,67.8125,55.515625,47.109375
2002-10-07,215.453125,213.1328125,161.15625,119.4609375,104.046875,139.9375,168.0078125,158.8046875,154.359375,148.015625,129.1640625,120.2265625,113.609375,99.78125,89.7890625,91.4765625,91.3828125,79.59375,65.7265625,53.2734375,44.5390625,38.453125,33.7578125,33.9140625,42.75,52.421875,60.4609375,66.1953125,59.0,44.7734375
2002-10-08,213.1328125,161.15625,119.4609375,104.046875,139.9375,168.0078125,158.8046875,154.359375,148.015625,129.1640625,120.2265625,113.609375,99.78125,89.7890625,91.4765625,91.3828125,79.59375,65.7265625,53.2734375,44.5390625,38.453125,33.7578125,33.9140625,42.75,52.421875,60.4609375,66.1953125,59.0,44.7734375,34.0078125
2002-10-09,161.15625,119.4609375,104.046875,139.9375,168.0078125,158.8046875,154.359375,148.015625,129.1640625,120.2265625,113.609375,99.78125,89.7890625,91.4765625,91.3828125,79.59375,65.7265625,53.2734375,44.5390625,38.453125,33.7578125,33.9140625,42.75,52.421875,60.4609375,66.1953125,59.0,44.7734375,34.0078125,28.3203125
2002-10-10,106.0234375,91.734375,159.4765625,202.9453125,161.2109375,119.8671875,98.515625,84.3984375,73.640625,75.5546875,124.3046875,163.453125,132.3828125,104.953125,127.984375,128.40625,108.4765625,98.59375,84.6875,75.859375,76.34375,184.3828125,312.4375,332.796875,287.921875,190.484375,113.6796875,75.484375,55.2890625,44.671875
2002-10-11,91.734375,159.4765625,202.9453125,161.2109375,119.8671875,98.515625,84.3984375,73.640625,75.5546875,124.3046875,163.453125,132.3828125,104.953125,127.984375,128.40625,108.4765625,98.59375,84.6875,75.859375,76.34375,184.3828125,312.4375,332.796875,287.921875,190.484375,113.6796875,75.484375,55.2890625,44.671875,40.796875
2002-10-12,159.4765625,202.9453125,161.2109375,119.8671875,98.515625,84.3984375,73.640625,75.5546875,124.3046875,163.453125,132.3828125,104.953125,127.984375,128.40625,108.4765625,98.59375,84.6875,75.859375,76.34375,184.3828125,312.4375,332.796875,287.921875,190.484375,113.6796875,75.484375,55.2890625,44.671875,40.796875,52.3359375
2002-10-13,202.9453125,161.2109375,119.8671875,98.515625,84.3984375,73.640625,75.5546875,124.3046875,163.453125,132.3828125,104.953125,127.984375,128.40625,108.4765625,98.59375,84.6875,75.859375,76.34375,184.3828125,312.4375,332.796875,287.921875,190.484375,113.6796875,75.484375,55.2890625,44.671875,40.796875,52.3359375,63.09375
2002-10-14,74.953125,67.6640625,62.65625,57.921875,55.734375,60.0625,70.015625,80.9140625,100.1171875,140.03125,150.6015625,115.8203125,81.6015625,63.5234375,62.5625,68.578125,68.6328125,80.2734375,79.375,58.09375,43.7421875,46.015625,50.75,40.671875,30.8515625,23.65625,18.390625,14.9296875,12.203125,10.3984375
2002-10-15,67.6640625,62.65625,57.921875,55.734375,60.0625,70.015625,80.9140625,100.1171875,140.03125,150.6015625,115.8203125,81.6015625,63.5234375,62.5625,68.578125,68.6328125,80.2734375,79.375,58.09375,43.7421875,46.015625,50.75,40.671875,30.8515625,23.65625,18.390625,14.9296875,12.203125,10.3984375,8.9296875
2002-10-16,62.65625,57.921875,55.734375,60.0625,70.015625,80.9140625,100.1171875,140.03125,150.6015625,115.8203125,81.6015625,63.5234375,62.5625,68.578125,68.6328125,80.2734375,79.375,58.09375,43.7421875,46.015625,50.75,40.671875,30.8515625,23.65625,18.390625,14.9296875,12.203125,10.3984375,8.9296875,8.2890625
2002-10-17,59.3359375,58.890625,62.75,67.484375,71.3359375,75.0546875,74.625,107.3046875,133.84375,150.7265625,128.046875,92.9375,80.3203125,73.609375,74.453125,70.6015625,105.375,150.59375,117.6015625,75.65625,52.375,39.15625,29.6953125,23.375,18.8671875,15.78125,13.4140625,12.09375,14.0078125,26.3828125
2002-10-18,58.890625,62.75,67.484375,71.3359375,75.0546875,74.625,107.3046875,133.84375,150.7265625,128.046875,92.9375,80.3203125,73.609375,74.453125,70.6015625,105.375,150.59375,117.6015625,75.65625,52.375,39.15625,29.6953125,23.375,18.8671875,15.78125,13.4140625,12.09375,14.0078125,26.3828125,44.0390625
2002-10-19,62.75,67.484375,71.3359375,75.0546875,74.625,107.3046875,133.84375,150.7265625,128.046875,92.9375,80.3203125,73.609375,74.453125,70.6015625,105.375,150.59375,117.6015625,75.65625,52.375,39.15625,29.6953125,23.375,18.8671875,15.78125,13.4140625,12.09375,14.0078125,26.3828125,44.0390625,45.7265625
2002-10-20,67.484375,71.3359375,75.0546875,74.625,107.3046875,133.84375,150.7265625,128.046875,92.9375,80.3203125,73.609375,74.453125,70.6015625,105.375,150.59375,117.6015625,75.65625,52.375,39.15625,29.6953125,23.375,18.8671875,15.78125,13.4140625,12.09375,14.0078125,26.3828125,44.0390625,45.7265625,67.421875
2002-10-21,107.2578125,94.109375,82.046875,73.7890625,417.3984375,408.25,233.78125,146.2265625,130.5625,125.0078125,101.890625,100.109375,113.8515625,99.3515625,77.515625,63.8046875,52.3125,42.296875,34.0625,27.96875,23.4375,20.0,17.15625,15.3359375,14.6953125,21.9765625,45.1796875,66.2734375,67.953125,122.9453125
2002-10-22,94.109375,82.046875,73.7890625,417.3984375,408.25,233.78125,146.2265625,130.5625,125.0078125,101.890625,100.109375,113.8515625,99.3515625,77.515625,63.8046875,52.3125,42.296875,34.0625,27.96875,23.4375,20.0,17.15625,15.3359375,14.6953125,21.9765625,45.1796875,66.2734375,67.953125,122.9453125,156.5625
2002-10-23,82.046875,73.7890625,417.3984375,408.25,233.78125,146.2265625,130.5625,125.0078125,101.890625,100.109375,113.8515625,99.3515625,77.515625,63.8046875,52.3125,42.296875,34.0625,27.96875,23.4375,20.0,17.15625,15.3359375,14.6953125,21.9765625,45.1796875,66.2734375,67.953125,122.9453125,156.5625,153.9453125
2002-10-24,108.4140625,179.078125,197.3125,152.796875,128.3203125,105.8984375,90.7109375,85.6484375,102.8046875,126.9609375,145.140625,120.9921875,83.5859375,72.5546875,62.5,47.0625,39.421875,48.203125,61.5625,59.7734375,66.203125,74.125,62.1171875,44.4296875,32.7421875,24.46875,22.765625,25.4296875,30.3203125,40.7421875
2002-10-25,179.078125,197.3125,152.796875,128.3203125,105.8984375,90.7109375,85.6484375,102.8046875,126.9609375,145.140625,120.9921875,83.5859375,72.5546875,62.5,47.0625,39.421875,48.203125,61.5625,59.7734375,66.203125,74.125,62.1171875,44.4296875,32.7421875,24.46875,22.765625,25.4296875,30.3203125,40.7421875,49.5703125
2002-10-26,197.3125,152.796875,128.3203125,105.8984375,90.7109375,85.6484375,102.8046875,126.9609375,145.140625,120.9921875,83.5859375,72.5546875,62.5,47.0625,39.421875,48.203125,61.5625,59.7734375,66.203125,74.125,62.1171875,44.4296875,32.7421875,24.46875,22.765625,25.4296875,30.3203125,40.7421875,49.5703125,53.125
2002-10-27,152.796875,128.3203125,105.8984375,90.7109375,85.6484375,102.8046875,126.9609375,145.140625,120.9921875,83.5859375,72.5546875,62.5,47.0625,39.421875,48.203125,61.5625,59.7734375,66.203125,74.125,62.1171875,44.4296875,32.7421875,24.46875,22.765625,25.4296875,30.3203125,40.7421875,49.5703125,53.125,46.75
2002-10-28,96.375,98.671875,95.28125,119.546875,140.0859375,114.3671875,90.2421875,74.984375,59.4375,49.328125,44.7578125,41.8125,36.9296875,32.1953125,27.046875,23.671875,20.59375,18.3203125,17.71875,36.65625,57.859375,44.4609375,32.40625,24.5078125,48.8359375,78.0,58.90625,41.625,39.9765625,54.15625
2002-10-29,98.671875,95.28125,119.546875,140.0859375,114.3671875,90.2421875,74.984375,59.4375,49.328125,44.7578125,41.8125,36.9296875,32.1953125,27.046875,23.671875,20.59375,18.3203125,17.71875,36.65625,57.859375,44.4609375,32.40625,24.5078125,48.8359375,78.0,58.90625,41.625,39.9765625,54.15625,77.7734375
2002-10-30,95.28125,119.546875,140.0859375,114.3671875,90.2421875,74.984375,59.4375,49.328125,44.7578125,41.8125,36.9296875,32.1953125,27.046875,23.671875,20.59375,18.3203125,17.71875,36.65625,57.859375,44.4609375,32.40625,24.5078125,48.8359375,78.0,58.90625,41.625,39.9765625,54.15625,77.7734375,84.359375
2002-10-31,155.28125,139.0,108.3828125,118.7734375,111.5078125,79.078125,57.078125,44.046875,35.9609375,30.25,26.8046875,25.84375,27.3359375,26.359375,25.7421875,23.875,21.21875,18.3046875,17.7421875,18.2421875,16.9765625,15.390625,14.71875,12.671875,10.484375,9.3203125,8.0390625,6.5078125,5.9453125,5.453125
2002-11-01,139.0,108.3828125,118.7734375,111.5078125,79.078125,57.078125,44.046875,35.9609375,30.25,26.8046875,25.84375,27.3359375,26.359375,25.7421875,23.875,21.21875,18.3046875,17.7421875,18.2421875,16.9765625,15.390625,14.71875,12.671875,10.484375,9.3203125,8.0390625,6.5078125,5.9453125,5.453125,4.875
2002-11-02,108.3828125,118.7734375,111.5078125,79.078125,57.078125,44.046875,35.9609375,30.25,26.8046875,25.84375,27.3359375,26.359375,25.7421875,23.875,21.21875,18.3046875,17.7421875,18.2421875,16.9765625,15.390625,14.71875,12.671875,10.484375,9.3203125,8.0390625,6.5078125,5.9453125,5.453125,4.875,4.734375
2002-11-03,118.7734375,111.5078125,79.078125,57.078125,44.046875,35.9609375,30.25,26.8046875,25.84375,27.3359375,26.359375,25.7421875,23.875,21.21875,18.3046875,17.7421875,18.2421875,16.9765625,15.390625,14.71875,12.671875,10.484375,9.3203125,8.0390625,6.5078125,5.9453125,5.453125,4.875,4.734375,4.6328125
2002-11-04,71.0859375,56.9609375,49.5234375,45.9140625,42.9921875,45.171875,66.3359375,115.6484375,136.390625,111.7890625,87.765625,71.0546875,65.09375,71.4453125,66.0703125,55.0703125,55.53125,72.3984375,83.5390625,98.7265625,105.96875,87.984375,69.6484375,53.296875,41.4140625,30.515625,23.8203125,23.4140625,30.2890625,32.5859375
2002-11-05,56.9609375,49.5234375,45.9140625,42.9921875,45.171875,66.3359375,115.6484375,136.390625,111.7890625,87.765625,71.0546875,65.09375,71.4453125,66.0703125,55.0703125,55.53125,72.3984375,83.5390625,98.7265625,105.96875,87.984375,69.6484375,53.296875,41.4140625,30.515625,23.8203125,23.4140625,30.2890625,32.5859375,28.5234375
2002-11-06,49.5234375,45.9140625,42.9921875,45.171875,66.3359375,115.6484375,136.390625,111.7890625,87.765625,71.0546875,65.09375,71.4453125,66.0703125,55.0703125,55.53125,72.3984375,83.5390625,98.7265625,105.96875,87.984375,69.6484375,53.296875,41.4140625,30.515625,23.8203125,23.4140625,30.2890625,32.5859375,28.5234375,22.546875
2002-11-07,46.109375,44.5078125,41.8984375,35.3203125,38.28125,45.9453125,45.96875,46.6875,73.8203125,85.5703125,62.4140625,48.515625,42.8125,62.6875,77.34375,59.3125,46.4609375,46.8515625,49.484375,46.4140625,55.8125,57.3671875,42.25,33.0390625,30.53125,25.3046875,19.453125,15.3984375,14.2265625,14.5625
2002-11-08,44.5078125,41.8984375,35.3203125,38.28125,45.9453125,45.96875,46.6875,73.8203125,85.5703125,62.4140625,48.515625,42.8125,62.6875,77.34375,59.3125,46.4609375,46.8515625,49.484375,46.4140625,55.8125,57.3671875,42.25,33.0390625,30.53125,25.3046875,19.453125,15.3984375,14.2265625,14.5625,12.8671875
2002-11-09,41.8984375,35.3203125,38.28125,45.9453125,45.96875,46.6875,73.8203125,85.5703125,62.4140625,48.515625,42.8125,62.6875,77.34375,59.3125,46.4609375,46.8515625,49.484375,46.4140625,55.8125,57.3671875,42.25,33.0390625,30.53125,25.3046875,19.453125,15.3984375,14.2265625,14.5625,12.8671875,10.7265625
2002-11-10,35.3203125,38.28125,45.9453125,45.96875,46.6875,73.8203125,85.5703125,62.4140625,48.515625,42.8125,62.6875,77.34375,59.3125,46.4609375,46.8515625,49.484375,46.4140625,55.8125,57.3671875,42.25,33.0390625,30.53125,25.3046875,19.453125,15.3984375,14.2265625,14.5625,12.8671875,10.7265625,9.3359375
2002-11-11,75.703125,97.4140625,126.375,132.6015625,99.7890625,74.203125,57.3671875,55.921875,102.7890625,133.34375,117.5078125,111.7265625,117.984375,97.15625,67.9453125,68.5234375,79.390625,69.2734375,53.5234375,45.0859375,38.5,29.9921875,22.8203125,18.4375,14.4609375,12.625,17.8828125,26.9609375,24.0546875,18.71875
2002-11-12,97.4140625,126.375,132.6015625,99.7890625,74.203125,57.3671875,55.921875,102.7890625,133.34375,117.5078125,111.7265625,117.984375,97.15625,67.9453125,68.5234375,79.390625,69.2734375,53.5234375,45.0859375,38.5,29.9921875,22.8203125,18.4375,14.4609375,12.625,17.8828125,26.9609375,24.0546875,18.71875,14.90625
2002-11-13,126.375,132.6015625,99.7890625,74.203125,57.3671875,55.921875,102.7890625,133.34375,117.5078125,111.7265625,117.984375,97.15625,67.9453125,68.5234375,79.390625,69.2734375,53.5234375,45.0859375,38.5,29.9921875,22.8203125,18.4375,14.4609375,12.625,17.8828125,26.9609375,24.0546875,18.71875,14.90625,12.4609375
2002-11-14,41.9375,45.78125,58.640625,83.265625,86.6171875,94.234375,99.875,94.6015625,93.8984375,86.625,72.40625,54.96875,40.328125,31.515625,25.9609375,24.3359375,25.5,23.03125,28.9921875,38.609375,30.9765625,25.875,23.9765625,24.84375,33.375,37.1171875,32.5546875,25.171875,19.6640625,15.4921875
2002-11-15,45.78125,58.640625,83.265625,86.6171875,94.234375,99.875,94.6015625,93.8984375,86.625,72.40625,54.96875,40.328125,31.515625,25.9609375,24.3359375,25.5,23.03125,28.9921875,38.609375,30.9765625,25.875,23.9765625,24.84375,33.375,37.1171875,32.5546875,25.171875,19.6640625,15.4921875,13.6484375
2002-11-16,58.640625,83.265625,86.6171875,94.234375,99.875,94.6015625,93.8984375,86.625,72.40625,54.96875,40.328125,31.515625,25.9609375,24.3359375,25.5,23.03125,28.9921875,38.609375,30.9765625,25.875,23.9765625,24.84375,33.375,37.1171875,32.5546875,25.171875,19.6640625,15.4921875,13.6484375,13.1328125
2002-11-17,83.265625,86.6171875,94.234375,99.875,94.6015625,93.8984375,86.625,72.40625,54.96875,40.328125,31.515625,25.9609375,24.3359375,25.5,23.03125,28.9921875,38.609375,30.9765625,25.875,23.9765625,24.84375,33.375,37.1171875,32.5546875,25.171875,19.6640625,15.4921875,13.6484375,13.1328125,12.4609375
2002-11-18,58.078125,45.21875,49.6171875,62.8984375,88.375,96.7109375,76.8515625,58.1484375,48.046875,41.8203125,31.8984375,24.1640625,19.234375,15.8046875,13.90625,13.2734375,13.8984375,15.640625,14.5234375,12.3046875,10.9140625,10.4296875,9.828125,8.9921875,8.1328125,7.484375,6.7890625,6.4453125,6.3359375,6.0234375
2002-11-19,45.21875,49.6171875,62.8984375,88.375,96.7109375,76.8515625,58.1484375,48.046875,41.8203125,31.8984375,24.1640625,19.234375,15.8046875,13.90625,13.2734375,13.8984375,15.640625,14.5234375,12.3046875,10.9140625,10.4296875,9.828125,8.9921875,8.1328125,7.484375,6.7890625,6.4453125,6.3359375,6.0234375,5.953125
2002-11-20,49.6171875,62.8984375,88.375,96.7109375,76.8515625,58.1484375,48.046875,41.8203125,31.8984375,24.1640625,19.234375,15.8046875,13.90625,13.2734375,13.8984375,15.640625,14.5234375,12.3046875,10.9140625,10.4296875,9.828125,8.9921875,8.1328125,7.484375,6.7890625,6.4453125,6.3359375,6.0234375,5.953125,6.3984375
2002-11-21,56.34375,58.0859375,48.859375,58.71875,63.3125,54.5703125,65.3515625,116.0390625,144.953125,114.8671875,79.4765625,56.3671875,40.7890625,31.1640625,25.03125,20.6640625,19.3046875,26.203125,30.546875,24.921875,19.0625,17.1796875,24.9375,35.171875,32.0,26.0234375,21.8125,28.9375,47.4765625,44.96875
2002-11-22,58.0859375,48.859375,58.71875,63.3125,54.5703125,65.3515625,116.0390625,144.953125,114.8671875,79.4765625,56.3671875,40.7890625,31.1640625,25.03125,20.6640625,19.3046875,26.203125,30.546875,24.921875,19.0625,17.1796875,24.9375,35.171875,32.0,26.0234375,21.8125,28.9375,47.4765625,44.96875,34.5390625
2002-11-23,48.859375,58.71875,63.3125,54.5703125,65.3515625,116.0390625,144.953125,114.8671875,79.4765625,56.3671875,40.7890625,31.1640625,25.03125,20.6640625,19.3046875,26.203125,30.546875,24.921875,19.0625,17.1796875,24.9375,35.171875,32.0,26.0234375,21.8125,28.9375,47.4765625,44.96875,34.5390625,25.6796875
2002-11-24,58.71875,63.3125,54.5703125,65.3515625,116.0390625,144.953125,114.8671875,79.4765625,56.3671875,40.7890625,31.1640625,25.03125,20.6640625,19.3046875,26.203125,30.546875,24.921875,19.0625,17.1796875,24.9375,35.171875,32.0,26.0234375,21.8125,28.9375,47.4765625,44.96875,34.5390625,25.6796875,21.578125
2002-11-25,73.1171875,52.6640625,38.59375,34.34375,40.296875,45.3203125,47.6484375,45.78125,37.71875,30.8984375,27.1328125,24.453125,32.21875,49.4765625,60.0078125,52.828125,37.3671875,27.203125,21.4296875,20.546875,20.484375,17.7734375,14.6953125,12.3515625,19.265625,35.1328125,41.8046875,39.5859375,29.40625,21.4609375
2002-11-26,52.6640625,38.59375,34.34375,40.296875,45.3203125,47.6484375,45.78125,37.71875,30.8984375,27.1328125,24.453125,32.21875,49.4765625,60.0078125,52.828125,37.3671875,27.203125,21.4296875,20.546875,20.484375,17.7734375,14.6953125,12.3515625,19.265625,35.1328125,41.8046875,39.5859375,29.40625,21.4609375,16.34375
2002-11-27,38.59375,34.34375,40.296875,45.3203125,47.6484375,45.78125,37.71875,30.8984375,27.1328125,24.453125,32.21875,49.4765625,60.0078125,52.828125,37.3671875,27.203125,21.4296875,20.546875,20.484375,17.7734375,14.6953125,12.3515625,19.265625,35.1328125,41.8046875,39.5859375,29.40625,21.4609375,16.34375,13.8125
2002-11-28,29.8671875,37.3828125,67.5625,80.453125,68.28125,51.515625,37.7421875,30.796875,29.7890625,29.1796875,27.3359375,24.4921875,21.0,17.5390625,14.546875,12.1484375,10.8125,9.8203125,8.8046875,7.859375,7.203125,6.8828125,6.28125,5.796875,5.234375,4.765625,4.3984375,3.875,3.578125,3.4453125
2002-11-29,37.3828125,67.5625,80.453125,68.28125,51.515625,37.7421875,30.796875,29.7890625,29.1796875,27.3359375,24.4921875,21.0,17.5390625,14.546875,12.1484375,10.8125,9.8203125,8.8046875,7.859375,7.203125,6.8828125,6.28125,5.796875,5.234375,4.765625,4.3984375,3.875,3.578125,3.4453125,3.328125
2002-11-30,67.5625,80.453125,68.28125,51.515625,37.7421875,30.796875,29.7890625,29.1796875,27.3359375,24.4921875,21.0,17.5390625,14.546875,12.1484375,10.8125,9.8203125,8.8046875,7.859375,7.203125,6.8828125,6.28125,5.796875,5.234375,4.765625,4.3984375,3.875,3.578125,3.4453125,3.328125,3.2578125
2002-12-01,80.453125,68.28125,51.515625,37.7421875,30.796875,29.7890625,29.1796875,27.3359375,24.4921875,21.0,17.5390625,14.546875,12.1484375,10.8125,9.8203125,8.8046875,7.859375,7.203125,6.8828125,6.28125,5.796875,5.234375,4.765625,4.3984375,3.875,3.578125,3.4453125,3.328125,3.2578125,3.140625
2002-12-02,49.4375,37.8515625,44.9140625,66.6015625,73.0625,68.5625,59.4140625,45.71875,32.3203125,23.3671875,17.6484375,14.1796875,12.4765625,11.4453125,10.9375,10.90625,11.4609375,13.8203125,17.71875,19.7265625,17.640625,14.84375,12.78125,11.125,9.71875,8.0078125,6.8515625,5.4765625,4.6171875,4.296875
2002-12-03,37.8515625,44.9140625,66.6015625,73.0625,68.5625,59.4140625,45.71875,32.3203125,23.3671875,17.6484375,14.1796875,12.4765625,11.4453125,10.9375,10.90625,11.4609375,13.8203125,17.71875,19.7265625,17.640625,14.84375,12.78125,11.125,9.71875,8.0078125,6.8515625,5.4765625,4.6171875,4.296875,4.0078125
2002-12-04,44.9140625,66.6015625,73.0625,68.5625,59.4140625,45.71875,32.3203125,23.3671875,17.6484375,14.1796875,12.4765625,11.4453125,10.9375,10.90625,11.4609375,13.8203125,17.71875,19.7265625,17.640625,14.84375,12.78125,11.125,9.71875,8.0078125,6.8515625,5.4765625,4.6171875,4.296875,4.0078125,4.1328125
2002-12-05,41.3828125,44.578125,45.3515625,58.15625,55.015625,38.703125,27.1015625,19.84375,14.8359375,13.359375,19.453125,27.2578125,22.921875,17.6015625,16.0703125,21.125,26.875,24.6796875,19.2421875,15.296875,12.296875,9.84375,8.3125,7.9765625,8.125,8.953125,9.6953125,9.6015625,8.6171875,7.9453125
2002-12-06,44.578125,45.3515625,58.15625,55.015625,38.703125,27.1015625,19.84375,14.8359375,13.359375,19.453125,27.2578125,22.921875,17.6015625,16.0703125,21.125,26.875,24.6796875,19.2421875,15.296875,12.296875,9.84375,8.3125,7.9765625,8.125,8.953125,9.6953125,9.6015625,8.6171875,7.9453125,8.1796875
2002-12-07,45.3515625,58.15625,55.015625,38.703125,27.1015625,19.84375,14.8359375,13.359375,19.453125,27.2578125,22.921875,17.6015625,16.0703125,21.125,26.875,24.6796875,19.2421875,15.296875,12.296875,9.84375,8.3125,7.9765625,8.125,8.953125,9.6953125,9.6015625,8.6171875,7.9453125,8.1796875,7.859375
2002-12-08,58.15625,55.015625,38.703125,27.1015625,19.84375,14.8359375,13.359375,19.453125,27.2578125,22.921875,17.6015625,16.0703125,21.125,26.875,24.6796875,19.2421875,15.296875,12.296875,9.84375,8.3125,7.9765625,8.125,8.953125,9.6953125,9.6015625,8.6171875,7.9453125,8.1796875,7.859375,6.9453125
2002-12-09,35.7578125,28.3984375,21.5078125,16.4375,13.2265625,10.9765625,9.4765625,8.171875,8.0546875,9.0078125,9.46875,17.7578125,36.0390625,38.515625,30.625,22.3359375,16.7109375,13.1796875,10.8984375,10.109375,12.015625,13.625,13.828125,12.265625,10.4296875,8.703125,7.515625,6.7890625,5.2421875,4.2890625
2002-12-10,28.3984375,21.5078125,16.4375,13.2265625,10.9765625,9.4765625,8.171875,8.0546875,9.0078125,9.46875,17.7578125,36.0390625,38.515625,30.625,22.3359375,16.7109375,13.1796875,10.8984375,10.109375,12.015625,13.625,13.828125,12.265625,10.4296875,8.703125,7.515625,6.7890625,5.2421875,4.2890625,3.7421875
2002-12-11,21.5078125,16.4375,13.2265625,10.9765625,9.4765625,8.171875,8.0546875,9.0078125,9.46875,17.7578125,36.0390625,38.515625,30.625,22.3359375,16.7109375,13.1796875,10.8984375,10.109375,12.015625,13.625,13.828125,12.265625,10.4296875,8.703125,7.515625,6.7890625,5.2421875,4.2890625,3.7421875,3.453125
2002-12-12,16.15625,13.7890625,11.953125,11.09375,11.390625,11.140625,12.6875,15.3828125,14.890625,13.765625,13.1796875,11.9375,10.171875,8.6015625,7.3359375,6.453125,6.421875,8.53125,14.9765625,21.8359375,21.4609375,22.328125,30.859375,32.625,25.7265625,20.0625,17.390625,14.25,12.2734375,10.375
2002-12-13,13.7890625,11.953125,11.09375,11.390625,11.140625,12.6875,15.3828125,14.890625,13.765625,13.1796875,11.9375,10.171875,8.6015625,7.3359375,6.453125,6.421875,8.53125,14.9765625,21.8359375,21.4609375,22.328125,30.859375,32.625,25.7265625,20.0625,17.390625,14.25,12.2734375,10.375,9.3671875
2002-12-14,11.953125,11.09375,11.390625,11.140625,12.6875,15.3828125,14.890625,13.765625,13.1796875,11.9375,10.171875,8.6015625,7.3359375,6.453125,6.421875,8.53125,14.9765625,21.8359375,21.4609375,22.328125,30.859375,32.625,25.7265625,20.0625,17.390625,14.25,12.2734375,10.375,9.3671875,8.5390625
2002-12-15,11.09375,11.390625,11.140625,12.6875,15.3828125,14.890625,13.765625,13.1796875,11.9375,10.171875,8.6015625,7.3359375,6.453125,6.421875,8.53125,14.9765625,21.8359375,21.4609375,22.328125,30.859375,32.625,25.7265625,20.0625,17.390625,14.25,12.2734375,10.375,9.3671875,8.5390625,7.9921875
2002-12-16,8.8125,8.1875,8.46875,9.7109375,10.4296875,11.5625,14.359375,19.765625,24.359375,26.671875,39.6640625,48.8984375,38.15625,26.8046875,19.3984375,14.703125,12.4921875,20.3671875,33.3359375,28.09375,20.96875,15.65625,15.265625,24.4296875,37.9921875,50.3671875,53.1640625,64.3359375,68.5234375,51.7578125
2002-12-17,8.1875,8.46875,9.7109375,10.4296875,11.5625,14.359375,19.765625,24.359375,26.671875,39.6640625,48.8984375,38.15625,26.8046875,19.3984375,14.703125,12.4921875,20.3671875,33.3359375,28.09375,20.96875,15.65625,15.265625,24.4296875,37.9921875,50.3671875,53.1640625,64.3359375,68.5234375,51.7578125,39.8515625
2002-12-18,8.46875,9.7109375,10.4296875,11.5625,14.359375,19.765625,24.359375,26.671875,39.6640625,48.8984375,38.15625,26.8046875,19.3984375,14.703125,12.4921875,20.3671875,33.3359375,28.09375,20.96875,15.65625,15.265625,24.4296875,37.9921875,50.3671875,53.1640625,64.3359375,68.5234375,51.7578125,39.8515625,32.46875
2002-12-19,9.4375,10.828125,10.453125,11.671875,14.0234375,13.515625,11.53125,9.8046875,8.296875,7.015625,5.9453125,5.234375,4.4921875,4.34375,4.3828125,3.5234375,3.1875,3.1171875,3.2109375,3.1640625,3.5,3.9765625,6.25,25.75,54.4296875,56.3359375,46.8984375,34.3046875,23.84375,17.6328125
2002-12-20,10.828125,10.453125,11.671875,14.0234375,13.515625,11.53125,9.8046875,8.296875,7.015625,5.9453125,5.234375,4.4921875,4.34375,4.3828125,3.5234375,3.1875,3.1171875,3.2109375,3.1640625,3.5,3.9765625,6.25,25.75,54.4296875,56.3359375,46.8984375,34.3046875,23.84375,17.6328125,14.1640625
2002-12-21,10.453125,11.671875,14.0234375,13.515625,11.53125,9.8046875,8.296875,7.015625,5.9453125,5.234375,4.4921875,4.34375,4.3828125,3.5234375,3.1875,3.1171875,3.2109375,3.1640625,3.5,3.9765625,6.25,25.75,54.4296875,56.3359375,46.8984375,34.3046875,23.84375,17.6328125,14.1640625,72.3046875
2002-12-22,11.671875,14.0234375,13.515625,11.53125,9.8046875,8.296875,7.015625,5.9453125,5.234375,4.4921875,4.34375,4.3828125,3.5234375,3.1875,3.1171875,3.2109375,3.1640625,3.5,3.9765625,6.25,25.75,54.4296875,56.3359375,46.8984375,34.3046875,23.84375,17.6328125,14.1640625,72.3046875,151.984375
2002-12-23,48.7421875,223.21875,229.8671875,136.734375,82.46875,52.5859375,35.5,25.3125,18.65625,14.5625,12.0625,9.9609375,8.1796875,7.84375,10.921875,20.3359375,30.5390625,29.3671875,27.3515625,25.5,20.03125,15.2109375,12.5625,12.4609375,12.8046875,13.09375,12.5078125,11.1484375,9.2890625,8.65625
2002-12-24,223.21875,229.8671875,136.734375,82.46875,52.5859375,35.5,25.3125,18.65625,14.5625,12.0625,9.9609375,8.1796875,7.84375,10.921875,20.3359375,30.5390625,29.3671875,27.3515625,25.5,20.03125,15.2109375,12.5625,12.4609375,12.8046875,13.09375,12.5078125,11.1484375,9.2890625,8.65625,9.0
2002-12-25,229.8671875,136.734375,82.46875,52.5859375,35.5,25.3125,18.65625,14.5625,12.0625,9.9609375,8.1796875,7.84375,10.921875,20.3359375,30.5390625,29.3671875,27.3515625,25.5,20.03125,15.2109375,12.5625,12.4609375,12.8046875,13.09375,12.5078125,11.1484375,9.2890625,8.65625,9.0,9.0859375
2002-12-26,13.5625,25.09375,66.515625,76.6484375,51.515625,35.203125,24.484375,18.1484375,13.6015625,10.5078125,8.5234375,7.7734375,7.3125,6.4921875,5.9296875,5.421875,4.5625,3.6875,3.359375,3.3984375,3.4453125,3.1953125,3.2421875,3.515625,4.2265625,5.3046875,6.3984375,7.4375,8.296875,8.3515625
2002-12-27,25.09375,66.515625,76.6484375,51.515625,35.203125,24.484375,18.1484375,13.6015625,10.5078125,8.5234375,7.7734375,7.3125,6.4921875,5.9296875,5.421875,4.5625,3.6875,3.359375,3.3984375,3.4453125,3.1953125,3.2421875,3.515625,4.2265625,5.3046875,6.3984375,7.4375,8.296875,8.3515625,8.484375
2002-12-28,66.515625,76.6484375,51.515625,35.203125,24.484375,18.1484375,13.6015625,10.5078125,8.5234375,7.7734375,7.3125,6.4921875,5.9296875,5.421875,4.5625,3.6875,3.359375,3.3984375,3.4453125,3.1953125,3.2421875,3.515625,4.2265625,5.3046875,6.3984375,7.4375,8.296875,8.3515625,8.484375,10.484375
2002-12-29,76.6484375,51.515625,35.203125,24.484375,18.1484375,13.6015625,10.5078125,8.5234375,7.7734375,7.3125,6.4921875,5.9296875,5.421875,4.5625,3.6875,3.359375,3.3984375,3.4453125,3.1953125,3.2421875,3.515625,4.2265625,5.3046875,6.3984375,7.4375,8.296875,8.3515625,8.484375,10.484375,11.015625
2002-12-30,23.9375,18.9765625,14.90625,11.515625,8.6640625,7.0703125,6.1328125,5.6875,5.2890625,4.9375,4.84375,4.703125,4.2421875,4.09375,3.7109375,3.2109375,3.1875,3.0859375,2.875,2.9609375,3.1953125,3.390625,4.1328125,4.9296875,5.8671875,11.3359375,29.765625,56.5,94.859375,89.9296875
2002-12-31,18.9765625,14.90625,11.515625,8.6640625,7.0703125,6.1328125,5.6875,5.2890625,4.9375,4.84375,4.703125,4.2421875,4.09375,3.7109375,3.2109375,3.1875,3.0859375,2.875,2.9609375,3.1953125,3.390625,4.1328125,4.9296875,5.8671875,11.3359375,29.765625,56.5,94.859375,89.9296875,58.25
2003-01-01,14.90625,11.515625,8.6640625,7.0703125,6.1328125,5.6875,5.2890625,4.9375,4.84375,4.703125,4.2421875,4.09375,3.7109375,3.2109375,3.1875,3.0859375,2.875,2.9609375,3.1953125,3.390625,4.1328125,4.9296875,5.8671875,11.3359375,29.765625,56.5,94.859375,89.9296875,58.25,42.8671875
2003-01-02,11.515625,8.6640625,7.0703125,6.1328125,5.6875,5.2890625,4.9375,4.84375,4.703125,4.2421875,4.09375,3.7109375,3.2109375,3.1875,3.0859375,2.875,2.9609375,3.1953125,3.390625,4.1328125,4.9296875,5.8671875,11.3359375,29.765625,56.5,94.859375,89.9296875,58.25,42.8671875,36.4609375
2003-01-03,44.7734375,29.3984375,21.0078125,15.9375,12.6796875,10.46875,9.109375,7.9921875,7.28125,6.65625,6.03125,5.6484375,5.375,5.2890625,5.7578125,13.796875,28.203125,27.03125,24.3359375,24.34375,23.0078125,22.4765625,25.9375,30.546875,35.1328125,31.671875,24.1875,18.625,15.34375,12.4375
2003-01-04,29.3984375,21.0078125,15.9375,12.6796875,10.46875,9.109375,7.9921875,7.28125,6.65625,6.03125,5.6484375,5.375,5.2890625,5.7578125,13.796875,28.203125,27.03125,24.3359375,24.34375,23.0078125,22.4765625,25.9375,30.546875,35.1328125,31.671875,24.1875,18.625,15.34375,12.4375,13.0
2003-01-05,21.0078125,15.9375,12.6796875,10.46875,9.109375,7.9921875,7.28125,6.65625,6.03125,5.6484375,5.375,5.2890625,5.7578125,13.796875,28.203125,27.03125,24.3359375,24.34375,23.0078125,22.4765625,25.9375,30.546875,35.1328125,31.671875,24.1875,18.625,15.34375,12.4375,13.0,17.671875
2003-01-06,15.9375,12.6796875,10.46875,9.109375,7.9921875,7.28125,6.65625,6.03125,5.6484375,5.375,5.2890625,5.7578125,13.796875,28.203125,27.03125,24.3359375,24.34375,23.0078125,22.4765625,25.9375,30.546875,35.1328125,31.671875,24.1875,18.625,15.34375,12.4375,13.0,17.671875,17.984375
2003-01-07,11.9453125,9.390625,7.9921875,6.9609375,6.265625,5.796875,5.4453125,5.2421875,5.328125,5.3125,5.109375,4.875,4.7265625,4.6875,4.5703125,4.4921875,4.53125,4.4453125,5.1484375,7.484375,8.2890625,8.8046875,9.390625,9.21875,10.265625,9.703125,8.359375,7.21875,19.375,51.9375
2003-01-08,9.390625,7.9921875,6.9609375,6.265625,5.796875,5.4453125,5.2421875,5.328125,5.3125,5.109375,4.875,4.7265625,4.6875,4.5703125,4.4921875,4.53125,4.4453125,5.1484375,7.484375,8.2890625,8.8046875,9.390625,9.21875,10.265625,9.703125,8.359375,7.21875,19.375,51.9375,51.3125
2003-01-09,7.9921875,6.9609375,6.265625,5.796875,5.4453125,5.2421875,5.328125,5.3125,5.109375,4.875,4.7265625,4.6875,4.5703125,4.4921875,4.53125,4.4453125,5.1484375,7.484375,8.2890625,8.8046875,9.390625,9.21875,10.265625,9.703125,8.359375,7.21875,19.375,51.9375,51.3125,38.09375
2003-01-10,6.6796875,5.7421875,5.1640625,4.828125,4.6484375,4.3125,4.0,3.8125,3.625,3.640625,3.7109375,3.484375,3.4609375,3.4453125,3.2734375,3.4375,3.3515625,3.203125,3.09375,2.890625,3.234375,5.28125,7.546875,7.953125,7.28125,6.46875,5.421875,4.375,5.265625,8.84375
2003-01-11,5.7421875,5.1640625,4.828125,4.6484375,4.3125,4.0,3.8125,3.625,3.640625,3.7109375,3.484375,3.4609375,3.4453125,3.2734375,3.4375,3.3515625,3.203125,3.09375,2.890625,3.234375,5.28125,7.546875,7.953125,7.28125,6.46875,5.421875,4.375,5.265625,8.84375,14.1875
2003-01-12,5.1640625,4.828125,4.6484375,4.3125,4.0,3.8125,3.625,3.640625,3.7109375,3.484375,3.4609375,3.4453125,3.2734375,3.4375,3.3515625,3.203125,3.09375,2.890625,3.234375,5.28125,7.546875,7.953125,7.28125,6.46875,5.421875,4.375,5.265625,8.84375,14.1875,17.578125
2003-01-13,4.828125,4.6484375,4.3125,4.0,3.8125,3.625,3.640625,3.7109375,3.484375,3.4609375,3.4453125,3.2734375,3.4375,3.3515625,3.203125,3.09375,2.890625,3.234375,5.28125,7.546875,7.953125,7.28125,6.46875,5.421875,4.375,5.265625,8.84375,14.1875,17.578125,16.40625
2003-01-14,3.921875,3.4453125,3.109375,3.0859375,3.4609375,3.46875,3.421875,3.6015625,3.703125,3.6796875,3.90625,3.8125,3.6875,3.5234375,3.4921875,3.78125,4.09375,5.078125,8.09375,9.0,8.96875,10.296875,13.546875,14.03125,15.1875,27.75,36.546875,28.078125,20.234375,16.359375
2003-01-15,3.4453125,3.109375,3.0859375,3.4609375,3.46875,3.421875,3.6015625,3.703125,3.6796875,3.90625,3.8125,3.6875,3.5234375,3.4921875,3.78125,4.09375,5.078125,8.09375,9.0,8.96875,10.296875,13.546875,14.03125,15.1875,27.75,36.546875,28.078125,20.234375,16.359375,21.390625
2003-01-16,3.109375,3.0859375,3.4609375,3.46875,3.421875,3.6015625,3.703125,3.6796875,3.90625,3.8125,3.6875,3.5234375,3.4921875,3.78125,4.09375,5.078125,8.09375,9.0,8.96875,10.296875,13.546875,14.03125,15.1875,27.75,36.546875,28.078125,20.234375,16.359375,21.390625,27.515625
2003-01-17,2.9375,2.796875,2.765625,2.859375,3.09375,4.125,13.453125,30.28125,27.7734375,21.2578125,16.421875,14.671875,17.1015625,18.7890625,22.90625,30.640625,29.96875,28.75,25.03125,20.828125,16.78125,13.453125,11.96875,19.65625,36.203125,52.578125,57.53125,41.59375,28.875,27.09375
2003-01-18,2.796875,2.765625,2.859375,3.09375,4.125,13.453125,30.28125,27.7734375,21.2578125,16.421875,14.671875,17.1015625,18.7890625,22.90625,30.640625,29.96875,28.75,25.03125,20.828125,16.78125,13.453125,11.96875,19.65625,36.203125,52.578125,57.53125,41.59375,28.875,27.09375,46.796875
2003-01-19,2.765625,2.859375,3.09375,4.125,13.453125,30.28125,27.7734375,21.2578125,16.421875,14.671875,17.1015625,18.7890625,22.90625,30.640625,29.96875,28.75,25.03125,20.828125,16.78125,13.453125,11.96875,19.65625,36.203125,52.578125,57.53125,41.59375,28.875,27.09375,46.796875,55.734375
2003-01-20,2.859375,3.09375,4.125,13.453125,30.28125,27.7734375,21.2578125,16.421875,14.671875,17.1015625,18.7890625,22.90625,30.640625,29.96875,28.75,25.03125,20.828125,16.78125,13.453125,11.96875,19.65625,36.203125,52.578125,57.53125,41.59375,28.875,27.09375,46.796875,55.734375,40.0625
2003-01-21,3.4921875,4.1015625,5.46875,7.3671875,8.3203125,7.7734375,7.0546875,6.40625,5.7890625,5.1796875,4.46875,4.078125,3.921875,4.28125,7.796875,15.125,14.859375,13.21875,12.171875,10.921875,9.109375,7.46875,6.515625,5.75,5.828125,7.25,7.796875,7.3125,6.828125,6.140625
2003-01-22,4.1015625,5.46875,7.3671875,8.3203125,7.7734375,7.0546875,6.40625,5.7890625,5.1796875,4.46875,4.078125,3.921875,4.28125,7.796875,15.125,14.859375,13.21875,12.171875,10.921875,9.109375,7.46875,6.515625,5.75,5.828125,7.25,7.796875,7.3125,6.828125,6.140625,5.78125
2003-01-23,5.46875,7.3671875,8.3203125,7.7734375,7.0546875,6.40625,5.7890625,5.1796875,4.46875,4.078125,3.921875,4.28125,7.796875,15.125,14.859375,13.21875,12.171875,10.921875,9.109375,7.46875,6.515625,5.75,5.828125,7.25,7.796875,7.3125,6.828125,6.140625,5.78125,6.546875
2003-01-24,8.8984375,8.7734375,7.859375,6.8359375,5.625,4.9140625,4.453125,4.078125,3.78125,3.71875,3.546875,3.453125,3.984375,5.171875,5.78125,5.59375,4.96875,4.375,3.8125,3.5625,3.5625,3.265625,3.1875,3.203125,3.3125,3.796875,3.859375,3.765625,3.703125,3.5625
2003-01-25,8.7734375,7.859375,6.8359375,5.625,4.9140625,4.453125,4.078125,3.78125,3.71875,3.546875,3.453125,3.984375,5.171875,5.78125,5.59375,4.96875,4.375,3.8125,3.5625,3.5625,3.265625,3.1875,3.203125,3.3125,3.796875,3.859375,3.765625,3.703125,3.5625,3.40625
2003-01-26,7.859375,6.8359375,5.625,4.9140625,4.453125,4.078125,3.78125,3.71875,3.546875,3.453125,3.984375,5.171875,5.78125,5.59375,4.96875,4.375,3.8125,3.5625,3.5625,3.265625,3.1875,3.203125,3.3125,3.796875,3.859375,3.765625,3.703125,3.5625,3.40625,3.5
2003-01-27,6.8359375,5.625,4.9140625,4.453125,4.078125,3.78125,3.71875,3.546875,3.453125,3.984375,5.171875,5.78125,5.59375,4.96875,4.375,3.8125,3.5625,3.5625,3.265625,3.1875,3.203125,3.3125,3.796875,3.859375,3.765625,3.703125,3.5625,3.40625,3.5,3.984375
2003-01-28,6.1484375,5.5390625,4.9296875,4.3125,3.859375,3.671875,3.9375,4.515625,4.5625,4.21875,3.9375,3.796875,4.75,11.4375,45.703125,71.25,51.546875,34.40625,25.53125,20.03125,15.515625,12.15625,9.609375,8.34375,8.53125,9.40625,9.03125,8.09375,7.34375,6.546875
2003-01-29,5.5390625,4.9296875,4.3125,3.859375,3.671875,3.9375,4.515625,4.5625,4.21875,3.9375,3.796875,4.75,11.4375,45.703125,71.25,51.546875,34.40625,25.53125,20.03125,15.515625,12.15625,9.609375,8.34375,8.53125,9.40625,9.03125,8.09375,7.34375,6.546875,5.921875
2003-01-30,4.9296875,4.3125,3.859375,3.671875,3.9375,4.515625,4.5625,4.21875,3.9375,3.796875,4.75,11.4375,45.703125,71.25,51.546875,34.40625,25.53125,20.03125,15.515625,12.15625,9.609375,8.34375,8.53125,9.40625,9.03125,8.09375,7.34375,6.546875,5.921875,5.65625
2003-01-31,6.203125,6.078125,6.953125,7.015625,6.21875,5.15625,4.609375,4.34375,4.0625,3.625,3.21875,2.953125,2.828125,2.84375,2.953125,3.421875,4.046875,4.34375,4.6875,6.46875,10.796875,13.046875,12.265625,10.09375,8.359375,8.71875,11.5,11.625,13.859375,36.875
2003-02-01,6.078125,6.953125,7.015625,6.21875,5.15625,4.609375,4.34375,4.0625,3.625,3.21875,2.953125,2.828125,2.84375,2.953125,3.421875,4.046875,4.34375,4.6875,6.46875,10.796875,13.046875,12.265625,10.09375,8.359375,8.71875,11.5,11.625,13.859375,36.875,58.484375
2003-02-02,6.953125,7.015625,6.21875,5.15625,4.609375,4.34375,4.0625,3.625,3.21875,2.953125,2.828125,2.84375,2.953125,3.421875,4.046875,4.34375,4.6875,6.46875,10.796875,13.046875,12.265625,10.09375,8.359375,8.71875,11.5,11.625,13.859375,36.875,58.484375,46.953125
2003-02-03,7.015625,6.21875,5.15625,4.609375,4.34375,4.0625,3.625,3.21875,2.953125,2.828125,2.84375,2.953125,3.421875,4.046875,4.34375,4.6875,6.46875,10.796875,13.046875,12.265625,10.09375,8.359375,8.71875,11.5,11.625,13.859375,36.875,58.484375,46.953125,33.03125
2003-02-04,7.90625,7.546875,6.53125,5.734375,5.0,4.34375,4.3125,5.171875,6.65625,7.875,10.46875,10.59375,9.28125,9.90625,11.890625,12.859375,12.03125,12.046875,14.34375,15.796875,15.796875,14.546875,14.875,23.484375,31.328125,24.703125,18.0,14.578125,11.796875,14.046875
2003-02-05,7.546875,6.53125,5.734375,5.0,4.34375,4.3125,5.171875,6.65625,7.875,10.46875,10.59375,9.28125,9.90625,11.890625,12.859375,12.03125,12.046875,14.34375,15.796875,15.796875,14.546875,14.875,23.484375,31.328125,24.703125,18.0,14.578125,11.796875,14.046875,23.359375
2003-02-06,6.53125,5.734375,5.0,4.34375,4.3125,5.171875,6.65625,7.875,10.46875,10.59375,9.28125,9.90625,11.890625,12.859375,12.03125,12.046875,14.34375,15.796875,15.796875,14.546875,14.875,23.484375,31.328125,24.703125,18.0,14.578125,11.796875,14.046875,23.359375,27.4375
2003-02-07,5.75,5.09375,4.359375,4.171875,4.578125,6.828125,10.109375,9.9375,9.671875,10.6875,66.203125,121.75,87.265625,56.421875,37.71875,30.234375,30.5625,28.875,23.015625,17.03125,13.15625,11.546875,10.703125,10.3125,9.078125,7.59375,7.53125,9.6875,10.65625,68.15625
2003-02-08,5.09375,4.359375,4.171875,4.578125,6.828125,10.109375,9.9375,9.671875,10.6875,66.203125,121.75,87.265625,56.421875,37.71875,30.234375,30.5625,28.875,23.015625,17.03125,13.15625,11.546875,10.703125,10.3125,9.078125,7.59375,7.53125,9.6875,10.65625,68.15625,118.53125
2003-02-09,4.359375,4.171875,4.578125,6.828125,10.109375,9.9375,9.671875,10.6875,66.203125,121.75,87.265625,56.421875,37.71875,30.234375,30.5625,28.875,23.015625,17.03125,13.15625,11.546875,10.703125,10.3125,9.078125,7.59375,7.53125,9.6875,10.65625,68.15625,118.53125,106.890625
2003-02-10,4.171875,4.578125,6.828125,10.109375,9.9375,9.671875,10.6875,66.203125,121.75,87.265625,56.421875,37.71875,30.234375,30.5625,28.875,23.015625,17.03125,13.15625,11.546875,10.703125,10.3125,9.078125,7.59375,7.53125,9.6875,10.65625,68.15625,118.53125,106.890625,133.640625
2003-02-11,4.890625,5.46875,5.078125,5.15625,7.15625,10.9375,16.140625,26.96875,35.875,39.09375,53.21875,65.03125,48.96875,38.0,34.703125,27.6875,21.078125,15.25,11.53125,8.96875,7.046875,5.796875,4.703125,3.890625,3.515625,3.3125,3.125,3.046875,3.203125,5.109375
2003-02-12,5.46875,5.078125,5.15625,7.15625,10.9375,16.140625,26.96875,35.875,39.09375,53.21875,65.03125,48.96875,38.0,34.703125,27.6875,21.078125,15.25,11.53125,8.96875,7.046875,5.796875,4.703125,3.890625,3.515625,3.3125,3.125,3.046875,3.203125,5.109375,16.578125
2003-02-13,5.078125,5.15625,7.15625,10.9375,16.140625,26.96875,35.875,39.09375,53.21875,65.03125,48.96875,38.0,34.703125,27.6875,21.078125,15.25,11.53125,8.96875,7.046875,5.796875,4.703125,3.890625,3.515625,3.3125,3.125,3.046875,3.203125,5.109375,16.578125,29.859375
2003-02-14,4.6875,4.609375,5.09375,8.6875,11.6875,11.34375,10.171875,9.3125,8.28125,8.046875,8.28125,10.25,13.53125,15.671875,17.078125,20.59375,22.46875,23.203125,24.328125,25.703125,33.734375,38.328125,31.921875,24.625,19.21875,16.484375,12.8125,9.546875,7.578125,6.484375
2003-02-15,4.609375,5.09375,8.6875,11.6875,11.34375,10.171875,9.3125,8.28125,8.046875,8.28125,10.25,13.53125,15.671875,17.078125,20.59375,22.46875,23.203125,24.328125,25.703125,33.734375,38.328125,31.921875,24.625,19.21875,16.484375,12.8125,9.546875,7.578125,6.484375,5.75
2003-02-16,5.09375,8.6875,11.6875,11.34375,10.171875,9.3125,8.28125,8.046875,8.28125,10.25,13.53125,15.671875,17.078125,20.59375,22.46875,23.203125,24.328125,25.703125,33.734375,38.328125,31.921875,24.625,19.21875,16.484375,12.8125,9.546875,7.578125,6.484375,5.75,5.28125
2003-02-17,8.6875,11.6875,11.34375,10.171875,9.3125,8.28125,8.046875,8.28125,10.25,13.53125,15.671875,17.078125,20.59375,22.46875,23.203125,24.328125,25.703125,33.734375,38.328125,31.921875,24.625,19.21875,16.484375,12.8125,9.546875,7.578125,6.484375,5.75,5.28125,7.46875
2003-02-18,19.0,19.203125,22.96875,28.4375,29.359375,23.59375,18.25,16.90625,19.875,21.53125,19.453125,15.4375,13.109375,13.046875,24.65625,33.765625,29.0,22.609375,19.53125,19.8125,16.625,14.640625,14.578125,12.4375,11.5625,19.03125,48.390625,62.921875,51.25,42.46875
2003-02-19,19.203125,22.96875,28.4375,29.359375,23.59375,18.25,16.90625,19.875,21.53125,19.453125,15.4375,13.109375,13.046875,24.65625,33.765625,29.0,22.609375,19.53125,19.8125,16.625,14.640625,14.578125,12.4375,11.5625,19.03125,48.390625,62.921875,51.25,42.46875,36.65625
2003-02-20,22.96875,28.4375,29.359375,23.59375,18.25,16.90625,19.875,21.53125,19.453125,15.4375,13.109375,13.046875,24.65625,33.765625,29.0,22.609375,19.53125,19.8125,16.625,14.640625,14.578125,12.4375,11.5625,19.03125,48.390625,62.921875,51.25,42.46875,36.65625,34.0
2003-02-21,19.359375,15.75,12.890625,12.84375,27.703125,47.53125,38.40625,26.484375,21.59375,21.375,18.171875,36.78125,72.25,81.765625,79.890625,93.1875,93.015625,61.484375,41.6875,31.859375,25.828125,20.34375,18.359375,17.5625,18.640625,19.1875,28.375,47.578125,57.90625,79.0
2003-02-22,15.75,12.890625,12.84375,27.703125,47.53125,38.40625,26.484375,21.59375,21.375,18.171875,36.78125,72.25,81.765625,79.890625,93.1875,93.015625,61.484375,41.6875,31.859375,25.828125,20.34375,18.359375,17.5625,18.640625,19.1875,28.375,47.578125,57.90625,79.0,101.59375
2003-02-23,12.890625,12.84375,27.703125,47.53125,38.40625,26.484375,21.59375,21.375,18.171875,36.78125,72.25,81.765625,79.890625,93.1875,93.015625,61.484375,41.6875,31.859375,25.828125,20.34375,18.359375,17.5625,18.640625,19.1875,28.375,47.578125,57.90625,79.0,101.59375,89.78125
2003-02-24,12.84375,27.703125,47.53125,38.40625,26.484375,21.59375,21.375,18.171875,36.78125,72.25,81.765625,79.890625,93.1875,93.015625,61.484375,41.6875,31.859375,25.828125,20.34375,18.359375,17.5625,18.640625,19.1875,28.375,47.578125,57.90625,79.0,101.59375,89.78125,73.609375
2003-02-25,12.234375,10.640625,12.921875,18.328125,17.1875,14.125,11.078125,11.3125,15.859375,21.515625,26.921875,28.203125,28.78125,39.09375,45.4375,35.96875,26.90625,18.890625,17.6875,20.03125,18.15625,18.375,16.578125,18.03125,72.75,128.328125,95.296875,58.703125,40.15625,33.4375
2003-02-26,10.640625,12.921875,18.328125,17.1875,14.125,11.078125,11.3125,15.859375,21.515625,26.921875,28.203125,28.78125,39.09375,45.4375,35.96875,26.90625,18.890625,17.6875,20.03125,18.15625,18.375,16.578125,18.03125,72.75,128.328125,95.296875,58.703125,40.15625,33.4375,41.0
2003-02-27,12.921875,18.328125,17.1875,14.125,11.078125,11.3125,15.859375,21.515625,26.921875,28.203125,28.78125,39.09375,45.4375,35.96875,26.90625,18.890625,17.6875,20.03125,18.15625,18.375,16.578125,18.03125,72.75,128.328125,95.296875,58.703125,40.15625,33.4375,41.0,65.296875
2003-02-28,13.25,11.59375,12.171875,12.859375,12.328125,11.171875,9.484375,8.65625,26.515625,49.5,37.53125,25.375,17.609375,12.984375,11.3125,34.484375,62.25,44.84375,29.515625,19.90625,14.40625,16.734375,22.140625,19.265625,15.578125,12.484375,10.578125,10.078125,9.078125,8.0625
2003-03-01,11.59375,12.171875,12.859375,12.328125,11.171875,9.484375,8.65625,26.515625,49.5,37.53125,25.375,17.609375,12.984375,11.3125,34.484375,62.25,44.84375,29.515625,19.90625,14.40625,16.734375,22.140625,19.265625,15.578125,12.484375,10.578125,10.078125,9.078125,8.0625,9.71875
2003-03-02,12.171875,12.859375,12.328125,11.171875,9.484375,8.65625,26.515625,49.5,37.53125,25.375,17.609375,12.984375,11.3125,34.484375,62.25,44.84375,29.515625,19.90625,14.40625,16.734375,22.140625,19.265625,15.578125,12.484375,10.578125,10.078125,9.078125,8.0625,9.71875,14.40625
2003-03-03,12.859375,12.328125,11.171875,9.484375,8.65625,26.515625,49.5,37.53125,25.375,17.609375,12.984375,11.3125,34.484375,62.25,44.84375,29.515625,19.90625,14.40625,16.734375,22.140625,19.265625,15.578125,12.484375,10.578125,10.078125,9.078125,8.0625,9.71875,14.40625,18.6875
2003-03-04,13.515625,11.125,11.96875,15.421875,49.953125,177.265625,177.9375,114.0625,76.984375,58.171875,43.859375,29.65625,21.28125,18.421875,20.53125,25.265625,35.171875,52.0,63.59375,74.71875,78.046875,69.5625,57.21875,44.21875,35.90625,42.328125,52.984375,42.546875,29.609375,22.0
2003-03-05,11.125,11.96875,15.421875,49.953125,177.265625,177.9375,114.0625,76.984375,58.171875,43.859375,29.65625,21.28125,18.421875,20.53125,25.265625,35.171875,52.0,63.59375,74.71875,78.046875,69.5625,57.21875,44.21875,35.90625,42.328125,52.984375,42.546875,29.609375,22.0,23.3125
2003-03-06,11.96875,15.421875,49.953125,177.265625,177.9375,114.0625,76.984375,58.171875,43.859375,29.65625,21.28125,18.421875,20.53125,25.265625,35.171875,52.0,63.59375,74.71875,78.046875,69.5625,57.21875,44.21875,35.90625,42.328125,52.984375,42.546875,29.609375,22.0,23.3125,32.734375
2003-03-07,12.28125,16.53125,17.421875,158.125,202.53125,129.734375,88.46875,58.796875,42.015625,30.78125,24.328125,22.0,29.953125,52.65625,153.390625,248.84375,204.90625,126.015625,74.78125,49.65625,36.53125,33.671875,37.953125,34.40625,28.125,25.03125,25.09375,26.921875,23.328125,19.21875
2003-03-08,16.53125,17.421875,158.125,202.53125,129.734375,88.46875,58.796875,42.015625,30.78125,24.328125,22.0,29.953125,52.65625,153.390625,248.84375,204.90625,126.015625,74.78125,49.65625,36.53125,33.671875,37.953125,34.40625,28.125,25.03125,25.09375,26.921875,23.328125,19.21875,16.203125
2003-03-09,17.421875,158.125,202.53125,129.734375,88.46875,58.796875,42.015625,30.78125,24.328125,22.0,29.953125,52.65625,153.390625,248.84375,204.90625,126.015625,74.78125,49.65625,36.53125,33.671875,37.953125,34.40625,28.125,25.03125,25.09375,26.921875,23.328125,19.21875,16.203125,13.015625
2003-03-10,158.125,202.53125,129.734375,88.46875,58.796875,42.015625,30.78125,24.328125,22.0,29.953125,52.65625,153.390625,248.84375,204.90625,126.015625,74.78125,49.65625,36.53125,33.671875,37.953125,34.40625,28.125,25.03125,25.09375,26.921875,23.328125,19.21875,16.203125,13.015625,11.796875
2003-03-11,49.140625,34.234375,26.46875,21.125,15.65625,12.53125,11.5,12.75,17.921875,69.46875,100.65625,67.6875,51.703125,55.96875,66.375,59.5625,61.296875,68.4375,64.09375,55.640625,40.546875,32.375,29.546875,24.921875,18.640625,14.34375,12.5,12.265625,14.359375,17.1875
2003-03-12,34.234375,26.46875,21.125,15.65625,12.53125,11.5,12.75,17.921875,69.46875,100.65625,67.6875,51.703125,55.96875,66.375,59.5625,61.296875,68.4375,64.09375,55.640625,40.546875,32.375,29.546875,24.921875,18.640625,14.34375,12.5,12.265625,14.359375,17.1875,16.140625
2003-03-13,26.46875,21.125,15.65625,12.53125,11.5,12.75,17.921875,69.46875,100.65625,67.6875,51.703125,55.96875,66.375,59.5625,61.296875,68.4375,64.09375,55.640625,40.546875,32.375,29.546875,24.921875,18.640625,14.34375,12.5,12.265625,14.359375,17.1875,16.140625,12.921875
2003-03-14,23.21875,17.421875,14.84375,16.078125,17.046875,21.21875,28.59375,24.21875,18.8125,14.890625,14.359375,14.984375,14.453125,15.625,21.640625,23.46875,27.40625,40.25,48.15625,52.09375,63.71875,60.265625,44.390625,42.4375,41.703125,33.703125,31.296875,28.6875,28.1875,31.46875
2003-03-15,17.421875,14.84375,16.078125,17.046875,21.21875,28.59375,24.21875,18.8125,14.890625,14.359375,14.984375,14.453125,15.625,21.640625,23.46875,27.40625,40.25,48.15625,52.09375,63.71875,60.265625,44.390625,42.4375,41.703125,33.703125,31.296875,28.6875,28.1875,31.46875,28.75
2003-03-16,14.84375,16.078125,17.046875,21.21875,28.59375,24.21875,18.8125,14.890625,14.359375,14.984375,14.453125,15.625,21.640625,23.46875,27.40625,40.25,48.15625,52.09375,63.71875,60.265625,44.390625,42.4375,41.703125,33.703125,31.296875,28.6875,28.1875,31.46875,28.75,21.59375
2003-03-17,16.078125,17.046875,21.21875,28.59375,24.21875,18.8125,14.890625,14.359375,14.984375,14.453125,15.625,21.640625,23.46875,27.40625,40.25,48.15625,52.09375,63.71875,60.265625,44.390625,42.4375,41.703125,33.703125,31.296875,28.6875,28.1875,31.46875,28.75,21.59375,17.03125
2003-03-18,17.75,21.8125,68.265625,92.796875,62.9375,43.078125,39.6875,42.90625,99.640625,228.515625,225.984375,158.078125,120.5625,97.234375,84.0,70.71875,50.484375,36.390625,27.75,24.875,22.515625,20.828125,28.890625,35.25,32.296875,28.921875,27.921875,26.96875,28.5625,30.890625
2003-03-19,21.8125,68.265625,92.796875,62.9375,43.078125,39.6875,42.90625,99.640625,228.515625,225.984375,158.078125,120.5625,97.234375,84.0,70.71875,50.484375,36.390625,27.75,24.875,22.515625,20.828125,28.890625,35.25,32.296875,28.921875,27.921875,26.96875,28.5625,30.890625,30.140625
2003-03-20,68.265625,92.796875,62.9375,43.078125,39.6875,42.90625,99.640625,228.515625,225.984375,158.078125,120.5625,97.234375,84.0,70.71875,50.484375,36.390625,27.75,24.875,22.515625,20.828125,28.890625,35.25,32.296875,28.921875,27.921875,26.96875,28.5625,30.890625,30.140625,24.34375
2003-03-21,37.703125,30.359375,25.59375,63.46875,132.1875,150.140625,134.125,118.71875,91.484375,62.296875,46.0,35.9375,36.46875,44.140625,44.59375,52.640625,71.8125,84.5,85.40625,61.421875,57.65625,62.46875,46.96875,33.109375,24.921875,20.609375,49.28125,88.59375,78.765625,68.84375
2003-03-22,30.359375,25.59375,63.46875,132.1875,150.140625,134.125,118.71875,91.484375,62.296875,46.0,35.9375,36.46875,44.140625,44.59375,52.640625,71.8125,84.5,85.40625,61.421875,57.65625,62.46875,46.96875,33.109375,24.921875,20.609375,49.28125,88.59375,78.765625,68.84375,52.484375
2003-03-23,25.59375,63.46875,132.1875,150.140625,134.125,118.71875,91.484375,62.296875,46.0,35.9375,36.46875,44.140625,44.59375,52.640625,71.8125,84.5,85.40625,61.421875,57.65625,62.46875,46.96875,33.109375,24.921875,20.609375,49.28125,88.59375,78.765625,68.84375,52.484375,116.5
2003-03-24,63.46875,132.1875,150.140625,134.125,118.71875,91.484375,62.296875,46.0,35.9375,36.46875,44.140625,44.59375,52.640625,71.8125,84.5,85.40625,61.421875,57.65625,62.46875,46.96875,33.109375,24.921875,20.609375,49.28125,88.59375,78.765625,68.84375,52.484375,116.5,225.5
2003-03-25,36.890625,36.8125,43.84375,62.1875,114.3125,126.28125,89.359375,59.703125,45.5,48.03125,51.703125,54.5625,62.953125,57.6875,49.484375,67.453125,75.53125,56.65625,43.734375,38.796875,37.78125,31.765625,25.8125,28.25,35.234375,31.640625,26.90625,22.296875,19.078125,16.90625
2003-03-26,36.8125,43.84375,62.1875,114.3125,126.28125,89.359375,59.703125,45.5,48.03125,51.703125,54.5625,62.953125,57.6875,49.484375,67.453125,75.53125,56.65625,43.734375,38.796875,37.78125,31.765625,25.8125,28.25,35.234375,31.640625,26.90625,22.296875,19.078125,16.90625,16.203125
2003-03-27,43.84375,62.1875,114.3125,126.28125,89.359375,59.703125,45.5,48.03125,51.703125,54.5625,62.953125,57.6875,49.484375,67.453125,75.53125,56.65625,43.734375,38.796875,37.78125,31.765625,25.8125,28.25,35.234375,31.640625,26.90625,22.296875,19.078125,16.90625,16.203125,14.96875
2003-03-28,50.734375,63.015625,47.453125,44.25,49.171875,42.125,31.90625,25.84375,35.703125,50.640625,48.625,53.625,51.265625,50.875,50.734375,45.0625,55.15625,68.28125,71.03125,84.796875,91.640625,69.515625,50.890625,41.625,29.34375,21.09375,22.828125,44.625,54.0,43.4375
2003-03-29,63.015625,47.453125,44.25,49.171875,42.125,31.90625,25.84375,35.703125,50.640625,48.625,53.625,51.265625,50.875,50.734375,45.0625,55.15625,68.28125,71.03125,84.796875,91.640625,69.515625,50.890625,41.625,29.34375,21.09375,22.828125,44.625,54.0,43.4375,40.46875
2003-03-30,47.453125,44.25,49.171875,42.125,31.90625,25.84375,35.703125,50.640625,48.625,53.625,51.265625,50.875,50.734375,45.0625,55.15625,68.28125,71.03125,84.796875,91.640625,69.515625,50.890625,41.625,29.34375,21.09375,22.828125,44.625,54.0,43.4375,40.46875,44.140625
2003-03-31,44.25,49.171875,42.125,31.90625,25.84375,35.703125,50.640625,48.625,53.625,51.265625,50.875,50.734375,45.0625,55.15625,68.28125,71.03125,84.796875,91.640625,69.515625,50.890625,41.625,29.34375,21.09375,22.828125,44.625,54.0,43.4375,40.46875,44.140625,46.75
2003-04-01,63.796875,53.21875,39.328125,31.953125,30.546875,30.40625,25.265625,19.765625,18.859375,18.765625,52.953125,83.109375,59.625,48.75,52.34375,59.03125,60.015625,92.421875,109.734375,78.09375,52.390625,36.5,29.09375,31.328125,35.265625,36.25,35.796875,27.484375,19.59375,15.546875
2003-04-02,53.21875,39.328125,31.953125,30.546875,30.40625,25.265625,19.765625,18.859375,18.765625,52.953125,83.109375,59.625,48.75,52.34375,59.03125,60.015625,92.421875,109.734375,78.09375,52.390625,36.5,29.09375,31.328125,35.265625,36.25,35.796875,27.484375,19.59375,15.546875,14.484375
2003-04-03,39.328125,31.953125,30.546875,30.40625,25.265625,19.765625,18.859375,18.765625,52.953125,83.109375,59.625,48.75,52.34375,59.03125,60.015625,92.421875,109.734375,78.09375,52.390625,36.5,29.09375,31.328125,35.265625,36.25,35.796875,27.484375,19.59375,15.546875,14.484375,14.609375
2003-04-04,38.640625,29.78125,27.671875,24.625,22.875,26.453125,25.8125,19.65625,17.203125,17.171875,14.140625,14.25,20.21875,33.5625,46.203125,42.34375,44.703125,60.15625,66.625,67.375,68.1875,57.859375,46.375,37.515625,34.046875,27.140625,19.625,14.578125,12.296875,10.5
2003-04-05,29.78125,27.671875,24.625,22.875,26.453125,25.8125,19.65625,17.203125,17.171875,14.140625,14.25,20.21875,33.5625,46.203125,42.34375,44.703125,60.15625,66.625,67.375,68.1875,57.859375,46.375,37.515625,34.046875,27.140625,19.625,14.578125,12.296875,10.5,12.796875
2003-04-06,27.671875,24.625,22.875,26.453125,25.8125,19.65625,17.203125,17.171875,14.140625,14.25,20.21875,33.5625,46.203125,42.34375,44.703125,60.15625,66.625,67.375,68.1875,57.859375,46.375,37.515625,34.046875,27.140625,19.625,14.578125,12.296875,10.5,12.796875,29.296875
2003-04-07,24.625,22.875,26.453125,25.8125,19.65625,17.203125,17.171875,14.140625,14.25,20.21875,33.5625,46.203125,42.34375,44.703125,60.15625,66.625,67.375,68.1875,57.859375,46.375,37.515625,34.046875,27.140625,19.625,14.578125,12.296875,10.5,12.796875,29.296875,49.078125
2003-04-08,24.421875,21.03125,17.359375,14.09375,15.03125,20.125,21.8125,18.3125,14.359375,11.171875,9.5,8.078125,6.890625,6.65625,6.71875,6.171875,6.0625,6.140625,10.5625,33.703125,48.5625,79.0625,96.8125,72.234375,71.453125,74.765625,59.921875,58.59375,67.34375,71.71875
2003-04-09,21.03125,17.359375,14.09375,15.03125,20.125,21.8125,18.3125,14.359375,11.171875,9.5,8.078125,6.890625,6.65625,6.71875,6.171875,6.0625,6.140625,10.5625,33.703125,48.5625,79.0625,96.8125,72.234375,71.453125,74.765625,59.921875,58.59375,67.34375,71.71875,90.5625
2003-04-10,17.359375,14.09375,15.03125,20.125,21.8125,18.3125,14.359375,11.171875,9.5,8.078125,6.890625,6.65625,6.71875,6.171875,6.0625,6.140625,10.5625,33.703125,48.5625,79.0625,96.8125,72.234375,71.453125,74.765625,59.921875,58.59375,67.34375,71.71875,90.5625,119.890625
2003-04-11,31.734375,22.234375,15.890625,13.875,41.3125,68.390625,49.625,39.421875,41.78125,42.71875,52.8125,60.984375,48.453125,55.03125,62.828125,49.671875,76.734375,112.53125,116.3125,100.453125,76.125,64.546875,83.0,99.71875,205.296875,220.921875,140.296875,91.6875,113.515625,155.828125
2003-04-12,22.234375,15.890625,13.875,41.3125,68.390625,49.625,39.421875,41.78125,42.71875,52.8125,60.984375,48.453125,55.03125,62.828125,49.671875,76.734375,112.53125,116.3125,100.453125,76.125,64.546875,83.0,99.71875,205.296875,220.921875,140.296875,91.6875,113.515625,155.828125,144.03125
2003-04-13,15.890625,13.875,41.3125,68.390625,49.625,39.421875,41.78125,42.71875,52.8125,60.984375,48.453125,55.03125,62.828125,49.671875,76.734375,112.53125,116.3125,100.453125,76.125,64.546875,83.0,99.71875,205.296875,220.921875,140.296875,91.6875,113.515625,155.828125,144.03125,125.546875
2003-04-14,13.875,41.3125,68.390625,49.625,39.421875,41.78125,42.71875,52.8125,60.984375,48.453125,55.03125,62.828125,49.671875,76.734375,112.53125,116.3125,100.453125,76.125,64.546875,83.0,99.71875,205.296875,220.921875,140.296875,91.6875,113.515625,155.828125,144.03125,125.546875,119.09375
2003-04-15,22.828125,28.0,23.46875,21.53125,21.859375,26.015625,31.046875,39.78125,54.875,63.125,90.828125,117.125,168.71875,165.65625,118.421875,97.859375,89.296875,91.609375,171.59375,224.125,160.40625,92.6875,87.59375,248.71875,279.03125,445.46875,541.875,420.578125,292.375,220.0
2003-04-16,28.0,23.46875,21.53125,21.859375,26.015625,31.046875,39.78125,54.875,63.125,90.828125,117.125,168.71875,165.65625,118.421875,97.859375,89.296875,91.609375,171.59375,224.125,160.40625,92.6875,87.59375,248.71875,279.03125,445.46875,541.875,420.578125,292.375,220.0,157.984375
2003-04-17,23.46875,21.53125,21.859375,26.015625,31.046875,39.78125,54.875,63.125,90.828125,117.125,168.71875,165.65625,118.421875,97.859375,89.296875,91.609375,171.59375,224.125,160.40625,92.6875,87.59375,248.71875,279.03125,445.46875,541.875,420.578125,292.375,220.0,157.984375,121.25
2003-04-18,29.78125,27.4375,45.03125,92.15625,124.171875,143.5,124.4375,85.828125,84.78125,112.34375,104.140625,72.546875,52.671875,61.78125,78.4375,76.859375,80.765625,73.84375,121.296875,184.3125,204.03125,174.984375,126.75,104.328125,103.234375,90.9375,83.78125,85.65625,95.5,132.859375
2003-04-19,27.4375,45.03125,92.15625,124.171875,143.5,124.4375,85.828125,84.78125,112.34375,104.140625,72.546875,52.671875,61.78125,78.4375,76.859375,80.765625,73.84375,121.296875,184.3125,204.03125,174.984375,126.75,104.328125,103.234375,90.9375,83.78125,85.65625,95.5,132.859375,158.515625
2003-04-20,45.03125,92.15625,124.171875,143.5,124.4375,85.828125,84.78125,112.34375,104.140625,72.546875,52.671875,61.78125,78.4375,76.859375,80.765625,73.84375,121.296875,184.3125,204.03125,174.984375,126.75,104.328125,103.234375,90.9375,83.78125,85.65625,95.5,132.859375,158.515625,136.40625
2003-04-21,92.15625,124.171875,143.5,124.4375,85.828125,84.78125,112.34375,104.140625,72.546875,52.671875,61.78125,78.4375,76.859375,80.765625,73.84375,121.296875,184.3125,204.03125,174.984375,126.75,104.328125,103.234375,90.9375,83.78125,85.65625,95.5,132.859375,158.515625,136.40625,102.0625
2003-04-22,142.09375,105.984375,85.84375,62.5,53.953125,62.203125,62.34375,49.3125,36.1875,30.8125,35.96875,49.40625,59.84375,63.703125,66.046875,74.78125,78.359375,75.0,78.75,74.171875,61.625,59.890625,62.90625,51.96875,39.15625,42.96875,79.1875,128.6875,170.875,251.8125
2003-04-23,105.984375,85.84375,62.5,53.953125,62.203125,62.34375,49.3125,36.1875,30.8125,35.96875,49.40625,59.84375,63.703125,66.046875,74.78125,78.359375,75.0,78.75,74.171875,61.625,59.890625,62.90625,51.96875,39.15625,42.96875,79.1875,128.6875,170.875,251.8125,452.8125
2003-04-24,85.84375,62.5,53.953125,62.203125,62.34375,49.3125,36.1875,30.8125,35.96875,49.40625,59.84375,63.703125,66.046875,74.78125,78.359375,75.0,78.75,74.171875,61.625,59.890625,62.90625,51.96875,39.15625,42.96875,79.1875,128.6875,170.875,251.8125,452.8125,632.15625
2003-04-25,58.484375,42.59375,35.46875,41.71875,55.6875,185.875,346.84375,280.53125,209.53125,173.59375,141.71875,126.125,101.84375,81.4375,88.0625,81.875,61.15625,50.03125,50.3125,77.53125,145.125,145.4375,143.875,197.1875,192.8125,152.34375,122.0,109.1875,105.5625,110.3125
2003-04-26,42.59375,35.46875,41.71875,55.6875,185.875,346.84375,280.53125,209.53125,173.59375,141.71875,126.125,101.84375,81.4375,88.0625,81.875,61.15625,50.03125,50.3125,77.53125,145.125,145.4375,143.875,197.1875,192.8125,152.34375,122.0,109.1875,105.5625,110.3125,122.96875
2003-04-27,35.46875,41.71875,55.6875,185.875,346.84375,280.53125,209.53125,173.59375,141.71875,126.125,101.84375,81.4375,88.0625,81.875,61.15625,50.03125,50.3125,77.53125,145.125,145.4375,143.875,197.1875,192.8125,152.34375,122.0,109.1875,105.5625,110.3125,122.96875,133.25
2003-04-28,41.71875,55.6875,185.875,346.84375,280.53125,209.53125,173.59375,141.71875,126.125,101.84375,81.4375,88.0625,81.875,61.15625,50.03125,50.3125,77.53125,145.125,145.4375,143.875,197.1875,192.8125,152.34375,122.0,109.1875,105.5625,110.3125,122.96875,133.25,164.71875
2003-04-29,138.78125,110.78125,395.9375,388.0,264.28125,227.0,197.84375,172.21875,139.59375,103.09375,91.09375,93.75,90.15625,91.5,80.09375,93.65625,133.5625,125.65625,109.75,102.40625,91.25,107.78125,111.875,81.96875,58.5625,63.0625,121.8125,234.84375,299.5,283.03125
2003-04-30,110.78125,395.9375,388.0,264.28125,227.0,197.84375,172.21875,139.59375,103.09375,91.09375,93.75,90.15625,91.5,80.09375,93.65625,133.5625,125.65625,109.75,102.40625,91.25,107.78125,111.875,81.96875,58.5625,63.0625,121.8125,234.84375,299.5,283.03125,290.28125
2003-05-01,395.9375,388.0,264.28125,227.0,197.84375,172.21875,139.59375,103.09375,91.09375,93.75,90.15625,91.5,80.09375,93.65625,133.5625,125.65625,109.75,102.40625,91.25,107.78125,111.875,81.96875,58.5625,63.0625,121.8125,234.84375,299.5,283.03125,290.28125,258.3125
2003-05-02,68.84375,68.25,99.9375,111.9375,90.03125,69.15625,225.15625,238.78125,148.65625,104.71875,83.9375,77.4375,81.03125,74.34375,57.90625,43.90625,42.1875,82.6875,207.6875,337.46875,399.71875,378.65625,296.0625,235.78125,223.0625,293.0,385.5,428.78125,445.21875,365.71875
2003-05-03,68.25,99.9375,111.9375,90.03125,69.15625,225.15625,238.78125,148.65625,104.71875,83.9375,77.4375,81.03125,74.34375,57.90625,43.90625,42.1875,82.6875,207.6875,337.46875,399.71875,378.65625,296.0625,235.78125,223.0625,293.0,385.5,428.78125,445.21875,365.71875,274.65625
2003-05-04,99.9375,111.9375,90.03125,69.15625,225.15625,238.78125,148.65625,104.71875,83.9375,77.4375,81.03125,74.34375,57.90625,43.90625,42.1875,82.6875,207.6875,337.46875,399.71875,378.65625,296.0625,235.78125,223.0625,293.0,385.5,428.78125,445.21875,365.71875,274.65625,231.3125
2003-05-05,111.9375,90.03125,69.15625,225.15625,238.78125,148.65625,104.71875,83.9375,77.4375,81.03125,74.34375,57.90625,43.90625,42.1875,82.6875,207.6875,337.46875,399.71875,378.65625,296.0625,235.78125,223.0625,293.0,385.5,428.78125,445.21875,365.71875,274.65625,231.3125,207.9375
2003-05-06,89.1875,69.625,53.375,49.625,54.6875,66.6875,110.5625,245.71875,266.75,230.46875,202.53125,172.0625,132.625,94.90625,69.90625,59.59375,62.3125,68.9375,66.46875,68.21875,78.09375,78.71875,85.0625,116.53125,219.46875,371.84375,471.53125,601.9375,442.5,259.65625
2003-05-07,69.625,53.375,49.625,54.6875,66.6875,110.5625,245.71875,266.75,230.46875,202.53125,172.0625,132.625,94.90625,69.90625,59.59375,62.3125,68.9375,66.46875,68.21875,78.09375,78.71875,85.0625,116.53125,219.46875,371.84375,471.53125,601.9375,442.5,259.65625,171.15625
2003-05-08,53.375,49.625,54.6875,66.6875,110.5625,245.71875,266.75,230.46875,202.53125,172.0625,132.625,94.90625,69.90625,59.59375,62.3125,68.9375,66.46875,68.21875,78.09375,78.71875,85.0625,116.53125,219.46875,371.84375,471.53125,601.9375,442.5,259.65625,171.15625,187.875
2003-05-09,76.3125,94.0,112.375,139.84375,134.65625,142.125,122.9375,107.65625,105.34375,100.625,139.0,146.1875,106.09375,98.59375,99.21875,114.40625,151.78125,232.6875,219.65625,173.21875,160.46875,132.03125,104.65625,98.84375,89.9375,98.4375,251.25,384.03125,336.6875,292.125
2003-05-10,94.0,112.375,139.84375,134.65625,142.125,122.9375,107.65625,105.34375,100.625,139.0,146.1875,106.09375,98.59375,99.21875,114.40625,151.78125,232.6875,219.65625,173.21875,160.46875,132.03125,104.65625,98.84375,89.9375,98.4375,251.25,384.03125,336.6875,292.125,263.8125
2003-05-11,112.375,139.84375,134.65625,142.125,122.9375,107.65625,105.34375,100.625,139.0,146.1875,106.09375,98.59375,99.21875,114.40625,151.78125,232.6875,219.65625,173.21875,160.46875,132.03125,104.65625,98.84375,89.9375,98.4375,251.25,384.03125,336.6875,292.125,263.8125,198.71875
2003-05-12,139.84375,134.65625,142.125,122.9375,107.65625,105.34375,100.625,139.0,146.1875,106.09375,98.59375,99.21875,114.40625,151.78125,232.6875,219.65625,173.21875,160.46875,132.03125,104.65625,98.84375,89.9375,98.4375,251.25,384.03125,336.6875,292.125,263.8125,198.71875,148.03125
2003-05-13,187.90625,205.125,199.5625,149.125,99.625,61.5,45.9375,58.71875,88.4375,99.4375,92.34375,81.125,82.8125,115.34375,198.40625,244.34375,255.84375,220.3125,177.21875,144.125,113.3125,103.625,101.9375,94.71875,90.09375,84.84375,79.3125,73.3125,95.46875,144.28125
2003-05-14,205.125,199.5625,149.125,99.625,61.5,45.9375,58.71875,88.4375,99.4375,92.34375,81.125,82.8125,115.34375,198.40625,244.34375,255.84375,220.3125,177.21875,144.125,113.3125,103.625,101.9375,94.71875,90.09375,84.84375,79.3125,73.3125,95.46875,144.28125,188.15625
2003-05-15,199.5625,149.125,99.625,61.5,45.9375,58.71875,88.4375,99.4375,92.34375,81.125,82.8125,115.34375,198.40625,244.34375,255.84375,220.3125,177.21875,144.125,113.3125,103.625,101.9375,94.71875,90.09375,84.84375,79.3125,73.3125,95.46875,144.28125,188.15625,164.78125
2003-05-16,123.28125,88.0,60.9375,49.75,150.625,235.46875,202.125,172.34375,204.375,188.8125,139.25,113.71875,97.9375,77.53125,64.6875,59.15625,51.21875,49.03125,57.6875,81.34375,99.46875,95.25,88.0,91.5,101.625,91.375,72.21875,75.3125,92.9375,94.40625
2003-05-17,88.0,60.9375,49.75,150.625,235.46875,202.125,172.34375,204.375,188.8125,139.25,113.71875,97.9375,77.53125,64.6875,59.15625,51.21875,49.03125,57.6875,81.34375,99.46875,95.25,88.0,91.5,101.625,91.375,72.21875,75.3125,92.9375,94.40625,79.21875
2003-05-18,60.9375,49.75,150.625,235.46875,202.125,172.34375,204.375,188.8125,139.25,113.71875,97.9375,77.53125,64.6875,59.15625,51.21875,49.03125,57.6875,81.34375,99.46875,95.25,88.0,91.5,101.625,91.375,72.21875,75.3125,92.9375,94.40625,79.21875,75.875
2003-05-19,49.75,150.625,235.46875,202.125,172.34375,204.375,188.8125,139.25,113.71875,97.9375,77.53125,64.6875,59.15625,51.21875,49.03125,57.6875,81.34375,99.46875,95.25,88.0,91.5,101.625,91.375,72.21875,75.3125,92.9375,94.40625,79.21875,75.875,179.8125
2003-05-20,42.5,54.71875,81.25,78.4375,73.21875,82.3125,96.5,135.46875,206.21875,228.03125,180.125,119.09375,84.53125,73.78125,66.25,63.71875,91.65625,102.71875,80.71875,56.53125,45.0625,39.96875,34.40625,32.34375,30.8125,31.84375,39.46875,41.65625,48.8125,85.3125
2003-05-21,54.71875,81.25,78.4375,73.21875,82.3125,96.5,135.46875,206.21875,228.03125,180.125,119.09375,84.53125,73.78125,66.25,63.71875,91.65625,102.71875,80.71875,56.53125,45.0625,39.96875,34.40625,32.34375,30.8125,31.84375,39.46875,41.65625,48.8125,85.3125,155.34375
2003-05-22,81.25,78.4375,73.21875,82.3125,96.5,135.46875,206.21875,228.03125,180.125,119.09375,84.53125,73.78125,66.25,63.71875,91.65625,102.71875,80.71875,56.53125,45.0625,39.96875,34.40625,32.34375,30.8125,31.84375,39.46875,41.65625,48.8125,85.3125,155.34375,166.6875
2003-05-23,178.34375,141.84375,105.6875,95.03125,156.5625,322.1875,356.8125,356.375,286.75,189.0,119.09375,77.71875,54.34375,38.1875,27.0625,19.71875,15.125,12.09375,11.25,12.875,13.53125,13.34375,12.15625,11.59375,12.96875,17.03125,25.71875,40.125,53.46875,47.46875
2003-05-24,141.84375,105.6875,95.03125,156.5625,322.1875,356.8125,356.375,286.75,189.0,119.09375,77.71875,54.34375,38.1875,27.0625,19.71875,15.125,12.09375,11.25,12.875,13.53125,13.34375,12.15625,11.59375,12.96875,17.03125,25.71875,40.125,53.46875,47.46875,37.8125
2003-05-25,105.6875,95.03125,156.5625,322.1875,356.8125,356.375,286.75,189.0,119.09375,77.71875,54.34375,38.1875,27.0625,19.71875,15.125,12.09375,11.25,12.875,13.53125,13.34375,12.15625,11.59375,12.96875,17.03125,25.71875,40.125,53.46875,47.46875,37.8125,35.125
2003-05-26,95.03125,156.5625,322.1875,356.8125,356.375,286.75,189.0,119.09375,77.71875,54.34375,38.1875,27.0625,19.71875,15.125,12.09375,11.25,12.875,13.53125,13.34375,12.15625,11.59375,12.96875,17.03125,25.71875,40.125,53.46875,47.46875,37.8125,35.125,34.21875
2003-05-27,94.09375,91.65625,86.75,87.125,109.875,115.125,122.28125,107.40625,81.375,63.25,43.5625,29.8125,21.90625,22.1875,30.90625,41.59375,43.65625,43.15625,50.6875,65.53125,112.65625,205.125,241.71875,180.8125,118.0625,113.875,169.84375,163.46875,118.15625,91.84375
2003-05-28,91.65625,86.75,87.125,109.875,115.125,122.28125,107.40625,81.375,63.25,43.5625,29.8125,21.90625,22.1875,30.90625,41.59375,43.65625,43.15625,50.6875,65.53125,112.65625,205.125,241.71875,180.8125,118.0625,113.875,169.84375,163.46875,118.15625,91.84375,82.65625
2003-05-29,86.75,87.125,109.875,115.125,122.28125,107.40625,81.375,63.25,43.5625,29.8125,21.90625,22.1875,30.90625,41.59375,43.65625,43.15625,50.6875,65.53125,112.65625,205.125,241.71875,180.8125,118.0625,113.875,169.84375,163.46875,118.15625,91.84375,82.65625,88.90625
2003-05-30,145.6875,201.40625,376.25,312.96875,225.1875,181.375,137.4375,97.15625,66.9375,49.9375,40.25,36.125,38.0,37.65625,33.6875,48.09375,61.5,49.375,38.34375,40.90625,73.78125,101.28125,89.59375,68.15625,55.25,53.09375,55.71875,53.15625,47.84375,59.84375
2003-05-31,201.40625,376.25,312.96875,225.1875,181.375,137.4375,97.15625,66.9375,49.9375,40.25,36.125,38.0,37.65625,33.6875,48.09375,61.5,49.375,38.34375,40.90625,73.78125,101.28125,89.59375,68.15625,55.25,53.09375,55.71875,53.15625,47.84375,59.84375,83.75
2003-06-01,376.25,312.96875,225.1875,181.375,137.4375,97.15625,66.9375,49.9375,40.25,36.125,38.0,37.65625,33.6875,48.09375,61.5,49.375,38.34375,40.90625,73.78125,101.28125,89.59375,68.15625,55.25,53.09375,55.71875,53.15625,47.84375,59.84375,83.75,112.21875
2003-06-02,312.96875,225.1875,181.375,137.4375,97.15625,66.9375,49.9375,40.25,36.125,38.0,37.65625,33.6875,48.09375,61.5,49.375,38.34375,40.90625,73.78125,101.28125,89.59375,68.15625,55.25,53.09375,55.71875,53.15625,47.84375,59.84375,83.75,112.21875,136.03125
2003-06-03,89.03125,84.5625,64.9375,50.1875,40.5,34.3125,28.5625,25.0,25.4375,28.625,42.8125,66.46875,72.40625,65.53125,74.625,75.4375,62.0625,54.25,47.4375,43.125,43.71875,70.71875,95.90625,100.5,102.59375,95.625,84.5625,80.9375,225.65625,430.03125
2003-06-04,84.5625,64.9375,50.1875,40.5,34.3125,28.5625,25.0,25.4375,28.625,42.8125,66.46875,72.40625,65.53125,74.625,75.4375,62.0625,54.25,47.4375,43.125,43.71875,70.71875,95.90625,100.5,102.59375,95.625,84.5625,80.9375,225.65625,430.03125,346.59375
2003-06-05,64.9375,50.1875,40.5,34.3125,28.5625,25.0,25.4375,28.625,42.8125,66.46875,72.40625,65.53125,74.625,75.4375,62.0625,54.25,47.4375,43.125,43.71875,70.71875,95.90625,100.5,102.59375,95.625,84.5625,80.9375,225.65625,430.03125,346.59375,223.5625
2003-06-06,41.78125,33.78125,28.9375,27.0625,26.8125,27.6875,35.1875,40.375,35.03125,32.84375,40.1875,43.09375,39.09375,42.34375,68.28125,88.03125,76.1875,59.4375,60.8125,60.90625,44.34375,34.0625,29.65625,29.71875,34.4375,42.75,51.21875,68.109375,79.34375,73.6875
2003-06-07,33.78125,28.9375,27.0625,26.8125,27.6875,35.1875,40.375,35.03125,32.84375,40.1875,43.09375,39.09375,42.34375,68.28125,88.03125,76.1875,59.4375,60.8125,60.90625,44.34375,34.0625,29.65625,29.71875,34.4375,42.75,51.21875,68.109375,79.34375,73.6875,73.328125
2003-06-08,28.9375,27.0625,26.8125,27.6875,35.1875,40.375,35.03125,32.84375,40.1875,43.09375,39.09375,42.34375,68.28125,88.03125,76.1875,59.4375,60.8125,60.90625,44.34375,34.0625,29.65625,29.71875,34.4375,42.75,51.21875,68.109375,79.34375,73.6875,73.328125,76.015625
2003-06-09,27.0625,26.8125,27.6875,35.1875,40.375,35.03125,32.84375,40.1875,43.09375,39.09375,42.34375,68.28125,88.03125,76.1875,59.4375,60.8125,60.90625,44.34375,34.0625,29.65625,29.71875,34.4375,42.75,51.21875,68.109375,79.34375,73.6875,73.328125,76.015625,71.109375
2003-06-10,15.28125,19.40625,34.6875,44.59375,46.4375,44.625,38.21875,36.5625,84.75,165.46875,150.21875,99.15625,71.71875,62.6875,62.21875,69.03125,69.71875,60.0625,51.53125,47.375,47.03125,71.5625,133.59375,145.6875,129.15625,137.40625,159.28125,143.375,106.671875,108.171875
2003-06-11,19.40625,34.6875,44.59375,46.4375,44.625,38.21875,36.5625,84.75,165.46875,150.21875,99.15625,71.71875,62.6875,62.21875,69.03125,69.71875,60.0625,51.53125,47.375,47.03125,71.5625,133.59375,145.6875,129.15625,137.40625,159.28125,143.375,106.671875,108.171875,182.84375
2003-06-12,34.6875,44.59375,46.4375,44.625,38.21875,36.5625,84.75,165.46875,150.21875,99.15625,71.71875,62.6875,62.21875,69.03125,69.71875,60.0625,51.53125,47.375,47.03125,71.5625,133.59375,145.6875,129.15625,137.40625,159.28125,143.375,106.671875,108.171875,182.84375,275.859375
2003-06-13,22.59375,24.96875,30.5,36.6875,47.375,53.0,54.25,49.1875,44.90625,50.5625,49.84375,43.65625,40.90625,49.28125,67.625,79.25,97.15625,109.09375,92.71875,73.4375,64.78125,65.09375,93.78125,102.5625,118.6875,159.25,166.1875,127.75,105.109375,126.828125
2003-06-14,24.96875,30.5,36.6875,47.375,53.0,54.25,49.1875,44.90625,50.5625,49.84375,43.65625,40.90625,49.28125,67.625,79.25,97.15625,109.09375,92.71875,73.4375,64.78125,65.09375,93.78125,102.5625,118.6875,159.25,166.1875,127.75,105.109375,126.828125,134.734375
2003-06-15,30.5,36.6875,47.375,53.0,54.25,49.1875,44.90625,50.5625,49.84375,43.65625,40.90625,49.28125,67.625,79.25,97.15625,109.09375,92.71875,73.4375,64.78125,65.09375,93.78125,102.5625,118.6875,159.25,166.1875,127.75,105.109375,126.828125,134.734375,133.75
2003-06-16,36.6875,47.375,53.0,54.25,49.1875,44.90625,50.5625,49.84375,43.65625,40.90625,49.28125,67.625,79.25,97.15625,109.09375,92.71875,73.4375,64.78125,65.09375,93.78125,102.5625,118.6875,159.25,166.1875,127.75,105.109375,126.828125,134.734375,133.75,353.609375
2003-06-17,64.375,56.65625,43.65625,34.21875,76.21875,127.1875,104.6875,79.09375,62.8125,46.4375,38.6875,34.03125,26.40625,19.40625,18.65625,32.625,65.3125,237.3125,278.5625,185.765625,141.890625,110.171875,127.078125,205.625,299.671875,374.671875,371.5,355.328125,378.875,462.28125
2003-06-18,56.65625,43.65625,34.21875,76.21875,127.1875,104.6875,79.09375,62.8125,46.4375,38.6875,34.03125,26.40625,19.40625,18.65625,32.625,65.3125,237.3125,278.5625,185.765625,141.890625,110.171875,127.078125,205.625,299.671875,374.671875,371.5,355.328125,378.875,462.28125,406.453125
2003-06-19,43.65625,34.21875,76.21875,127.1875,104.6875,79.09375,62.8125,46.4375,38.6875,34.03125,26.40625,19.40625,18.65625,32.625,65.3125,237.3125,278.5625,185.765625,141.890625,110.171875,127.078125,205.625,299.671875,374.671875,371.5,355.328125,378.875,462.28125,406.453125,323.53125
2003-06-20,103.96875,72.15625,76.96875,92.03125,81.5,62.09375,43.71875,32.5,32.09375,45.90625,58.3125,76.78125,88.5625,88.5625,98.5,111.75,142.578125,134.3125,107.640625,97.140625,106.765625,112.078125,102.71875,135.65625,351.078125,533.484375,417.171875,257.75,168.21875,120.921875
2003-06-21,72.15625,76.96875,92.03125,81.5,62.09375,43.71875,32.5,32.09375,45.90625,58.3125,76.78125,88.5625,88.5625,98.5,111.75,142.578125,134.3125,107.640625,97.140625,106.765625,112.078125,102.71875,135.65625,351.078125,533.484375,417.171875,257.75,168.21875,120.921875,184.875
2003-06-22,76.96875,92.03125,81.5,62.09375,43.71875,32.5,32.09375,45.90625,58.3125,76.78125,88.5625,88.5625,98.5,111.75,142.578125,134.3125,107.640625,97.140625,106.765625,112.078125,102.71875,135.65625,351.078125,533.484375,417.171875,257.75,168.21875,120.921875,184.875,386.59375
2003-06-23,92.03125,81.5,62.09375,43.71875,32.5,32.09375,45.90625,58.3125,76.78125,88.5625,88.5625,98.5,111.75,142.578125,134.3125,107.640625,97.140625,106.765625,112.078125,102.71875,135.65625,351.078125,533.484375,417.171875,257.75,168.21875,120.921875,184.875,386.59375,361.375
2003-06-24,117.03125,87.53125,79.0625,65.96875,61.09375,66.75,67.6875,67.53125,90.125,103.375,80.40625,56.15625,52.59375,53.703125,51.8125,103.90625,191.984375,163.96875,102.75,76.65625,94.6875,127.359375,144.703125,131.828125,108.90625,98.296875,89.6875,75.03125,59.65625,49.59375
2003-06-25,87.53125,79.0625,65.96875,61.09375,66.75,67.6875,67.53125,90.125,103.375,80.40625,56.15625,52.59375,53.703125,51.8125,103.90625,191.984375,163.96875,102.75,76.65625,94.6875,127.359375,144.703125,131.828125,108.90625,98.296875,89.6875,75.03125,59.65625,49.59375,41.40625
2003-06-26,79.0625,65.96875,61.09375,66.75,67.6875,67.53125,90.125,103.375,80.40625,56.15625,52.59375,53.703125,51.8125,103.90625,191.984375,163.96875,102.75,76.65625,94.6875,127.359375,144.703125,131.828125,108.90625,98.296875,89.6875,75.03125,59.65625,49.59375,41.40625,34.203125
2003-06-27,91.15625,65.15625,61.90625,58.6875,54.375,55.125,53.40625,55.5,72.0625,95.96875,124.125,118.75,87.34375,63.734375,56.625,57.0625,62.125,108.84375,179.0625,168.296875,244.390625,250.078125,171.59375,121.65625,126.921875,231.453125,485.5,575.984375,480.984375,340.40625
2003-06-28,65.15625,61.90625,58.6875,54.375,55.125,53.40625,55.5,72.0625,95.96875,124.125,118.75,87.34375,63.734375,56.625,57.0625,62.125,108.84375,179.0625,168.296875,244.390625,250.078125,171.59375,121.65625,126.921875,231.453125,485.5,575.984375,480.984375,340.40625,223.859375
2003-06-29,61.90625,58.6875,54.375,55.125,53.40625,55.5,72.0625,95.96875,124.125,118.75,87.34375,63.734375,56.625,57.0625,62.125,108.84375,179.0625,168.296875,244.390625,250.078125,171.59375,121.65625,126.921875,231.453125,485.5,575.984375,480.984375,340.40625,223.859375,155.65625
2003-06-30,58.6875,54.375,55.125,53.40625,55.5,72.0625,95.96875,124.125,118.75,87.34375,63.734375,56.625,57.0625,62.125,108.84375,179.0625,168.296875,244.390625,250.078125,171.59375,121.65625,126.921875,231.453125,485.5,575.984375,480.984375,340.40625,223.859375,155.65625,156.34375
2003-07-01,115.6875,112.03125,84.21875,70.65625,108.28125,137.953125,155.546875,161.375,168.078125,151.640625,121.953125,111.984375,112.421875,102.203125,98.109375,97.390625,96.859375,96.453125,107.09375,105.46875,86.671875,75.625,80.140625,87.0625,143.625,184.4375,484.390625,703.5,490.890625,287.703125
2003-07-02,112.03125,84.21875,70.65625,108.28125,137.953125,155.546875,161.375,168.078125,151.640625,121.953125,111.984375,112.421875,102.203125,98.109375,97.390625,96.859375,96.453125,107.09375,105.46875,86.671875,75.625,80.140625,87.0625,143.625,184.4375,484.390625,703.5,490.890625,287.703125,183.28125
2003-07-03,84.21875,70.65625,108.28125,137.953125,155.546875,161.375,168.078125,151.640625,121.953125,111.984375,112.421875,102.203125,98.109375,97.390625,96.859375,96.453125,107.09375,105.46875,86.671875,75.625,80.140625,87.0625,143.625,184.4375,484.390625,703.5,490.890625,287.703125,183.28125,129.96875
2003-07-04,88.71875,157.46875,195.109375,152.671875,106.34375,92.84375,87.09375,71.796875,60.859375,79.734375,94.703125,169.0625,355.515625,392.40625,327.203125,234.046875,193.4375,168.09375,138.421875,119.875,126.71875,121.171875,105.34375,94.1875,85.1875,79.734375,76.140625,95.9375,100.015625,80.59375
2003-07-05,157.46875,195.109375,152.671875,106.34375,92.84375,87.09375,71.796875,60.859375,79.734375,94.703125,169.0625,355.515625,392.40625,327.203125,234.046875,193.4375,168.09375,138.421875,119.875,126.71875,121.171875,105.34375,94.1875,85.1875,79.734375,76.140625,95.9375,100.015625,80.59375,74.90625
2003-07-06,195.109375,152.671875,106.34375,92.84375,87.09375,71.796875,60.859375,79.734375,94.703125,169.0625,355.515625,392.40625,327.203125,234.046875,193.4375,168.09375,138.421875,119.875,126.71875,121.171875,105.34375,94.1875,85.1875,79.734375,76.140625,95.9375,100.015625,80.59375,74.90625,81.0625
2003-07-07,152.671875,106.34375,92.84375,87.09375,71.796875,60.859375,79.734375,94.703125,169.0625,355.515625,392.40625,327.203125,234.046875,193.4375,168.09375,138.421875,119.875,126.71875,121.171875,105.34375,94.1875,85.1875,79.734375,76.140625,95.9375,100.015625,80.59375,74.90625,81.0625,95.203125
2003-07-08,127.359375,108.09375,89.09375,82.671875,80.40625,119.015625,131.28125,121.703125,157.625,173.296875,152.53125,146.203125,126.671875,93.59375,97.203125,112.3125,111.25,169.390625,426.46875,698.1875,517.0625,299.203125,258.953125,229.90625,182.515625,145.109375,113.03125,95.3125,83.078125,74.109375
2003-07-09,108.09375,89.09375,82.671875,80.40625,119.015625,131.28125,121.703125,157.625,173.296875,152.53125,146.203125,126.671875,93.59375,97.203125,112.3125,111.25,169.390625,426.46875,698.1875,517.0625,299.203125,258.953125,229.90625,182.515625,145.109375,113.03125,95.3125,83.078125,74.109375,72.390625
2003-07-10,89.09375,82.671875,80.40625,119.015625,131.28125,121.703125,157.625,173.296875,152.53125,146.203125,126.671875,93.59375,97.203125,112.3125,111.25,169.390625,426.46875,698.1875,517.0625,299.203125,258.953125,229.90625,182.515625,145.109375,113.03125,95.3125,83.078125,74.109375,72.390625,67.40625
2003-07-11,76.671875,94.328125,115.96875,147.59375,132.21875,98.59375,92.0,92.859375,86.4375,72.265625,56.4375,49.59375,54.15625,58.21875,58.59375,73.421875,108.21875,147.515625,156.765625,141.84375,107.796875,104.203125,104.1875,92.734375,91.6875,165.515625,421.34375,458.203125,345.796875,250.640625
2003-07-12,94.328125,115.96875,147.59375,132.21875,98.59375,92.0,92.859375,86.4375,72.265625,56.4375,49.59375,54.15625,58.21875,58.59375,73.421875,108.21875,147.515625,156.765625,141.84375,107.796875,104.203125,104.1875,92.734375,91.6875,165.515625,421.34375,458.203125,345.796875,250.640625,181.515625
2003-07-13,115.96875,147.59375,132.21875,98.59375,92.0,92.859375,86.4375,72.265625,56.4375,49.59375,54.15625,58.21875,58.59375,73.421875,108.21875,147.515625,156.765625,141.84375,107.796875,104.203125,104.1875,92.734375,91.6875,165.515625,421.34375,458.203125,345.796875,250.640625,181.515625,184.28125
2003-07-14,147.59375,132.21875,98.59375,92.0,92.859375,86.4375,72.265625,56.4375,49.59375,54.15625,58.21875,58.59375,73.421875,108.21875,147.515625,156.765625,141.84375,107.796875,104.203125,104.1875,92.734375,91.6875,165.515625,421.34375,458.203125,345.796875,250.640625,181.515625,184.28125,198.046875
2003-07-15,101.78125,97.875,81.53125,68.96875,78.015625,84.484375,84.640625,116.4375,153.125,252.0625,287.671875,342.46875,282.765625,199.0625,152.625,141.390625,148.78125,135.671875,113.09375,106.96875,111.6875,101.453125,80.015625,64.140625,57.03125,62.25,66.234375,77.46875,117.21875,146.5625
2003-07-16,97.875,81.53125,68.96875,78.015625,84.484375,84.640625,116.4375,153.125,252.0625,287.671875,342.46875,282.765625,199.0625,152.625,141.390625,148.78125,135.671875,113.09375,106.96875,111.6875,101.453125,80.015625,64.140625,57.03125,62.25,66.234375,77.46875,117.21875,146.5625,142.03125
2003-07-17,81.53125,68.96875,78.015625,84.484375,84.640625,116.4375,153.125,252.0625,287.671875,342.46875,282.765625,199.0625,152.625,141.390625,148.78125,135.671875,113.09375,106.96875,111.6875,101.453125,80.015625,64.140625,57.03125,62.25,66.234375,77.46875,117.21875,146.5625,142.03125,117.625
2003-07-18,116.421875,120.234375,133.359375,127.015625,140.03125,181.046875,356.53125,435.875,298.375,185.25,139.3125,127.953125,124.46875,136.421875,154.734375,146.640625,123.265625,109.703125,111.609375,109.4375,93.125,81.8125,77.09375,98.8125,161.765625,262.078125,323.171875,331.5,325.03125,368.03125
2003-07-19,120.234375,133.359375,127.015625,140.03125,181.046875,356.53125,435.875,298.375,185.25,139.3125,127.953125,124.46875,136.421875,154.734375,146.640625,123.265625,109.703125,111.609375,109.4375,93.125,81.8125,77.09375,98.8125,161.765625,262.078125,323.171875,331.5,325.03125,368.03125,373.828125
2003-07-20,133.359375,127.015625,140.03125,181.046875,356.53125,435.875,298.375,185.25,139.3125,127.953125,124.46875,136.421875,154.734375,146.640625,123.265625,109.703125,111.609375,109.4375,93.125,81.8125,77.09375,98.8125,161.765625,262.078125,323.171875,331.5,325.03125,368.03125,373.828125,319.859375
2003-07-21,127.015625,140.03125,181.046875,356.53125,435.875,298.375,185.25,139.3125,127.953125,124.46875,136.421875,154.734375,146.640625,123.265625,109.703125,111.609375,109.4375,93.125,81.8125,77.09375,98.8125,161.765625,262.078125,323.171875,331.5,325.03125,368.03125,373.828125,319.859375,265.453125
2003-07-22,265.3125,417.59375,336.84375,212.875,147.828125,181.65625,179.890625,164.984375,141.96875,109.109375,105.328125,116.9375,112.171875,104.46875,112.125,107.296875,91.078125,84.671875,83.171875,82.4375,89.15625,97.59375,92.703125,92.234375,85.46875,75.453125,121.5,173.140625,171.515625,153.078125
2003-07-23,417.59375,336.84375,212.875,147.828125,181.65625,179.890625,164.984375,141.96875,109.109375,105.328125,116.9375,112.171875,104.46875,112.125,107.296875,91.078125,84.671875,83.171875,82.4375,89.15625,97.59375,92.703125,92.234375,85.46875,75.453125,121.5,173.140625,171.515625,153.078125,118.0625
2003-07-24,336.84375,212.875,147.828125,181.65625,179.890625,164.984375,141.96875,109.109375,105.328125,116.9375,112.171875,104.46875,112.125,107.296875,91.078125,84.671875,83.171875,82.4375,89.15625,97.59375,92.703125,92.234375,85.46875,75.453125,121.5,173.140625,171.515625,153.078125,118.0625,82.453125
2003-07-25,352.125,244.046875,160.828125,124.046875,108.625,95.1875,80.96875,69.640625,62.5,59.671875,67.140625,74.28125,69.46875,61.890625,56.5,51.9375,48.5,43.765625,41.5,44.8125,49.515625,60.265625,76.75,113.046875,238.984375,256.75,315.53125,305.140625,270.25,289.078125
2003-07-26,244.046875,160.828125,124.046875,108.625,95.1875,80.96875,69.640625,62.5,59.671875,67.140625,74.28125,69.46875,61.890625,56.5,51.9375,48.5,43.765625,41.5,44.8125,49.515625,60.265625,76.75,113.046875,238.984375,256.75,315.53125,305.140625,270.25,289.078125,242.46875
2003-07-27,160.828125,124.046875,108.625,95.1875,80.96875,69.640625,62.5,59.671875,67.140625,74.28125,69.46875,61.890625,56.5,51.9375,48.5,43.765625,41.5,44.8125,49.515625,60.265625,76.75,113.046875,238.984375,256.75,315.53125,305.140625,270.25,289.078125,242.46875,176.390625
2003-07-28,124.046875,108.625,95.1875,80.96875,69.640625,62.5,59.671875,67.140625,74.28125,69.46875,61.890625,56.5,51.9375,48.5,43.765625,41.5,44.8125,49.515625,60.265625,76.75,113.046875,238.984375,256.75,315.53125,305.140625,270.25,289.078125,242.46875,176.390625,140.78125
2003-07-29,180.921875,155.3125,122.046875,110.953125,108.65625,121.578125,175.125,190.15625,152.46875,127.0625,119.5,116.40625,99.859375,120.9375,134.328125,112.5625,141.96875,148.125,108.421875,90.875,144.734375,273.21875,259.96875,178.078125,126.328125,101.8125,95.28125,103.171875,108.953125,111.671875
2003-07-30,155.3125,122.046875,110.953125,108.65625,121.578125,175.125,190.15625,152.46875,127.0625,119.5,116.40625,99.859375,120.9375,134.328125,112.5625,141.96875,148.125,108.421875,90.875,144.734375,273.21875,259.96875,178.078125,126.328125,101.8125,95.28125,103.171875,108.953125,111.671875,104.015625
2003-07-31,122.046875,110.953125,108.65625,121.578125,175.125,190.15625,152.46875,127.0625,119.5,116.40625,99.859375,120.9375,134.328125,112.5625,141.96875,148.125,108.421875,90.875,144.734375,273.21875,259.96875,178.078125,126.328125,101.8125,95.28125,103.171875,108.953125,111.671875,104.015625,84.828125
2003-08-01,92.015625,88.75,111.53125,207.421875,261.25,254.671875,217.109375,175.90625,139.75,111.234375,94.5625,82.859375,71.359375,70.234375,77.46875,89.953125,97.578125,94.734375,96.953125,105.421875,116.859375,125.921875,148.515625,143.421875,117.203125,119.46875,129.359375,126.25,115.625,117.328125
2003-08-02,88.75,111.53125,207.421875,261.25,254.671875,217.109375,175.90625,139.75,111.234375,94.5625,82.859375,71.359375,70.234375,77.46875,89.953125,97.578125,94.734375,96.953125,105.421875,116.859375,125.921875,148.515625,143.421875,117.203125,119.46875,129.359375,126.25,115.625,117.328125,127.21875
2003-08-03,111.53125,207.421875,261.25,254.671875,217.109375,175.90625,139.75,111.234375,94.5625,82.859375,71.359375,70.234375,77.46875,89.953125,97.578125,94.734375,96.953125,105.421875,116.859375,125.921875,148.515625,143.421875,117.203125,119.46875,129.359375,126.25,115.625,117.328125,127.21875,145.21875
2003-08-04,207.421875,261.25,254.671875,217.109375,175.90625,139.75,111.234375,94.5625,82.859375,71.359375,70.234375,77.46875,89.953125,97.578125,94.734375,96.953125,105.421875,116.859375,125.921875,148.515625,143.421875,117.203125,119.46875,129.359375,126.25,115.625,117.328125,127.21875,145.21875,153.015625
2003-08-05,308.984375,218.609375,169.3125,149.390625,149.046875,144.921875,128.21875,110.5,97.21875,92.015625,97.53125,108.96875,113.171875,104.8125,96.140625,88.484375,96.5,118.484375,128.859375,126.09375,118.046875,100.078125,121.5,197.21875,177.640625,133.75,128.234375,125.578125,152.859375,260.53125
2003-08-06,218.609375,169.3125,149.390625,149.046875,144.921875,128.21875,110.5,97.21875,92.015625,97.53125,108.96875,113.171875,104.8125,96.140625,88.484375,96.5,118.484375,128.859375,126.09375,118.046875,100.078125,121.5,197.21875,177.640625,133.75,128.234375,125.578125,152.859375,260.53125,258.1875
2003-08-07,169.3125,149.390625,149.046875,144.921875,128.21875,110.5,97.21875,92.015625,97.53125,108.96875,113.171875,104.8125,96.140625,88.484375,96.5,118.484375,128.859375,126.09375,118.046875,100.078125,121.5,197.21875,177.640625,133.75,128.234375,125.578125,152.859375,260.53125,258.1875,317.046875
2003-08-08,156.25,134.953125,140.0625,134.171875,112.5,106.0625,107.53125,109.453125,106.046875,96.984375,103.75,128.5625,150.5,147.921875,242.890625,339.453125,292.109375,194.390625,129.9375,98.109375,89.8125,97.0625,123.0,159.828125,171.015625,143.8125,117.5,104.15625,98.828125,107.484375
2003-08-09,134.953125,140.0625,134.171875,112.5,106.0625,107.53125,109.453125,106.046875,96.984375,103.75,128.5625,150.5,147.921875,242.890625,339.453125,292.109375,194.390625,129.9375,98.109375,89.8125,97.0625,123.0,159.828125,171.015625,143.8125,117.5,104.15625,98.828125,107.484375,105.828125
2003-08-10,140.0625,134.171875,112.5,106.0625,107.53125,109.453125,106.046875,96.984375,103.75,128.5625,150.5,147.921875,242.890625,339.453125,292.109375,194.390625,129.9375,98.109375,89.8125,97.0625,123.0,159.828125,171.015625,143.8125,117.5,104.15625,98.828125,107.484375,105.828125,86.515625
2003-08-11,134.171875,112.5,106.0625,107.53125,109.453125,106.046875,96.984375,103.75,128.5625,150.5,147.921875,242.890625,339.453125,292.109375,194.390625,129.9375,98.109375,89.8125,97.0625,123.0,159.828125,171.015625,143.8125,117.5,104.15625,98.828125,107.484375,105.828125,86.515625,72.515625
2003-08-12,119.53125,121.015625,113.25,117.390625,134.421875,134.90625,123.375,130.078125,141.84375,131.390625,116.75,110.3125,104.453125,98.609375,97.15625,101.734375,100.4375,89.578125,75.890625,72.171875,136.015625,217.0,197.1875,142.984375,112.703125,117.0625,159.59375,165.9375,141.96875,125.203125
2003-08-13,121.015625,113.25,117.390625,134.421875,134.90625,123.375,130.078125,141.84375,131.390625,116.75,110.3125,104.453125,98.609375,97.15625,101.734375,100.4375,89.578125,75.890625,72.171875,136.015625,217.0,197.1875,142.984375,112.703125,117.0625,159.59375,165.9375,141.96875,125.203125,151.34375
2003-08-14,113.25,117.390625,134.421875,134.90625,123.375,130.078125,141.84375,131.390625,116.75,110.3125,104.453125,98.609375,97.15625,101.734375,100.4375,89.578125,75.890625,72.171875,136.015625,217.0,197.1875,142.984375,112.703125,117.0625,159.59375,165.9375,141.96875,125.203125,151.34375,271.71875
2003-08-15,151.453125,162.0,148.8125,179.046875,252.75,341.8125,312.84375,218.46875,169.859375,155.375,153.953125,138.3125,111.390625,96.4375,89.25,93.0,117.9375,152.453125,169.25,181.0,231.8125,381.28125,350.296875,242.4375,174.640625,140.765625,143.90625,181.6875,167.15625,144.78125
2003-08-16,162.0,148.8125,179.046875,252.75,341.8125,312.84375,218.46875,169.859375,155.375,153.953125,138.3125,111.390625,96.4375,89.25,93.0,117.9375,152.453125,169.25,181.0,231.8125,381.28125,350.296875,242.4375,174.640625,140.765625,143.90625,181.6875,167.15625,144.78125,158.90625
2003-08-17,148.8125,179.046875,252.75,341.8125,312.84375,218.46875,169.859375,155.375,153.953125,138.3125,111.390625,96.4375,89.25,93.0,117.9375,152.453125,169.25,181.0,231.8125,381.28125,350.296875,242.4375,174.640625,140.765625,143.90625,181.6875,167.15625,144.78125,158.90625,153.015625
2003-08-18,179.046875,252.75,341.8125,312.84375,218.46875,169.859375,155.375,153.953125,138.3125,111.390625,96.4375,89.25,93.0,117.9375,152.453125,169.25,181.0,231.8125,381.28125,350.296875,242.4375,174.640625,140.765625,143.90625,181.6875,167.15625,144.78125,158.90625,153.015625,149.796875
2003-08-19,239.28125,236.421875,184.984375,141.40625,114.8125,103.359375,104.359375,113.265625,115.4375,108.328125,100.046875,93.46875,93.3125,104.0625,108.9375,103.796875,96.0,88.671875,78.84375,64.6875,60.90625,59.171875,52.390625,50.609375,52.46875,59.703125,73.609375,94.7890625,94.71875,86.71875
2003-08-20,236.421875,184.984375,141.40625,114.8125,103.359375,104.359375,113.265625,115.4375,108.328125,100.046875,93.46875,93.3125,104.0625,108.9375,103.796875,96.0,88.671875,78.84375,64.6875,60.90625,59.171875,52.390625,50.609375,52.46875,59.703125,73.609375,94.7890625,94.71875,86.71875,102.578125
2003-08-21,184.984375,141.40625,114.8125,103.359375,104.359375,113.265625,115.4375,108.328125,100.046875,93.46875,93.3125,104.0625,108.9375,103.796875,96.0,88.671875,78.84375,64.6875,60.90625,59.171875,52.390625,50.609375,52.46875,59.703125,73.609375,94.7890625,94.71875,86.71875,102.578125,239.515625
2003-08-22,166.03125,135.546875,122.265625,113.75,105.640625,96.5,99.96875,119.6875,132.53125,127.796875,129.890625,152.421875,166.546875,142.09375,113.65625,105.703125,104.859375,100.28125,102.484375,185.140625,238.796875,204.484375,145.65625,100.921875,144.171875,179.4609375,168.3203125,145.234375,130.140625,126.953125
2003-08-23,135.546875,122.265625,113.75,105.640625,96.5,99.96875,119.6875,132.53125,127.796875,129.890625,152.421875,166.546875,142.09375,113.65625,105.703125,104.859375,100.28125,102.484375,185.140625,238.796875,204.484375,145.65625,100.921875,144.171875,179.4609375,168.3203125,145.234375,130.140625,126.953125,107.828125
2003-08-24,122.265625,113.75,105.640625,96.5,99.96875,119.6875,132.53125,127.796875,129.890625,152.421875,166.546875,142.09375,113.65625,105.703125,104.859375,100.28125,102.484375,185.140625,238.796875,204.484375,145.65625,100.921875,144.171875,179.4609375,168.3203125,145.234375,130.140625,126.953125,107.828125,89.3984375
2003-08-25,113.75,105.640625,96.5,99.96875,119.6875,132.53125,127.796875,129.890625,152.421875,166.546875,142.09375,113.65625,105.703125,104.859375,100.28125,102.484375,185.140625,238.796875,204.484375,145.65625,100.921875,144.171875,179.4609375,168.3203125,145.234375,130.140625,126.953125,107.828125,89.3984375,94.0390625
2003-08-26,98.0625,88.859375,134.640625,240.046875,248.015625,208.609375,184.40625,154.5625,122.015625,107.484375,102.25,95.984375,88.28125,90.71875,108.234375,102.203125,88.640625,101.984375,114.8125,114.8125,99.453125,89.21875,117.2734375,145.1640625,128.6328125,148.2109375,155.078125,121.3046875,113.0859375,115.2265625
2003-08-27,88.859375,134.640625,240.046875,248.015625,208.609375,184.40625,154.5625,122.015625,107.484375,102.25,95.984375,88.28125,90.71875,108.234375,102.203125,88.640625,101.984375,114.8125,114.8125,99.453125,89.21875,117.2734375,145.1640625,128.6328125,148.2109375,155.078125,121.3046875,113.0859375,115.2265625,104.7421875
2003-08-28,134.640625,240.046875,248.015625,208.609375,184.40625,154.5625,122.015625,107.484375,102.25,95.984375,88.28125,90.71875,108.234375,102.203125,88.640625,101.984375,114.8125,114.8125,99.453125,89.21875,117.2734375,145.1640625,128.6328125,148.2109375,155.078125,121.3046875,113.0859375,115.2265625,104.7421875,102.546875
2003-08-29,196.859375,294.875,284.046875,211.921875,153.828125,124.375,120.0,124.125,121.078125,110.171875,105.3125,117.15625,154.453125,179.1875,173.671875,153.078125,177.390625,191.25,148.84375,139.3984375,169.40625,175.71875,187.359375,228.4765625,196.796875,147.125,112.515625,87.8984375,79.296875,80.7578125
2003-08-30,294.875,284.046875,211.921875,153.828125,124.375,120.0,124.125,121.078125,110.171875,105.3125,117.15625,154.453125,179.1875,173.671875,153.078125,177.390625,191.25,148.84375,139.3984375,169.40625,175.71875,187.359375,228.4765625,196.796875,147.125,112.515625,87.8984375,79.296875,80.7578125,92.4296875
2003-08-31,284.046875,211.921875,153.828125,124.375,120.0,124.125,121.078125,110.171875,105.3125,117.15625,154.453125,179.1875,173.671875,153.078125,177.390625,191.25,148.84375,139.3984375,169.40625,175.71875,187.359375,228.4765625,196.796875,147.125,112.515625,87.8984375,79.296875,80.7578125,92.4296875,89.3359375
2003-09-01,211.921875,153.828125,124.375,120.0,124.125,121.078125,110.171875,105.3125,117.15625,154.453125,179.1875,173.671875,153.078125,177.390625,191.25,148.84375,139.3984375,169.40625,175.71875,187.359375,228.4765625,196.796875,147.125,112.515625,87.8984375,79.296875,80.7578125,92.4296875,89.3359375,73.4296875
2003-09-02,128.203125,105.3125,107.40625,115.453125,105.359375,99.125,104.96875,107.125,124.09375,162.65625,162.59375,134.34375,105.65625,91.8125,111.5546875,116.484375,107.765625,120.265625,144.0,149.6171875,158.8046875,164.3203125,158.59375,148.53125,144.8125,145.921875,146.46875,157.3671875,149.6171875,127.9765625
2003-09-03,105.3125,107.40625,115.453125,105.359375,99.125,104.96875,107.125,124.09375,162.65625,162.59375,134.34375,105.65625,91.8125,111.5546875,116.484375,107.765625,120.265625,144.0,149.6171875,158.8046875,164.3203125,158.59375,148.53125,144.8125,145.921875,146.46875,157.3671875,149.6171875,127.9765625,153.140625
2003-09-04,107.40625,115.453125,105.359375,99.125,104.96875,107.125,124.09375,162.65625,162.59375,134.34375,105.65625,91.8125,111.5546875,116.484375,107.765625,120.265625,144.0,149.6171875,158.8046875,164.3203125,158.59375,148.53125,144.8125,145.921875,146.46875,157.3671875,149.6171875,127.9765625,153.140625,192.2265625
2003-09-05,122.75,115.25,105.25,103.390625,107.09375,125.484375,121.6875,107.765625,127.0,154.171875,163.296875,144.40625,111.8828125,90.171875,78.3125,72.34375,77.375,89.34375,118.671875,157.3125,152.1875,170.5078125,285.7421875,327.640625,230.2890625,158.6875,127.65625,102.796875,84.34375,68.84375
2003-09-06,115.25,105.25,103.390625,107.09375,125.484375,121.6875,107.765625,127.0,154.171875,163.296875,144.40625,111.8828125,90.171875,78.3125,72.34375,77.375,89.34375,118.671875,157.3125,152.1875,170.5078125,285.7421875,327.640625,230.2890625,158.6875,127.65625,102.796875,84.34375,68.84375,73.03125
2003-09-07,105.25,103.390625,107.09375,125.484375,121.6875,107.765625,127.0,154.171875,163.296875,144.40625,111.8828125,90.171875,78.3125,72.34375,77.375,89.34375,118.671875,157.3125,152.1875,170.5078125,285.7421875,327.640625,230.2890625,158.6875,127.65625,102.796875,84.34375,68.84375,73.03125,101.8984375
2003-09-08,103.390625,107.09375,125.484375,121.6875,107.765625,127.0,154.171875,163.296875,144.40625,111.8828125,90.171875,78.3125,72.34375,77.375,89.34375,118.671875,157.3125,152.1875,170.5078125,285.7421875,327.640625,230.2890625,158.6875,127.65625,102.796875,84.34375,68.84375,73.03125,101.8984375,114.6328125
2003-09-09,141.921875,144.65625,123.109375,106.75,96.03125,108.28125,129.71875,150.5546875,191.390625,202.3359375,162.640625,114.0546875,88.96875,99.375,116.125,158.625,179.2890625,188.6796875,185.3828125,147.921875,115.2421875,101.140625,143.265625,281.1796875,392.7421875,331.2890625,233.1875,207.421875,194.453125,165.3125
2003-09-10,144.65625,123.109375,106.75,96.03125,108.28125,129.71875,150.5546875,191.390625,202.3359375,162.640625,114.0546875,88.96875,99.375,116.125,158.625,179.2890625,188.6796875,185.3828125,147.921875,115.2421875,101.140625,143.265625,281.1796875,392.7421875,331.2890625,233.1875,207.421875,194.453125,165.3125,157.453125
2003-09-11,123.109375,106.75,96.03125,108.28125,129.71875,150.5546875,191.390625,202.3359375,162.640625,114.0546875,88.96875,99.375,116.125,158.625,179.2890625,188.6796875,185.3828125,147.921875,115.2421875,101.140625,143.265625,281.1796875,392.7421875,331.2890625,233.1875,207.421875,194.453125,165.3125,157.453125,153.0
2003-09-12,214.1875,189.625,157.5,126.703125,119.6484375,105.21875,120.75,145.4609375,123.65625,94.8046875,82.203125,80.15625,83.0546875,87.4921875,89.375,107.125,109.9140625,89.453125,95.5546875,114.390625,112.8515625,117.78125,110.734375,89.4375,87.609375,118.21875,118.171875,93.4453125,80.0546875,96.6796875
2003-09-13,189.625,157.5,126.703125,119.6484375,105.21875,120.75,145.4609375,123.65625,94.8046875,82.203125,80.15625,83.0546875,87.4921875,89.375,107.125,109.9140625,89.453125,95.5546875,114.390625,112.8515625,117.78125,110.734375,89.4375,87.609375,118.21875,118.171875,93.4453125,80.0546875,96.6796875,115.7109375
2003-09-14,157.5,126.703125,119.6484375,105.21875,120.75,145.4609375,123.65625,94.8046875,82.203125,80.15625,83.0546875,87.4921875,89.375,107.125,109.9140625,89.453125,95.5546875,114.390625,112.8515625,117.78125,110.734375,89.4375,87.609375,118.21875,118.171875,93.4453125,80.0546875,96.6796875,115.7109375,152.2890625
2003-09-15,126.703125,119.6484375,105.21875,120.75,145.4609375,123.65625,94.8046875,82.203125,80.15625,83.0546875,87.4921875,89.375,107.125,109.9140625,89.453125,95.5546875,114.390625,112.8515625,117.78125,110.734375,89.4375,87.609375,118.21875,118.171875,93.4453125,80.0546875,96.6796875,115.7109375,152.2890625,238.546875
2003-09-16,121.6328125,102.515625,91.984375,133.453125,160.1640625,161.1171875,141.5859375,121.515625,110.0,117.4921875,131.609375,146.703125,151.3828125,148.796875,164.546875,173.1015625,235.09375,248.3828125,195.984375,158.203125,135.3515625,126.421875,144.21875,154.21875,175.125,177.421875,179.6796875,164.765625,125.953125,101.6171875
2003-09-17,102.515625,91.984375,133.453125,160.1640625,161.1171875,141.5859375,121.515625,110.0,117.4921875,131.609375,146.703125,151.3828125,148.796875,164.546875,173.1015625,235.09375,248.3828125,195.984375,158.203125,135.3515625,126.421875,144.21875,154.21875,175.125,177.421875,179.6796875,164.765625,125.953125,101.6171875,90.34375
2003-09-18,91.984375,133.453125,160.1640625,161.1171875,141.5859375,121.515625,110.0,117.4921875,131.609375,146.703125,151.3828125,148.796875,164.546875,173.1015625,235.09375,248.3828125,195.984375,158.203125,135.3515625,126.421875,144.21875,154.21875,175.125,177.421875,179.6796875,164.765625,125.953125,101.6171875,90.34375,87.0234375
2003-09-19,191.28125,219.125,183.9296875,146.546875,122.515625,110.4296875,121.6640625,139.5625,148.03125,180.8359375,178.96875,142.34375,111.984375,99.4140625,89.5078125,90.6015625,112.453125,155.390625,155.0859375,129.546875,125.2890625,135.2578125,132.96875,145.609375,160.4140625,145.3828125,154.171875,188.5390625,191.8359375,171.328125
2003-09-20,219.125,183.9296875,146.546875,122.515625,110.4296875,121.6640625,139.5625,148.03125,180.8359375,178.96875,142.34375,111.984375,99.4140625,89.5078125,90.6015625,112.453125,155.390625,155.0859375,129.546875,125.2890625,135.2578125,132.96875,145.609375,160.4140625,145.3828125,154.171875,188.5390625,191.8359375,171.328125,158.375
2003-09-21,183.9296875,146.546875,122.515625,110.4296875,121.6640625,139.5625,148.03125,180.8359375,178.96875,142.34375,111.984375,99.4140625,89.5078125,90.6015625,112.453125,155.390625,155.0859375,129.546875,125.2890625,135.2578125,132.96875,145.609375,160.4140625,145.3828125,154.171875,188.5390625,191.8359375,171.328125,158.375,159.9453125
2003-09-22,146.546875,122.515625,110.4296875,121.6640625,139.5625,148.03125,180.8359375,178.96875,142.34375,111.984375,99.4140625,89.5078125,90.6015625,112.453125,155.390625,155.0859375,129.546875,125.2890625,135.2578125,132.96875,145.609375,160.4140625,145.3828125,154.171875,188.5390625,191.8359375,171.328125,158.375,159.9453125,158.7734375
2003-09-23,166.4375,139.25,131.046875,153.4375,164.953125,177.8125,178.8046875,155.7578125,158.1796875,144.6953125,115.3046875,114.0546875,124.5625,157.2109375,179.3359375,190.8125,189.78125,166.703125,166.40625,272.109375,309.6953125,252.0625,233.09375,238.1640625,185.6484375,133.21875,104.953125,84.3203125,74.4453125,70.984375
2003-09-24,139.25,131.046875,153.4375,164.953125,177.8125,178.8046875,155.7578125,158.1796875,144.6953125,115.3046875,114.0546875,124.5625,157.2109375,179.3359375,190.8125,189.78125,166.703125,166.40625,272.109375,309.6953125,252.0625,233.09375,238.1640625,185.6484375,133.21875,104.953125,84.3203125,74.4453125,70.984375,65.2734375
2003-09-25,131.046875,153.4375,164.953125,177.8125,178.8046875,155.7578125,158.1796875,144.6953125,115.3046875,114.0546875,124.5625,157.2109375,179.3359375,190.8125,189.78125,166.703125,166.40625,272.109375,309.6953125,252.0625,233.09375,238.1640625,185.6484375,133.21875,104.953125,84.3203125,74.4453125,70.984375,65.2734375,60.09375
2003-09-26,216.25,196.59375,181.84375,191.703125,207.640625,224.21875,189.53125,141.921875,130.03125,141.6484375,134.25,129.9765625,149.5625,152.25,149.3125,155.9609375,180.96875,191.9375,177.4296875,148.46875,139.5390625,148.890625,136.8125,136.0546875,142.8515625,165.015625,184.9765625,159.8359375,219.0078125,297.5703125
2003-09-27,196.59375,181.84375,191.703125,207.640625,224.21875,189.53125,141.921875,130.03125,141.6484375,134.25,129.9765625,149.5625,152.25,149.3125,155.9609375,180.96875,191.9375,177.4296875,148.46875,139.5390625,148.890625,136.8125,136.0546875,142.8515625,165.015625,184.9765625,159.8359375,219.0078125,297.5703125,349.890625
2003-09-28,181.84375,191.703125,207.640625,224.21875,189.53125,141.921875,130.03125,141.6484375,134.25,129.9765625,149.5625,152.25,149.3125,155.9609375,180.96875,191.9375,177.4296875,148.46875,139.5390625,148.890625,136.8125,136.0546875,142.8515625,165.015625,184.9765625,159.8359375,219.0078125,297.5703125,349.890625,273.734375
2003-09-29,191.703125,207.640625,224.21875,189.53125,141.921875,130.03125,141.6484375,134.25,129.9765625,149.5625,152.25,149.3125,155.9609375,180.96875,191.9375,177.4296875,148.46875,139.5390625,148.890625,136.8125,136.0546875,142.8515625,165.015625,184.9765625,159.8359375,219.0078125,297.5703125,349.890625,273.734375,192.359375
2003-09-30,221.265625,254.1171875,226.203125,257.9375,360.8671875,407.96875,336.7265625,236.828125,167.3515625,162.53125,168.5703125,149.9375,128.3203125,113.34375,118.0546875,155.546875,232.1875,281.6875,248.1953125,198.8203125,149.25,107.1640625,83.0625,68.3125,58.03125,55.59375,52.015625,46.6015625,42.4453125,38.6015625
2003-10-01,254.1171875,226.203125,257.9375,360.8671875,407.96875,336.7265625,236.828125,167.3515625,162.53125,168.5703125,149.9375,128.3203125,113.34375,118.0546875,155.546875,232.1875,281.6875,248.1953125,198.8203125,149.25,107.1640625,83.0625,68.3125,58.03125,55.59375,52.015625,46.6015625,42.4453125,38.6015625,39.3671875
2003-10-02,226.203125,257.9375,360.8671875,407.96875,336.7265625,236.828125,167.3515625,162.53125,168.5703125,149.9375,128.3203125,113.34375,118.0546875,155.546875,232.1875,281.6875,248.1953125,198.8203125,149.25,107.1640625,83.0625,68.3125,58.03125,55.59375,52.015625,46.6015625,42.4453125,38.6015625,39.3671875,44.1328125
2003-10-03,227.6796875,213.078125,183.078125,161.8359375,160.53125,154.828125,143.90625,161.0078125,159.9140625,260.84375,380.1640625,384.265625,292.2265625,210.71875,181.71875,181.6640625,173.7578125,174.84375,171.046875,181.1796875,186.75,160.171875,130.75,116.46875,137.7109375,159.2578125,149.8359375,134.921875,117.0078125,103.171875
2003-10-04,213.078125,183.078125,161.8359375,160.53125,154.828125,143.90625,161.0078125,159.9140625,260.84375,380.1640625,384.265625,292.2265625,210.71875,181.71875,181.6640625,173.7578125,174.84375,171.046875,181.1796875,186.75,160.171875,130.75,116.46875,137.7109375,159.2578125,149.8359375,134.921875,117.0078125,103.171875,110.359375
2003-10-05,183.078125,161.8359375,160.53125,154.828125,143.90625,161.0078125,159.9140625,260.84375,380.1640625,384.265625,292.2265625,210.71875,181.71875,181.6640625,173.7578125,174.84375,171.046875,181.1796875,186.75,160.171875,130.75,116.46875,137.7109375,159.2578125,149.8359375,134.921875,117.0078125,103.171875,110.359375,105.453125
2003-10-06,161.8359375,160.53125,154.828125,143.90625,161.0078125,159.9140625,260.84375,380.1640625,384.265625,292.2265625,210.71875,181.71875,181.6640625,173.7578125,174.84375,171.046875,181.1796875,186.75,160.171875,130.75,116.46875,137.7109375,159.2578125,149.8359375,134.921875,117.0078125,103.171875,110.359375,105.453125,125.6796875
2003-10-07,280.25,217.2421875,205.734375,201.8125,172.2109375,141.4453125,142.921875,149.765625,143.09375,123.59375,102.8828125,95.1015625,118.3203125,172.984375,175.796875,147.34375,139.4453125,121.7109375,107.6796875,101.203125,84.1328125,69.03125,59.78125,50.828125,43.984375,39.1328125,35.5546875,37.015625,39.0390625,35.0625
2003-10-08,217.2421875,205.734375,201.8125,172.2109375,141.4453125,142.921875,149.765625,143.09375,123.59375,102.8828125,95.1015625,118.3203125,172.984375,175.796875,147.34375,139.4453125,121.7109375,107.6796875,101.203125,84.1328125,69.03125,59.78125,50.828125,43.984375,39.1328125,35.5546875,37.015625,39.0390625,35.0625,32.2109375
2003-10-09,205.734375,201.8125,172.2109375,141.4453125,142.921875,149.765625,143.09375,123.59375,102.8828125,95.1015625,118.3203125,172.984375,175.796875,147.34375,139.4453125,121.7109375,107.6796875,101.203125,84.1328125,69.03125,59.78125,50.828125,43.984375,39.1328125,35.5546875,37.015625,39.0390625,35.0625,32.2109375,34.140625
2003-10-10,247.90625,205.5390625,171.3828125,187.890625,205.59375,285.953125,268.8828125,213.9140625,211.53125,446.9921875,448.3671875,336.484375,319.5078125,366.5390625,340.5390625,263.7734375,203.828125,170.2109375,150.109375,136.796875,126.5859375,118.0859375,110.25,105.5546875,105.1015625,104.2890625,99.0859375,106.5625,107.3515625,93.296875
2003-10-11,205.5390625,171.3828125,187.890625,205.59375,285.953125,268.8828125,213.9140625,211.53125,446.9921875,448.3671875,336.484375,319.5078125,366.5390625,340.5390625,263.7734375,203.828125,170.2109375,150.109375,136.796875,126.5859375,118.0859375,110.25,105.5546875,105.1015625,104.2890625,99.0859375,106.5625,107.3515625,93.296875,82.515625
2003-10-12,171.3828125,187.890625,205.59375,285.953125,268.8828125,213.9140625,211.53125,446.9921875,448.3671875,336.484375,319.5078125,366.5390625,340.5390625,263.7734375,203.828125,170.2109375,150.109375,136.796875,126.5859375,118.0859375,110.25,105.5546875,105.1015625,104.2890625,99.0859375,106.5625,107.3515625,93.296875,82.515625,74.65625
2003-10-13,187.890625,205.59375,285.953125,268.8828125,213.9140625,211.53125,446.9921875,448.3671875,336.484375,319.5078125,366.5390625,340.5390625,263.7734375,203.828125,170.2109375,150.109375,136.796875,126.5859375,118.0859375,110.25,105.5546875,105.1015625,104.2890625,99.0859375,106.5625,107.3515625,93.296875,82.515625,74.65625,67.1171875
2003-10-14,289.4609375,350.1875,295.546875,245.1796875,213.484375,181.6796875,157.8828125,142.3359375,148.0390625,141.8125,125.1484375,113.359375,102.296875,92.640625,87.8828125,86.5,81.625,73.359375,66.7421875,61.0,56.7109375,52.6796875,57.0390625,66.375,61.8125,52.75,45.921875,40.3515625,36.1796875,32.4296875
2003-10-15,350.1875,295.546875,245.1796875,213.484375,181.6796875,157.8828125,142.3359375,148.0390625,141.8125,125.1484375,113.359375,102.296875,92.640625,87.8828125,86.5,81.625,73.359375,66.7421875,61.0,56.7109375,52.6796875,57.0390625,66.375,61.8125,52.75,45.921875,40.3515625,36.1796875,32.4296875,29.546875
2003-10-16,295.546875,245.1796875,213.484375,181.6796875,157.8828125,142.3359375,148.0390625,141.8125,125.1484375,113.359375,102.296875,92.640625,87.8828125,86.5,81.625,73.359375,66.7421875,61.0,56.7109375,52.6796875,57.0390625,66.375,61.8125,52.75,45.921875,40.3515625,36.1796875,32.4296875,29.546875,27.15625
2003-10-17,264.8671875,261.3515625,255.328125,293.8671875,310.6796875,287.3984375,251.4765625,241.0234375,243.609375,233.6484375,202.421875,168.375,146.4375,133.59375,125.25,117.9296875,111.09375,104.3046875,98.0390625,92.5078125,87.015625,81.421875,99.0703125,319.375,315.546875,192.8984375,143.203125,113.109375,90.078125,74.828125
2003-10-18,261.3515625,255.328125,293.8671875,310.6796875,287.3984375,251.4765625,241.0234375,243.609375,233.6484375,202.421875,168.375,146.4375,133.59375,125.25,117.9296875,111.09375,104.3046875,98.0390625,92.5078125,87.015625,81.421875,99.0703125,319.375,315.546875,192.8984375,143.203125,113.109375,90.078125,74.828125,64.421875
2003-10-19,255.328125,293.8671875,310.6796875,287.3984375,251.4765625,241.0234375,243.609375,233.6484375,202.421875,168.375,146.4375,133.59375,125.25,117.9296875,111.09375,104.3046875,98.0390625,92.5078125,87.015625,81.421875,99.0703125,319.375,315.546875,192.8984375,143.203125,113.109375,90.078125,74.828125,64.421875,57.4609375
2003-10-20,293.8671875,310.6796875,287.3984375,251.4765625,241.0234375,243.609375,233.6484375,202.421875,168.375,146.4375,133.59375,125.25,117.9296875,111.09375,104.3046875,98.0390625,92.5078125,87.015625,81.421875,99.0703125,319.375,315.546875,192.8984375,143.203125,113.109375,90.078125,74.828125,64.421875,57.4609375,52.7421875
2003-10-21,428.6171875,430.8359375,349.5859375,348.5390625,414.984375,366.5546875,285.703125,237.9140625,209.53125,192.46875,178.5,166.0546875,155.515625,148.5703125,154.625,164.9609375,155.671875,135.5703125,122.0390625,111.390625,99.9921875,90.9453125,84.28125,79.6328125,77.703125,75.7265625,70.734375,63.6875,56.6875,51.09375
2003-10-22,430.8359375,349.5859375,348.5390625,414.984375,366.5546875,285.703125,237.9140625,209.53125,192.46875,178.5,166.0546875,155.515625,148.5703125,154.625,164.9609375,155.671875,135.5703125,122.0390625,111.390625,99.9921875,90.9453125,84.28125,79.6328125,77.703125,75.7265625,70.734375,63.6875,56.6875,51.09375,46.3984375
2003-10-23,349.5859375,348.5390625,414.984375,366.5546875,285.703125,237.9140625,209.53125,192.46875,178.5,166.0546875,155.515625,148.5703125,154.625,164.9609375,155.671875,135.5703125,122.0390625,111.390625,99.9921875,90.9453125,84.28125,79.6328125,77.703125,75.7265625,70.734375,63.6875,56.6875,51.09375,46.3984375,43.875
2003-10-24,751.5625,651.15625,436.65625,318.5,260.390625,228.5078125,206.921875,191.3515625,180.4296875,181.9375,195.53125,195.40625,191.90625,177.5234375,154.96875,154.4375,165.7890625,154.71875,136.46875,126.6328125,111.125,93.1953125,81.375,76.875,77.109375,90.53125,99.9453125,88.8515625,79.875,76.46875
2003-10-25,651.15625,436.65625,318.5,260.390625,228.5078125,206.921875,191.3515625,180.4296875,181.9375,195.53125,195.40625,191.90625,177.5234375,154.96875,154.4375,165.7890625,154.71875,136.46875,126.6328125,111.125,93.1953125,81.375,76.875,77.109375,90.53125,99.9453125,88.8515625,79.875,76.46875,68.6015625
2003-10-26,436.65625,318.5,260.390625,228.5078125,206.921875,191.3515625,180.4296875,181.9375,195.53125,195.40625,191.90625,177.5234375,154.96875,154.4375,165.7890625,154.71875,136.46875,126.6328125,111.125,93.1953125,81.375,76.875,77.109375,90.53125,99.9453125,88.8515625,79.875,76.46875,68.6015625,58.2265625
2003-10-27,318.5,260.390625,228.5078125,206.921875,191.3515625,180.4296875,181.9375,195.53125,195.40625,191.90625,177.5234375,154.96875,154.4375,165.7890625,154.71875,136.46875,126.6328125,111.125,93.1953125,81.375,76.875,77.109375,90.53125,99.9453125,88.8515625,79.875,76.46875,68.6015625,58.2265625,50.6171875
2003-10-28,182.9921875,155.265625,136.9140625,123.6875,113.8828125,106.9140625,104.7265625,110.0078125,111.0,102.84375,100.359375,111.28125,123.640625,118.6484375,102.5390625,88.8125,107.609375,220.7109375,253.0,235.1953125,187.8359375,136.0078125,100.7421875,77.5078125,64.09375,54.640625,47.984375,43.078125,38.28125,36.328125
2003-10-29,155.265625,136.9140625,123.6875,113.8828125,106.9140625,104.7265625,110.0078125,111.0,102.84375,100.359375,111.28125,123.640625,118.6484375,102.5390625,88.8125,107.609375,220.7109375,253.0,235.1953125,187.8359375,136.0078125,100.7421875,77.5078125,64.09375,54.640625,47.984375,43.078125,38.28125,36.328125,44.453125
2003-10-30,136.9140625,123.6875,113.8828125,106.9140625,104.7265625,110.0078125,111.0,102.84375,100.359375,111.28125,123.640625,118.6484375,102.5390625,88.8125,107.609375,220.7109375,253.0,235.1953125,187.8359375,136.0078125,100.7421875,77.5078125,64.09375,54.640625,47.984375,43.078125,38.28125,36.328125,44.453125,51.75
2003-10-31,131.734375,133.2578125,127.65625,119.0625,112.3671875,102.109375,93.15625,85.890625,83.109375,80.1640625,76.8046875,74.953125,90.6328125,99.6796875,89.75,81.4453125,164.9375,183.3359375,122.8828125,88.875,69.09375,56.453125,56.4765625,60.765625,51.7578125,42.640625,35.8203125,33.328125,32.9765625,29.6015625
2003-11-01,133.2578125,127.65625,119.0625,112.3671875,102.109375,93.15625,85.890625,83.109375,80.1640625,76.8046875,74.953125,90.6328125,99.6796875,89.75,81.4453125,164.9375,183.3359375,122.8828125,88.875,69.09375,56.453125,56.4765625,60.765625,51.7578125,42.640625,35.8203125,33.328125,32.9765625,29.6015625,25.1328125
2003-11-02,127.65625,119.0625,112.3671875,102.109375,93.15625,85.890625,83.109375,80.1640625,76.8046875,74.953125,90.6328125,99.6796875,89.75,81.4453125,164.9375,183.3359375,122.8828125,88.875,69.09375,56.453125,56.4765625,60.765625,51.7578125,42.640625,35.8203125,33.328125,32.9765625,29.6015625,25.1328125,22.3203125
2003-11-03,119.0625,112.3671875,102.109375,93.15625,85.890625,83.109375,80.1640625,76.8046875,74.953125,90.6328125,99.6796875,89.75,81.4453125,164.9375,183.3359375,122.8828125,88.875,69.09375,56.453125,56.4765625,60.765625,51.7578125,42.640625,35.8203125,33.328125,32.9765625,29.6015625,25.1328125,22.3203125,20.375
2003-11-04,103.0546875,98.6015625,92.5546875,90.75,107.7578125,116.40625,112.4765625,144.2734375,153.4765625,121.0859375,92.84375,80.8671875,92.78125,125.140625,137.671875,112.8828125,82.75,64.21875,52.8671875,44.3515625,38.3125,34.6640625,30.9765625,27.390625,25.640625,24.9453125,33.765625,43.2578125,41.09375,34.0859375
2003-11-05,98.6015625,92.5546875,90.75,107.7578125,116.40625,112.4765625,144.2734375,153.4765625,121.0859375,92.84375,80.8671875,92.78125,125.140625,137.671875,112.8828125,82.75,64.21875,52.8671875,44.3515625,38.3125,34.6640625,30.9765625,27.390625,25.640625,24.9453125,33.765625,43.2578125,41.09375,34.0859375,28.6328125
2003-11-06,92.5546875,90.75,107.7578125,116.40625,112.4765625,144.2734375,153.4765625,121.0859375,92.84375,80.8671875,92.78125,125.140625,137.671875,112.8828125,82.75,64.21875,52.8671875,44.3515625,38.3125,34.6640625,30.9765625,27.390625,25.640625,24.9453125,33.765625,43.2578125,41.09375,34.0859375,28.6328125,57.625
2003-11-07,87.140625,85.1484375,84.0625,127.5234375,146.3203125,131.8359375,118.78125,96.5625,77.5,67.671875,74.3828125,96.21875,109.03125,123.375,151.953125,172.234375,151.2265625,114.828125,86.609375,64.75,53.3046875,45.6015625,38.734375,32.8828125,28.4140625,25.1796875,22.8125,20.84375,19.046875,17.8515625
2003-11-08,85.1484375,84.0625,127.5234375,146.3203125,131.8359375,118.78125,96.5625,77.5,67.671875,74.3828125,96.21875,109.03125,123.375,151.953125,172.234375,151.2265625,114.828125,86.609375,64.75,53.3046875,45.6015625,38.734375,32.8828125,28.4140625,25.1796875,22.8125,20.84375,19.046875,17.8515625,16.3515625
2003-11-09,84.0625,127.5234375,146.3203125,131.8359375,118.78125,96.5625,77.5,67.671875,74.3828125,96.21875,109.03125,123.375,151.953125,172.234375,151.2265625,114.828125,86.609375,64.75,53.3046875,45.6015625,38.734375,32.8828125,28.4140625,25.1796875,22.8125,20.84375,19.046875,17.8515625,16.3515625,15.453125
2003-11-10,127.5234375,146.3203125,131.8359375,118.78125,96.5625,77.5,67.671875,74.3828125,96.21875,109.03125,123.375,151.953125,172.234375,151.2265625,114.828125,86.609375,64.75,53.3046875,45.6015625,38.734375,32.8828125,28.4140625,25.1796875,22.8125,20.84375,19.046875,17.8515625,16.3515625,15.453125,14.6796875
2003-11-11,85.265625,115.828125,130.6875,106.5078125,82.609375,67.8828125,58.65625,52.5,48.1640625,44.9453125,50.8203125,58.4453125,51.984375,43.9296875,38.5078125,34.4453125,31.4140625,28.0703125,26.5625,23.453125,20.8203125,25.5390625,54.3359375,66.921875,51.7265625,41.765625,62.03125,91.8984375,80.0078125,54.6484375
2003-11-12,115.828125,130.6875,106.5078125,82.609375,67.8828125,58.65625,52.5,48.1640625,44.9453125,50.8203125,58.4453125,51.984375,43.9296875,38.5078125,34.4453125,31.4140625,28.0703125,26.5625,23.453125,20.8203125,25.5390625,54.3359375,66.921875,51.7265625,41.765625,62.03125,91.8984375,80.0078125,54.6484375,38.3046875
2003-11-13,130.6875,106.5078125,82.609375,67.8828125,58.65625,52.5,48.1640625,44.9453125,50.8203125,58.4453125,51.984375,43.9296875,38.5078125,34.4453125,31.4140625,28.0703125,26.5625,23.453125,20.8203125,25.5390625,54.3359375,66.921875,51.7265625,41.765625,62.03125,91.8984375,80.0078125,54.6484375,38.3046875,28.4296875
2003-11-14,158.9140625,113.3359375,88.890625,73.875,61.9453125,55.3515625,50.8984375,47.5078125,46.28125,42.84375,40.546875,52.0234375,60.9140625,69.84375,86.6484375,81.25,62.9375,46.59375,35.4140625,28.5703125,24.015625,20.609375,18.703125,20.078125,21.40625,19.671875,17.140625,15.015625,13.3203125,11.8984375
2003-11-15,113.3359375,88.890625,73.875,61.9453125,55.3515625,50.8984375,47.5078125,46.28125,42.84375,40.546875,52.0234375,60.9140625,69.84375,86.6484375,81.25,62.9375,46.59375,35.4140625,28.5703125,24.015625,20.609375,18.703125,20.078125,21.40625,19.671875,17.140625,15.015625,13.3203125,11.8984375,10.8515625
2003-11-16,88.890625,73.875,61.9453125,55.3515625,50.8984375,47.5078125,46.28125,42.84375,40.546875,52.0234375,60.9140625,69.84375,86.6484375,81.25,62.9375,46.59375,35.4140625,28.5703125,24.015625,20.609375,18.703125,20.078125,21.40625,19.671875,17.140625,15.015625,13.3203125,11.8984375,10.8515625,9.671875
2003-11-17,73.875,61.9453125,55.3515625,50.8984375,47.5078125,46.28125,42.84375,40.546875,52.0234375,60.9140625,69.84375,86.6484375,81.25,62.9375,46.59375,35.4140625,28.5703125,24.015625,20.609375,18.703125,20.078125,21.40625,19.671875,17.140625,15.015625,13.3203125,11.8984375,10.8515625,9.671875,8.5859375
2003-11-18,67.328125,60.171875,55.359375,53.3984375,52.25,46.4453125,41.2109375,39.0078125,38.234375,37.234375,32.3359375,28.7421875,27.046875,25.3671875,23.2265625,20.703125,19.484375,17.2109375,15.328125,13.9609375,12.3671875,11.8125,10.5859375,9.359375,8.4765625,7.9765625,7.890625,7.6640625,7.328125,6.6328125
2003-11-19,60.171875,55.359375,53.3984375,52.25,46.4453125,41.2109375,39.0078125,38.234375,37.234375,32.3359375,28.7421875,27.046875,25.3671875,23.2265625,20.703125,19.484375,17.2109375,15.328125,13.9609375,12.3671875,11.8125,10.5859375,9.359375,8.4765625,7.9765625,7.890625,7.6640625,7.328125,6.6328125,5.640625
2003-11-20,55.359375,53.3984375,52.25,46.4453125,41.2109375,39.0078125,38.234375,37.234375,32.3359375,28.7421875,27.046875,25.3671875,23.2265625,20.703125,19.484375,17.2109375,15.328125,13.9609375,12.3671875,11.8125,10.5859375,9.359375,8.4765625,7.9765625,7.890625,7.6640625,7.328125,6.6328125,5.640625,5.0859375
2003-11-21,46.0390625,42.5859375,40.984375,39.96875,39.7109375,38.046875,33.6875,29.5703125,26.3828125,23.7890625,21.8125,19.9609375,18.2734375,16.5078125,15.140625,13.9375,12.8671875,11.4453125,11.78125,11.7890625,11.1875,9.796875,8.484375,7.484375,7.796875,7.453125,6.7734375,5.7890625,5.109375,5.1015625
2003-11-22,42.5859375,40.984375,39.96875,39.7109375,38.046875,33.6875,29.5703125,26.3828125,23.7890625,21.8125,19.9609375,18.2734375,16.5078125,15.140625,13.9375,12.8671875,11.4453125,11.78125,11.7890625,11.1875,9.796875,8.484375,7.484375,7.796875,7.453125,6.7734375,5.7890625,5.109375,5.1015625,4.8828125
2003-11-23,40.984375,39.96875,39.7109375,38.046875,33.6875,29.5703125,26.3828125,23.7890625,21.8125,19.9609375,18.2734375,16.5078125,15.140625,13.9375,12.8671875,11.4453125,11.78125,11.7890625,11.1875,9.796875,8.484375,7.484375,7.796875,7.453125,6.7734375,5.7890625,5.109375,5.1015625,4.8828125,4.7578125
2003-11-24,39.96875,39.7109375,38.046875,33.6875,29.5703125,26.3828125,23.7890625,21.8125,19.9609375,18.2734375,16.5078125,15.140625,13.9375,12.8671875,11.4453125,11.78125,11.7890625,11.1875,9.796875,8.484375,7.484375,7.796875,7.453125,6.7734375,5.7890625,5.109375,5.1015625,4.8828125,4.7578125,4.578125
2003-11-25,33.390625,30.328125,27.5546875,25.0859375,23.1171875,21.5078125,20.015625,18.7734375,17.2578125,15.8203125,14.6796875,13.7578125,12.609375,11.578125,11.046875,14.59375,21.5625,20.5234375,16.6171875,13.8828125,11.5,9.890625,8.4609375,7.2578125,6.7265625,6.0703125,5.6171875,5.453125,4.6640625,3.8359375
2003-11-26,30.328125,27.5546875,25.0859375,23.1171875,21.5078125,20.015625,18.7734375,17.2578125,15.8203125,14.6796875,13.7578125,12.609375,11.578125,11.046875,14.59375,21.5625,20.5234375,16.6171875,13.8828125,11.5,9.890625,8.4609375,7.2578125,6.7265625,6.0703125,5.6171875,5.453125,4.6640625,3.8359375,3.5390625
2003-11-27,27.5546875,25.0859375,23.1171875,21.5078125,20.015625,18.7734375,17.2578125,15.8203125,14.6796875,13.7578125,12.609375,11.578125,11.046875,14.59375,21.5625,20.5234375,16.6171875,13.8828125,11.5,9.890625,8.4609375,7.2578125,6.7265625,6.0703125,5.6171875,5.453125,4.6640625,3.8359375,3.5390625,3.390625
2003-11-28,25.8671875,23.46875,21.4375,20.0546875,18.71875,17.203125,15.9921875,14.875,13.9609375,12.2421875,11.1328125,10.4375,10.078125,10.125,9.6640625,10.984375,14.1171875,14.0234375,12.375,10.625,9.234375,14.921875,31.828125,33.1796875,24.59375,17.6796875,13.359375,10.96875,9.421875,8.7734375
2003-11-29,23.46875,21.4375,20.0546875,18.71875,17.203125,15.9921875,14.875,13.9609375,12.2421875,11.1328125,10.4375,10.078125,10.125,9.6640625,10.984375,14.1171875,14.0234375,12.375,10.625,9.234375,14.921875,31.828125,33.1796875,24.59375,17.6796875,13.359375,10.96875,9.421875,8.7734375,9.21875
2003-11-30,21.4375,20.0546875,18.71875,17.203125,15.9921875,14.875,13.9609375,12.2421875,11.1328125,10.4375,10.078125,10.125,9.6640625,10.984375,14.1171875,14.0234375,12.375,10.625,9.234375,14.921875,31.828125,33.1796875,24.59375,17.6796875,13.359375,10.96875,9.421875,8.7734375,9.21875,9.0546875
2003-12-01,20.0546875,18.71875,17.203125,15.9921875,14.875,13.9609375,12.2421875,11.1328125,10.4375,10.078125,10.125,9.6640625,10.984375,14.1171875,14.0234375,12.375,10.625,9.234375,14.921875,31.828125,33.1796875,24.59375,17.6796875,13.359375,10.96875,9.421875,8.7734375,9.21875,9.0546875,8.453125
2003-12-02,18.359375,17.2890625,15.9453125,15.046875,14.1796875,12.9921875,11.984375,10.96875,10.3359375,9.6640625,9.21875,8.640625,8.109375,7.453125,7.28125,6.7421875,5.8203125,6.4609375,7.75,8.25,7.7109375,6.375,5.21875,4.625,4.4921875,4.3203125,3.765625,3.40625,3.3515625,6.4921875
2003-12-03,17.2890625,15.9453125,15.046875,14.1796875,12.9921875,11.984375,10.96875,10.3359375,9.6640625,9.21875,8.640625,8.109375,7.453125,7.28125,6.7421875,5.8203125,6.4609375,7.75,8.25,7.7109375,6.375,5.21875,4.625,4.4921875,4.3203125,3.765625,3.40625,3.3515625,6.4921875,12.84375
2003-12-04,15.9453125,15.046875,14.1796875,12.9921875,11.984375,10.96875,10.3359375,9.6640625,9.21875,8.640625,8.109375,7.453125,7.28125,6.7421875,5.8203125,6.4609375,7.75,8.25,7.7109375,6.375,5.21875,4.625,4.4921875,4.3203125,3.765625,3.40625,3.3515625,6.4921875,12.84375,14.6171875
2003-12-05,14.96875,13.9140625,12.8125,11.890625,15.609375,21.3125,25.6484375,32.1484375,28.8515625,22.78125,18.46875,14.6484375,12.21875,10.4609375,9.3515625,9.4140625,10.2109375,11.2578125,12.234375,14.5703125,18.9375,28.4375,40.6484375,42.890625,31.6484375,22.6328125,16.59375,12.4609375,10.09375,8.65625
2003-12-06,13.9140625,12.8125,11.890625,15.609375,21.3125,25.6484375,32.1484375,28.8515625,22.78125,18.46875,14.6484375,12.21875,10.4609375,9.3515625,9.4140625,10.2109375,11.2578125,12.234375,14.5703125,18.9375,28.4375,40.6484375,42.890625,31.6484375,22.6328125,16.59375,12.4609375,10.09375,8.65625,7.796875
2003-12-07,12.8125,11.890625,15.609375,21.3125,25.6484375,32.1484375,28.8515625,22.78125,18.46875,14.6484375,12.21875,10.4609375,9.3515625,9.4140625,10.2109375,11.2578125,12.234375,14.5703125,18.9375,28.4375,40.6484375,42.890625,31.6484375,22.6328125,16.59375,12.4609375,10.09375,8.65625,7.796875,7.046875
2003-12-08,11.890625,15.609375,21.3125,25.6484375,32.1484375,28.8515625,22.78125,18.46875,14.6484375,12.21875,10.4609375,9.3515625,9.4140625,10.2109375,11.2578125,12.234375,14.5703125,18.9375,28.4375,40.6484375,42.890625,31.6484375,22.6328125,16.59375,12.4609375,10.09375,8.65625,7.796875,7.046875,6.1171875
2003-12-09,12.4375,15.296875,16.5859375,15.6640625,13.609375,11.734375,10.375,9.296875,8.6015625,7.71875,6.71875,5.90625,5.3125,4.6875,4.4765625,4.109375,3.5234375,3.3046875,3.265625,3.1171875,3.0234375,2.96875,2.9296875,2.8984375,2.921875,3.2578125,3.203125,3.28125,4.25,8.1875
2003-12-10,15.296875,16.5859375,15.6640625,13.609375,11.734375,10.375,9.296875,8.6015625,7.71875,6.71875,5.90625,5.3125,4.6875,4.4765625,4.109375,3.5234375,3.3046875,3.265625,3.1171875,3.0234375,2.96875,2.9296875,2.8984375,2.921875,3.2578125,3.203125,3.28125,4.25,8.1875,11.3046875
2003-12-11,16.5859375,15.6640625,13.609375,11.734375,10.375,9.296875,8.6015625,7.71875,6.71875,5.90625,5.3125,4.6875,4.4765625,4.109375,3.5234375,3.3046875,3.265625,3.1171875,3.0234375,2.96875,2.9296875,2.8984375,2.921875,3.2578125,3.203125,3.28125,4.25,8.1875,11.3046875,11.28125
2003-12-12,10.9453125,10.109375,9.453125,8.390625,7.6796875,12.1640625,32.8046875,43.8828125,33.484375,24.09375,17.828125,13.6640625,10.875,9.046875,7.640625,6.59375,5.875,5.421875,5.203125,5.3046875,5.25,5.515625,6.46875,7.1953125,7.0,6.375,6.1640625,6.28125,6.2890625,6.2421875
2003-12-13,10.109375,9.453125,8.390625,7.6796875,12.1640625,32.8046875,43.8828125,33.484375,24.09375,17.828125,13.6640625,10.875,9.046875,7.640625,6.59375,5.875,5.421875,5.203125,5.3046875,5.25,5.515625,6.46875,7.1953125,7.0,6.375,6.1640625,6.28125,6.2890625,6.2421875,5.796875
2003-12-14,9.453125,8.390625,7.6796875,12.1640625,32.8046875,43.8828125,33.484375,24.09375,17.828125,13.6640625,10.875,9.046875,7.640625,6.59375,5.875,5.421875,5.203125,5.3046875,5.25,5.515625,6.46875,7.1953125,7.0,6.375,6.1640625,6.28125,6.2890625,6.2421875,5.796875,5.25
2003-12-15,8.390625,7.6796875,12.1640625,32.8046875,43.8828125,33.484375,24.09375,17.828125,13.6640625,10.875,9.046875,7.640625,6.59375,5.875,5.421875,5.203125,5.3046875,5.25,5.515625,6.46875,7.1953125,7.0,6.375,6.1640625,6.28125,6.2890625,6.2421875,5.796875,5.25,4.8125
2003-12-16,7.9453125,7.7421875,6.9375,6.09375,5.984375,5.640625,5.15625,4.671875,4.3828125,4.15625,4.3359375,4.8046875,5.546875,6.390625,6.5859375,8.375,28.3046875,74.9453125,84.671875,71.6015625,62.3046875,46.703125,31.8125,22.609375,16.890625,12.7578125,10.2578125,8.6484375,7.390625,6.484375
2003-12-17,7.7421875,6.9375,6.09375,5.984375,5.640625,5.15625,4.671875,4.3828125,4.15625,4.3359375,4.8046875,5.546875,6.390625,6.5859375,8.375,28.3046875,74.9453125,84.671875,71.6015625,62.3046875,46.703125,31.8125,22.609375,16.890625,12.7578125,10.2578125,8.6484375,7.390625,6.484375,5.65625
2003-12-18,6.9375,6.09375,5.984375,5.640625,5.15625,4.671875,4.3828125,4.15625,4.3359375,4.8046875,5.546875,6.390625,6.5859375,8.375,28.3046875,74.9453125,84.671875,71.6015625,62.3046875,46.703125,31.8125,22.609375,16.890625,12.7578125,10.2578125,8.6484375,7.390625,6.484375,5.65625,5.15625
2003-12-19,8.3125,8.09375,7.234375,6.359375,5.8515625,5.7890625,5.2890625,4.53125,3.8359375,3.46875,3.8828125,4.6328125,7.5703125,22.8125,48.7109375,50.5390625,37.4921875,28.9453125,27.796875,38.9375,45.078125,35.5,29.0625,24.5625,19.71875,15.9921875,12.765625,10.140625,8.453125,7.3203125
2003-12-20,8.09375,7.234375,6.359375,5.8515625,5.7890625,5.2890625,4.53125,3.8359375,3.46875,3.8828125,4.6328125,7.5703125,22.8125,48.7109375,50.5390625,37.4921875,28.9453125,27.796875,38.9375,45.078125,35.5,29.0625,24.5625,19.71875,15.9921875,12.765625,10.140625,8.453125,7.3203125,6.8359375
2003-12-21,7.234375,6.359375,5.8515625,5.7890625,5.2890625,4.53125,3.8359375,3.46875,3.8828125,4.6328125,7.5703125,22.8125,48.7109375,50.5390625,37.4921875,28.9453125,27.796875,38.9375,45.078125,35.5,29.0625,24.5625,19.71875,15.9921875,12.765625,10.140625,8.453125,7.3203125,6.8359375,6.875
2003-12-22,6.359375,5.8515625,5.7890625,5.2890625,4.53125,3.8359375,3.46875,3.8828125,4.6328125,7.5703125,22.8125,48.7109375,50.5390625,37.4921875,28.9453125,27.796875,38.9375,45.078125,35.5,29.0625,24.5625,19.71875,15.9921875,12.765625,10.140625,8.453125,7.3203125,6.8359375,6.875,7.2890625
2003-12-23,5.75,5.4609375,5.078125,4.4375,3.6328125,3.3046875,3.1953125,3.2109375,3.3515625,3.4921875,3.234375,3.1328125,3.2734375,3.375,4.1953125,3.8671875,7.9140625,24.71875,27.90625,21.7421875,16.484375,13.265625,11.5703125,11.0078125,10.8125,10.796875,9.8125,8.453125,7.3984375,6.2890625
2003-12-24,5.4609375,5.078125,4.4375,3.6328125,3.3046875,3.1953125,3.2109375,3.3515625,3.4921875,3.234375,3.1328125,3.2734375,3.375,4.1953125,3.8671875,7.9140625,24.71875,27.90625,21.7421875,16.484375,13.265625,11.5703125,11.0078125,10.8125,10.796875,9.8125,8.453125,7.3984375,6.2890625,5.703125
2003-12-25,5.078125,4.4375,3.6328125,3.3046875,3.1953125,3.2109375,3.3515625,3.4921875,3.234375,3.1328125,3.2734375,3.375,4.1953125,3.8671875,7.9140625,24.71875,27.90625,21.7421875,16.484375,13.265625,11.5703125,11.0078125,10.8125,10.796875,9.8125,8.453125,7.3984375,6.2890625,5.703125,5.8671875
2003-12-26,4.7421875,3.9453125,3.546875,3.6484375,3.265625,3.3671875,3.796875,3.75,3.625,5.3203125,9.9609375,11.1875,10.1015625,8.6640625,7.3515625,6.3984375,5.5859375,5.5703125,7.2734375,9.125,33.09375,63.2109375,46.59375,32.5234375,24.2421875,19.3125,15.9453125,14.625,13.34375,11.75
2003-12-27,3.9453125,3.546875,3.6484375,3.265625,3.3671875,3.796875,3.75,3.625,5.3203125,9.9609375,11.1875,10.1015625,8.6640625,7.3515625,6.3984375,5.5859375,5.5703125,7.2734375,9.125,33.09375,63.2109375,46.59375,32.5234375,24.2421875,19.3125,15.9453125,14.625,13.34375,11.75,21.71875
2003-12-28,3.546875,3.6484375,3.265625,3.3671875,3.796875,3.75,3.625,5.3203125,9.9609375,11.1875,10.1015625,8.6640625,7.3515625,6.3984375,5.5859375,5.5703125,7.2734375,9.125,33.09375,63.2109375,46.59375,32.5234375,24.2421875,19.3125,15.9453125,14.625,13.34375,11.75,21.71875,54.125
2003-12-29,3.6484375,3.265625,3.3671875,3.796875,3.75,3.625,5.3203125,9.9609375,11.1875,10.1015625,8.6640625,7.3515625,6.3984375,5.5859375,5.5703125,7.2734375,9.125,33.09375,63.2109375,46.59375,32.5234375,24.2421875,19.3125,15.9453125,14.625,13.34375,11.75,21.71875,54.125,58.796875
2003-12-30,3.34375,3.453125,3.5390625,3.640625,3.65625,4.0234375,5.34375,7.3203125,8.0390625,7.6015625,6.90625,6.3671875,7.015625,8.328125,8.7421875,9.4609375,15.296875,35.5703125,47.765625,41.1953125,33.359375,30.265625,26.8046875,20.796875,15.8828125,13.40625,10.9609375,9.046875,8.1796875,7.5625
2003-12-31,3.453125,3.5390625,3.640625,3.65625,4.0234375,5.34375,7.3203125,8.0390625,7.6015625,6.90625,6.3671875,7.015625,8.328125,8.7421875,9.4609375,15.296875,35.5703125,47.765625,41.1953125,33.359375,30.265625,26.8046875,20.796875,15.8828125,13.40625,10.9609375,9.046875,8.1796875,7.5625,7.3984375
2004-01-01,3.5390625,3.640625,3.65625,4.0234375,5.34375,7.3203125,8.0390625,7.6015625,6.90625,6.3671875,7.015625,8.328125,8.7421875,9.4609375,15.296875,35.5703125,47.765625,41.1953125,33.359375,30.265625,26.8046875,20.796875,15.8828125,13.40625,10.9609375,9.046875,8.1796875,7.5625,7.3984375,7.359375
2004-01-02,3.640625,3.65625,4.0234375,5.34375,7.3203125,8.0390625,7.6015625,6.90625,6.3671875,7.015625,8.328125,8.7421875,9.4609375,15.296875,35.5703125,47.765625,41.1953125,33.359375,30.265625,26.8046875,20.796875,15.8828125,13.40625,10.9609375,9.046875,8.1796875,7.5625,7.3984375,7.359375,7.65625
2004-01-03,3.5546875,3.734375,3.828125,3.8125,3.8359375,4.03125,52.2421875,107.765625,78.8984375,50.9140625,33.4453125,23.296875,17.2578125,13.3828125,10.8125,8.890625,7.5546875,6.5234375,5.84375,5.296875,5.015625,4.6171875,4.0625,4.1328125,4.484375,4.6171875,4.8359375,5.171875,5.171875,5.0
2004-01-04,3.734375,3.828125,3.8125,3.8359375,4.03125,52.2421875,107.765625,78.8984375,50.9140625,33.4453125,23.296875,17.2578125,13.3828125,10.8125,8.890625,7.5546875,6.5234375,5.84375,5.296875,5.015625,4.6171875,4.0625,4.1328125,4.484375,4.6171875,4.8359375,5.171875,5.171875,5.0,4.796875
2004-01-05,3.828125,3.8125,3.8359375,4.03125,52.2421875,107.765625,78.8984375,50.9140625,33.4453125,23.296875,17.2578125,13.3828125,10.8125,8.890625,7.5546875,6.5234375,5.84375,5.296875,5.015625,4.6171875,4.0625,4.1328125,4.484375,4.6171875,4.8359375,5.171875,5.171875,5.0,4.796875,4.4375
2004-01-06,3.8125,3.8359375,4.03125,52.2421875,107.765625,78.8984375,50.9140625,33.4453125,23.296875,17.2578125,13.3828125,10.8125,8.890625,7.5546875,6.5234375,5.84375,5.296875,5.015625,4.6171875,4.0625,4.1328125,4.484375,4.6171875,4.8359375,5.171875,5.171875,5.0,4.796875,4.4375,4.171875
2004-01-07,7.5,7.40625,6.9140625,8.7265625,15.015625,18.1796875,15.8984375,13.0234375,10.9296875,10.9140625,13.328125,16.3359375,17.90625,16.6953125,15.328125,12.8046875,10.65625,9.59375,9.375,10.0859375,14.5546875,22.5,25.6171875,20.6953125,15.765625,12.5,10.234375,9.125,9.015625,10.671875
2004-01-08,7.40625,6.9140625,8.7265625,15.015625,18.1796875,15.8984375,13.0234375,10.9296875,10.9140625,13.328125,16.3359375,17.90625,16.6953125,15.328125,12.8046875,10.65625,9.59375,9.375,10.0859375,14.5546875,22.5,25.6171875,20.6953125,15.765625,12.5,10.234375,9.125,9.015625,10.671875,26.0
2004-01-09,6.9140625,8.7265625,15.015625,18.1796875,15.8984375,13.0234375,10.9296875,10.9140625,13.328125,16.3359375,17.90625,16.6953125,15.328125,12.8046875,10.65625,9.59375,9.375,10.0859375,14.5546875,22.5,25.6171875,20.6953125,15.765625,12.5,10.234375,9.125,9.015625,10.671875,26.0,44.21875
2004-01-10,17.484375,17.2109375,16.0,15.7109375,16.8984375,16.0859375,14.3515625,17.7109375,26.703125,26.2109375,22.984375,22.140625,18.3515625,14.8046875,12.40625,10.1953125,8.53125,7.7578125,7.2421875,6.6015625,5.9921875,5.84375,6.640625,7.25,7.09375,6.6875,5.734375,5.5625,5.5625,6.609375
2004-01-11,17.2109375,16.0,15.7109375,16.8984375,16.0859375,14.3515625,17.7109375,26.703125,26.2109375,22.984375,22.140625,18.3515625,14.8046875,12.40625,10.1953125,8.53125,7.7578125,7.2421875,6.6015625,5.9921875,5.84375,6.640625,7.25,7.09375,6.6875,5.734375,5.5625,5.5625,6.609375,8.109375
2004-01-12,16.0,15.7109375,16.8984375,16.0859375,14.3515625,17.7109375,26.703125,26.2109375,22.984375,22.140625,18.3515625,14.8046875,12.40625,10.1953125,8.53125,7.7578125,7.2421875,6.6015625,5.9921875,5.84375,6.640625,7.25,7.09375,6.6875,5.734375,5.5625,5.5625,6.609375,8.109375,10.796875
2004-01-13,15.7109375,16.8984375,16.0859375,14.3515625,17.7109375,26.703125,26.2109375,22.984375,22.140625,18.3515625,14.8046875,12.40625,10.1953125,8.53125,7.7578125,7.2421875,6.6015625,5.9921875,5.84375,6.640625,7.25,7.09375,6.6875,5.734375,5.5625,5.5625,6.609375,8.109375,10.796875,28.078125
2004-01-14,27.4296875,23.1328125,18.4140625,14.7265625,13.0703125,13.9453125,16.03125,17.265625,16.609375,14.09375,11.7890625,10.7578125,10.453125,24.40625,79.0703125,84.609375,56.9375,41.125,31.53125,25.15625,22.578125,27.046875,28.65625,27.890625,24.375,20.078125,16.40625,14.6875,13.609375,11.96875
2004-01-15,23.1328125,18.4140625,14.7265625,13.0703125,13.9453125,16.03125,17.265625,16.609375,14.09375,11.7890625,10.7578125,10.453125,24.40625,79.0703125,84.609375,56.9375,41.125,31.53125,25.15625,22.578125,27.046875,28.65625,27.890625,24.375,20.078125,16.40625,14.6875,13.609375,11.96875,10.265625
2004-01-16,18.4140625,14.7265625,13.0703125,13.9453125,16.03125,17.265625,16.609375,14.09375,11.7890625,10.7578125,10.453125,24.40625,79.0703125,84.609375,56.9375,41.125,31.53125,25.15625,22.578125,27.046875,28.65625,27.890625,24.375,20.078125,16.40625,14.6875,13.609375,11.96875,10.265625,8.46875
2004-01-17,17.1328125,14.765625,12.8046875,10.578125,8.65625,7.78125,7.28125,6.390625,5.453125,5.0078125,4.8125,4.5703125,4.3515625,4.15625,4.265625,3.75,3.75,5.578125,9.375,14.046875,14.703125,12.921875,10.5,8.6875,7.71875,8.328125,8.421875,7.71875,7.0625,7.328125
2004-01-18,14.765625,12.8046875,10.578125,8.65625,7.78125,7.28125,6.390625,5.453125,5.0078125,4.8125,4.5703125,4.3515625,4.15625,4.265625,3.75,3.75,5.578125,9.375,14.046875,14.703125,12.921875,10.5,8.6875,7.71875,8.328125,8.421875,7.71875,7.0625,7.328125,9.09375
2004-01-19,12.8046875,10.578125,8.65625,7.78125,7.28125,6.390625,5.453125,5.0078125,4.8125,4.5703125,4.3515625,4.15625,4.265625,3.75,3.75,5.578125,9.375,14.046875,14.703125,12.921875,10.5,8.6875,7.71875,8.328125,8.421875,7.71875,7.0625,7.328125,9.09375,8.546875
2004-01-20,10.578125,8.65625,7.78125,7.28125,6.390625,5.453125,5.0078125,4.8125,4.5703125,4.3515625,4.15625,4.265625,3.75,3.75,5.578125,9.375,14.046875,14.703125,12.921875,10.5,8.6875,7.71875,8.328125,8.421875,7.71875,7.0625,7.328125,9.09375,8.546875,7.78125
2004-01-21,28.53125,25.0859375,18.78125,13.765625,10.6875,9.046875,7.8515625,7.6796875,10.515625,13.078125,16.0625,19.21875,23.125,46.46875,79.53125,70.265625,44.59375,28.953125,19.984375,14.5625,11.703125,12.1875,18.0625,22.15625,33.65625,53.984375,51.109375,38.75,36.28125,36.171875
2004-01-22,25.0859375,18.78125,13.765625,10.6875,9.046875,7.8515625,7.6796875,10.515625,13.078125,16.0625,19.21875,23.125,46.46875,79.53125,70.265625,44.59375,28.953125,19.984375,14.5625,11.703125,12.1875,18.0625,22.15625,33.65625,53.984375,51.109375,38.75,36.28125,36.171875,28.65625
2004-01-23,18.78125,13.765625,10.6875,9.046875,7.8515625,7.6796875,10.515625,13.078125,16.0625,19.21875,23.125,46.46875,79.53125,70.265625,44.59375,28.953125,19.984375,14.5625,11.703125,12.1875,18.0625,22.15625,33.65625,53.984375,51.109375,38.75,36.28125,36.171875,28.65625,20.78125
2004-01-24,18.484375,13.953125,11.1015625,9.109375,7.875,7.6328125,13.609375,24.3125,24.1875,23.921875,21.328125,19.53125,16.40625,13.171875,11.828125,12.09375,11.953125,10.0625,8.71875,7.71875,7.40625,7.78125,7.609375,8.75,12.9375,16.328125,14.8125,13.140625,16.90625,22.75
2004-01-25,13.953125,11.1015625,9.109375,7.875,7.6328125,13.609375,24.3125,24.1875,23.921875,21.328125,19.53125,16.40625,13.171875,11.828125,12.09375,11.953125,10.0625,8.71875,7.71875,7.40625,7.78125,7.609375,8.75,12.9375,16.328125,14.8125,13.140625,16.90625,22.75,21.421875
2004-01-26,11.1015625,9.109375,7.875,7.6328125,13.609375,24.3125,24.1875,23.921875,21.328125,19.53125,16.40625,13.171875,11.828125,12.09375,11.953125,10.0625,8.71875,7.71875,7.40625,7.78125,7.609375,8.75,12.9375,16.328125,14.8125,13.140625,16.90625,22.75,21.421875,24.171875
2004-01-27,9.109375,7.875,7.6328125,13.609375,24.3125,24.1875,23.921875,21.328125,19.53125,16.40625,13.171875,11.828125,12.09375,11.953125,10.0625,8.71875,7.71875,7.40625,7.78125,7.609375,8.75,12.9375,16.328125,14.8125,13.140625,16.90625,22.75,21.421875,24.171875,33.78125
2004-01-28,7.84375,8.203125,7.90625,7.1484375,6.453125,5.953125,5.671875,8.953125,15.609375,15.59375,13.515625,11.5,9.828125,8.046875,7.421875,6.609375,5.828125,5.421875,5.21875,5.84375,6.484375,7.109375,8.765625,10.171875,9.015625,7.15625,5.765625,5.515625,5.34375,6.328125
2004-01-29,8.203125,7.90625,7.1484375,6.453125,5.953125,5.671875,8.953125,15.609375,15.59375,13.515625,11.5,9.828125,8.046875,7.421875,6.609375,5.828125,5.421875,5.21875,5.84375,6.484375,7.109375,8.765625,10.171875,9.015625,7.15625,5.765625,5.515625,5.34375,6.328125,7.0625
2004-01-30,7.90625,7.1484375,6.453125,5.953125,5.671875,8.953125,15.609375,15.59375,13.515625,11.5,9.828125,8.046875,7.421875,6.609375,5.828125,5.421875,5.21875,5.84375,6.484375,7.109375,8.765625,10.171875,9.015625,7.15625,5.765625,5.515625,5.34375,6.328125,7.0625,7.265625
2004-01-31,11.0625,9.484375,8.53125,9.65625,14.421875,23.984375,44.453125,57.578125,46.65625,32.0625,22.28125,16.734375,13.375,10.984375,9.625,8.109375,6.84375,6.140625,6.546875,10.28125,19.390625,21.421875,19.453125,15.921875,13.703125,13.3125,16.6875,20.71875,18.890625,15.671875
2004-02-01,9.484375,8.53125,9.65625,14.421875,23.984375,44.453125,57.578125,46.65625,32.0625,22.28125,16.734375,13.375,10.984375,9.625,8.109375,6.84375,6.140625,6.546875,10.28125,19.390625,21.421875,19.453125,15.921875,13.703125,13.3125,16.6875,20.71875,18.890625,15.671875,13.515625
2004-02-02,8.53125,9.65625,14.421875,23.984375,44.453125,57.578125,46.65625,32.0625,22.28125,16.734375,13.375,10.984375,9.625,8.109375,6.84375,6.140625,6.546875,10.28125,19.390625,21.421875,19.453125,15.921875,13.703125,13.3125,16.6875,20.71875,18.890625,15.671875,13.515625,11.421875
2004-02-03,9.65625,14.421875,23.984375,44.453125,57.578125,46.65625,32.0625,22.28125,16.734375,13.375,10.984375,9.625,8.109375,6.84375,6.140625,6.546875,10.28125,19.390625,21.421875,19.453125,15.921875,13.703125,13.3125,16.6875,20.71875,18.890625,15.671875,13.515625,11.421875,9.9375
2004-02-04,7.40625,7.140625,6.71875,7.40625,7.71875,6.921875,5.921875,5.265625,4.21875,3.59375,3.34375,3.234375,3.125,2.953125,2.84375,2.859375,2.921875,3.109375,3.875,6.140625,9.453125,12.609375,16.265625,17.875,16.71875,20.953125,43.734375,51.9375,39.9375,30.265625
2004-02-05,7.140625,6.71875,7.40625,7.71875,6.921875,5.921875,5.265625,4.21875,3.59375,3.34375,3.234375,3.125,2.953125,2.84375,2.859375,2.921875,3.109375,3.875,6.140625,9.453125,12.609375,16.265625,17.875,16.71875,20.953125,43.734375,51.9375,39.9375,30.265625,22.453125
2004-02-06,6.71875,7.40625,7.71875,6.921875,5.921875,5.265625,4.21875,3.59375,3.34375,3.234375,3.125,2.953125,2.84375,2.859375,2.921875,3.109375,3.875,6.140625,9.453125,12.609375,16.265625,17.875,16.71875,20.953125,43.734375,51.9375,39.9375,30.265625,22.453125,16.90625
2004-02-07,7.078125,9.625,16.046875,16.59375,13.78125,10.578125,8.5,7.0,5.875,5.0625,4.671875,4.546875,4.4375,5.34375,5.65625,6.546875,11.0625,15.609375,14.71875,12.484375,10.421875,8.578125,7.890625,8.84375,14.46875,94.4375,129.1875,77.59375,48.265625,33.328125
2004-02-08,9.625,16.046875,16.59375,13.78125,10.578125,8.5,7.0,5.875,5.0625,4.671875,4.546875,4.4375,5.34375,5.65625,6.546875,11.0625,15.609375,14.71875,12.484375,10.421875,8.578125,7.890625,8.84375,14.46875,94.4375,129.1875,77.59375,48.265625,33.328125,25.140625
2004-02-09,16.046875,16.59375,13.78125,10.578125,8.5,7.0,5.875,5.0625,4.671875,4.546875,4.4375,5.34375,5.65625,6.546875,11.0625,15.609375,14.71875,12.484375,10.421875,8.578125,7.890625,8.84375,14.46875,94.4375,129.1875,77.59375,48.265625,33.328125,25.140625,20.640625
2004-02-10,16.59375,13.78125,10.578125,8.5,7.0,5.875,5.0625,4.671875,4.546875,4.4375,5.34375,5.65625,6.546875,11.0625,15.609375,14.71875,12.484375,10.421875,8.578125,7.890625,8.84375,14.46875,94.4375,129.1875,77.59375,48.265625,33.328125,25.140625,20.640625,18.703125
2004-02-11,9.578125,7.625,6.109375,5.515625,5.484375,5.15625,4.96875,5.15625,5.234375,4.984375,4.5,4.078125,4.203125,4.796875,4.9375,4.6875,4.171875,4.234375,6.453125,9.890625,10.78125,12.828125,17.828125,18.234375,15.0625,12.0625,11.3125,13.765625,27.421875,47.6875
2004-02-12,7.625,6.109375,5.515625,5.484375,5.15625,4.96875,5.15625,5.234375,4.984375,4.5,4.078125,4.203125,4.796875,4.9375,4.6875,4.171875,4.234375,6.453125,9.890625,10.78125,12.828125,17.828125,18.234375,15.0625,12.0625,11.3125,13.765625,27.421875,47.6875,49.15625
2004-02-13,6.109375,5.515625,5.484375,5.15625,4.96875,5.15625,5.234375,4.984375,4.5,4.078125,4.203125,4.796875,4.9375,4.6875,4.171875,4.234375,6.453125,9.890625,10.78125,12.828125,17.828125,18.234375,15.0625,12.0625,11.3125,13.765625,27.421875,47.6875,49.15625,36.3125
2004-02-14,5.453125,5.0625,4.65625,4.734375,5.84375,7.3125,7.515625,7.65625,7.421875,6.859375,6.515625,9.484375,20.5625,29.671875,26.9375,24.15625,23.671875,19.21875,15.890625,25.015625,40.984375,37.21875,31.90625,29.953125,28.1875,24.453125,19.421875,19.78125,27.296875,30.21875
2004-02-15,5.0625,4.65625,4.734375,5.84375,7.3125,7.515625,7.65625,7.421875,6.859375,6.515625,9.484375,20.5625,29.671875,26.9375,24.15625,23.671875,19.21875,15.890625,25.015625,40.984375,37.21875,31.90625,29.953125,28.1875,24.453125,19.421875,19.78125,27.296875,30.21875,60.328125
2004-02-16,4.65625,4.734375,5.84375,7.3125,7.515625,7.65625,7.421875,6.859375,6.515625,9.484375,20.5625,29.671875,26.9375,24.15625,23.671875,19.21875,15.890625,25.015625,40.984375,37.21875,31.90625,29.953125,28.1875,24.453125,19.421875,19.78125,27.296875,30.21875,60.328125,88.265625
2004-02-17,4.734375,5.84375,7.3125,7.515625,7.65625,7.421875,6.859375,6.515625,9.484375,20.5625,29.671875,26.9375,24.15625,23.671875,19.21875,15.890625,25.015625,40.984375,37.21875,31.90625,29.953125,28.1875,24.453125,19.421875,19.78125,27.296875,30.21875,60.328125,88.265625,62.890625
2004-02-18,5.0625,6.03125,6.4375,6.546875,6.4375,6.546875,6.515625,6.59375,10.09375,18.265625,23.109375,21.640625,18.40625,15.671875,13.03125,10.375,8.453125,7.484375,8.640625,10.828125,14.0,17.203125,16.09375,14.859375,12.265625,10.109375,9.546875,89.9375,146.0,98.359375
2004-02-19,6.03125,6.4375,6.546875,6.4375,6.546875,6.515625,6.59375,10.09375,18.265625,23.109375,21.640625,18.40625,15.671875,13.03125,10.375,8.453125,7.484375,8.640625,10.828125,14.0,17.203125,16.09375,14.859375,12.265625,10.109375,9.546875,89.9375,146.0,98.359375,73.046875
2004-02-20,6.4375,6.546875,6.4375,6.546875,6.515625,6.59375,10.09375,18.265625,23.109375,21.640625,18.40625,15.671875,13.03125,10.375,8.453125,7.484375,8.640625,10.828125,14.0,17.203125,16.09375,14.859375,12.265625,10.109375,9.546875,89.9375,146.0,98.359375,73.046875,58.15625
2004-02-21,7.671875,9.15625,12.578125,13.6875,12.46875,16.90625,30.53125,32.859375,26.265625,20.390625,15.65625,12.375,12.78125,14.171875,12.59375,10.34375,9.078125,7.203125,6.453125,7.1875,7.609375,6.765625,8.28125,11.828125,12.328125,17.046875,28.0,30.046875,26.28125,21.359375
2004-02-22,9.15625,12.578125,13.6875,12.46875,16.90625,30.53125,32.859375,26.265625,20.390625,15.65625,12.375,12.78125,14.171875,12.59375,10.34375,9.078125,7.203125,6.453125,7.1875,7.609375,6.765625,8.28125,11.828125,12.328125,17.046875,28.0,30.046875,26.28125,21.359375,17.375
2004-02-23,12.578125,13.6875,12.46875,16.90625,30.53125,32.859375,26.265625,20.390625,15.65625,12.375,12.78125,14.171875,12.59375,10.34375,9.078125,7.203125,6.453125,7.1875,7.609375,6.765625,8.28125,11.828125,12.328125,17.046875,28.0,30.046875,26.28125,21.359375,17.375,13.8125
2004-02-24,13.6875,12.46875,16.90625,30.53125,32.859375,26.265625,20.390625,15.65625,12.375,12.78125,14.171875,12.59375,10.34375,9.078125,7.203125,6.453125,7.1875,7.609375,6.765625,8.28125,11.828125,12.328125,17.046875,28.0,30.046875,26.28125,21.359375,17.375,13.8125,12.09375
2004-02-25,13.125,14.921875,17.203125,16.0625,12.828125,10.0625,8.296875,7.90625,53.15625,95.765625,62.984375,39.921875,30.296875,25.09375,19.265625,15.578125,13.328125,13.703125,15.21875,17.296875,16.859375,15.765625,15.203125,15.6875,13.78125,11.875,14.84375,54.75,86.125,62.84375
2004-02-26,14.921875,17.203125,16.0625,12.828125,10.0625,8.296875,7.90625,53.15625,95.765625,62.984375,39.921875,30.296875,25.09375,19.265625,15.578125,13.328125,13.703125,15.21875,17.296875,16.859375,15.765625,15.203125,15.6875,13.78125,11.875,14.84375,54.75,86.125,62.84375,46.53125
2004-02-27,17.203125,16.0625,12.828125,10.0625,8.296875,7.90625,53.15625,95.765625,62.984375,39.921875,30.296875,25.09375,19.265625,15.578125,13.328125,13.703125,15.21875,17.296875,16.859375,15.765625,15.203125,15.6875,13.78125,11.875,14.84375,54.75,86.125,62.84375,46.53125,37.875
2004-02-28,15.140625,12.328125,9.84375,7.765625,11.1875,25.515625,27.9375,20.59375,14.765625,11.171875,8.953125,7.34375,8.75,20.734375,32.28125,26.078125,19.28125,14.03125,10.515625,8.03125,6.671875,6.859375,7.703125,9.5,18.8125,32.109375,39.84375,39.453125,37.609375,39.671875
2004-02-29,12.328125,9.84375,7.765625,11.1875,25.515625,27.9375,20.59375,14.765625,11.171875,8.953125,7.34375,8.75,20.734375,32.28125,26.078125,19.28125,14.03125,10.515625,8.03125,6.671875,6.859375,7.703125,9.5,18.8125,32.109375,39.84375,39.453125,37.609375,39.671875,35.0
2004-03-01,9.84375,7.765625,11.1875,25.515625,27.9375,20.59375,14.765625,11.171875,8.953125,7.34375,8.75,20.734375,32.28125,26.078125,19.28125,14.03125,10.515625,8.03125,6.671875,6.859375,7.703125,9.5,18.8125,32.109375,39.84375,39.453125,37.609375,39.671875,35.0,32.953125
2004-03-02,7.765625,11.1875,25.515625,27.9375,20.59375,14.765625,11.171875,8.953125,7.34375,8.75,20.734375,32.28125,26.078125,19.28125,14.03125,10.515625,8.03125,6.671875,6.859375,7.703125,9.5,18.8125,32.109375,39.84375,39.453125,37.609375,39.671875,35.0,32.953125,42.46875
2004-03-03,11.1875,25.515625,27.9375,20.59375,14.765625,11.171875,8.953125,7.34375,8.75,20.734375,32.28125,26.078125,19.28125,14.03125,10.515625,8.03125,6.671875,6.859375,7.703125,9.5,18.8125,32.109375,39.84375,39.453125,37.609375,39.671875,35.0,32.953125,42.46875,53.265625
2004-03-04,20.40625,19.09375,17.96875,15.46875,13.25,12.0625,10.640625,19.984375,52.59375,65.890625,52.796875,52.890625,65.203125,64.078125,61.421875,51.8125,37.09375,27.828125,31.71875,37.046875,29.90625,23.15625,20.375,19.84375,19.71875,27.609375,51.390625,59.875,48.65625,34.71875
2004-03-05,19.09375,17.96875,15.46875,13.25,12.0625,10.640625,19.984375,52.59375,65.890625,52.796875,52.890625,65.203125,64.078125,61.421875,51.8125,37.09375,27.828125,31.71875,37.046875,29.90625,23.15625,20.375,19.84375,19.71875,27.609375,51.390625,59.875,48.65625,34.71875,41.15625
2004-03-06,17.96875,15.46875,13.25,12.0625,10.640625,19.984375,52.59375,65.890625,52.796875,52.890625,65.203125,64.078125,61.421875,51.8125,37.09375,27.828125,31.71875,37.046875,29.90625,23.15625,20.375,19.84375,19.71875,27.609375,51.390625,59.875,48.65625,34.71875,41.15625,50.859375
2004-03-07,22.0625,16.625,12.53125,9.78125,8.5,13.03125,23.5625,23.625,18.71875,15.4375,14.125,13.1875,12.90625,14.46875,16.03125,14.34375,15.5625,26.125,34.53125,35.1875,32.6875,31.03125,34.84375,35.09375,27.53125,34.578125,58.734375,58.796875,46.984375,40.734375
2004-03-08,16.625,12.53125,9.78125,8.5,13.03125,23.5625,23.625,18.71875,15.4375,14.125,13.1875,12.90625,14.46875,16.03125,14.34375,15.5625,26.125,34.53125,35.1875,32.6875,31.03125,34.84375,35.09375,27.53125,34.578125,58.734375,58.796875,46.984375,40.734375,30.640625
2004-03-09,12.53125,9.78125,8.5,13.03125,23.5625,23.625,18.71875,15.4375,14.125,13.1875,12.90625,14.46875,16.03125,14.34375,15.5625,26.125,34.53125,35.1875,32.6875,31.03125,34.84375,35.09375,27.53125,34.578125,58.734375,58.796875,46.984375,40.734375,30.640625,24.84375
2004-03-10,9.78125,8.5,13.03125,23.5625,23.625,18.71875,15.4375,14.125,13.1875,12.90625,14.46875,16.03125,14.34375,15.5625,26.125,34.53125,35.1875,32.6875,31.03125,34.84375,35.09375,27.53125,34.578125,58.734375,58.796875,46.984375,40.734375,30.640625,24.84375,52.0
2004-03-11,8.53125,7.6875,8.15625,9.78125,9.34375,8.0,7.0,6.1875,7.0625,8.53125,8.0,7.46875,25.8125,62.9375,59.75,42.4375,59.96875,83.03125,60.953125,40.53125,30.4375,28.390625,45.671875,60.703125,44.625,32.203125,24.90625,24.84375,47.078125,69.734375
2004-03-12,7.6875,8.15625,9.78125,9.34375,8.0,7.0,6.1875,7.0625,8.53125,8.0,7.46875,25.8125,62.9375,59.75,42.4375,59.96875,83.03125,60.953125,40.53125,30.4375,28.390625,45.671875,60.703125,44.625,32.203125,24.90625,24.84375,47.078125,69.734375,77.6875
2004-03-13,8.15625,9.78125,9.34375,8.0,7.0,6.1875,7.0625,8.53125,8.0,7.46875,25.8125,62.9375,59.75,42.4375,59.96875,83.03125,60.953125,40.53125,30.4375,28.390625,45.671875,60.703125,44.625,32.203125,24.90625,24.84375,47.078125,69.734375,77.6875,94.4375
2004-03-14,24.34375,19.46875,15.5,13.9375,14.4375,16.40625,42.4375,65.15625,50.15625,41.46875,60.9375,74.8125,60.15625,46.59375,35.75,33.375,33.0,30.15625,33.578125,44.640625,43.59375,31.0,22.0,17.5,15.0625,14.859375,31.828125,57.71875,53.28125,42.6875
2004-03-15,19.46875,15.5,13.9375,14.4375,16.40625,42.4375,65.15625,50.15625,41.46875,60.9375,74.8125,60.15625,46.59375,35.75,33.375,33.0,30.15625,33.578125,44.640625,43.59375,31.0,22.0,17.5,15.0625,14.859375,31.828125,57.71875,53.28125,42.6875,33.328125
2004-03-16,15.5,13.9375,14.4375,16.40625,42.4375,65.15625,50.15625,41.46875,60.9375,74.8125,60.15625,46.59375,35.75,33.375,33.0,30.15625,33.578125,44.640625,43.59375,31.0,22.0,17.5,15.0625,14.859375,31.828125,57.71875,53.28125,42.6875,33.328125,32.078125
2004-03-17,13.9375,14.4375,16.40625,42.4375,65.15625,50.15625,41.46875,60.9375,74.8125,60.15625,46.59375,35.75,33.375,33.0,30.15625,33.578125,44.640625,43.59375,31.0,22.0,17.5,15.0625,14.859375,31.828125,57.71875,53.28125,42.6875,33.328125,32.078125,34.59375
2004-03-18,10.03125,9.3125,15.09375,39.46875,71.59375,79.03125,81.9375,103.75,101.8125,71.25,47.09375,39.09375,60.3125,86.09375,75.8125,51.0,34.03125,27.28125,28.125,26.4375,22.28125,22.796875,39.234375,55.515625,50.65625,42.046875,35.84375,40.671875,55.3125,76.09375
2004-03-19,9.3125,15.09375,39.46875,71.59375,79.03125,81.9375,103.75,101.8125,71.25,47.09375,39.09375,60.3125,86.09375,75.8125,51.0,34.03125,27.28125,28.125,26.4375,22.28125,22.796875,39.234375,55.515625,50.65625,42.046875,35.84375,40.671875,55.3125,76.09375,95.859375
2004-03-20,15.09375,39.46875,71.59375,79.03125,81.9375,103.75,101.8125,71.25,47.09375,39.09375,60.3125,86.09375,75.8125,51.0,34.03125,27.28125,28.125,26.4375,22.28125,22.796875,39.234375,55.515625,50.65625,42.046875,35.84375,40.671875,55.3125,76.09375,95.859375,116.09375
2004-03-21,14.0,22.6875,41.625,58.96875,49.53125,39.3125,41.28125,38.5,29.96875,26.0625,30.8125,39.5,40.46875,39.9375,33.28125,25.96875,23.5,23.21875,26.671875,33.734375,29.75,23.171875,17.171875,12.703125,10.8125,14.359375,20.703125,18.359375,14.96875,13.3125
2004-03-22,22.6875,41.625,58.96875,49.53125,39.3125,41.28125,38.5,29.96875,26.0625,30.8125,39.5,40.46875,39.9375,33.28125,25.96875,23.5,23.21875,26.671875,33.734375,29.75,23.171875,17.171875,12.703125,10.8125,14.359375,20.703125,18.359375,14.96875,13.3125,14.9375
2004-03-23,41.625,58.96875,49.53125,39.3125,41.28125,38.5,29.96875,26.0625,30.8125,39.5,40.46875,39.9375,33.28125,25.96875,23.5,23.21875,26.671875,33.734375,29.75,23.171875,17.171875,12.703125,10.8125,14.359375,20.703125,18.359375,14.96875,13.3125,14.9375,15.265625
2004-03-24,58.96875,49.53125,39.3125,41.28125,38.5,29.96875,26.0625,30.8125,39.5,40.46875,39.9375,33.28125,25.96875,23.5,23.21875,26.671875,33.734375,29.75,23.171875,17.171875,12.703125,10.8125,14.359375,20.703125,18.359375,14.96875,13.3125,14.9375,15.265625,37.5625
2004-03-25,44.96875,33.0625,34.0625,38.4375,30.0625,23.0625,19.84375,21.5,29.375,36.90625,46.75,62.1875,83.0,93.75,81.84375,64.4375,44.8125,29.6875,21.25,18.84375,18.78125,15.84375,19.578125,32.75,36.171875,35.78125,38.625,82.015625,98.984375,62.9375
2004-03-26,33.0625,34.0625,38.4375,30.0625,23.0625,19.84375,21.5,29.375,36.90625,46.75,62.1875,83.0,93.75,81.84375,64.4375,44.8125,29.6875,21.25,18.84375,18.78125,15.84375,19.578125,32.75,36.171875,35.78125,38.625,82.015625,98.984375,62.9375,41.03125
2004-03-27,34.0625,38.4375,30.0625,23.0625,19.84375,21.5,29.375,36.90625,46.75,62.1875,83.0,93.75,81.84375,64.4375,44.8125,29.6875,21.25,18.84375,18.78125,15.84375,19.578125,32.75,36.171875,35.78125,38.625,82.015625,98.984375,62.9375,41.03125,38.546875
2004-03-28,19.5625,19.3125,23.96875,30.0,28.25,26.65625,28.09375,58.15625,78.9375,51.84375,34.34375,24.6875,18.28125,14.25,12.40625,11.40625,14.40625,18.03125,17.375,15.4375,14.75,15.375,14.46875,38.25,79.875,84.78125,80.921875,85.46875,100.1875,112.21875
2004-03-29,19.3125,23.96875,30.0,28.25,26.65625,28.09375,58.15625,78.9375,51.84375,34.34375,24.6875,18.28125,14.25,12.40625,11.40625,14.40625,18.03125,17.375,15.4375,14.75,15.375,14.46875,38.25,79.875,84.78125,80.921875,85.46875,100.1875,112.21875,123.828125
2004-03-30,23.96875,30.0,28.25,26.65625,28.09375,58.15625,78.9375,51.84375,34.34375,24.6875,18.28125,14.25,12.40625,11.40625,14.40625,18.03125,17.375,15.4375,14.75,15.375,14.46875,38.25,79.875,84.78125,80.921875,85.46875,100.1875,112.21875,123.828125,134.921875
2004-03-31,30.0,28.25,26.65625,28.09375,58.15625,78.9375,51.84375,34.34375,24.6875,18.28125,14.25,12.40625,11.40625,14.40625,18.03125,17.375,15.4375,14.75,15.375,14.46875,38.25,79.875,84.78125,80.921875,85.46875,100.1875,112.21875,123.828125,134.921875,163.828125
2004-04-01,24.78125,29.46875,47.8125,47.375,49.78125,65.84375,61.78125,70.8125,77.375,61.90625,66.84375,70.46875,65.34375,56.9375,40.15625,27.5625,22.46875,25.40625,26.15625,27.3125,32.46875,37.5625,56.515625,58.453125,41.3125,39.640625,43.078125,40.8125,79.984375,98.015625
2004-04-02,29.46875,47.8125,47.375,49.78125,65.84375,61.78125,70.8125,77.375,61.90625,66.84375,70.46875,65.34375,56.9375,40.15625,27.5625,22.46875,25.40625,26.15625,27.3125,32.46875,37.5625,56.515625,58.453125,41.3125,39.640625,43.078125,40.8125,79.984375,98.015625,82.390625
2004-04-03,47.8125,47.375,49.78125,65.84375,61.78125,70.8125,77.375,61.90625,66.84375,70.46875,65.34375,56.9375,40.15625,27.5625,22.46875,25.40625,26.15625,27.3125,32.46875,37.5625,56.515625,58.453125,41.3125,39.640625,43.078125,40.8125,79.984375,98.015625,82.390625,72.875
2004-04-04,24.625,24.8125,42.625,89.0,131.71875,133.125,91.90625,57.75,37.5625,25.875,20.375,17.6875,17.3125,46.96875,73.6875,53.78125,37.25,29.25,25.375,21.71875,20.96875,21.34375,19.40625,20.828125,29.3125,43.484375,75.78125,86.6875,92.140625,96.9375
2004-04-05,24.8125,42.625,89.0,131.71875,133.125,91.90625,57.75,37.5625,25.875,20.375,17.6875,17.3125,46.96875,73.6875,53.78125,37.25,29.25,25.375,21.71875,20.96875,21.34375,19.40625,20.828125,29.3125,43.484375,75.78125,86.6875,92.140625,96.9375,108.265625
2004-04-06,42.625,89.0,131.71875,133.125,91.90625,57.75,37.5625,25.875,20.375,17.6875,17.3125,46.96875,73.6875,53.78125,37.25,29.25,25.375,21.71875,20.96875,21.34375,19.40625,20.828125,29.3125,43.484375,75.78125,86.6875,92.140625,96.9375,108.265625,102.375
2004-04-07,89.0,131.71875,133.125,91.90625,57.75,37.5625,25.875,20.375,17.6875,17.3125,46.96875,73.6875,53.78125,37.25,29.25,25.375,21.71875,20.96875,21.34375,19.40625,20.828125,29.3125,43.484375,75.78125,86.6875,92.140625,96.9375,108.265625,102.375,66.109375
2004-04-08,60.6875,60.3125,50.1875,40.9375,39.46875,45.46875,60.75,61.4375,43.03125,28.84375,20.875,17.0,15.40625,15.25,21.46875,30.71875,31.125,36.03125,37.015625,31.328125,67.375,103.96875,82.6875,59.59375,45.21875,37.828125,33.859375,37.703125,50.28125,52.34375
2004-04-09,60.3125,50.1875,40.9375,39.46875,45.46875,60.75,61.4375,43.03125,28.84375,20.875,17.0,15.40625,15.25,21.46875,30.71875,31.125,36.03125,37.015625,31.328125,67.375,103.96875,82.6875,59.59375,45.21875,37.828125,33.859375,37.703125,50.28125,52.34375,45.625
2004-04-10,50.1875,40.9375,39.46875,45.46875,60.75,61.4375,43.03125,28.84375,20.875,17.0,15.40625,15.25,21.46875,30.71875,31.125,36.03125,37.015625,31.328125,67.375,103.96875,82.6875,59.59375,45.21875,37.828125,33.859375,37.703125,50.28125,52.34375,45.625,47.4375
2004-04-11,53.625,44.59375,42.4375,45.40625,46.0,47.8125,55.90625,71.09375,85.90625,81.84375,70.125,56.5,49.625,68.96875,77.4375,79.59375,94.78125,91.21875,86.21875,105.75,101.84375,75.5625,57.09375,46.875,83.0,120.90625,115.4375,143.953125,195.3125,211.859375
2004-04-12,44.59375,42.4375,45.40625,46.0,47.8125,55.90625,71.09375,85.90625,81.84375,70.125,56.5,49.625,68.96875,77.4375,79.59375,94.78125,91.21875,86.21875,105.75,101.84375,75.5625,57.09375,46.875,83.0,120.90625,115.4375,143.953125,195.3125,211.859375,171.234375
2004-04-13,42.4375,45.40625,46.0,47.8125,55.90625,71.09375,85.90625,81.84375,70.125,56.5,49.625,68.96875,77.4375,79.59375,94.78125,91.21875,86.21875,105.75,101.84375,75.5625,57.09375,46.875,83.0,120.90625,115.4375,143.953125,195.3125,211.859375,171.234375,127.34375
2004-04-14,45.40625,46.0,47.8125,55.90625,71.09375,85.90625,81.84375,70.125,56.5,49.625,68.96875,77.4375,79.59375,94.78125,91.21875,86.21875,105.75,101.84375,75.5625,57.09375,46.875,83.0,120.90625,115.4375,143.953125,195.3125,211.859375,171.234375,127.34375,109.4375
2004-04-15,29.03125,24.71875,21.1875,18.625,23.28125,33.3125,31.8125,24.5625,24.8125,28.21875,24.9375,26.15625,39.15625,49.71875,51.375,56.40625,57.25,72.875,98.75,88.09375,71.25,75.6875,84.203125,79.671875,70.953125,93.84375,114.21875,114.40625,100.40625,126.125
2004-04-16,24.71875,21.1875,18.625,23.28125,33.3125,31.8125,24.5625,24.8125,28.21875,24.9375,26.15625,39.15625,49.71875,51.375,56.40625,57.25,72.875,98.75,88.09375,71.25,75.6875,84.203125,79.671875,70.953125,93.84375,114.21875,114.40625,100.40625,126.125,156.046875
2004-04-17,21.1875,18.625,23.28125,33.3125,31.8125,24.5625,24.8125,28.21875,24.9375,26.15625,39.15625,49.71875,51.375,56.40625,57.25,72.875,98.75,88.09375,71.25,75.6875,84.203125,79.671875,70.953125,93.84375,114.21875,114.40625,100.40625,126.125,156.046875,143.71875
2004-04-18,19.8125,16.75,21.1875,29.0,26.34375,26.84375,34.25,34.15625,36.6875,60.28125,72.1875,65.65625,75.34375,70.59375,49.90625,40.46875,33.71875,27.546875,26.1875,25.3125,26.0,36.75,69.140625,95.4375,147.9375,158.578125,123.28125,96.234375,72.703125,55.375
2004-04-19,16.75,21.1875,29.0,26.34375,26.84375,34.25,34.15625,36.6875,60.28125,72.1875,65.65625,75.34375,70.59375,49.90625,40.46875,33.71875,27.546875,26.1875,25.3125,26.0,36.75,69.140625,95.4375,147.9375,158.578125,123.28125,96.234375,72.703125,55.375,39.390625
2004-04-20,21.1875,29.0,26.34375,26.84375,34.25,34.15625,36.6875,60.28125,72.1875,65.65625,75.34375,70.59375,49.90625,40.46875,33.71875,27.546875,26.1875,25.3125,26.0,36.75,69.140625,95.4375,147.9375,158.578125,123.28125,96.234375,72.703125,55.375,39.390625,41.0
2004-04-21,29.0,26.34375,26.84375,34.25,34.15625,36.6875,60.28125,72.1875,65.65625,75.34375,70.59375,49.90625,40.46875,33.71875,27.546875,26.1875,25.3125,26.0,36.75,69.140625,95.4375,147.9375,158.578125,123.28125,96.234375,72.703125,55.375,39.390625,41.0,74.625
2004-04-22,29.25,57.15625,94.875,141.75,135.5,102.0625,79.0,92.90625,109.53125,109.53125,142.84375,152.25,157.84375,153.5,154.65625,135.625,104.859375,88.046875,86.296875,105.390625,133.609375,119.578125,92.03125,69.859375,51.1875,39.921875,33.078125,37.734375,68.109375,136.8125
2004-04-23,57.15625,94.875,141.75,135.5,102.0625,79.0,92.90625,109.53125,109.53125,142.84375,152.25,157.84375,153.5,154.65625,135.625,104.859375,88.046875,86.296875,105.390625,133.609375,119.578125,92.03125,69.859375,51.1875,39.921875,33.078125,37.734375,68.109375,136.8125,166.6875
2004-04-24,94.875,141.75,135.5,102.0625,79.0,92.90625,109.53125,109.53125,142.84375,152.25,157.84375,153.5,154.65625,135.625,104.859375,88.046875,86.296875,105.390625,133.609375,119.578125,92.03125,69.859375,51.1875,39.921875,33.078125,37.734375,68.109375,136.8125,166.6875,129.046875
2004-04-25,69.125,49.65625,39.71875,47.84375,51.90625,51.65625,50.65625,42.03125,36.65625,34.84375,33.6875,34.0625,51.96875,67.1875,64.4375,73.75,81.78125,83.9375,77.96875,64.765625,63.546875,69.796875,127.953125,232.1875,245.625,209.359375,182.796875,133.671875,84.625,60.390625
2004-04-26,49.65625,39.71875,47.84375,51.90625,51.65625,50.65625,42.03125,36.65625,34.84375,33.6875,34.0625,51.96875,67.1875,64.4375,73.75,81.78125,83.9375,77.96875,64.765625,63.546875,69.796875,127.953125,232.1875,245.625,209.359375,182.796875,133.671875,84.625,60.390625,52.890625
2004-04-27,39.71875,47.84375,51.90625,51.65625,50.65625,42.03125,36.65625,34.84375,33.6875,34.0625,51.96875,67.1875,64.4375,73.75,81.78125,83.9375,77.96875,64.765625,63.546875,69.796875,127.953125,232.1875,245.625,209.359375,182.796875,133.671875,84.625,60.390625,52.890625,47.65625
2004-04-28,47.84375,51.90625,51.65625,50.65625,42.03125,36.65625,34.84375,33.6875,34.0625,51.96875,67.1875,64.4375,73.75,81.78125,83.9375,77.96875,64.765625,63.546875,69.796875,127.953125,232.1875,245.625,209.359375,182.796875,133.671875,84.625,60.390625,52.890625,47.65625,47.890625
2004-04-29,69.53125,76.25,138.71875,141.625,120.84375,140.28125,130.0,89.1875,59.5,43.03125,36.5625,32.84375,30.09375,40.59375,102.375,211.421875,290.28125,260.1875,193.078125,130.3125,84.515625,60.015625,46.1875,33.625,24.96875,19.8125,19.015625,25.21875,32.171875,39.28125
2004-04-30,76.25,138.71875,141.625,120.84375,140.28125,130.0,89.1875,59.5,43.03125,36.5625,32.84375,30.09375,40.59375,102.375,211.421875,290.28125,260.1875,193.078125,130.3125,84.515625,60.015625,46.1875,33.625,24.96875,19.8125,19.015625,25.21875,32.171875,39.28125,52.328125
2004-05-01,138.71875,141.625,120.84375,140.28125,130.0,89.1875,59.5,43.03125,36.5625,32.84375,30.09375,40.59375,102.375,211.421875,290.28125,260.1875,193.078125,130.3125,84.515625,60.015625,46.1875,33.625,24.96875,19.8125,19.015625,25.21875,32.171875,39.28125,52.328125,60.96875
2004-05-02,126.0625,113.09375,125.375,113.25,139.65625,174.0625,165.625,144.0,141.90625,164.0625,162.96875,164.71875,196.3125,211.90625,189.09375,152.0,121.140625,91.171875,80.96875,80.40625,73.78125,77.28125,80.359375,79.734375,106.65625,121.046875,109.03125,92.796875,72.421875,74.296875
2004-05-03,113.09375,125.375,113.25,139.65625,174.0625,165.625,144.0,141.90625,164.0625,162.96875,164.71875,196.3125,211.90625,189.09375,152.0,121.140625,91.171875,80.96875,80.40625,73.78125,77.28125,80.359375,79.734375,106.65625,121.046875,109.03125,92.796875,72.421875,74.296875,78.96875
2004-05-04,125.375,113.25,139.65625,174.0625,165.625,144.0,141.90625,164.0625,162.96875,164.71875,196.3125,211.90625,189.09375,152.0,121.140625,91.171875,80.96875,80.40625,73.78125,77.28125,80.359375,79.734375,106.65625,121.046875,109.03125,92.796875,72.421875,74.296875,78.96875,90.6875
2004-05-05,113.25,139.65625,174.0625,165.625,144.0,141.90625,164.0625,162.96875,164.71875,196.3125,211.90625,189.09375,152.0,121.140625,91.171875,80.96875,80.40625,73.78125,77.28125,80.359375,79.734375,106.65625,121.046875,109.03125,92.796875,72.421875,74.296875,78.96875,90.6875,129.1875
2004-05-06,88.03125,72.25,67.25,120.59375,170.625,177.75,143.125,109.34375,89.90625,65.46875,42.28125,31.75,28.875,33.9375,62.78125,92.4375,100.359375,98.21875,99.1875,123.265625,136.8125,109.671875,76.75,59.375,52.484375,47.609375,44.140625,63.328125,75.15625,61.046875
2004-05-07,72.25,67.25,120.59375,170.625,177.75,143.125,109.34375,89.90625,65.46875,42.28125,31.75,28.875,33.9375,62.78125,92.4375,100.359375,98.21875,99.1875,123.265625,136.8125,109.671875,76.75,59.375,52.484375,47.609375,44.140625,63.328125,75.15625,61.046875,53.03125
2004-05-08,67.25,120.59375,170.625,177.75,143.125,109.34375,89.90625,65.46875,42.28125,31.75,28.875,33.9375,62.78125,92.4375,100.359375,98.21875,99.1875,123.265625,136.8125,109.671875,76.75,59.375,52.484375,47.609375,44.140625,63.328125,75.15625,61.046875,53.03125,55.765625
2004-05-09,57.40625,54.9375,254.71875,287.75,196.5625,151.96875,145.15625,153.125,152.53125,131.4375,101.0625,74.5625,59.625,52.625,44.5,36.75,36.875,39.328125,32.921875,33.578125,57.6875,95.09375,103.84375,97.484375,88.125,82.34375,76.03125,66.765625,56.5,44.15625
2004-05-10,54.9375,254.71875,287.75,196.5625,151.96875,145.15625,153.125,152.53125,131.4375,101.0625,74.5625,59.625,52.625,44.5,36.75,36.875,39.328125,32.921875,33.578125,57.6875,95.09375,103.84375,97.484375,88.125,82.34375,76.03125,66.765625,56.5,44.15625,57.46875
2004-05-11,254.71875,287.75,196.5625,151.96875,145.15625,153.125,152.53125,131.4375,101.0625,74.5625,59.625,52.625,44.5,36.75,36.875,39.328125,32.921875,33.578125,57.6875,95.09375,103.84375,97.484375,88.125,82.34375,76.03125,66.765625,56.5,44.15625,57.46875,96.671875
2004-05-12,287.75,196.5625,151.96875,145.15625,153.125,152.53125,131.4375,101.0625,74.5625,59.625,52.625,44.5,36.75,36.875,39.328125,32.921875,33.578125,57.6875,95.09375,103.84375,97.484375,88.125,82.34375,76.03125,66.765625,56.5,44.15625,57.46875,96.671875,106.609375
2004-05-13,82.0,92.875,77.71875,65.0,54.5,140.75,223.625,205.53125,261.34375,233.75,169.0625,128.0,103.90625,85.78125,65.46875,51.046875,61.671875,91.65625,86.21875,61.25,73.875,91.734375,83.734375,69.03125,69.15625,79.28125,115.46875,269.4375,306.0,206.28125
2004-05-14,92.875,77.71875,65.0,54.5,140.75,223.625,205.53125,261.34375,233.75,169.0625,128.0,103.90625,85.78125,65.46875,51.046875,61.671875,91.65625,86.21875,61.25,73.875,91.734375,83.734375,69.03125,69.15625,79.28125,115.46875,269.4375,306.0,206.28125,146.90625
2004-05-15,77.71875,65.0,54.5,140.75,223.625,205.53125,261.34375,233.75,169.0625,128.0,103.90625,85.78125,65.46875,51.046875,61.671875,91.65625,86.21875,61.25,73.875,91.734375,83.734375,69.03125,69.15625,79.28125,115.46875,269.4375,306.0,206.28125,146.90625,121.6875
2004-05-16,95.28125,97.90625,119.09375,103.75,81.34375,75.75,85.53125,90.5,129.78125,151.4375,126.9375,89.28125,56.9375,42.40625,35.328125,29.140625,50.140625,78.984375,85.21875,113.03125,153.234375,184.453125,231.578125,223.625,154.65625,97.375,64.953125,64.5,72.1875,63.484375
2004-05-17,97.90625,119.09375,103.75,81.34375,75.75,85.53125,90.5,129.78125,151.4375,126.9375,89.28125,56.9375,42.40625,35.328125,29.140625,50.140625,78.984375,85.21875,113.03125,153.234375,184.453125,231.578125,223.625,154.65625,97.375,64.953125,64.5,72.1875,63.484375,74.53125
2004-05-18,119.09375,103.75,81.34375,75.75,85.53125,90.5,129.78125,151.4375,126.9375,89.28125,56.9375,42.40625,35.328125,29.140625,50.140625,78.984375,85.21875,113.03125,153.234375,184.453125,231.578125,223.625,154.65625,97.375,64.953125,64.5,72.1875,63.484375,74.53125,97.546875
2004-05-19,103.75,81.34375,75.75,85.53125,90.5,129.78125,151.4375,126.9375,89.28125,56.9375,42.40625,35.328125,29.140625,50.140625,78.984375,85.21875,113.03125,153.234375,184.453125,231.578125,223.625,154.65625,97.375,64.953125,64.5,72.1875,63.484375,74.53125,97.546875,189.21875
2004-05-20,50.21875,48.0625,49.46875,47.8125,62.15625,168.0,194.09375,139.75,104.46875,108.53125,97.5,80.625,75.65625,108.59375,148.625,122.0625,78.90625,55.453125,45.375,42.609375,71.109375,100.609375,87.078125,66.515625,82.4375,99.984375,89.9375,74.984375,63.1875,57.4375
2004-05-21,48.0625,49.46875,47.8125,62.15625,168.0,194.09375,139.75,104.46875,108.53125,97.5,80.625,75.65625,108.59375,148.625,122.0625,78.90625,55.453125,45.375,42.609375,71.109375,100.609375,87.078125,66.515625,82.4375,99.984375,89.9375,74.984375,63.1875,57.4375,56.09375
2004-05-22,49.46875,47.8125,62.15625,168.0,194.09375,139.75,104.46875,108.53125,97.5,80.625,75.65625,108.59375,148.625,122.0625,78.90625,55.453125,45.375,42.609375,71.109375,100.609375,87.078125,66.515625,82.4375,99.984375,89.9375,74.984375,63.1875,57.4375,56.09375,67.9375
2004-05-23,58.75,74.28125,67.59375,59.0625,51.875,41.34375,50.6875,97.71875,108.0,79.703125,64.03125,72.421875,73.0,67.65625,58.125,48.953125,48.703125,45.078125,39.171875,37.421875,75.796875,112.875,95.734375,90.5625,104.8125,132.234375,166.03125,160.078125,113.828125,86.140625
2004-05-24,74.28125,67.59375,59.0625,51.875,41.34375,50.6875,97.71875,108.0,79.703125,64.03125,72.421875,73.0,67.65625,58.125,48.953125,48.703125,45.078125,39.171875,37.421875,75.796875,112.875,95.734375,90.5625,104.8125,132.234375,166.03125,160.078125,113.828125,86.140625,138.984375
2004-05-25,67.59375,59.0625,51.875,41.34375,50.6875,97.71875,108.0,79.703125,64.03125,72.421875,73.0,67.65625,58.125,48.953125,48.703125,45.078125,39.171875,37.421875,75.796875,112.875,95.734375,90.5625,104.8125,132.234375,166.03125,160.078125,113.828125,86.140625,138.984375,197.375
2004-05-26,59.0625,51.875,41.34375,50.6875,97.71875,108.0,79.703125,64.03125,72.421875,73.0,67.65625,58.125,48.953125,48.703125,45.078125,39.171875,37.421875,75.796875,112.875,95.734375,90.5625,104.8125,132.234375,166.03125,160.078125,113.828125,86.140625,138.984375,197.375,241.46875
2004-05-27,77.96875,49.78125,34.546875,25.71875,21.0625,28.171875,67.0,112.734375,132.859375,148.640625,157.78125,197.171875,262.671875,282.15625,332.203125,249.015625,165.671875,192.125,224.921875,380.1875,337.890625,197.109375,119.328125,87.6875,100.859375,122.25,105.359375,80.3125,64.75,58.546875
2004-05-28,49.78125,34.546875,25.71875,21.0625,28.171875,67.0,112.734375,132.859375,148.640625,157.78125,197.171875,262.671875,282.15625,332.203125,249.015625,165.671875,192.125,224.921875,380.1875,337.890625,197.109375,119.328125,87.6875,100.859375,122.25,105.359375,80.3125,64.75,58.546875,58.78125
2004-05-29,34.546875,25.71875,21.0625,28.171875,67.0,112.734375,132.859375,148.640625,157.78125,197.171875,262.671875,282.15625,332.203125,249.015625,165.671875,192.125,224.921875,380.1875,337.890625,197.109375,119.328125,87.6875,100.859375,122.25,105.359375,80.3125,64.75,58.546875,58.78125,55.90625
2004-05-30,34.5625,29.1875,32.421875,50.890625,117.046875,148.625,151.890625,197.640625,199.171875,152.65625,98.359375,66.796875,90.28125,140.84375,215.125,379.296875,595.234375,541.578125,379.046875,261.421875,201.4375,161.828125,131.859375,132.484375,138.015625,183.078125,245.15625,227.34375,180.34375,165.203125
2004-05-31,29.1875,32.421875,50.890625,117.046875,148.625,151.890625,197.640625,199.171875,152.65625,98.359375,66.796875,90.28125,140.84375,215.125,379.296875,595.234375,541.578125,379.046875,261.421875,201.4375,161.828125,131.859375,132.484375,138.015625,183.078125,245.15625,227.34375,180.34375,165.203125,177.59375
2004-06-01,32.421875,50.890625,117.046875,148.625,151.890625,197.640625,199.171875,152.65625,98.359375,66.796875,90.28125,140.84375,215.125,379.296875,595.234375,541.578125,379.046875,261.421875,201.4375,161.828125,131.859375,132.484375,138.015625,183.078125,245.15625,227.34375,180.34375,165.203125,177.59375,300.703125
2004-06-02,50.890625,117.046875,148.625,151.890625,197.640625,199.171875,152.65625,98.359375,66.796875,90.28125,140.84375,215.125,379.296875,595.234375,541.578125,379.046875,261.421875,201.4375,161.828125,131.859375,132.484375,138.015625,183.078125,245.15625,227.34375,180.34375,165.203125,177.59375,300.703125,421.078125
2004-06-03,211.796875,162.34375,108.203125,110.765625,141.265625,154.234375,158.140625,130.265625,94.25,77.578125,61.109375,44.265625,41.078125,55.125,81.453125,90.65625,84.390625,89.03125,87.640625,70.34375,80.296875,99.125,80.265625,54.890625,38.640625,31.046875,35.5625,111.921875,164.859375,187.859375
2004-06-04,162.34375,108.203125,110.765625,141.265625,154.234375,158.140625,130.265625,94.25,77.578125,61.109375,44.265625,41.078125,55.125,81.453125,90.65625,84.390625,89.03125,87.640625,70.34375,80.296875,99.125,80.265625,54.890625,38.640625,31.046875,35.5625,111.921875,164.859375,187.859375,219.53125
2004-06-05,108.203125,110.765625,141.265625,154.234375,158.140625,130.265625,94.25,77.578125,61.109375,44.265625,41.078125,55.125,81.453125,90.65625,84.390625,89.03125,87.640625,70.34375,80.296875,99.125,80.265625,54.890625,38.640625,31.046875,35.5625,111.921875,164.859375,187.859375,219.53125,203.921875
2004-06-06,186.546875,165.125,131.84375,90.984375,66.609375,118.921875,146.625,129.015625,130.3125,105.8125,85.34375,73.09375,81.171875,163.3125,273.0625,330.625,262.890625,181.25,139.734375,116.4375,109.40625,104.203125,98.15625,95.6875,86.921875,81.546875,88.625,88.046875,80.484375,82.875
2004-06-07,165.125,131.84375,90.984375,66.609375,118.921875,146.625,129.015625,130.3125,105.8125,85.34375,73.09375,81.171875,163.3125,273.0625,330.625,262.890625,181.25,139.734375,116.4375,109.40625,104.203125,98.15625,95.6875,86.921875,81.546875,88.625,88.046875,80.484375,82.875,143.15625
2004-06-08,131.84375,90.984375,66.609375,118.921875,146.625,129.015625,130.3125,105.8125,85.34375,73.09375,81.171875,163.3125,273.0625,330.625,262.890625,181.25,139.734375,116.4375,109.40625,104.203125,98.15625,95.6875,86.921875,81.546875,88.625,88.046875,80.484375,82.875,143.15625,180.59375
2004-06-09,90.984375,66.609375,118.921875,146.625,129.015625,130.3125,105.8125,85.34375,73.09375,81.171875,163.3125,273.0625,330.625,262.890625,181.25,139.734375,116.4375,109.40625,104.203125,98.15625,95.6875,86.921875,81.546875,88.625,88.046875,80.484375,82.875,143.15625,180.59375,179.046875
2004-06-10,227.015625,247.984375,200.09375,216.4375,257.75,330.203125,486.03125,484.328125,372.109375,295.78125,243.578125,182.234375,136.765625,168.546875,246.4375,258.390625,212.46875,165.875,136.0625,113.21875,97.1875,87.15625,82.703125,80.796875,78.703125,83.015625,93.25,113.078125,134.65625,153.640625
2004-06-11,247.984375,200.09375,216.4375,257.75,330.203125,486.03125,484.328125,372.109375,295.78125,243.578125,182.234375,136.765625,168.546875,246.4375,258.390625,212.46875,165.875,136.0625,113.21875,97.1875,87.15625,82.703125,80.796875,78.703125,83.015625,93.25,113.078125,134.65625,153.640625,140.25
2004-06-12,200.09375,216.4375,257.75,330.203125,486.03125,484.328125,372.109375,295.78125,243.578125,182.234375,136.765625,168.546875,246.4375,258.390625,212.46875,165.875,136.0625,113.21875,97.1875,87.15625,82.703125,80.796875,78.703125,83.015625,93.25,113.078125,134.65625,153.640625,140.25,106.71875
2004-06-13,254.109375,222.625,178.796875,138.96875,113.09375,151.34375,230.140625,207.65625,212.96875,247.140625,258.0625,249.609375,227.953125,195.109375,172.953125,151.875,136.375,135.640625,136.46875,131.0625,119.953125,118.6875,118.921875,107.921875,95.796875,90.078125,90.75,105.390625,123.234375,129.4375
2004-06-14,222.625,178.796875,138.96875,113.09375,151.34375,230.140625,207.65625,212.96875,247.140625,258.0625,249.609375,227.953125,195.109375,172.953125,151.875,136.375,135.640625,136.46875,131.0625,119.953125,118.6875,118.921875,107.921875,95.796875,90.078125,90.75,105.390625,123.234375,129.4375,119.125
2004-06-15,178.796875,138.96875,113.09375,151.34375,230.140625,207.65625,212.96875,247.140625,258.0625,249.609375,227.953125,195.109375,172.953125,151.875,136.375,135.640625,136.46875,131.0625,119.953125,118.6875,118.921875,107.921875,95.796875,90.078125,90.75,105.390625,123.234375,129.4375,119.125,110.640625
2004-06-16,138.96875,113.09375,151.34375,230.140625,207.65625,212.96875,247.140625,258.0625,249.609375,227.953125,195.109375,172.953125,151.875,136.375,135.640625,136.46875,131.0625,119.953125,118.6875,118.921875,107.921875,95.796875,90.078125,90.75,105.390625,123.234375,129.4375,119.125,110.640625,114.609375
2004-06-17,152.640625,103.984375,89.609375,95.03125,100.28125,102.328125,113.234375,187.125,229.171875,213.109375,182.125,148.5625,135.0625,138.28125,133.875,122.421875,131.078125,131.53125,109.765625,91.3125,83.109375,90.6875,102.765625,107.84375,101.25,106.640625,125.25,160.171875,201.0625,169.53125
2004-06-18,103.984375,89.609375,95.03125,100.28125,102.328125,113.234375,187.125,229.171875,213.109375,182.125,148.5625,135.0625,138.28125,133.875,122.421875,131.078125,131.53125,109.765625,91.3125,83.109375,90.6875,102.765625,107.84375,101.25,106.640625,125.25,160.171875,201.0625,169.53125,114.796875
2004-06-19,89.609375,95.03125,100.28125,102.328125,113.234375,187.125,229.171875,213.109375,182.125,148.5625,135.0625,138.28125,133.875,122.421875,131.078125,131.53125,109.765625,91.3125,83.109375,90.6875,102.765625,107.84375,101.25,106.640625,125.25,160.171875,201.0625,169.53125,114.796875,89.46875
2004-06-20,76.984375,83.875,93.15625,90.90625,83.5,79.53125,76.515625,81.6875,89.28125,92.203125,98.421875,121.265625,158.5,142.078125,110.671875,84.375,66.0625,60.9375,93.984375,175.578125,212.765625,209.28125,174.953125,132.296875,106.796875,106.921875,135.78125,140.703125,166.09375,185.671875
2004-06-21,83.875,93.15625,90.90625,83.5,79.53125,76.515625,81.6875,89.28125,92.203125,98.421875,121.265625,158.5,142.078125,110.671875,84.375,66.0625,60.9375,93.984375,175.578125,212.765625,209.28125,174.953125,132.296875,106.796875,106.921875,135.78125,140.703125,166.09375,185.671875,166.65625
2004-06-22,93.15625,90.90625,83.5,79.53125,76.515625,81.6875,89.28125,92.203125,98.421875,121.265625,158.5,142.078125,110.671875,84.375,66.0625,60.9375,93.984375,175.578125,212.765625,209.28125,174.953125,132.296875,106.796875,106.921875,135.78125,140.703125,166.09375,185.671875,166.65625,211.671875
2004-06-23,90.90625,83.5,79.53125,76.515625,81.6875,89.28125,92.203125,98.421875,121.265625,158.5,142.078125,110.671875,84.375,66.0625,60.9375,93.984375,175.578125,212.765625,209.28125,174.953125,132.296875,106.796875,106.921875,135.78125,140.703125,166.09375,185.671875,166.65625,211.671875,275.90625
2004-06-24,62.234375,60.015625,60.53125,62.6875,73.015625,74.015625,66.4375,78.71875,90.640625,90.328125,97.15625,89.140625,70.28125,57.875,46.6875,38.625,34.6875,39.875,51.609375,55.34375,79.34375,96.234375,85.546875,76.5,70.140625,92.03125,118.875,121.546875,127.53125,122.265625
2004-06-25,60.015625,60.53125,62.6875,73.015625,74.015625,66.4375,78.71875,90.640625,90.328125,97.15625,89.140625,70.28125,57.875,46.6875,38.625,34.6875,39.875,51.609375,55.34375,79.34375,96.234375,85.546875,76.5,70.140625,92.03125,118.875,121.546875,127.53125,122.265625,100.796875
2004-06-26,60.53125,62.6875,73.015625,74.015625,66.4375,78.71875,90.640625,90.328125,97.15625,89.140625,70.28125,57.875,46.6875,38.625,34.6875,39.875,51.609375,55.34375,79.34375,96.234375,85.546875,76.5,70.140625,92.03125,118.875,121.546875,127.53125,122.265625,100.796875,89.703125
2004-06-27,67.28125,65.390625,62.515625,70.265625,92.359375,102.8125,92.796875,82.6875,84.109375,79.515625,70.140625,64.125,67.71875,65.609375,53.859375,59.234375,66.75,58.453125,49.890625,53.734375,63.265625,68.78125,89.03125,155.234375,212.84375,186.5,142.8125,166.03125,242.09375,269.15625
2004-06-28,65.390625,62.515625,70.265625,92.359375,102.8125,92.796875,82.6875,84.109375,79.515625,70.140625,64.125,67.71875,65.609375,53.859375,59.234375,66.75,58.453125,49.890625,53.734375,63.265625,68.78125,89.03125,155.234375,212.84375,186.5,142.8125,166.03125,242.09375,269.15625,211.328125
2004-06-29,62.515625,70.265625,92.359375,102.8125,92.796875,82.6875,84.109375,79.515625,70.140625,64.125,67.71875,65.609375,53.859375,59.234375,66.75,58.453125,49.890625,53.734375,63.265625,68.78125,89.03125,155.234375,212.84375,186.5,142.8125,166.03125,242.09375,269.15625,211.328125,151.296875
2004-06-30,70.265625,92.359375,102.8125,92.796875,82.6875,84.109375,79.515625,70.140625,64.125,67.71875,65.609375,53.859375,59.234375,66.75,58.453125,49.890625,53.734375,63.265625,68.78125,89.03125,155.234375,212.84375,186.5,142.8125,166.03125,242.09375,269.15625,211.328125,151.296875,119.546875
2004-07-01,66.3125,60.125,62.265625,79.4375,88.734375,81.328125,71.578125,63.296875,54.03125,46.5625,46.328125,44.125,37.625,43.5625,56.421875,67.015625,68.046875,59.515625,51.234375,50.765625,64.84375,81.109375,91.28125,85.15625,68.90625,73.40625,94.8125,104.484375,107.15625,98.234375
2004-07-02,60.125,62.265625,79.4375,88.734375,81.328125,71.578125,63.296875,54.03125,46.5625,46.328125,44.125,37.625,43.5625,56.421875,67.015625,68.046875,59.515625,51.234375,50.765625,64.84375,81.109375,91.28125,85.15625,68.90625,73.40625,94.8125,104.484375,107.15625,98.234375,94.703125
2004-07-03,62.265625,79.4375,88.734375,81.328125,71.578125,63.296875,54.03125,46.5625,46.328125,44.125,37.625,43.5625,56.421875,67.015625,68.046875,59.515625,51.234375,50.765625,64.84375,81.109375,91.28125,85.15625,68.90625,73.40625,94.8125,104.484375,107.15625,98.234375,94.703125,261.296875
2004-07-04,81.3125,64.5,54.421875,51.75,49.875,46.875,55.546875,59.640625,57.78125,64.5,63.703125,52.734375,42.265625,36.390625,42.3125,54.625,57.53125,58.078125,75.578125,94.4375,125.078125,147.234375,128.875,101.609375,86.234375,119.71875,206.75,292.421875,291.984375,244.03125
2004-07-05,64.5,54.421875,51.75,49.875,46.875,55.546875,59.640625,57.78125,64.5,63.703125,52.734375,42.265625,36.390625,42.3125,54.625,57.53125,58.078125,75.578125,94.4375,125.078125,147.234375,128.875,101.609375,86.234375,119.71875,206.75,292.421875,291.984375,244.03125,183.234375
2004-07-06,54.421875,51.75,49.875,46.875,55.546875,59.640625,57.78125,64.5,63.703125,52.734375,42.265625,36.390625,42.3125,54.625,57.53125,58.078125,75.578125,94.4375,125.078125,147.234375,128.875,101.609375,86.234375,119.71875,206.75,292.421875,291.984375,244.03125,183.234375,150.328125
2004-07-07,51.75,49.875,46.875,55.546875,59.640625,57.78125,64.5,63.703125,52.734375,42.265625,36.390625,42.3125,54.625,57.53125,58.078125,75.578125,94.4375,125.078125,147.234375,128.875,101.609375,86.234375,119.71875,206.75,292.421875,291.984375,244.03125,183.234375,150.328125,142.28125
2004-07-08,67.109375,51.515625,37.78125,30.5,27.9375,41.484375,64.34375,75.46875,74.890625,72.25,67.3125,63.546875,66.46875,61.734375,48.703125,43.796875,61.34375,77.421875,72.484375,64.40625,83.015625,107.3125,114.59375,107.15625,98.25,83.359375,61.90625,48.203125,45.40625,60.15625
2004-07-09,51.515625,37.78125,30.5,27.9375,41.484375,64.34375,75.46875,74.890625,72.25,67.3125,63.546875,66.46875,61.734375,48.703125,43.796875,61.34375,77.421875,72.484375,64.40625,83.015625,107.3125,114.59375,107.15625,98.25,83.359375,61.90625,48.203125,45.40625,60.15625,87.15625
2004-07-10,37.78125,30.5,27.9375,41.484375,64.34375,75.46875,74.890625,72.25,67.3125,63.546875,66.46875,61.734375,48.703125,43.796875,61.34375,77.421875,72.484375,64.40625,83.015625,107.3125,114.59375,107.15625,98.25,83.359375,61.90625,48.203125,45.40625,60.15625,87.15625,96.359375
2004-07-11,77.34375,62.53125,68.125,84.46875,104.625,111.84375,96.03125,76.4375,65.875,107.390625,155.0,152.296875,126.609375,93.53125,66.078125,60.390625,67.03125,62.03125,57.8125,69.28125,83.984375,79.578125,60.9375,71.875,89.6875,89.625,117.421875,225.625,273.140625,272.96875
2004-07-12,62.53125,68.125,84.46875,104.625,111.84375,96.03125,76.4375,65.875,107.390625,155.0,152.296875,126.609375,93.53125,66.078125,60.390625,67.03125,62.03125,57.8125,69.28125,83.984375,79.578125,60.9375,71.875,89.6875,89.625,117.421875,225.625,273.140625,272.96875,278.015625
2004-07-13,68.125,84.46875,104.625,111.84375,96.03125,76.4375,65.875,107.390625,155.0,152.296875,126.609375,93.53125,66.078125,60.390625,67.03125,62.03125,57.8125,69.28125,83.984375,79.578125,60.9375,71.875,89.6875,89.625,117.421875,225.625,273.140625,272.96875,278.015625,272.1875
2004-07-14,84.46875,104.625,111.84375,96.03125,76.4375,65.875,107.390625,155.0,152.296875,126.609375,93.53125,66.078125,60.390625,67.03125,62.03125,57.8125,69.28125,83.984375,79.578125,60.9375,71.875,89.6875,89.625,117.421875,225.625,273.140625,272.96875,278.015625,272.1875,208.671875
2004-07-15,181.46875,165.171875,183.953125,170.1875,146.328125,129.6875,99.125,82.515625,73.0625,57.5,46.203125,41.578125,53.890625,68.578125,72.09375,66.34375,58.625,54.609375,49.390625,53.328125,76.109375,124.9375,246.21875,352.265625,392.453125,310.484375,219.109375,172.0,144.046875,113.875
2004-07-16,165.171875,183.953125,170.1875,146.328125,129.6875,99.125,82.515625,73.0625,57.5,46.203125,41.578125,53.890625,68.578125,72.09375,66.34375,58.625,54.609375,49.390625,53.328125,76.109375,124.9375,246.21875,352.265625,392.453125,310.484375,219.109375,172.0,144.046875,113.875,89.8125
2004-07-17,183.953125,170.1875,146.328125,129.6875,99.125,82.515625,73.0625,57.5,46.203125,41.578125,53.890625,68.578125,72.09375,66.34375,58.625,54.609375,49.390625,53.328125,76.109375,124.9375,246.21875,352.265625,392.453125,310.484375,219.109375,172.0,144.046875,113.875,89.8125,77.21875
2004-07-18,135.0,97.890625,85.171875,111.390625,116.234375,88.515625,74.109375,107.265625,175.46875,171.625,135.0,111.921875,103.984375,94.71875,83.3125,82.1875,85.6875,87.53125,124.546875,155.390625,207.515625,282.859375,278.390625,257.34375,216.359375,157.375,127.59375,126.171875,118.203125,117.890625
2004-07-19,97.890625,85.171875,111.390625,116.234375,88.515625,74.109375,107.265625,175.46875,171.625,135.0,111.921875,103.984375,94.71875,83.3125,82.1875,85.6875,87.53125,124.546875,155.390625,207.515625,282.859375,278.390625,257.34375,216.359375,157.375,127.59375,126.171875,118.203125,117.890625,142.328125
2004-07-20,85.171875,111.390625,116.234375,88.515625,74.109375,107.265625,175.46875,171.625,135.0,111.921875,103.984375,94.71875,83.3125,82.1875,85.6875,87.53125,124.546875,155.390625,207.515625,282.859375,278.390625,257.34375,216.359375,157.375,127.59375,126.171875,118.203125,117.890625,142.328125,155.84375
2004-07-21,111.390625,116.234375,88.515625,74.109375,107.265625,175.46875,171.625,135.0,111.921875,103.984375,94.71875,83.3125,82.1875,85.6875,87.53125,124.546875,155.390625,207.515625,282.859375,278.390625,257.34375,216.359375,157.375,127.59375,126.171875,118.203125,117.890625,142.328125,155.84375,165.1875
2004-07-22,148.921875,110.046875,84.890625,85.40625,155.203125,163.90625,130.546875,115.703125,108.828125,97.5625,94.8125,88.984375,86.421875,111.5625,137.671875,144.21875,124.03125,104.0625,94.734375,81.515625,69.484375,71.75,80.25,71.625,59.421875,75.1875,97.640625,105.75,98.09375,80.25
2004-07-23,110.046875,84.890625,85.40625,155.203125,163.90625,130.546875,115.703125,108.828125,97.5625,94.8125,88.984375,86.421875,111.5625,137.671875,144.21875,124.03125,104.0625,94.734375,81.515625,69.484375,71.75,80.25,71.625,59.421875,75.1875,97.640625,105.75,98.09375,80.25,79.5
2004-07-24,84.890625,85.40625,155.203125,163.90625,130.546875,115.703125,108.828125,97.5625,94.8125,88.984375,86.421875,111.5625,137.671875,144.21875,124.03125,104.0625,94.734375,81.515625,69.484375,71.75,80.25,71.625,59.421875,75.1875,97.640625,105.75,98.09375,80.25,79.5,102.875
2004-07-25,97.53125,190.6875,197.96875,149.421875,138.421875,117.203125,91.484375,93.734375,116.03125,127.96875,115.234375,120.390625,125.390625,114.53125,99.296875,87.546875,78.9375,75.734375,91.9375,101.515625,112.265625,115.25,109.34375,116.890625,159.296875,326.578125,343.03125,248.71875,181.75,137.03125
2004-07-26,190.6875,197.96875,149.421875,138.421875,117.203125,91.484375,93.734375,116.03125,127.96875,115.234375,120.390625,125.390625,114.53125,99.296875,87.546875,78.9375,75.734375,91.9375,101.515625,112.265625,115.25,109.34375,116.890625,159.296875,326.578125,343.03125,248.71875,181.75,137.03125,109.3125
2004-07-27,197.96875,149.421875,138.421875,117.203125,91.484375,93.734375,116.03125,127.96875,115.234375,120.390625,125.390625,114.53125,99.296875,87.546875,78.9375,75.734375,91.9375,101.515625,112.265625,115.25,109.34375,116.890625,159.296875,326.578125,343.03125,248.71875,181.75,137.03125,109.3125,101.6875
2004-07-28,149.421875,138.421875,117.203125,91.484375,93.734375,116.03125,127.96875,115.234375,120.390625,125.390625,114.53125,99.296875,87.546875,78.9375,75.734375,91.9375,101.515625,112.265625,115.25,109.34375,116.890625,159.296875,326.578125,343.03125,248.71875,181.75,137.03125,109.3125,101.6875,115.3125
2004-07-29,156.140625,165.203125,204.890625,300.984375,291.203125,201.484375,142.90625,119.234375,113.875,129.78125,141.328125,153.390625,151.734375,146.078125,132.453125,120.359375,111.5625,97.53125,81.453125,67.796875,64.953125,77.5,95.09375,97.375,99.234375,114.21875,110.125,101.96875,99.328125,99.828125
2004-07-30,165.203125,204.890625,300.984375,291.203125,201.484375,142.90625,119.234375,113.875,129.78125,141.328125,153.390625,151.734375,146.078125,132.453125,120.359375,111.5625,97.53125,81.453125,67.796875,64.953125,77.5,95.09375,97.375,99.234375,114.21875,110.125,101.96875,99.328125,99.828125,89.609375
2004-07-31,204.890625,300.984375,291.203125,201.484375,142.90625,119.234375,113.875,129.78125,141.328125,153.390625,151.734375,146.078125,132.453125,120.359375,111.5625,97.53125,81.453125,67.796875,64.953125,77.5,95.09375,97.375,99.234375,114.21875,110.125,101.96875,99.328125,99.828125,89.609375,78.40625
2004-08-01,352.796875,349.125,237.578125,169.984375,133.4375,110.734375,101.671875,105.046875,114.921875,119.46875,117.15625,115.3125,129.109375,125.203125,114.171875,128.3125,151.640625,153.671875,127.5,103.203125,104.859375,108.171875,103.1875,98.984375,85.5,73.578125,112.078125,170.546875,272.0625,369.296875
2004-08-02,349.125,237.578125,169.984375,133.4375,110.734375,101.671875,105.046875,114.921875,119.46875,117.15625,115.3125,129.109375,125.203125,114.171875,128.3125,151.640625,153.671875,127.5,103.203125,104.859375,108.171875,103.1875,98.984375,85.5,73.578125,112.078125,170.546875,272.0625,369.296875,790.296875
2004-08-03,237.578125,169.984375,133.4375,110.734375,101.671875,105.046875,114.921875,119.46875,117.15625,115.3125,129.109375,125.203125,114.171875,128.3125,151.640625,153.671875,127.5,103.203125,104.859375,108.171875,103.1875,98.984375,85.5,73.578125,112.078125,170.546875,272.0625,369.296875,790.296875,777.28125
2004-08-04,169.984375,133.4375,110.734375,101.671875,105.046875,114.921875,119.46875,117.15625,115.3125,129.109375,125.203125,114.171875,128.3125,151.640625,153.671875,127.5,103.203125,104.859375,108.171875,103.1875,98.984375,85.5,73.578125,112.078125,170.546875,272.0625,369.296875,790.296875,777.28125,472.9375
2004-08-05,131.296875,112.34375,115.40625,137.40625,139.546875,123.796875,113.765625,105.9375,101.015625,93.390625,87.296875,89.0625,98.890625,110.296875,109.5,143.328125,154.0625,114.65625,84.65625,81.4375,100.25,119.59375,148.703125,172.21875,151.671875,112.1875,81.46875,62.234375,51.171875,46.25
2004-08-06,112.34375,115.40625,137.40625,139.546875,123.796875,113.765625,105.9375,101.015625,93.390625,87.296875,89.0625,98.890625,110.296875,109.5,143.328125,154.0625,114.65625,84.65625,81.4375,100.25,119.59375,148.703125,172.21875,151.671875,112.1875,81.46875,62.234375,51.171875,46.25,43.65625
2004-08-07,115.40625,137.40625,139.546875,123.796875,113.765625,105.9375,101.015625,93.390625,87.296875,89.0625,98.890625,110.296875,109.5,143.328125,154.0625,114.65625,84.65625,81.4375,100.25,119.59375,148.703125,172.21875,151.671875,112.1875,81.46875,62.234375,51.171875,46.25,43.65625,40.1015625
2004-08-08,192.96875,180.953125,167.734375,224.71875,314.15625,287.140625,208.328125,163.609375,167.1875,179.921875,177.109375,238.3125,321.3125,324.875,284.5,226.78125,178.578125,147.9375,131.96875,123.96875,116.171875,109.046875,134.65625,166.015625,215.390625,290.515625,335.09375,312.546875,254.453125,219.765625
2004-08-09,180.953125,167.734375,224.71875,314.15625,287.140625,208.328125,163.609375,167.1875,179.921875,177.109375,238.3125,321.3125,324.875,284.5,226.78125,178.578125,147.9375,131.96875,123.96875,116.171875,109.046875,134.65625,166.015625,215.390625,290.515625,335.09375,312.546875,254.453125,219.765625,188.9609375
2004-08-10,167.734375,224.71875,314.15625,287.140625,208.328125,163.609375,167.1875,179.921875,177.109375,238.3125,321.3125,324.875,284.5,226.78125,178.578125,147.9375,131.96875,123.96875,116.171875,109.046875,134.65625,166.015625,215.390625,290.515625,335.09375,312.546875,254.453125,219.765625,188.9609375,151.7421875
2004-08-11,224.71875,314.15625,287.140625,208.328125,163.609375,167.1875,179.921875,177.109375,238.3125,321.3125,324.875,284.5,226.78125,178.578125,147.9375,131.96875,123.96875,116.171875,109.046875,134.65625,166.015625,215.390625,290.515625,335.09375,312.546875,254.453125,219.765625,188.9609375,151.7421875,128.890625
2004-08-12,192.75,148.140625,125.078125,122.90625,124.578125,138.90625,157.390625,168.078125,166.75,161.59375,145.28125,115.390625,98.25,88.84375,76.640625,74.03125,83.046875,86.71875,79.296875,81.34375,108.53125,132.75,150.1875,177.859375,200.1875,180.3046875,210.2734375,282.0625,284.3984375,252.5703125
2004-08-13,148.140625,125.078125,122.90625,124.578125,138.90625,157.390625,168.078125,166.75,161.59375,145.28125,115.390625,98.25,88.84375,76.640625,74.03125,83.046875,86.71875,79.296875,81.34375,108.53125,132.75,150.1875,177.859375,200.1875,180.3046875,210.2734375,282.0625,284.3984375,252.5703125,202.8515625
2004-08-14,125.078125,122.90625,124.578125,138.90625,157.390625,168.078125,166.75,161.59375,145.28125,115.390625,98.25,88.84375,76.640625,74.03125,83.046875,86.71875,79.296875,81.34375,108.53125,132.75,150.1875,177.859375,200.1875,180.3046875,210.2734375,282.0625,284.3984375,252.5703125,202.8515625,151.0703125
2004-08-15,124.65625,116.109375,115.671875,123.1875,135.75,155.390625,262.25,248.046875,176.875,138.65625,114.046875,100.3125,91.359375,91.15625,96.15625,93.4375,81.71875,67.6875,73.0625,97.265625,98.484375,87.046875,80.109375,70.3828125,56.125,43.2890625,87.3515625,142.453125,146.3203125,126.1171875
2004-08-16,116.109375,115.671875,123.1875,135.75,155.390625,262.25,248.046875,176.875,138.65625,114.046875,100.3125,91.359375,91.15625,96.15625,93.4375,81.71875,67.6875,73.0625,97.265625,98.484375,87.046875,80.109375,70.3828125,56.125,43.2890625,87.3515625,142.453125,146.3203125,126.1171875,112.4296875
2004-08-17,115.671875,123.1875,135.75,155.390625,262.25,248.046875,176.875,138.65625,114.046875,100.3125,91.359375,91.15625,96.15625,93.4375,81.71875,67.6875,73.0625,97.265625,98.484375,87.046875,80.109375,70.3828125,56.125,43.2890625,87.3515625,142.453125,146.3203125,126.1171875,112.4296875,136.5625
2004-08-18,123.1875,135.75,155.390625,262.25,248.046875,176.875,138.65625,114.046875,100.3125,91.359375,91.15625,96.15625,93.4375,81.71875,67.6875,73.0625,97.265625,98.484375,87.046875,80.109375,70.3828125,56.125,43.2890625,87.3515625,142.453125,146.3203125,126.1171875,112.4296875,136.5625,196.0
2004-08-19,276.4375,364.734375,320.140625,239.546875,190.734375,164.796875,153.984375,150.0625,146.8125,143.09375,136.953125,121.96875,105.09375,94.21875,92.53125,131.40625,156.109375,139.765625,118.421875,99.7421875,87.2890625,72.671875,64.8671875,80.203125,92.0546875,99.0546875,106.09375,105.984375,133.0859375,174.046875
2004-08-20,364.734375,320.140625,239.546875,190.734375,164.796875,153.984375,150.0625,146.8125,143.09375,136.953125,121.96875,105.09375,94.21875,92.53125,131.40625,156.109375,139.765625,118.421875,99.7421875,87.2890625,72.671875,64.8671875,80.203125,92.0546875,99.0546875,106.09375,105.984375,133.0859375,174.046875,203.6328125
2004-08-21,320.140625,239.546875,190.734375,164.796875,153.984375,150.0625,146.8125,143.09375,136.953125,121.96875,105.09375,94.21875,92.53125,131.40625,156.109375,139.765625,118.421875,99.7421875,87.2890625,72.671875,64.8671875,80.203125,92.0546875,99.0546875,106.09375,105.984375,133.0859375,174.046875,203.6328125,183.78125
2004-08-22,221.421875,179.609375,156.28125,152.515625,156.140625,171.71875,174.9375,160.84375,141.65625,136.734375,163.515625,184.609375,158.8125,122.375,108.875,99.28125,88.625,82.203125,74.09375,75.7265625,74.8046875,71.4140625,76.9765625,81.8203125,79.921875,84.2421875,91.8125,81.75,63.328125,53.328125
2004-08-23,179.609375,156.28125,152.515625,156.140625,171.71875,174.9375,160.84375,141.65625,136.734375,163.515625,184.609375,158.8125,122.375,108.875,99.28125,88.625,82.203125,74.09375,75.7265625,74.8046875,71.4140625,76.9765625,81.8203125,79.921875,84.2421875,91.8125,81.75,63.328125,53.328125,50.3359375
2004-08-24,156.28125,152.515625,156.140625,171.71875,174.9375,160.84375,141.65625,136.734375,163.515625,184.609375,158.8125,122.375,108.875,99.28125,88.625,82.203125,74.09375,75.7265625,74.8046875,71.4140625,76.9765625,81.8203125,79.921875,84.2421875,91.8125,81.75,63.328125,53.328125,50.3359375,54.3359375
2004-08-25,152.515625,156.140625,171.71875,174.9375,160.84375,141.65625,136.734375,163.515625,184.609375,158.8125,122.375,108.875,99.28125,88.625,82.203125,74.09375,75.7265625,74.8046875,71.4140625,76.9765625,81.8203125,79.921875,84.2421875,91.8125,81.75,63.328125,53.328125,50.3359375,54.3359375,63.4296875
2004-08-26,140.078125,140.65625,147.375,153.78125,147.9375,132.578125,118.984375,114.375,112.125,105.78125,97.03125,89.984375,85.453125,81.0546875,76.546875,66.234375,57.875,63.875,85.78125,98.9921875,101.0390625,93.328125,77.6875,77.46875,77.3984375,73.671875,86.3671875,106.0546875,153.0859375,158.578125
2004-08-27,140.65625,147.375,153.78125,147.9375,132.578125,118.984375,114.375,112.125,105.78125,97.03125,89.984375,85.453125,81.0546875,76.546875,66.234375,57.875,63.875,85.78125,98.9921875,101.0390625,93.328125,77.6875,77.46875,77.3984375,73.671875,86.3671875,106.0546875,153.0859375,158.578125,130.9609375
2004-08-28,147.375,153.78125,147.9375,132.578125,118.984375,114.375,112.125,105.78125,97.03125,89.984375,85.453125,81.0546875,76.546875,66.234375,57.875,63.875,85.78125,98.9921875,101.0390625,93.328125,77.6875,77.46875,77.3984375,73.671875,86.3671875,106.0546875,153.0859375,158.578125,130.9609375,112.0390625
2004-08-29,151.953125,154.703125,142.796875,124.390625,108.40625,101.703125,102.4375,99.40625,96.46875,97.4453125,97.171875,101.1875,96.78125,82.3125,71.28125,66.0390625,61.3203125,65.640625,74.765625,98.2421875,109.2890625,99.3515625,117.4453125,178.9765625,238.6015625,205.0546875,143.515625,111.8671875,104.125,116.6875
2004-08-30,154.703125,142.796875,124.390625,108.40625,101.703125,102.4375,99.40625,96.46875,97.4453125,97.171875,101.1875,96.78125,82.3125,71.28125,66.0390625,61.3203125,65.640625,74.765625,98.2421875,109.2890625,99.3515625,117.4453125,178.9765625,238.6015625,205.0546875,143.515625,111.8671875,104.125,116.6875,160.59375
2004-08-31,142.796875,124.390625,108.40625,101.703125,102.4375,99.40625,96.46875,97.4453125,97.171875,101.1875,96.78125,82.3125,71.28125,66.0390625,61.3203125,65.640625,74.765625,98.2421875,109.2890625,99.3515625,117.4453125,178.9765625,238.6015625,205.0546875,143.515625,111.8671875,104.125,116.6875,160.59375,253.7578125
2004-09-01,124.390625,108.40625,101.703125,102.4375,99.40625,96.46875,97.4453125,97.171875,101.1875,96.78125,82.3125,71.28125,66.0390625,61.3203125,65.640625,74.765625,98.2421875,109.2890625,99.3515625,117.4453125,178.9765625,238.6015625,205.0546875,143.515625,111.8671875,104.125,116.6875,160.59375,253.7578125,273.140625
2004-09-02,156.375,156.09375,135.53125,116.8125,102.015625,102.6796875,105.03125,103.703125,98.3359375,81.1640625,65.7265625,72.09375,85.765625,78.3671875,65.3359375,60.5625,66.796875,71.21875,68.7421875,104.15625,214.2421875,248.5546875,194.8125,150.6953125,118.65625,91.6640625,87.234375,126.1953125,169.8515625,151.890625
2004-09-03,156.09375,135.53125,116.8125,102.015625,102.6796875,105.03125,103.703125,98.3359375,81.1640625,65.7265625,72.09375,85.765625,78.3671875,65.3359375,60.5625,66.796875,71.21875,68.7421875,104.15625,214.2421875,248.5546875,194.8125,150.6953125,118.65625,91.6640625,87.234375,126.1953125,169.8515625,151.890625,123.1640625
2004-09-04,135.53125,116.8125,102.015625,102.6796875,105.03125,103.703125,98.3359375,81.1640625,65.7265625,72.09375,85.765625,78.3671875,65.3359375,60.5625,66.796875,71.21875,68.7421875,104.15625,214.2421875,248.5546875,194.8125,150.6953125,118.65625,91.6640625,87.234375,126.1953125,169.8515625,151.890625,123.1640625,106.40625
2004-09-05,160.1875,130.609375,114.1796875,115.1484375,122.015625,108.625,85.9609375,75.71875,76.78125,79.8359375,83.34375,91.6796875,126.9296875,133.0703125,106.25,93.296875,89.5,92.9609375,112.3046875,109.234375,87.5625,75.7421875,74.1640625,73.3203125,78.5078125,114.6171875,140.625,125.390625,93.21875,67.5078125
2004-09-06,130.609375,114.1796875,115.1484375,122.015625,108.625,85.9609375,75.71875,76.78125,79.8359375,83.34375,91.6796875,126.9296875,133.0703125,106.25,93.296875,89.5,92.9609375,112.3046875,109.234375,87.5625,75.7421875,74.1640625,73.3203125,78.5078125,114.6171875,140.625,125.390625,93.21875,67.5078125,57.7421875
2004-09-07,114.1796875,115.1484375,122.015625,108.625,85.9609375,75.71875,76.78125,79.8359375,83.34375,91.6796875,126.9296875,133.0703125,106.25,93.296875,89.5,92.9609375,112.3046875,109.234375,87.5625,75.7421875,74.1640625,73.3203125,78.5078125,114.6171875,140.625,125.390625,93.21875,67.5078125,57.7421875,58.9140625
2004-09-08,115.1484375,122.015625,108.625,85.9609375,75.71875,76.78125,79.8359375,83.34375,91.6796875,126.9296875,133.0703125,106.25,93.296875,89.5,92.9609375,112.3046875,109.234375,87.5625,75.7421875,74.1640625,73.3203125,78.5078125,114.6171875,140.625,125.390625,93.21875,67.5078125,57.7421875,58.9140625,63.484375
2004-09-09,104.8984375,91.765625,87.2265625,114.25,124.9921875,104.8125,84.9765625,74.03125,68.46875,68.671875,89.0,106.8046875,94.65625,77.7109375,78.15625,86.9765625,91.6875,90.296875,89.890625,87.578125,74.15625,56.765625,43.90625,35.78125,29.609375,37.9140625,93.7578125,128.6171875,110.1796875,80.3046875
2004-09-10,91.765625,87.2265625,114.25,124.9921875,104.8125,84.9765625,74.03125,68.46875,68.671875,89.0,106.8046875,94.65625,77.7109375,78.15625,86.9765625,91.6875,90.296875,89.890625,87.578125,74.15625,56.765625,43.90625,35.78125,29.609375,37.9140625,93.7578125,128.6171875,110.1796875,80.3046875,55.484375
2004-09-11,87.2265625,114.25,124.9921875,104.8125,84.9765625,74.03125,68.46875,68.671875,89.0,106.8046875,94.65625,77.7109375,78.15625,86.9765625,91.6875,90.296875,89.890625,87.578125,74.15625,56.765625,43.90625,35.78125,29.609375,37.9140625,93.7578125,128.6171875,110.1796875,80.3046875,55.484375,40.359375
2004-09-12,87.78125,104.953125,114.8671875,104.46875,99.65625,93.03125,87.03125,103.859375,109.0,93.34375,87.1875,100.296875,102.9453125,86.3984375,77.53125,78.375,77.7421875,71.046875,61.40625,74.9296875,93.8828125,88.609375,82.0859375,79.3203125,90.15625,94.9609375,103.7109375,244.3203125,328.8125,273.03125
2004-09-13,104.953125,114.8671875,104.46875,99.65625,93.03125,87.03125,103.859375,109.0,93.34375,87.1875,100.296875,102.9453125,86.3984375,77.53125,78.375,77.7421875,71.046875,61.40625,74.9296875,93.8828125,88.609375,82.0859375,79.3203125,90.15625,94.9609375,103.7109375,244.3203125,328.8125,273.03125,251.953125
2004-09-14,114.8671875,104.46875,99.65625,93.03125,87.03125,103.859375,109.0,93.34375,87.1875,100.296875,102.9453125,86.3984375,77.53125,78.375,77.7421875,71.046875,61.40625,74.9296875,93.8828125,88.609375,82.0859375,79.3203125,90.15625,94.9609375,103.7109375,244.3203125,328.8125,273.03125,251.953125,228.5
2004-09-15,104.46875,99.65625,93.03125,87.03125,103.859375,109.0,93.34375,87.1875,100.296875,102.9453125,86.3984375,77.53125,78.375,77.7421875,71.046875,61.40625,74.9296875,93.8828125,88.609375,82.0859375,79.3203125,90.15625,94.9609375,103.7109375,244.3203125,328.8125,273.03125,251.953125,228.5,244.3125
2004-09-16,133.359375,117.09375,113.71875,143.4296875,166.9765625,151.328125,144.140625,158.484375,141.1015625,118.71875,104.265625,87.1015625,83.5078125,86.265625,78.6953125,74.6015625,84.9453125,93.8203125,116.9921875,123.84375,111.5,107.8828125,148.78125,304.3984375,341.375,239.7890625,155.15625,123.703125,129.484375,145.890625
2004-09-17,117.09375,113.71875,143.4296875,166.9765625,151.328125,144.140625,158.484375,141.1015625,118.71875,104.265625,87.1015625,83.5078125,86.265625,78.6953125,74.6015625,84.9453125,93.8203125,116.9921875,123.84375,111.5,107.8828125,148.78125,304.3984375,341.375,239.7890625,155.15625,123.703125,129.484375,145.890625,158.6328125
2004-09-18,113.71875,143.4296875,166.9765625,151.328125,144.140625,158.484375,141.1015625,118.71875,104.265625,87.1015625,83.5078125,86.265625,78.6953125,74.6015625,84.9453125,93.8203125,116.9921875,123.84375,111.5,107.8828125,148.78125,304.3984375,341.375,239.7890625,155.15625,123.703125,129.484375,145.890625,158.6328125,177.7734375
2004-09-19,195.046875,175.6328125,189.71875,162.1640625,130.2421875,108.4765625,91.6875,89.9765625,87.359375,82.65625,105.0234375,148.2890625,146.390625,133.9140625,165.90625,173.0859375,177.015625,155.3203125,116.3828125,111.9609375,188.7578125,283.78125,256.375,181.6171875,123.921875,97.109375,107.40625,107.625,86.234375,73.0703125
2004-09-20,175.6328125,189.71875,162.1640625,130.2421875,108.4765625,91.6875,89.9765625,87.359375,82.65625,105.0234375,148.2890625,146.390625,133.9140625,165.90625,173.0859375,177.015625,155.3203125,116.3828125,111.9609375,188.7578125,283.78125,256.375,181.6171875,123.921875,97.109375,107.40625,107.625,86.234375,73.0703125,66.140625
2004-09-21,189.71875,162.1640625,130.2421875,108.4765625,91.6875,89.9765625,87.359375,82.65625,105.0234375,148.2890625,146.390625,133.9140625,165.90625,173.0859375,177.015625,155.3203125,116.3828125,111.9609375,188.7578125,283.78125,256.375,181.6171875,123.921875,97.109375,107.40625,107.625,86.234375,73.0703125,66.140625,59.984375
2004-09-22,162.1640625,130.2421875,108.4765625,91.6875,89.9765625,87.359375,82.65625,105.0234375,148.2890625,146.390625,133.9140625,165.90625,173.0859375,177.015625,155.3203125,116.3828125,111.9609375,188.7578125,283.78125,256.375,181.6171875,123.921875,97.109375,107.40625,107.625,86.234375,73.0703125,66.140625,59.984375,55.640625
2004-09-23,124.609375,125.9921875,124.7265625,115.625,100.640625,136.46875,158.265625,151.421875,173.9375,187.21875,148.6328125,103.484375,120.6796875,135.6640625,134.8203125,129.2890625,129.25,148.046875,140.6640625,112.390625,96.578125,88.109375,83.953125,96.9921875,158.8984375,196.984375,172.3046875,144.28125,125.5859375,123.34375
2004-09-24,125.9921875,124.7265625,115.625,100.640625,136.46875,158.265625,151.421875,173.9375,187.21875,148.6328125,103.484375,120.6796875,135.6640625,134.8203125,129.2890625,129.25,148.046875,140.6640625,112.390625,96.578125,88.109375,83.953125,96.9921875,158.8984375,196.984375,172.3046875,144.28125,125.5859375,123.34375,116.4375
2004-09-25,124.7265625,115.625,100.640625,136.46875,158.265625,151.421875,173.9375,187.21875,148.6328125,103.484375,120.6796875,135.6640625,134.8203125,129.2890625,129.25,148.046875,140.6640625,112.390625,96.578125,88.109375,83.953125,96.9921875,158.8984375,196.984375,172.3046875,144.28125,125.5859375,123.34375,116.4375,124.3046875
2004-09-26,128.4375,115.640625,157.828125,184.5,224.1875,193.2265625,157.125,165.734375,143.015625,123.0390625,133.609375,129.984375,153.234375,175.4765625,161.859375,165.4921875,166.6796875,166.5859375,176.0234375,148.203125,123.359375,135.0703125,131.578125,102.28125,76.328125,61.84375,71.921875,79.2890625,68.609375,69.6015625
2004-09-27,115.640625,157.828125,184.5,224.1875,193.2265625,157.125,165.734375,143.015625,123.0390625,133.609375,129.984375,153.234375,175.4765625,161.859375,165.4921875,166.6796875,166.5859375,176.0234375,148.203125,123.359375,135.0703125,131.578125,102.28125,76.328125,61.84375,71.921875,79.2890625,68.609375,69.6015625,73.8828125
2004-09-28,157.828125,184.5,224.1875,193.2265625,157.125,165.734375,143.015625,123.0390625,133.609375,129.984375,153.234375,175.4765625,161.859375,165.4921875,166.6796875,166.5859375,176.0234375,148.203125,123.359375,135.0703125,131.578125,102.28125,76.328125,61.84375,71.921875,79.2890625,68.609375,69.6015625,73.8828125,81.6015625
2004-09-29,184.5,224.1875,193.2265625,157.125,165.734375,143.015625,123.0390625,133.609375,129.984375,153.234375,175.4765625,161.859375,165.4921875,166.6796875,166.5859375,176.0234375,148.203125,123.359375,135.0703125,131.578125,102.28125,76.328125,61.84375,71.921875,79.2890625,68.609375,69.6015625,73.8828125,81.6015625,86.4296875
2004-09-30,143.984375,185.3125,203.578125,237.3125,264.0,256.625,267.484375,290.0703125,273.796875,233.9375,201.171875,167.2578125,140.21875,130.6640625,160.8671875,162.703125,160.2734375,170.1171875,197.3203125,180.171875,137.4765625,110.1796875,92.828125,119.1953125,204.484375,229.09375,182.25,132.53125,110.140625,136.0625
2004-10-01,185.3125,203.578125,237.3125,264.0,256.625,267.484375,290.0703125,273.796875,233.9375,201.171875,167.2578125,140.21875,130.6640625,160.8671875,162.703125,160.2734375,170.1171875,197.3203125,180.171875,137.4765625,110.1796875,92.828125,119.1953125,204.484375,229.09375,182.25,132.53125,110.140625,136.0625,153.4140625
2004-10-02,203.578125,237.3125,264.0,256.625,267.484375,290.0703125,273.796875,233.9375,201.171875,167.2578125,140.21875,130.6640625,160.8671875,162.703125,160.2734375,170.1171875,197.3203125,180.171875,137.4765625,110.1796875,92.828125,119.1953125,204.484375,229.09375,182.25,132.53125,110.140625,136.0625,153.4140625,150.5390625
2004-10-03,247.8046875,227.046875,242.34375,226.2421875,199.890625,163.3125,136.0390625,121.96875,106.3984375,96.5390625,92.1484375,84.9453125,76.6015625,70.921875,66.8203125,62.6328125,58.109375,53.359375,48.8984375,46.015625,43.6953125,41.296875,37.71875,35.1953125,35.0546875,40.0625,41.9375,37.234375,33.4921875,37.75
2004-10-04,227.046875,242.34375,226.2421875,199.890625,163.3125,136.0390625,121.96875,106.3984375,96.5390625,92.1484375,84.9453125,76.6015625,70.921875,66.8203125,62.6328125,58.109375,53.359375,48.8984375,46.015625,43.6953125,41.296875,37.71875,35.1953125,35.0546875,40.0625,41.9375,37.234375,33.4921875,37.75,43.109375
2004-10-05,242.34375,226.2421875,199.890625,163.3125,136.0390625,121.96875,106.3984375,96.5390625,92.1484375,84.9453125,76.6015625,70.921875,66.8203125,62.6328125,58.109375,53.359375,48.8984375,46.015625,43.6953125,41.296875,37.71875,35.1953125,35.0546875,40.0625,41.9375,37.234375,33.4921875,37.75,43.109375,39.6640625
2004-10-06,226.2421875,199.890625,163.3125,136.0390625,121.96875,106.3984375,96.5390625,92.1484375,84.9453125,76.6015625,70.921875,66.8203125,62.6328125,58.109375,53.359375,48.8984375,46.015625,43.6953125,41.296875,37.71875,35.1953125,35.0546875,40.0625,41.9375,37.234375,33.4921875,37.75,43.109375,39.6640625,62.953125
2004-10-07,190.9453125,153.90625,130.359375,114.953125,116.09375,114.9296875,114.625,114.34375,100.6484375,84.40625,72.3125,71.46875,76.7265625,76.0859375,70.9453125,62.4140625,53.28125,46.0546875,40.03125,35.421875,32.109375,31.015625,36.3984375,38.4921875,34.1875,31.0625,35.1953125,42.328125,49.4921875,91.84375
2004-10-08,153.90625,130.359375,114.953125,116.09375,114.9296875,114.625,114.34375,100.6484375,84.40625,72.3125,71.46875,76.7265625,76.0859375,70.9453125,62.4140625,53.28125,46.0546875,40.03125,35.421875,32.109375,31.015625,36.3984375,38.4921875,34.1875,31.0625,35.1953125,42.328125,49.4921875,91.84375,110.5234375
2004-10-09,130.359375,114.953125,116.09375,114.9296875,114.625,114.34375,100.6484375,84.40625,72.3125,71.46875,76.7265625,76.0859375,70.9453125,62.4140625,53.28125,46.0546875,40.03125,35.421875,32.109375,31.015625,36.3984375,38.4921875,34.1875,31.0625,35.1953125,42.328125,49.4921875,91.84375,110.5234375,82.2890625
2004-10-10,139.828125,173.8515625,207.7109375,221.265625,181.6796875,133.2890625,110.75,100.6640625,92.2265625,83.0703125,72.890625,64.375,58.4296875,53.5234375,49.375,45.8125,42.2734375,38.6015625,35.2421875,33.015625,31.0390625,32.984375,40.6875,41.8671875,38.9296875,35.1484375,29.671875,25.8046875,24.1875,23.8671875
2004-10-11,173.8515625,207.7109375,221.265625,181.6796875,133.2890625,110.75,100.6640625,92.2265625,83.0703125,72.890625,64.375,58.4296875,53.5234375,49.375,45.8125,42.2734375,38.6015625,35.2421875,33.015625,31.0390625,32.984375,40.6875,41.8671875,38.9296875,35.1484375,29.671875,25.8046875,24.1875,23.8671875,23.6015625
2004-10-12,207.7109375,221.265625,181.6796875,133.2890625,110.75,100.6640625,92.2265625,83.0703125,72.890625,64.375,58.4296875,53.5234375,49.375,45.8125,42.2734375,38.6015625,35.2421875,33.015625,31.0390625,32.984375,40.6875,41.8671875,38.9296875,35.1484375,29.671875,25.8046875,24.1875,23.8671875,23.6015625,21.2578125
2004-10-13,221.265625,181.6796875,133.2890625,110.75,100.6640625,92.2265625,83.0703125,72.890625,64.375,58.4296875,53.5234375,49.375,45.8125,42.2734375,38.6015625,35.2421875,33.015625,31.0390625,32.984375,40.6875,41.8671875,38.9296875,35.1484375,29.671875,25.8046875,24.1875,23.8671875,23.6015625,21.2578125,17.984375
2004-10-14,135.109375,119.328125,130.734375,126.84375,112.1875,100.28125,86.125,78.1484375,70.59375,62.65625,55.640625,50.2734375,45.8359375,42.2109375,39.2734375,36.390625,43.578125,54.1953125,47.5625,38.84375,32.5703125,28.0390625,25.6640625,29.046875,33.109375,31.765625,26.484375,21.109375,18.5078125,18.953125
2004-10-15,119.328125,130.734375,126.84375,112.1875,100.28125,86.125,78.1484375,70.59375,62.65625,55.640625,50.2734375,45.8359375,42.2109375,39.2734375,36.390625,43.578125,54.1953125,47.5625,38.84375,32.5703125,28.0390625,25.6640625,29.046875,33.109375,31.765625,26.484375,21.109375,18.5078125,18.953125,23.7109375
2004-10-16,130.734375,126.84375,112.1875,100.28125,86.125,78.1484375,70.59375,62.65625,55.640625,50.2734375,45.8359375,42.2109375,39.2734375,36.390625,43.578125,54.1953125,47.5625,38.84375,32.5703125,28.0390625,25.6640625,29.046875,33.109375,31.765625,26.484375,21.109375,18.5078125,18.953125,23.7109375,32.0859375
2004-10-17,125.09375,132.4140625,114.6953125,91.9453125,78.8046875,71.1796875,63.9375,59.546875,57.25,83.421875,121.2734375,108.96875,88.5546875,78.859375,72.2578125,63.765625,51.4609375,42.5078125,45.3828125,81.3671875,93.984375,66.9921875,48.0078125,36.2421875,38.6640625,47.640625,49.8671875,47.4375,37.015625,28.0625
2004-10-18,132.4140625,114.6953125,91.9453125,78.8046875,71.1796875,63.9375,59.546875,57.25,83.421875,121.2734375,108.96875,88.5546875,78.859375,72.2578125,63.765625,51.4609375,42.5078125,45.3828125,81.3671875,93.984375,66.9921875,48.0078125,36.2421875,38.6640625,47.640625,49.8671875,47.4375,37.015625,28.0625,21.9453125
2004-10-19,114.6953125,91.9453125,78.8046875,71.1796875,63.9375,59.546875,57.25,83.421875,121.2734375,108.96875,88.5546875,78.859375,72.2578125,63.765625,51.4609375,42.5078125,45.3828125,81.3671875,93.984375,66.9921875,48.0078125,36.2421875,38.6640625,47.640625,49.8671875,47.4375,37.015625,28.0625,21.9453125,18.359375
2004-10-20,91.9453125,78.8046875,71.1796875,63.9375,59.546875,57.25,83.421875,121.2734375,108.96875,88.5546875,78.859375,72.2578125,63.765625,51.4609375,42.5078125,45.3828125,81.3671875,93.984375,66.9921875,48.0078125,36.2421875,38.6640625,47.640625,49.8671875,47.4375,37.015625,28.0625,21.9453125,18.359375,15.59375
2004-10-21,78.4765625,71.75,66.8828125,62.140625,55.9765625,50.4609375,46.109375,42.5234375,40.0703125,37.15625,38.625,43.765625,42.5546875,39.78125,41.734375,42.359375,37.0390625,31.1953125,26.90625,24.34375,21.328125,19.1015625,17.875,15.953125,14.3984375,13.1171875,13.71875,18.6640625,29.3671875,32.953125
2004-10-22,71.75,66.8828125,62.140625,55.9765625,50.4609375,46.109375,42.5234375,40.0703125,37.15625,38.625,43.765625,42.5546875,39.78125,41.734375,42.359375,37.0390625,31.1953125,26.90625,24.34375,21.328125,19.1015625,17.875,15.953125,14.3984375,13.1171875,13.71875,18.6640625,29.3671875,32.953125,30.03125
2004-10-23,66.8828125,62.140625,55.9765625,50.4609375,46.109375,42.5234375,40.0703125,37.15625,38.625,43.765625,42.5546875,39.78125,41.734375,42.359375,37.0390625,31.1953125,26.90625,24.34375,21.328125,19.1015625,17.875,15.953125,14.3984375,13.1171875,13.71875,18.6640625,29.3671875,32.953125,30.03125,23.6953125
2004-10-24,64.5625,63.5078125,57.4140625,52.8046875,49.6015625,46.546875,43.09375,39.40625,41.7421875,46.6796875,48.5,49.8828125,65.6953125,72.4296875,59.015625,46.8046875,36.6015625,29.3828125,24.1484375,20.484375,17.7890625,15.1328125,12.71875,10.921875,9.7578125,10.75,15.4921875,22.28125,34.7578125,46.9375
2004-10-25,63.5078125,57.4140625,52.8046875,49.6015625,46.546875,43.09375,39.40625,41.7421875,46.6796875,48.5,49.8828125,65.6953125,72.4296875,59.015625,46.8046875,36.6015625,29.3828125,24.1484375,20.484375,17.7890625,15.1328125,12.71875,10.921875,9.7578125,10.75,15.4921875,22.28125,34.7578125,46.9375,42.3671875
2004-10-26,57.4140625,52.8046875,49.6015625,46.546875,43.09375,39.40625,41.7421875,46.6796875,48.5,49.8828125,65.6953125,72.4296875,59.015625,46.8046875,36.6015625,29.3828125,24.1484375,20.484375,17.7890625,15.1328125,12.71875,10.921875,9.7578125,10.75,15.4921875,22.28125,34.7578125,46.9375,42.3671875,30.8046875
2004-10-27,52.8046875,49.6015625,46.546875,43.09375,39.40625,41.7421875,46.6796875,48.5,49.8828125,65.6953125,72.4296875,59.015625,46.8046875,36.6015625,29.3828125,24.1484375,20.484375,17.7890625,15.1328125,12.71875,10.921875,9.7578125,10.75,15.4921875,22.28125,34.7578125,46.9375,42.3671875,30.8046875,80.265625
2004-10-28,47.1640625,44.6484375,43.1171875,60.265625,76.75,100.078125,149.4765625,132.0390625,96.796875,101.890625,104.28125,86.3671875,86.203125,80.3671875,57.2109375,42.2265625,32.203125,25.4609375,20.953125,17.3125,14.5234375,12.3046875,11.2265625,9.703125,8.2265625,7.2578125,6.7265625,6.34375,5.6640625,5.703125
2004-10-29,44.6484375,43.1171875,60.265625,76.75,100.078125,149.4765625,132.0390625,96.796875,101.890625,104.28125,86.3671875,86.203125,80.3671875,57.2109375,42.2265625,32.203125,25.4609375,20.953125,17.3125,14.5234375,12.3046875,11.2265625,9.703125,8.2265625,7.2578125,6.7265625,6.34375,5.6640625,5.703125,4.9609375
2004-10-30,43.1171875,60.265625,76.75,100.078125,149.4765625,132.0390625,96.796875,101.890625,104.28125,86.3671875,86.203125,80.3671875,57.2109375,42.2265625,32.203125,25.4609375,20.953125,17.3125,14.5234375,12.3046875,11.2265625,9.703125,8.2265625,7.2578125,6.7265625,6.34375,5.6640625,5.703125,4.9609375,4.515625
2004-10-31,44.65625,46.59375,89.828125,112.1953125,89.5078125,80.6796875,69.4921875,54.2734375,43.078125,37.90625,36.875,41.1015625,46.546875,46.734375,64.953125,79.984375,72.7890625,71.4296875,59.4296875,42.3828125,31.3671875,28.2109375,39.453125,48.8828125,38.1640625,27.34375,25.9609375,31.3046875,42.4765625,47.0625
2004-11-01,46.59375,89.828125,112.1953125,89.5078125,80.6796875,69.4921875,54.2734375,43.078125,37.90625,36.875,41.1015625,46.546875,46.734375,64.953125,79.984375,72.7890625,71.4296875,59.4296875,42.3828125,31.3671875,28.2109375,39.453125,48.8828125,38.1640625,27.34375,25.9609375,31.3046875,42.4765625,47.0625,35.2265625
2004-11-02,89.828125,112.1953125,89.5078125,80.6796875,69.4921875,54.2734375,43.078125,37.90625,36.875,41.1015625,46.546875,46.734375,64.953125,79.984375,72.7890625,71.4296875,59.4296875,42.3828125,31.3671875,28.2109375,39.453125,48.8828125,38.1640625,27.34375,25.9609375,31.3046875,42.4765625,47.0625,35.2265625,24.9765625
2004-11-03,112.1953125,89.5078125,80.6796875,69.4921875,54.2734375,43.078125,37.90625,36.875,41.1015625,46.546875,46.734375,64.953125,79.984375,72.7890625,71.4296875,59.4296875,42.3828125,31.3671875,28.2109375,39.453125,48.8828125,38.1640625,27.34375,25.9609375,31.3046875,42.4765625,47.0625,35.2265625,24.9765625,19.234375
2004-11-04,34.8828125,33.8046875,41.6953125,62.9921875,77.3984375,71.53125,72.953125,112.3671875,119.9765625,96.40625,82.0390625,64.8515625,57.4453125,64.9765625,99.484375,110.078125,97.3828125,91.7421875,95.3984375,97.453125,77.0546875,51.375,35.890625,28.3671875,23.359375,18.3828125,14.5546875,12.0625,11.953125,14.2421875
2004-11-05,33.8046875,41.6953125,62.9921875,77.3984375,71.53125,72.953125,112.3671875,119.9765625,96.40625,82.0390625,64.8515625,57.4453125,64.9765625,99.484375,110.078125,97.3828125,91.7421875,95.3984375,97.453125,77.0546875,51.375,35.890625,28.3671875,23.359375,18.3828125,14.5546875,12.0625,11.953125,14.2421875,13.5
2004-11-06,41.6953125,62.9921875,77.3984375,71.53125,72.953125,112.3671875,119.9765625,96.40625,82.0390625,64.8515625,57.4453125,64.9765625,99.484375,110.078125,97.3828125,91.7421875,95.3984375,97.453125,77.0546875,51.375,35.890625,28.3671875,23.359375,18.3828125,14.5546875,12.0625,11.953125,14.2421875,13.5,12.1171875
2004-11-07,39.46875,42.2890625,51.6015625,55.5625,51.546875,47.5234375,46.71875,54.78125,80.84375,86.4609375,84.6015625,94.6015625,75.6484375,54.2578125,40.390625,30.3203125,22.1484375,16.671875,14.171875,13.0625,13.734375,18.8125,23.0546875,20.0859375,16.140625,12.921875,10.6796875,9.2734375,8.0546875,7.25
2004-11-08,42.2890625,51.6015625,55.5625,51.546875,47.5234375,46.71875,54.78125,80.84375,86.4609375,84.6015625,94.6015625,75.6484375,54.2578125,40.390625,30.3203125,22.1484375,16.671875,14.171875,13.0625,13.734375,18.8125,23.0546875,20.0859375,16.140625,12.921875,10.6796875,9.2734375,8.0546875,7.25,6.3203125
2004-11-09,51.6015625,55.5625,51.546875,47.5234375,46.71875,54.78125,80.84375,86.4609375,84.6015625,94.6015625,75.6484375,54.2578125,40.390625,30.3203125,22.1484375,16.671875,14.171875,13.0625,13.734375,18.8125,23.0546875,20.0859375,16.140625,12.921875,10.6796875,9.2734375,8.0546875,7.25,6.3203125,5.96875
2004-11-10,55.5625,51.546875,47.5234375,46.71875,54.78125,80.84375,86.4609375,84.6015625,94.6015625,75.6484375,54.2578125,40.390625,30.3203125,22.1484375,16.671875,14.171875,13.0625,13.734375,18.8125,23.0546875,20.0859375,16.140625,12.921875,10.6796875,9.2734375,8.0546875,7.25,6.3203125,5.96875,6.484375
2004-11-11,65.3671875,54.8671875,43.359375,36.0625,59.0703125,80.1953125,74.9921875,101.9375,102.078125,69.171875,45.796875,32.265625,23.984375,18.8984375,15.3203125,12.671875,10.4921875,9.2421875,9.0078125,11.65625,14.6328125,14.59375,12.5078125,10.46875,8.625,7.0078125,5.8515625,5.1953125,4.7734375,4.6484375
2004-11-12,54.8671875,43.359375,36.0625,59.0703125,80.1953125,74.9921875,101.9375,102.078125,69.171875,45.796875,32.265625,23.984375,18.8984375,15.3203125,12.671875,10.4921875,9.2421875,9.0078125,11.65625,14.6328125,14.59375,12.5078125,10.46875,8.625,7.0078125,5.8515625,5.1953125,4.7734375,4.6484375,4.3046875
2004-11-13,43.359375,36.0625,59.0703125,80.1953125,74.9921875,101.9375,102.078125,69.171875,45.796875,32.265625,23.984375,18.8984375,15.3203125,12.671875,10.4921875,9.2421875,9.0078125,11.65625,14.6328125,14.59375,12.5078125,10.46875,8.625,7.0078125,5.8515625,5.1953125,4.7734375,4.6484375,4.3046875,4.0703125
2004-11-14,56.6171875,68.359375,60.4765625,53.5546875,48.078125,36.2890625,27.625,21.6640625,17.421875,14.359375,11.9140625,10.671875,10.25,9.4296875,8.4921875,7.5234375,7.078125,6.7421875,5.75,4.8671875,4.4765625,4.59375,4.4609375,4.3671875,4.28125,4.109375,4.40625,4.4296875,4.140625,3.8984375
2004-11-15,68.359375,60.4765625,53.5546875,48.078125,36.2890625,27.625,21.6640625,17.421875,14.359375,11.9140625,10.671875,10.25,9.4296875,8.4921875,7.5234375,7.078125,6.7421875,5.75,4.8671875,4.4765625,4.59375,4.4609375,4.3671875,4.28125,4.109375,4.40625,4.4296875,4.140625,3.8984375,3.6640625
2004-11-16,60.4765625,53.5546875,48.078125,36.2890625,27.625,21.6640625,17.421875,14.359375,11.9140625,10.671875,10.25,9.4296875,8.4921875,7.5234375,7.078125,6.7421875,5.75,4.8671875,4.4765625,4.59375,4.4609375,4.3671875,4.28125,4.109375,4.40625,4.4296875,4.140625,3.8984375,3.6640625,3.453125
2004-11-17,53.5546875,48.078125,36.2890625,27.625,21.6640625,17.421875,14.359375,11.9140625,10.671875,10.25,9.4296875,8.4921875,7.5234375,7.078125,6.7421875,5.75,4.8671875,4.4765625,4.59375,4.4609375,4.3671875,4.28125,4.109375,4.40625,4.4296875,4.140625,3.8984375,3.6640625,3.453125,3.6171875
2004-11-18,53.2890625,39.6640625,30.1796875,23.7578125,18.8984375,15.59375,13.140625,12.8203125,13.2734375,12.6328125,13.09375,10.96875,9.1796875,7.8359375,7.7421875,9.359375,11.3203125,13.578125,21.75,28.7734375,28.2265625,22.875,16.7421875,15.0,13.7578125,12.4140625,11.390625,11.140625,10.6171875,9.6953125
2004-11-19,39.6640625,30.1796875,23.7578125,18.8984375,15.59375,13.140625,12.8203125,13.2734375,12.6328125,13.09375,10.96875,9.1796875,7.8359375,7.7421875,9.359375,11.3203125,13.578125,21.75,28.7734375,28.2265625,22.875,16.7421875,15.0,13.7578125,12.4140625,11.390625,11.140625,10.6171875,9.6953125,10.078125
2004-11-20,30.1796875,23.7578125,18.8984375,15.59375,13.140625,12.8203125,13.2734375,12.6328125,13.09375,10.96875,9.1796875,7.8359375,7.7421875,9.359375,11.3203125,13.578125,21.75,28.7734375,28.2265625,22.875,16.7421875,15.0,13.7578125,12.4140625,11.390625,11.140625,10.6171875,9.6953125,10.078125,10.7578125
2004-11-21,23.8359375,19.5625,16.171875,14.8515625,15.8203125,15.796875,13.796875,11.578125,9.953125,8.515625,7.3125,7.8125,7.71875,7.09375,6.1015625,5.5625,4.8046875,3.9765625,3.6484375,3.46875,3.3046875,3.1640625,3.046875,2.9609375,2.875,2.8046875,2.75,2.859375,3.1484375,3.7734375
2004-11-22,19.5625,16.171875,14.8515625,15.8203125,15.796875,13.796875,11.578125,9.953125,8.515625,7.3125,7.8125,7.71875,7.09375,6.1015625,5.5625,4.8046875,3.9765625,3.6484375,3.46875,3.3046875,3.1640625,3.046875,2.9609375,2.875,2.8046875,2.75,2.859375,3.1484375,3.7734375,4.46875
2004-11-23,16.171875,14.8515625,15.8203125,15.796875,13.796875,11.578125,9.953125,8.515625,7.3125,7.8125,7.71875,7.09375,6.1015625,5.5625,4.8046875,3.9765625,3.6484375,3.46875,3.3046875,3.1640625,3.046875,2.9609375,2.875,2.8046875,2.75,2.859375,3.1484375,3.7734375,4.46875,4.9375
2004-11-24,14.8515625,15.8203125,15.796875,13.796875,11.578125,9.953125,8.515625,7.3125,7.8125,7.71875,7.09375,6.1015625,5.5625,4.8046875,3.9765625,3.6484375,3.46875,3.3046875,3.1640625,3.046875,2.9609375,2.875,2.8046875,2.75,2.859375,3.1484375,3.7734375,4.46875,4.9375,4.9375
2004-11-25,34.53125,61.671875,74.5546875,53.8359375,37.6640625,26.8203125,19.7578125,19.3984375,40.4140625,53.75,39.3046875,26.765625,32.1484375,45.4140625,37.9609375,26.609375,18.8515625,14.25,16.6796875,45.78125,80.8515625,73.9921875,56.1875,48.3046875,45.9140625,34.71875,24.953125,18.890625,27.3046875,41.203125
2004-11-26,61.671875,74.5546875,53.8359375,37.6640625,26.8203125,19.7578125,19.3984375,40.4140625,53.75,39.3046875,26.765625,32.1484375,45.4140625,37.9609375,26.609375,18.8515625,14.25,16.6796875,45.78125,80.8515625,73.9921875,56.1875,48.3046875,45.9140625,34.71875,24.953125,18.890625,27.3046875,41.203125,38.9296875
2004-11-27,74.5546875,53.8359375,37.6640625,26.8203125,19.7578125,19.3984375,40.4140625,53.75,39.3046875,26.765625,32.1484375,45.4140625,37.9609375,26.609375,18.8515625,14.25,16.6796875,45.78125,80.8515625,73.9921875,56.1875,48.3046875,45.9140625,34.71875,24.953125,18.890625,27.3046875,41.203125,38.9296875,40.640625
2004-11-28,22.1875,18.15625,14.8671875,12.1484375,10.3984375,9.6796875,9.515625,8.421875,7.125,6.171875,6.2578125,6.1171875,5.8203125,6.859375,8.53125,9.8046875,14.890625,22.90625,21.7734375,19.2578125,20.5,29.6328125,33.15625,30.9296875,30.9296875,26.0390625,21.1328125,16.578125,13.4765625,11.2265625
2004-11-29,18.15625,14.8671875,12.1484375,10.3984375,9.6796875,9.515625,8.421875,7.125,6.171875,6.2578125,6.1171875,5.8203125,6.859375,8.53125,9.8046875,14.890625,22.90625,21.7734375,19.2578125,20.5,29.6328125,33.15625,30.9296875,30.9296875,26.0390625,21.1328125,16.578125,13.4765625,11.2265625,9.6015625
2004-11-30,14.8671875,12.1484375,10.3984375,9.6796875,9.515625,8.421875,7.125,6.171875,6.2578125,6.1171875,5.8203125,6.859375,8.53125,9.8046875,14.890625,22.90625,21.7734375,19.2578125,20.5,29.6328125,33.15625,30.9296875,30.9296875,26.0390625,21.1328125,16.578125,13.4765625,11.2265625,9.6015625,12.0703125
2004-12-01,12.1484375,10.3984375,9.6796875,9.515625,8.421875,7.125,6.171875,6.2578125,6.1171875,5.8203125,6.859375,8.53125,9.8046875,14.890625,22.90625,21.7734375,19.2578125,20.5,29.6328125,33.15625,30.9296875,30.9296875,26.0390625,21.1328125,16.578125,13.4765625,11.2265625,9.6015625,12.0703125,18.7109375
2004-12-02,10.7578125,10.328125,9.796875,9.40625,8.25,7.140625,6.390625,5.5078125,4.8046875,4.1640625,3.8125,3.6953125,3.84375,5.1953125,7.359375,10.3203125,16.421875,17.734375,14.703125,11.46875,9.8203125,9.0859375,8.53125,15.8203125,29.2421875,27.453125,23.796875,18.65625,14.5,11.3359375
2004-12-03,10.328125,9.796875,9.40625,8.25,7.140625,6.390625,5.5078125,4.8046875,4.1640625,3.8125,3.6953125,3.84375,5.1953125,7.359375,10.3203125,16.421875,17.734375,14.703125,11.46875,9.8203125,9.0859375,8.53125,15.8203125,29.2421875,27.453125,23.796875,18.65625,14.5,11.3359375,9.6015625
2004-12-04,9.796875,9.40625,8.25,7.140625,6.390625,5.5078125,4.8046875,4.1640625,3.8125,3.6953125,3.84375,5.1953125,7.359375,10.3203125,16.421875,17.734375,14.703125,11.46875,9.8203125,9.0859375,8.53125,15.8203125,29.2421875,27.453125,23.796875,18.65625,14.5,11.3359375,9.6015625,9.0546875
2004-12-05,9.0859375,7.8125,6.4609375,5.34375,4.796875,3.9609375,4.9140625,5.25,5.5546875,5.8828125,5.8203125,5.609375,29.015625,157.9375,185.7578125,163.9765625,129.359375,79.40625,50.0390625,33.359375,23.78125,17.9765625,14.1796875,12.703125,9.9765625,8.1328125,7.0625,6.40625,5.9140625,5.546875
2004-12-06,7.8125,6.4609375,5.34375,4.796875,3.9609375,4.9140625,5.25,5.5546875,5.8828125,5.8203125,5.609375,29.015625,157.9375,185.7578125,163.9765625,129.359375,79.40625,50.0390625,33.359375,23.78125,17.9765625,14.1796875,12.703125,9.9765625,8.1328125,7.0625,6.40625,5.9140625,5.546875,5.484375
2004-12-07,6.4609375,5.34375,4.796875,3.9609375,4.9140625,5.25,5.5546875,5.8828125,5.8203125,5.609375,29.015625,157.9375,185.7578125,163.9765625,129.359375,79.40625,50.0390625,33.359375,23.78125,17.9765625,14.1796875,12.703125,9.9765625,8.1328125,7.0625,6.40625,5.9140625,5.546875,5.484375,5.171875
2004-12-08,5.34375,4.796875,3.9609375,4.9140625,5.25,5.5546875,5.8828125,5.8203125,5.609375,29.015625,157.9375,185.7578125,163.9765625,129.359375,79.40625,50.0390625,33.359375,23.78125,17.9765625,14.1796875,12.703125,9.9765625,8.1328125,7.0625,6.40625,5.9140625,5.546875,5.484375,5.171875,4.8828125
2004-12-09,4.8515625,4.8046875,4.1875,3.4921875,3.21875,3.203125,3.1484375,3.1953125,3.2109375,3.3046875,3.3203125,3.1953125,3.125,3.09375,3.0859375,3.1875,3.3125,3.703125,4.3125,4.953125,5.6640625,6.890625,6.7734375,6.078125,6.3828125,5.5546875,4.7890625,3.9609375,3.359375,3.1171875
2004-12-10,4.8046875,4.1875,3.4921875,3.21875,3.203125,3.1484375,3.1953125,3.2109375,3.3046875,3.3203125,3.1953125,3.125,3.09375,3.0859375,3.1875,3.3125,3.703125,4.3125,4.953125,5.6640625,6.890625,6.7734375,6.078125,6.3828125,5.5546875,4.7890625,3.9609375,3.359375,3.1171875,2.96875
2004-12-11,4.1875,3.4921875,3.21875,3.203125,3.1484375,3.1953125,3.2109375,3.3046875,3.3203125,3.1953125,3.125,3.09375,3.0859375,3.1875,3.3125,3.703125,4.3125,4.953125,5.6640625,6.890625,6.7734375,6.078125,6.3828125,5.5546875,4.7890625,3.9609375,3.359375,3.1171875,2.96875,2.875
2004-12-12,3.4453125,3.2109375,3.2265625,3.1171875,3.0859375,3.1328125,3.1484375,3.25,3.296875,3.328125,3.3984375,3.390625,3.28125,3.1875,2.7578125,2.609375,2.6171875,3.640625,5.3046875,6.0390625,7.59375,12.1796875,13.25,12.7421875,12.65625,11.203125,8.75,6.6796875,5.1796875,4.4609375
2004-12-13,3.2109375,3.2265625,3.1171875,3.0859375,3.1328125,3.1484375,3.25,3.296875,3.328125,3.3984375,3.390625,3.28125,3.1875,2.7578125,2.609375,2.6171875,3.640625,5.3046875,6.0390625,7.59375,12.1796875,13.25,12.7421875,12.65625,11.203125,8.75,6.6796875,5.1796875,4.4609375,4.3046875
2004-12-14,3.2265625,3.1171875,3.0859375,3.1328125,3.1484375,3.25,3.296875,3.328125,3.3984375,3.390625,3.28125,3.1875,2.7578125,2.609375,2.6171875,3.640625,5.3046875,6.0390625,7.59375,12.1796875,13.25,12.7421875,12.65625,11.203125,8.75,6.6796875,5.1796875,4.4609375,4.3046875,4.0
2004-12-15,3.1171875,3.0859375,3.1328125,3.1484375,3.25,3.296875,3.328125,3.3984375,3.390625,3.28125,3.1875,2.7578125,2.609375,2.6171875,3.640625,5.3046875,6.0390625,7.59375,12.1796875,13.25,12.7421875,12.65625,11.203125,8.75,6.6796875,5.1796875,4.4609375,4.3046875,4.0,3.6875
2004-12-16,3.328125,3.3203125,3.453125,3.4375,3.640625,3.8671875,3.9921875,4.1640625,4.5,5.3515625,7.0703125,7.875,7.34375,6.6015625,5.875,5.765625,5.5234375,4.96875,4.515625,4.3125,4.2578125,4.0234375,3.96875,5.609375,8.9375,9.7109375,9.0625,8.4296875,7.9140625,7.5390625
2004-12-17,3.3203125,3.453125,3.4375,3.640625,3.8671875,3.9921875,4.1640625,4.5,5.3515625,7.0703125,7.875,7.34375,6.6015625,5.875,5.765625,5.5234375,4.96875,4.515625,4.3125,4.2578125,4.0234375,3.96875,5.609375,8.9375,9.7109375,9.0625,8.4296875,7.9140625,7.5390625,7.234375
2004-12-18,3.453125,3.4375,3.640625,3.8671875,3.9921875,4.1640625,4.5,5.3515625,7.0703125,7.875,7.34375,6.6015625,5.875,5.765625,5.5234375,4.96875,4.515625,4.3125,4.2578125,4.0234375,3.96875,5.609375,8.9375,9.7109375,9.0625,8.4296875,7.9140625,7.5390625,7.234375,7.7890625
2004-12-19,3.3203125,3.3828125,3.359375,3.3515625,3.1015625,2.90625,2.9296875,3.0703125,2.96875,2.78125,2.6640625,2.734375,3.1640625,3.34375,4.296875,6.796875,8.625,11.5078125,14.2265625,12.4453125,9.9765625,8.046875,6.875,6.03125,5.2890625,4.953125,4.328125,3.734375,4.7109375,7.359375
2004-12-20,3.3828125,3.359375,3.3515625,3.1015625,2.90625,2.9296875,3.0703125,2.96875,2.78125,2.6640625,2.734375,3.1640625,3.34375,4.296875,6.796875,8.625,11.5078125,14.2265625,12.4453125,9.9765625,8.046875,6.875,6.03125,5.2890625,4.953125,4.328125,3.734375,4.7109375,7.359375,8.3359375
2004-12-21,3.359375,3.3515625,3.1015625,2.90625,2.9296875,3.0703125,2.96875,2.78125,2.6640625,2.734375,3.1640625,3.34375,4.296875,6.796875,8.625,11.5078125,14.2265625,12.4453125,9.9765625,8.046875,6.875,6.03125,5.2890625,4.953125,4.328125,3.734375,4.7109375,7.359375,8.3359375,7.328125
2004-12-22,3.3515625,3.1015625,2.90625,2.9296875,3.0703125,2.96875,2.78125,2.6640625,2.734375,3.1640625,3.34375,4.296875,6.796875,8.625,11.5078125,14.2265625,12.4453125,9.9765625,8.046875,6.875,6.03125,5.2890625,4.953125,4.328125,3.734375,4.7109375,7.359375,8.3359375,7.328125,6.234375
2004-12-23,5.6640625,5.34375,4.875,4.4609375,4.1875,3.796875,3.421875,3.140625,2.9140625,2.8125,2.75,2.8046875,2.796875,2.625,2.546875,2.5,2.46875,2.4375,2.4140625,2.3828125,2.34375,2.3203125,2.3046875,2.2890625,2.3125,3.1875,7.4375,10.3515625,10.25,8.9921875
2004-12-24,5.34375,4.875,4.4609375,4.1875,3.796875,3.421875,3.140625,2.9140625,2.8125,2.75,2.8046875,2.796875,2.625,2.546875,2.5,2.46875,2.4375,2.4140625,2.3828125,2.34375,2.3203125,2.3046875,2.2890625,2.3125,3.1875,7.4375,10.3515625,10.25,8.9921875,7.890625
2004-12-25,4.875,4.4609375,4.1875,3.796875,3.421875,3.140625,2.9140625,2.8125,2.75,2.8046875,2.796875,2.625,2.546875,2.5,2.46875,2.4375,2.4140625,2.3828125,2.34375,2.3203125,2.3046875,2.2890625,2.3125,3.1875,7.4375,10.3515625,10.25,8.9921875,7.890625,7.7890625
2004-12-26,4.5078125,4.328125,3.703125,3.4609375,3.2578125,2.8671875,2.71875,2.7109375,2.7578125,2.6796875,2.5546875,2.5078125,2.5078125,2.4609375,2.625,2.640625,2.6015625,2.921875,2.8515625,3.265625,6.0703125,11.265625,15.46875,17.7109375,15.328125,11.9921875,9.5078125,8.203125,7.15625,6.109375
2004-12-27,4.328125,3.703125,3.4609375,3.2578125,2.8671875,2.71875,2.7109375,2.7578125,2.6796875,2.5546875,2.5078125,2.5078125,2.4609375,2.625,2.640625,2.6015625,2.921875,2.8515625,3.265625,6.0703125,11.265625,15.46875,17.7109375,15.328125,11.9921875,9.5078125,8.203125,7.15625,6.109375,5.3203125
2004-12-28,3.703125,3.4609375,3.2578125,2.8671875,2.71875,2.7109375,2.7578125,2.6796875,2.5546875,2.5078125,2.5078125,2.4609375,2.625,2.640625,2.6015625,2.921875,2.8515625,3.265625,6.0703125,11.265625,15.46875,17.7109375,15.328125,11.9921875,9.5078125,8.203125,7.15625,6.109375,5.3203125,5.046875
2004-12-29,3.4609375,3.2578125,2.8671875,2.71875,2.7109375,2.7578125,2.6796875,2.5546875,2.5078125,2.5078125,2.4609375,2.625,2.640625,2.6015625,2.921875,2.8515625,3.265625,6.0703125,11.265625,15.46875,17.7109375,15.328125,11.9921875,9.5078125,8.203125,7.15625,6.109375,5.3203125,5.046875,6.3984375
2004-12-30,3.2421875,2.921875,2.7890625,2.7578125,2.734375,2.6640625,2.6015625,2.5625,2.5234375,2.484375,2.453125,2.421875,2.40625,2.4140625,2.765625,3.421875,4.046875,4.75,4.953125,4.5234375,4.1640625,4.515625,5.5625,8.7734375,15.609375,20.59375,20.6015625,18.5,19.203125,20.390625
2004-12-31,2.921875,2.7890625,2.7578125,2.734375,2.6640625,2.6015625,2.5625,2.5234375,2.484375,2.453125,2.421875,2.40625,2.4140625,2.765625,3.421875,4.046875,4.75,4.953125,4.5234375,4.1640625,4.515625,5.5625,8.7734375,15.609375,20.59375,20.6015625,18.5,19.203125,20.390625,18.421875
2005-01-01,2.7890625,2.7578125,2.734375,2.6640625,2.6015625,2.5625,2.5234375,2.484375,2.453125,2.421875,2.40625,2.4140625,2.765625,3.421875,4.046875,4.75,4.953125,4.5234375,4.1640625,4.515625,5.5625,8.7734375,15.609375,20.59375,20.6015625,18.5,19.203125,20.390625,18.421875,17.296875
2005-01-02,2.7578125,2.734375,2.6640625,2.6015625,2.5625,2.5234375,2.484375,2.453125,2.421875,2.40625,2.4140625,2.765625,3.421875,4.046875,4.75,4.953125,4.5234375,4.1640625,4.515625,5.5625,8.7734375,15.609375,20.59375,20.6015625,18.5,19.203125,20.390625,18.421875,17.296875,15.140625
2005-01-03,2.65625,2.609375,2.5703125,2.5390625,2.5859375,2.8203125,2.796875,2.9140625,3.1171875,3.4375,4.796875,7.71875,10.4765625,10.484375,9.0625,7.5546875,6.7890625,6.2265625,5.9609375,5.984375,6.2109375,10.9140625,21.859375,21.7578125,17.9296875,17.609375,18.84375,19.890625,22.453125,24.828125
2005-01-04,2.609375,2.5703125,2.5390625,2.5859375,2.8203125,2.796875,2.9140625,3.1171875,3.4375,4.796875,7.71875,10.4765625,10.484375,9.0625,7.5546875,6.7890625,6.2265625,5.9609375,5.984375,6.2109375,10.9140625,21.859375,21.7578125,17.9296875,17.609375,18.84375,19.890625,22.453125,24.828125,22.609375
2005-01-05,2.5703125,2.5390625,2.5859375,2.8203125,2.796875,2.9140625,3.1171875,3.4375,4.796875,7.71875,10.4765625,10.484375,9.0625,7.5546875,6.7890625,6.2265625,5.9609375,5.984375,6.2109375,10.9140625,21.859375,21.7578125,17.9296875,17.609375,18.84375,19.890625,22.453125,24.828125,22.609375,18.96875
2005-01-06,2.5390625,2.5859375,2.8203125,2.796875,2.9140625,3.1171875,3.4375,4.796875,7.71875,10.4765625,10.484375,9.0625,7.5546875,6.7890625,6.2265625,5.9609375,5.984375,6.2109375,10.9140625,21.859375,21.7578125,17.9296875,17.609375,18.84375,19.890625,22.453125,24.828125,22.609375,18.96875,15.171875
2005-01-07,2.6015625,2.4921875,2.46875,2.484375,2.46875,2.5078125,2.9765625,3.8046875,4.5703125,5.5703125,5.15625,4.6328125,4.359375,4.234375,3.9375,3.828125,3.2734375,2.9765625,2.859375,2.796875,2.765625,2.796875,3.078125,4.09375,4.984375,5.984375,7.734375,9.46875,9.75,8.84375
2005-01-08,2.4921875,2.46875,2.484375,2.46875,2.5078125,2.9765625,3.8046875,4.5703125,5.5703125,5.15625,4.6328125,4.359375,4.234375,3.9375,3.828125,3.2734375,2.9765625,2.859375,2.796875,2.765625,2.796875,3.078125,4.09375,4.984375,5.984375,7.734375,9.46875,9.75,8.84375,8.390625
2005-01-09,2.46875,2.484375,2.46875,2.5078125,2.9765625,3.8046875,4.5703125,5.5703125,5.15625,4.6328125,4.359375,4.234375,3.9375,3.828125,3.2734375,2.9765625,2.859375,2.796875,2.765625,2.796875,3.078125,4.09375,4.984375,5.984375,7.734375,9.46875,9.75,8.84375,8.390625,9.484375
2005-01-10,2.703125,2.7109375,2.984375,3.0703125,3.1640625,3.3671875,3.4453125,3.25,2.9140625,2.734375,2.6484375,2.578125,2.5390625,2.703125,2.6640625,2.4921875,2.5859375,3.015625,3.3203125,3.640625,3.6875,3.78125,3.953125,3.734375,3.515625,3.65625,4.234375,4.515625,4.671875,4.609375
2005-01-11,2.7109375,2.984375,3.0703125,3.1640625,3.3671875,3.4453125,3.25,2.9140625,2.734375,2.6484375,2.578125,2.5390625,2.703125,2.6640625,2.4921875,2.5859375,3.015625,3.3203125,3.640625,3.6875,3.78125,3.953125,3.734375,3.515625,3.65625,4.234375,4.515625,4.671875,4.609375,4.28125
2005-01-12,2.984375,3.0703125,3.1640625,3.3671875,3.4453125,3.25,2.9140625,2.734375,2.6484375,2.578125,2.5390625,2.703125,2.6640625,2.4921875,2.5859375,3.015625,3.3203125,3.640625,3.6875,3.78125,3.953125,3.734375,3.515625,3.65625,4.234375,4.515625,4.671875,4.609375,4.28125,4.171875
2005-01-13,3.0703125,3.1640625,3.3671875,3.4453125,3.25,2.9140625,2.734375,2.6484375,2.578125,2.5390625,2.703125,2.6640625,2.4921875,2.5859375,3.015625,3.3203125,3.640625,3.6875,3.78125,3.953125,3.734375,3.515625,3.65625,4.234375,4.515625,4.671875,4.609375,4.28125,4.171875,3.96875
2005-01-14,19.78125,47.9375,38.5390625,26.9765625,19.1953125,14.1171875,10.625,8.3515625,6.8046875,5.8671875,5.421875,4.7109375,9.640625,25.625,26.46875,20.7109375,16.2109375,11.5,8.375,6.65625,5.921875,4.9375,4.28125,4.328125,3.59375,3.265625,4.265625,4.390625,4.109375,8.15625
2005-01-15,47.9375,38.5390625,26.9765625,19.1953125,14.1171875,10.625,8.3515625,6.8046875,5.8671875,5.421875,4.7109375,9.640625,25.625,26.46875,20.7109375,16.2109375,11.5,8.375,6.65625,5.921875,4.9375,4.28125,4.328125,3.59375,3.265625,4.265625,4.390625,4.109375,8.15625,28.25
2005-01-16,38.5390625,26.9765625,19.1953125,14.1171875,10.625,8.3515625,6.8046875,5.8671875,5.421875,4.7109375,9.640625,25.625,26.46875,20.7109375,16.2109375,11.5,8.375,6.65625,5.921875,4.9375,4.28125,4.328125,3.59375,3.265625,4.265625,4.390625,4.109375,8.15625,28.25,42.65625
2005-01-17,19.5078125,21.890625,17.953125,13.859375,10.765625,9.2265625,8.9765625,10.9375,10.7578125,9.609375,23.3828125,50.96875,48.0,43.9375,41.390625,37.109375,29.8125,21.703125,15.8125,11.9375,9.515625,7.453125,5.4375,4.25,4.015625,3.78125,3.71875,3.25,3.03125,2.921875
2005-01-18,21.890625,17.953125,13.859375,10.765625,9.2265625,8.9765625,10.9375,10.7578125,9.609375,23.3828125,50.96875,48.0,43.9375,41.390625,37.109375,29.8125,21.703125,15.8125,11.9375,9.515625,7.453125,5.4375,4.25,4.015625,3.78125,3.71875,3.25,3.03125,2.921875,2.90625
2005-01-19,17.953125,13.859375,10.765625,9.2265625,8.9765625,10.9375,10.7578125,9.609375,23.3828125,50.96875,48.0,43.9375,41.390625,37.109375,29.8125,21.703125,15.8125,11.9375,9.515625,7.453125,5.4375,4.25,4.015625,3.78125,3.71875,3.25,3.03125,2.921875,2.90625,2.75
2005-01-20,13.859375,10.765625,9.2265625,8.9765625,10.9375,10.7578125,9.609375,23.3828125,50.96875,48.0,43.9375,41.390625,37.109375,29.8125,21.703125,15.8125,11.9375,9.515625,7.453125,5.4375,4.25,4.015625,3.78125,3.71875,3.25,3.03125,2.921875,2.90625,2.75,2.609375
2005-01-21,11.421875,9.0390625,7.390625,6.3203125,5.8671875,5.7421875,6.0,6.28125,8.3125,12.296875,13.921875,14.3125,12.296875,10.046875,8.640625,7.078125,5.8125,4.8125,4.015625,3.640625,3.5,3.75,3.875,3.421875,2.984375,2.953125,3.046875,3.03125,3.03125,3.515625
2005-01-22,9.0390625,7.390625,6.3203125,5.8671875,5.7421875,6.0,6.28125,8.3125,12.296875,13.921875,14.3125,12.296875,10.046875,8.640625,7.078125,5.8125,4.8125,4.015625,3.640625,3.5,3.75,3.875,3.421875,2.984375,2.953125,3.046875,3.03125,3.03125,3.515625,4.40625
2005-01-23,7.390625,6.3203125,5.8671875,5.7421875,6.0,6.28125,8.3125,12.296875,13.921875,14.3125,12.296875,10.046875,8.640625,7.078125,5.8125,4.8125,4.015625,3.640625,3.5,3.75,3.875,3.421875,2.984375,2.953125,3.046875,3.03125,3.03125,3.515625,4.40625,4.6875
2005-01-24,6.65625,6.4921875,6.3125,6.7265625,7.40625,8.125,9.78125,12.28125,12.453125,11.953125,10.15625,8.453125,7.453125,7.296875,6.484375,5.484375,4.734375,4.484375,4.390625,4.8125,6.65625,6.921875,6.328125,5.640625,4.828125,4.25,3.953125,4.1875,4.71875,5.4375
2005-01-25,6.4921875,6.3125,6.7265625,7.40625,8.125,9.78125,12.28125,12.453125,11.953125,10.15625,8.453125,7.453125,7.296875,6.484375,5.484375,4.734375,4.484375,4.390625,4.8125,6.65625,6.921875,6.328125,5.640625,4.828125,4.25,3.953125,4.1875,4.71875,5.4375,7.90625
2005-01-26,6.3125,6.7265625,7.40625,8.125,9.78125,12.28125,12.453125,11.953125,10.15625,8.453125,7.453125,7.296875,6.484375,5.484375,4.734375,4.484375,4.390625,4.8125,6.65625,6.921875,6.328125,5.640625,4.828125,4.25,3.953125,4.1875,4.71875,5.4375,7.90625,13.484375
2005-01-27,6.7265625,7.40625,8.125,9.78125,12.28125,12.453125,11.953125,10.15625,8.453125,7.453125,7.296875,6.484375,5.484375,4.734375,4.484375,4.390625,4.8125,6.65625,6.921875,6.328125,5.640625,4.828125,4.25,3.953125,4.1875,4.71875,5.4375,7.90625,13.484375,15.8125
2005-01-28,7.84375,13.375,19.671875,25.203125,21.859375,17.0625,13.1875,10.484375,8.59375,7.75,7.609375,6.921875,6.546875,7.125,10.796875,18.265625,17.828125,13.96875,10.765625,8.4375,7.375,8.21875,10.3125,11.828125,14.6875,17.828125,15.234375,11.984375,9.859375,8.984375
2005-01-29,13.375,19.671875,25.203125,21.859375,17.0625,13.1875,10.484375,8.59375,7.75,7.609375,6.921875,6.546875,7.125,10.796875,18.265625,17.828125,13.96875,10.765625,8.4375,7.375,8.21875,10.3125,11.828125,14.6875,17.828125,15.234375,11.984375,9.859375,8.984375,10.390625
2005-01-30,19.671875,25.203125,21.859375,17.0625,13.1875,10.484375,8.59375,7.75,7.609375,6.921875,6.546875,7.125,10.796875,18.265625,17.828125,13.96875,10.765625,8.4375,7.375,8.21875,10.3125,11.828125,14.6875,17.828125,15.234375,11.984375,9.859375,8.984375,10.390625,12.75
2005-01-31,5.5,5.34375,5.078125,5.171875,4.609375,4.140625,3.8125,3.828125,4.171875,3.828125,3.890625,5.03125,9.0625,10.59375,9.234375,7.578125,5.984375,5.25,5.0,5.078125,5.234375,4.828125,5.109375,6.265625,7.8125,7.703125,7.203125,7.640625,8.03125,8.109375
2005-02-01,5.34375,5.078125,5.171875,4.609375,4.140625,3.8125,3.828125,4.171875,3.828125,3.890625,5.03125,9.0625,10.59375,9.234375,7.578125,5.984375,5.25,5.0,5.078125,5.234375,4.828125,5.109375,6.265625,7.8125,7.703125,7.203125,7.640625,8.03125,8.109375,7.1875
2005-02-02,5.078125,5.171875,4.609375,4.140625,3.8125,3.828125,4.171875,3.828125,3.890625,5.03125,9.0625,10.59375,9.234375,7.578125,5.984375,5.25,5.0,5.078125,5.234375,4.828125,5.109375,6.265625,7.8125,7.703125,7.203125,7.640625,8.03125,8.109375,7.1875,6.109375
2005-02-03,5.171875,4.609375,4.140625,3.8125,3.828125,4.171875,3.828125,3.890625,5.03125,9.0625,10.59375,9.234375,7.578125,5.984375,5.25,5.0,5.078125,5.234375,4.828125,5.109375,6.265625,7.8125,7.703125,7.203125,7.640625,8.03125,8.109375,7.1875,6.109375,6.109375
2005-02-04,5.9375,5.53125,4.78125,4.15625,3.8125,3.703125,3.625,3.640625,3.4375,3.15625,3.484375,3.5,3.390625,3.34375,3.25,3.484375,4.203125,4.578125,4.4375,4.09375,4.5,8.59375,16.046875,15.09375,11.890625,8.859375,6.40625,4.859375,4.171875,4.078125
2005-02-05,5.53125,4.78125,4.15625,3.8125,3.703125,3.625,3.640625,3.4375,3.15625,3.484375,3.5,3.390625,3.34375,3.25,3.484375,4.203125,4.578125,4.4375,4.09375,4.5,8.59375,16.046875,15.09375,11.890625,8.859375,6.40625,4.859375,4.171875,4.078125,4.765625
2005-02-06,4.78125,4.15625,3.8125,3.703125,3.625,3.640625,3.4375,3.15625,3.484375,3.5,3.390625,3.34375,3.25,3.484375,4.203125,4.578125,4.4375,4.09375,4.5,8.59375,16.046875,15.09375,11.890625,8.859375,6.40625,4.859375,4.171875,4.078125,4.765625,6.796875
2005-02-07,4.0,3.875,3.5625,3.25,2.96875,2.90625,3.1875,3.375,4.046875,4.828125,4.953125,4.796875,4.59375,4.671875,4.671875,4.421875,4.34375,4.265625,4.046875,4.390625,5.453125,6.109375,6.96875,8.21875,8.515625,7.359375,6.171875,5.3125,4.53125,4.3125
2005-02-08,3.875,3.5625,3.25,2.96875,2.90625,3.1875,3.375,4.046875,4.828125,4.953125,4.796875,4.59375,4.671875,4.671875,4.421875,4.34375,4.265625,4.046875,4.390625,5.453125,6.109375,6.96875,8.21875,8.515625,7.359375,6.171875,5.3125,4.53125,4.3125,5.015625
2005-02-09,3.5625,3.25,2.96875,2.90625,3.1875,3.375,4.046875,4.828125,4.953125,4.796875,4.59375,4.671875,4.671875,4.421875,4.34375,4.265625,4.046875,4.390625,5.453125,6.109375,6.96875,8.21875,8.515625,7.359375,6.171875,5.3125,4.53125,4.3125,5.015625,6.890625
2005-02-10,3.25,2.96875,2.90625,3.1875,3.375,4.046875,4.828125,4.953125,4.796875,4.59375,4.671875,4.671875,4.421875,4.34375,4.265625,4.046875,4.390625,5.453125,6.109375,6.96875,8.21875,8.515625,7.359375,6.171875,5.3125,4.53125,4.3125,5.015625,6.890625,8.046875
2005-02-11,3.0,2.859375,2.734375,2.921875,3.9375,5.25,6.34375,8.609375,10.59375,9.671875,7.90625,6.515625,5.1875,4.453125,4.125,3.5,3.03125,2.9375,2.953125,3.140625,3.34375,3.171875,3.015625,2.875,2.71875,2.625,2.734375,3.0,3.109375,3.15625
2005-02-12,2.859375,2.734375,2.921875,3.9375,5.25,6.34375,8.609375,10.59375,9.671875,7.90625,6.515625,5.1875,4.453125,4.125,3.5,3.03125,2.9375,2.953125,3.140625,3.34375,3.171875,3.015625,2.875,2.71875,2.625,2.734375,3.0,3.109375,3.15625,3.171875
2005-02-13,2.734375,2.921875,3.9375,5.25,6.34375,8.609375,10.59375,9.671875,7.90625,6.515625,5.1875,4.453125,4.125,3.5,3.03125,2.9375,2.953125,3.140625,3.34375,3.171875,3.015625,2.875,2.71875,2.625,2.734375,3.0,3.109375,3.15625,3.171875,3.234375
2005-02-14,2.75,3.140625,3.796875,3.859375,4.03125,4.6875,5.546875,6.734375,6.921875,6.328125,5.84375,6.046875,6.234375,5.875,5.40625,7.234375,18.09375,28.0,30.28125,28.96875,24.609375,20.75,16.546875,12.59375,9.375,8.9375,14.09375,20.171875,18.640625,16.015625
2005-02-15,3.140625,3.796875,3.859375,4.03125,4.6875,5.546875,6.734375,6.921875,6.328125,5.84375,6.046875,6.234375,5.875,5.40625,7.234375,18.09375,28.0,30.28125,28.96875,24.609375,20.75,16.546875,12.59375,9.375,8.9375,14.09375,20.171875,18.640625,16.015625,14.65625
2005-02-16,3.796875,3.859375,4.03125,4.6875,5.546875,6.734375,6.921875,6.328125,5.84375,6.046875,6.234375,5.875,5.40625,7.234375,18.09375,28.0,30.28125,28.96875,24.609375,20.75,16.546875,12.59375,9.375,8.9375,14.09375,20.171875,18.640625,16.015625,14.65625,13.8125
2005-02-17,3.859375,4.03125,4.6875,5.546875,6.734375,6.921875,6.328125,5.84375,6.046875,6.234375,5.875,5.40625,7.234375,18.09375,28.0,30.28125,28.96875,24.609375,20.75,16.546875,12.59375,9.375,8.9375,14.09375,20.171875,18.640625,16.015625,14.65625,13.8125,14.0
2005-02-18,3.015625,2.921875,3.15625,4.21875,5.0625,5.5,5.78125,5.671875,5.328125,4.84375,4.65625,5.515625,5.09375,5.4375,6.96875,8.046875,8.234375,7.53125,7.4375,9.359375,11.765625,12.765625,13.046875,11.234375,8.8125,6.71875,5.265625,4.234375,3.859375,4.59375
2005-02-19,2.921875,3.15625,4.21875,5.0625,5.5,5.78125,5.671875,5.328125,4.84375,4.65625,5.515625,5.09375,5.4375,6.96875,8.046875,8.234375,7.53125,7.4375,9.359375,11.765625,12.765625,13.046875,11.234375,8.8125,6.71875,5.265625,4.234375,3.859375,4.59375,5.359375
2005-02-20,3.15625,4.21875,5.0625,5.5,5.78125,5.671875,5.328125,4.84375,4.65625,5.515625,5.09375,5.4375,6.96875,8.046875,8.234375,7.53125,7.4375,9.359375,11.765625,12.765625,13.046875,11.234375,8.8125,6.71875,5.265625,4.234375,3.859375,4.59375,5.359375,12.28125
2005-02-21,5.453125,5.671875,5.359375,5.640625,6.109375,7.453125,7.265625,6.453125,7.09375,9.03125,9.28125,17.65625,36.984375,36.65625,26.75,18.59375,13.890625,11.21875,9.09375,8.21875,7.65625,7.09375,6.703125,5.796875,5.1875,5.25,6.90625,18.34375,38.1875,50.0625
2005-02-22,5.671875,5.359375,5.640625,6.109375,7.453125,7.265625,6.453125,7.09375,9.03125,9.28125,17.65625,36.984375,36.65625,26.75,18.59375,13.890625,11.21875,9.09375,8.21875,7.65625,7.09375,6.703125,5.796875,5.1875,5.25,6.90625,18.34375,38.1875,50.0625,49.9375
2005-02-23,5.359375,5.640625,6.109375,7.453125,7.265625,6.453125,7.09375,9.03125,9.28125,17.65625,36.984375,36.65625,26.75,18.59375,13.890625,11.21875,9.09375,8.21875,7.65625,7.09375,6.703125,5.796875,5.1875,5.25,6.90625,18.34375,38.1875,50.0625,49.9375,35.59375
2005-02-24,5.640625,6.109375,7.453125,7.265625,6.453125,7.09375,9.03125,9.28125,17.65625,36.984375,36.65625,26.75,18.59375,13.890625,11.21875,9.09375,8.21875,7.65625,7.09375,6.703125,5.796875,5.1875,5.25,6.90625,18.34375,38.1875,50.0625,49.9375,35.59375,24.125
2005-02-25,5.3125,4.609375,4.515625,4.609375,4.078125,3.9375,3.703125,3.546875,3.84375,3.703125,3.484375,3.171875,3.1875,2.890625,2.8125,2.84375,3.15625,4.046875,4.609375,4.34375,3.875,3.578125,3.953125,4.953125,5.578125,6.5,7.03125,11.890625,21.375,19.015625
2005-02-26,4.609375,4.515625,4.609375,4.078125,3.9375,3.703125,3.546875,3.84375,3.703125,3.484375,3.171875,3.1875,2.890625,2.8125,2.84375,3.15625,4.046875,4.609375,4.34375,3.875,3.578125,3.953125,4.953125,5.578125,6.5,7.03125,11.890625,21.375,19.015625,14.703125
2005-02-27,4.515625,4.609375,4.078125,3.9375,3.703125,3.546875,3.84375,3.703125,3.484375,3.171875,3.1875,2.890625,2.8125,2.84375,3.15625,4.046875,4.609375,4.34375,3.875,3.578125,3.953125,4.953125,5.578125,6.5,7.03125,11.890625,21.375,19.015625,14.703125,11.65625
2005-02-28,4.234375,4.984375,5.015625,5.03125,4.25,3.625,3.28125,2.984375,2.765625,2.625,2.515625,2.515625,2.40625,2.328125,2.3125,2.546875,3.25,4.03125,16.046875,36.21875,28.453125,19.71875,14.875,12.90625,12.9375,14.109375,13.1875,10.8125,9.03125,8.25
2005-03-01,4.984375,5.015625,5.03125,4.25,3.625,3.28125,2.984375,2.765625,2.625,2.515625,2.515625,2.40625,2.328125,2.3125,2.546875,3.25,4.03125,16.046875,36.21875,28.453125,19.71875,14.875,12.90625,12.9375,14.109375,13.1875,10.8125,9.03125,8.25,9.09375
2005-03-02,5.015625,5.03125,4.25,3.625,3.28125,2.984375,2.765625,2.625,2.515625,2.515625,2.40625,2.328125,2.3125,2.546875,3.25,4.03125,16.046875,36.21875,28.453125,19.71875,14.875,12.90625,12.9375,14.109375,13.1875,10.8125,9.03125,8.25,9.09375,10.65625
2005-03-03,5.03125,4.25,3.625,3.28125,2.984375,2.765625,2.625,2.515625,2.515625,2.40625,2.328125,2.3125,2.546875,3.25,4.03125,16.046875,36.21875,28.453125,19.71875,14.875,12.90625,12.9375,14.109375,13.1875,10.8125,9.03125,8.25,9.09375,10.65625,19.71875
2005-03-04,7.703125,10.9375,10.453125,8.796875,7.34375,6.046875,5.15625,4.59375,4.0,3.625,3.203125,3.171875,3.984375,6.4375,7.875,9.359375,12.609375,13.703125,14.40625,103.4375,152.03125,90.671875,54.21875,35.6875,29.4375,29.40625,26.84375,21.78125,18.96875,19.3125
2005-03-05,10.9375,10.453125,8.796875,7.34375,6.046875,5.15625,4.59375,4.0,3.625,3.203125,3.171875,3.984375,6.4375,7.875,9.359375,12.609375,13.703125,14.40625,103.4375,152.03125,90.671875,54.21875,35.6875,29.4375,29.40625,26.84375,21.78125,18.96875,19.3125,16.71875
2005-03-06,10.453125,8.796875,7.34375,6.046875,5.15625,4.59375,4.0,3.625,3.203125,3.171875,3.984375,6.4375,7.875,9.359375,12.609375,13.703125,14.40625,103.4375,152.03125,90.671875,54.21875,35.6875,29.4375,29.40625,26.84375,21.78125,18.96875,19.3125,16.71875,15.59375
2005-03-07,8.984375,7.515625,6.125,5.234375,4.625,3.921875,3.515625,4.171875,4.859375,5.03125,5.0,5.71875,6.984375,7.265625,7.703125,8.546875,10.921875,16.875,20.53125,19.640625,30.4375,41.265625,44.09375,47.75,39.3125,31.3125,25.46875,21.3125,17.4375,16.09375
2005-03-08,7.515625,6.125,5.234375,4.625,3.921875,3.515625,4.171875,4.859375,5.03125,5.0,5.71875,6.984375,7.265625,7.703125,8.546875,10.921875,16.875,20.53125,19.640625,30.4375,41.265625,44.09375,47.75,39.3125,31.3125,25.46875,21.3125,17.4375,16.09375,19.28125
2005-03-09,6.125,5.234375,4.625,3.921875,3.515625,4.171875,4.859375,5.03125,5.0,5.71875,6.984375,7.265625,7.703125,8.546875,10.921875,16.875,20.53125,19.640625,30.4375,41.265625,44.09375,47.75,39.3125,31.3125,25.46875,21.3125,17.4375,16.09375,19.28125,34.65625
2005-03-10,5.234375,4.625,3.921875,3.515625,4.171875,4.859375,5.03125,5.0,5.71875,6.984375,7.265625,7.703125,8.546875,10.921875,16.875,20.53125,19.640625,30.4375,41.265625,44.09375,47.75,39.3125,31.3125,25.46875,21.3125,17.4375,16.09375,19.28125,34.65625,57.25
2005-03-11,4.390625,3.765625,3.40625,3.34375,3.3125,3.4375,3.46875,3.390625,3.34375,3.4375,5.40625,9.03125,11.65625,15.34375,19.5,22.0625,19.6875,17.40625,14.03125,10.5625,8.03125,6.625,7.125,8.75,11.53125,12.6875,11.4375,11.59375,12.65625,13.71875
2005-03-12,3.765625,3.40625,3.34375,3.3125,3.4375,3.46875,3.390625,3.34375,3.4375,5.40625,9.03125,11.65625,15.34375,19.5,22.0625,19.6875,17.40625,14.03125,10.5625,8.03125,6.625,7.125,8.75,11.53125,12.6875,11.4375,11.59375,12.65625,13.71875,15.625
2005-03-13,3.40625,3.34375,3.3125,3.4375,3.46875,3.390625,3.34375,3.4375,5.40625,9.03125,11.65625,15.34375,19.5,22.0625,19.6875,17.40625,14.03125,10.5625,8.03125,6.625,7.125,8.75,11.53125,12.6875,11.4375,11.59375,12.65625,13.71875,15.625,26.4375
2005-03-14,4.125,4.5625,4.765625,5.75,7.625,12.875,17.578125,35.359375,61.5625,59.90625,48.15625,65.125,105.3125,102.15625,88.0625,148.5,184.46875,159.3125,125.0625,109.84375,112.71875,89.96875,58.75,42.96875,35.0,31.0625,25.09375,19.0625,15.59375,16.25
2005-03-15,4.5625,4.765625,5.75,7.625,12.875,17.578125,35.359375,61.5625,59.90625,48.15625,65.125,105.3125,102.15625,88.0625,148.5,184.46875,159.3125,125.0625,109.84375,112.71875,89.96875,58.75,42.96875,35.0,31.0625,25.09375,19.0625,15.59375,16.25,17.5625
2005-03-16,4.765625,5.75,7.625,12.875,17.578125,35.359375,61.5625,59.90625,48.15625,65.125,105.3125,102.15625,88.0625,148.5,184.46875,159.3125,125.0625,109.84375,112.71875,89.96875,58.75,42.96875,35.0,31.0625,25.09375,19.0625,15.59375,16.25,17.5625,15.40625
2005-03-17,5.75,7.625,12.875,17.578125,35.359375,61.5625,59.90625,48.15625,65.125,105.3125,102.15625,88.0625,148.5,184.46875,159.3125,125.0625,109.84375,112.71875,89.96875,58.75,42.96875,35.0,31.0625,25.09375,19.0625,15.59375,16.25,17.5625,15.40625,19.5625
2005-03-18,6.390625,6.4375,8.71875,13.34375,14.78125,19.9375,40.59375,51.84375,52.90625,50.90625,36.90625,26.21875,20.40625,18.65625,18.28125,17.0625,15.53125,13.125,10.28125,8.625,7.96875,28.0625,59.8125,45.875,82.40625,113.90625,78.8125,51.25,35.40625,27.0625
2005-03-19,6.4375,8.71875,13.34375,14.78125,19.9375,40.59375,51.84375,52.90625,50.90625,36.90625,26.21875,20.40625,18.65625,18.28125,17.0625,15.53125,13.125,10.28125,8.625,7.96875,28.0625,59.8125,45.875,82.40625,113.90625,78.8125,51.25,35.40625,27.0625,21.84375
2005-03-20,8.71875,13.34375,14.78125,19.9375,40.59375,51.84375,52.90625,50.90625,36.90625,26.21875,20.40625,18.65625,18.28125,17.0625,15.53125,13.125,10.28125,8.625,7.96875,28.0625,59.8125,45.875,82.40625,113.90625,78.8125,51.25,35.40625,27.0625,21.84375,17.9375
2005-03-21,16.0625,22.3125,22.8125,33.75,47.9375,39.4375,41.9375,63.21875,78.21875,76.84375,66.09375,62.03125,80.0,86.4375,67.84375,47.03125,31.25,23.21875,20.03125,15.8125,12.09375,9.65625,7.8125,7.90625,9.53125,8.0625,7.25,8.75,11.34375,13.5625
2005-03-22,22.3125,22.8125,33.75,47.9375,39.4375,41.9375,63.21875,78.21875,76.84375,66.09375,62.03125,80.0,86.4375,67.84375,47.03125,31.25,23.21875,20.03125,15.8125,12.09375,9.65625,7.8125,7.90625,9.53125,8.0625,7.25,8.75,11.34375,13.5625,15.3125
2005-03-23,22.8125,33.75,47.9375,39.4375,41.9375,63.21875,78.21875,76.84375,66.09375,62.03125,80.0,86.4375,67.84375,47.03125,31.25,23.21875,20.03125,15.8125,12.09375,9.65625,7.8125,7.90625,9.53125,8.0625,7.25,8.75,11.34375,13.5625,15.3125,21.46875
2005-03-24,33.75,47.9375,39.4375,41.9375,63.21875,78.21875,76.84375,66.09375,62.03125,80.0,86.4375,67.84375,47.03125,31.25,23.21875,20.03125,15.8125,12.09375,9.65625,7.8125,7.90625,9.53125,8.0625,7.25,8.75,11.34375,13.5625,15.3125,21.46875,31.40625
2005-03-25,33.625,25.40625,19.71875,22.90625,34.375,54.09375,83.71875,78.25,49.625,32.40625,23.28125,18.84375,16.75,13.125,35.9375,65.09375,47.0,33.8125,27.03125,32.71875,56.40625,57.96875,43.625,33.625,29.03125,26.125,24.53125,21.1875,16.5,12.9375
2005-03-26,25.40625,19.71875,22.90625,34.375,54.09375,83.71875,78.25,49.625,32.40625,23.28125,18.84375,16.75,13.125,35.9375,65.09375,47.0,33.8125,27.03125,32.71875,56.40625,57.96875,43.625,33.625,29.03125,26.125,24.53125,21.1875,16.5,12.9375,12.21875
2005-03-27,19.71875,22.90625,34.375,54.09375,83.71875,78.25,49.625,32.40625,23.28125,18.84375,16.75,13.125,35.9375,65.09375,47.0,33.8125,27.03125,32.71875,56.40625,57.96875,43.625,33.625,29.03125,26.125,24.53125,21.1875,16.5,12.9375,12.21875,11.71875
2005-03-28,15.84375,61.4375,108.0,86.9375,72.28125,55.90625,55.75,73.28125,66.21875,49.34375,36.03125,40.46875,63.28125,89.65625,99.4375,93.1875,78.125,54.34375,37.4375,25.8125,18.71875,15.0625,13.75,14.90625,50.375,92.5625,91.75,84.40625,61.28125,41.125
2005-03-29,61.4375,108.0,86.9375,72.28125,55.90625,55.75,73.28125,66.21875,49.34375,36.03125,40.46875,63.28125,89.65625,99.4375,93.1875,78.125,54.34375,37.4375,25.8125,18.71875,15.0625,13.75,14.90625,50.375,92.5625,91.75,84.40625,61.28125,41.125,31.90625
2005-03-30,108.0,86.9375,72.28125,55.90625,55.75,73.28125,66.21875,49.34375,36.03125,40.46875,63.28125,89.65625,99.4375,93.1875,78.125,54.34375,37.4375,25.8125,18.71875,15.0625,13.75,14.90625,50.375,92.5625,91.75,84.40625,61.28125,41.125,31.90625,41.65625
2005-03-31,86.9375,72.28125,55.90625,55.75,73.28125,66.21875,49.34375,36.03125,40.46875,63.28125,89.65625,99.4375,93.1875,78.125,54.34375,37.4375,25.8125,18.71875,15.0625,13.75,14.90625,50.375,92.5625,91.75,84.40625,61.28125,41.125,31.90625,41.65625,66.0625
2005-04-01,38.3125,38.4375,73.875,113.34375,87.96875,64.28125,58.71875,48.09375,35.875,28.28125,25.4375,28.0,28.34375,44.375,91.59375,145.40625,131.1875,92.75,75.90625,61.15625,44.71875,30.125,22.34375,18.53125,20.875,28.90625,31.28125,30.84375,29.34375,40.3125
2005-04-02,38.4375,73.875,113.34375,87.96875,64.28125,58.71875,48.09375,35.875,28.28125,25.4375,28.0,28.34375,44.375,91.59375,145.40625,131.1875,92.75,75.90625,61.15625,44.71875,30.125,22.34375,18.53125,20.875,28.90625,31.28125,30.84375,29.34375,40.3125,53.4375
2005-04-03,73.875,113.34375,87.96875,64.28125,58.71875,48.09375,35.875,28.28125,25.4375,28.0,28.34375,44.375,91.59375,145.40625,131.1875,92.75,75.90625,61.15625,44.71875,30.125,22.34375,18.53125,20.875,28.90625,31.28125,30.84375,29.34375,40.3125,53.4375,45.125
2005-04-04,18.75,15.15625,13.28125,16.03125,27.40625,35.46875,35.71875,36.875,36.8125,36.375,34.9375,30.25,26.15625,43.78125,63.9375,56.625,57.96875,53.46875,40.59375,36.3125,41.65625,46.4375,40.46875,31.4375,28.34375,31.625,36.1875,47.5,73.1875,112.1875
2005-04-05,15.15625,13.28125,16.03125,27.40625,35.46875,35.71875,36.875,36.8125,36.375,34.9375,30.25,26.15625,43.78125,63.9375,56.625,57.96875,53.46875,40.59375,36.3125,41.65625,46.4375,40.46875,31.4375,28.34375,31.625,36.1875,47.5,73.1875,112.1875,159.46875
2005-04-06,13.28125,16.03125,27.40625,35.46875,35.71875,36.875,36.8125,36.375,34.9375,30.25,26.15625,43.78125,63.9375,56.625,57.96875,53.46875,40.59375,36.3125,41.65625,46.4375,40.46875,31.4375,28.34375,31.625,36.1875,47.5,73.1875,112.1875,159.46875,181.8125
2005-04-07,16.03125,27.40625,35.46875,35.71875,36.875,36.8125,36.375,34.9375,30.25,26.15625,43.78125,63.9375,56.625,57.96875,53.46875,40.59375,36.3125,41.65625,46.4375,40.46875,31.4375,28.34375,31.625,36.1875,47.5,73.1875,112.1875,159.46875,181.8125,151.21875
2005-04-08,19.96875,25.84375,27.15625,27.125,24.4375,23.40625,40.5,70.53125,105.28125,184.125,164.5625,104.25,76.90625,93.3125,131.59375,110.9375,80.875,64.90625,51.9375,43.1875,49.03125,60.53125,70.3125,84.875,72.4375,52.53125,45.875,48.515625,48.921875,40.984375
2005-04-09,25.84375,27.15625,27.125,24.4375,23.40625,40.5,70.53125,105.28125,184.125,164.5625,104.25,76.90625,93.3125,131.59375,110.9375,80.875,64.90625,51.9375,43.1875,49.03125,60.53125,70.3125,84.875,72.4375,52.53125,45.875,48.515625,48.921875,40.984375,35.671875
2005-04-10,27.15625,27.125,24.4375,23.40625,40.5,70.53125,105.28125,184.125,164.5625,104.25,76.90625,93.3125,131.59375,110.9375,80.875,64.90625,51.9375,43.1875,49.03125,60.53125,70.3125,84.875,72.4375,52.53125,45.875,48.515625,48.921875,40.984375,35.671875,45.046875
2005-04-11,93.96875,70.0,67.84375,64.96875,46.40625,37.4375,52.71875,59.28125,45.0625,45.46875,55.9375,55.15625,46.65625,36.71875,28.03125,23.78125,28.03125,35.1875,38.25,29.59375,21.5,15.875,13.34375,12.46875,12.15625,13.59375,18.78125,25.125,38.65625,47.40625
2005-04-12,70.0,67.84375,64.96875,46.40625,37.4375,52.71875,59.28125,45.0625,45.46875,55.9375,55.15625,46.65625,36.71875,28.03125,23.78125,28.03125,35.1875,38.25,29.59375,21.5,15.875,13.34375,12.46875,12.15625,13.59375,18.78125,25.125,38.65625,47.40625,39.71875
2005-04-13,67.84375,64.96875,46.40625,37.4375,52.71875,59.28125,45.0625,45.46875,55.9375,55.15625,46.65625,36.71875,28.03125,23.78125,28.03125,35.1875,38.25,29.59375,21.5,15.875,13.34375,12.46875,12.15625,13.59375,18.78125,25.125,38.65625,47.40625,39.71875,45.8125
2005-04-14,64.96875,46.40625,37.4375,52.71875,59.28125,45.0625,45.46875,55.9375,55.15625,46.65625,36.71875,28.03125,23.78125,28.03125,35.1875,38.25,29.59375,21.5,15.875,13.34375,12.46875,12.15625,13.59375,18.78125,25.125,38.65625,47.40625,39.71875,45.8125,52.34375
2005-04-15,62.9375,67.09375,72.75,102.1875,135.96875,114.15625,81.84375,57.90625,41.6875,35.15625,34.34375,33.8125,28.03125,25.75,110.0,124.4375,74.375,62.15625,59.59375,43.96875,36.9375,37.09375,61.1875,83.375,72.875,64.4375,85.34375,122.3125,109.28125,74.5625
2005-04-16,67.09375,72.75,102.1875,135.96875,114.15625,81.84375,57.90625,41.6875,35.15625,34.34375,33.8125,28.03125,25.75,110.0,124.4375,74.375,62.15625,59.59375,43.96875,36.9375,37.09375,61.1875,83.375,72.875,64.4375,85.34375,122.3125,109.28125,74.5625,51.59375
2005-04-17,72.75,102.1875,135.96875,114.15625,81.84375,57.90625,41.6875,35.15625,34.34375,33.8125,28.03125,25.75,110.0,124.4375,74.375,62.15625,59.59375,43.96875,36.9375,37.09375,61.1875,83.375,72.875,64.4375,85.34375,122.3125,109.28125,74.5625,51.59375,35.84375
2005-04-18,32.0,28.09375,25.6875,28.0,38.03125,41.9375,53.90625,70.46875,78.09375,82.84375,102.625,102.65625,89.3125,77.9375,88.53125,88.4375,58.96875,38.25,30.21875,29.125,31.3125,34.46875,29.34375,25.0,22.6875,21.15625,19.1875,18.09375,21.15625,29.71875
2005-04-19,28.09375,25.6875,28.0,38.03125,41.9375,53.90625,70.46875,78.09375,82.84375,102.625,102.65625,89.3125,77.9375,88.53125,88.4375,58.96875,38.25,30.21875,29.125,31.3125,34.46875,29.34375,25.0,22.6875,21.15625,19.1875,18.09375,21.15625,29.71875,42.53125
2005-04-20,25.6875,28.0,38.03125,41.9375,53.90625,70.46875,78.09375,82.84375,102.625,102.65625,89.3125,77.9375,88.53125,88.4375,58.96875,38.25,30.21875,29.125,31.3125,34.46875,29.34375,25.0,22.6875,21.15625,19.1875,18.09375,21.15625,29.71875,42.53125,56.84375
2005-04-21,28.0,38.03125,41.9375,53.90625,70.46875,78.09375,82.84375,102.625,102.65625,89.3125,77.9375,88.53125,88.4375,58.96875,38.25,30.21875,29.125,31.3125,34.46875,29.34375,25.0,22.6875,21.15625,19.1875,18.09375,21.15625,29.71875,42.53125,56.84375,48.21875
2005-04-22,14.9375,17.25,30.96875,40.8125,43.3125,52.53125,78.0625,86.40625,67.3125,48.125,42.5625,41.21875,37.65625,39.5,42.25,38.71875,32.375,29.375,28.71875,32.46875,35.0,37.71875,41.3125,41.96875,45.15625,67.5625,92.46875,119.84375,118.40625,83.75
2005-04-23,17.25,30.96875,40.8125,43.3125,52.53125,78.0625,86.40625,67.3125,48.125,42.5625,41.21875,37.65625,39.5,42.25,38.71875,32.375,29.375,28.71875,32.46875,35.0,37.71875,41.3125,41.96875,45.15625,67.5625,92.46875,119.84375,118.40625,83.75,89.34375
2005-04-24,30.96875,40.8125,43.3125,52.53125,78.0625,86.40625,67.3125,48.125,42.5625,41.21875,37.65625,39.5,42.25,38.71875,32.375,29.375,28.71875,32.46875,35.0,37.71875,41.3125,41.96875,45.15625,67.5625,92.46875,119.84375,118.40625,83.75,89.34375,103.125
2005-04-25,30.90625,34.59375,33.4375,33.46875,34.53125,28.65625,21.28125,16.4375,39.40625,74.1875,73.5625,76.1875,65.0625,48.3125,44.84375,41.65625,46.90625,69.78125,92.375,130.1875,144.03125,197.71875,190.78125,117.53125,72.78125,79.21875,95.15625,109.8125,181.625,196.3125
2005-04-26,34.59375,33.4375,33.46875,34.53125,28.65625,21.28125,16.4375,39.40625,74.1875,73.5625,76.1875,65.0625,48.3125,44.84375,41.65625,46.90625,69.78125,92.375,130.1875,144.03125,197.71875,190.78125,117.53125,72.78125,79.21875,95.15625,109.8125,181.625,196.3125,147.59375
2005-04-27,33.4375,33.46875,34.53125,28.65625,21.28125,16.4375,39.40625,74.1875,73.5625,76.1875,65.0625,48.3125,44.84375,41.65625,46.90625,69.78125,92.375,130.1875,144.03125,197.71875,190.78125,117.53125,72.78125,79.21875,95.15625,109.8125,181.625,196.3125,147.59375,109.96875
2005-04-28,33.46875,34.53125,28.65625,21.28125,16.4375,39.40625,74.1875,73.5625,76.1875,65.0625,48.3125,44.84375,41.65625,46.90625,69.78125,92.375,130.1875,144.03125,197.71875,190.78125,117.53125,72.78125,79.21875,95.15625,109.8125,181.625,196.3125,147.59375,109.96875,102.71875
2005-04-29,102.21875,70.34375,53.28125,39.875,34.0625,33.15625,29.1875,30.625,31.25,32.0625,38.4375,57.3125,94.65625,98.875,77.46875,60.59375,55.28125,77.875,150.6875,186.875,171.0,126.6875,83.4375,71.40625,77.5625,85.59375,82.9375,65.53125,58.75,108.40625
2005-04-30,70.34375,53.28125,39.875,34.0625,33.15625,29.1875,30.625,31.25,32.0625,38.4375,57.3125,94.65625,98.875,77.46875,60.59375,55.28125,77.875,150.6875,186.875,171.0,126.6875,83.4375,71.40625,77.5625,85.59375,82.9375,65.53125,58.75,108.40625,150.46875
2005-05-01,53.28125,39.875,34.0625,33.15625,29.1875,30.625,31.25,32.0625,38.4375,57.3125,94.65625,98.875,77.46875,60.59375,55.28125,77.875,150.6875,186.875,171.0,126.6875,83.4375,71.40625,77.5625,85.59375,82.9375,65.53125,58.75,108.40625,150.46875,183.78125
2005-05-02,39.4375,30.84375,31.4375,30.0,29.09375,28.78125,24.90625,21.21875,23.03125,32.5625,50.6875,54.34375,57.75,99.53125,144.375,271.21875,293.15625,197.375,136.96875,119.625,105.78125,107.46875,132.4375,129.84375,100.03125,79.1875,72.625,69.6875,58.96875,42.65625
2005-05-03,30.84375,31.4375,30.0,29.09375,28.78125,24.90625,21.21875,23.03125,32.5625,50.6875,54.34375,57.75,99.53125,144.375,271.21875,293.15625,197.375,136.96875,119.625,105.78125,107.46875,132.4375,129.84375,100.03125,79.1875,72.625,69.6875,58.96875,42.65625,32.5625
2005-05-04,31.4375,30.0,29.09375,28.78125,24.90625,21.21875,23.03125,32.5625,50.6875,54.34375,57.75,99.53125,144.375,271.21875,293.15625,197.375,136.96875,119.625,105.78125,107.46875,132.4375,129.84375,100.03125,79.1875,72.625,69.6875,58.96875,42.65625,32.5625,29.46875
2005-05-05,30.0,29.09375,28.78125,24.90625,21.21875,23.03125,32.5625,50.6875,54.34375,57.75,99.53125,144.375,271.21875,293.15625,197.375,136.96875,119.625,105.78125,107.46875,132.4375,129.84375,100.03125,79.1875,72.625,69.6875,58.96875,42.65625,32.5625,29.46875,37.84375
2005-05-06,20.875,17.375,34.90625,68.125,83.5625,97.59375,91.3125,84.96875,88.15625,104.90625,101.59375,86.75,92.59375,97.59375,98.15625,83.96875,70.0,68.84375,62.75,73.4375,131.1875,133.6875,90.46875,63.90625,52.71875,47.0,44.5,39.53125,37.78125,51.59375
2005-05-07,17.375,34.90625,68.125,83.5625,97.59375,91.3125,84.96875,88.15625,104.90625,101.59375,86.75,92.59375,97.59375,98.15625,83.96875,70.0,68.84375,62.75,73.4375,131.1875,133.6875,90.46875,63.90625,52.71875,47.0,44.5,39.53125,37.78125,51.59375,81.125
2005-05-08,34.90625,68.125,83.5625,97.59375,91.3125,84.96875,88.15625,104.90625,101.59375,86.75,92.59375,97.59375,98.15625,83.96875,70.0,68.84375,62.75,73.4375,131.1875,133.6875,90.46875,63.90625,52.71875,47.0,44.5,39.53125,37.78125,51.59375,81.125,101.8125
2005-05-09,49.96875,62.78125,79.96875,78.625,77.28125,95.375,104.1875,103.15625,90.34375,72.59375,64.96875,80.46875,85.0,70.6875,57.5625,58.0,68.5625,64.03125,57.96875,65.78125,74.59375,67.5625,55.28125,50.65625,66.15625,70.4375,72.3125,73.8125,60.125,49.59375
2005-05-10,62.78125,79.96875,78.625,77.28125,95.375,104.1875,103.15625,90.34375,72.59375,64.96875,80.46875,85.0,70.6875,57.5625,58.0,68.5625,64.03125,57.96875,65.78125,74.59375,67.5625,55.28125,50.65625,66.15625,70.4375,72.3125,73.8125,60.125,49.59375,47.265625
2005-05-11,79.96875,78.625,77.28125,95.375,104.1875,103.15625,90.34375,72.59375,64.96875,80.46875,85.0,70.6875,57.5625,58.0,68.5625,64.03125,57.96875,65.78125,74.59375,67.5625,55.28125,50.65625,66.15625,70.4375,72.3125,73.8125,60.125,49.59375,47.265625,63.734375
2005-05-12,78.625,77.28125,95.375,104.1875,103.15625,90.34375,72.59375,64.96875,80.46875,85.0,70.6875,57.5625,58.0,68.5625,64.03125,57.96875,65.78125,74.59375,67.5625,55.28125,50.65625,66.15625,70.4375,72.3125,73.8125,60.125,49.59375,47.265625,63.734375,72.3125
2005-05-13,89.125,79.09375,102.03125,110.875,117.375,143.0,125.125,85.25,67.15625,67.75,67.78125,60.28125,54.21875,55.78125,66.5625,65.6875,49.6875,38.25,30.53125,30.65625,42.09375,61.59375,127.21875,146.28125,128.3125,110.46875,91.4375,91.359375,84.015625,71.8125
2005-05-14,79.09375,102.03125,110.875,117.375,143.0,125.125,85.25,67.15625,67.75,67.78125,60.28125,54.21875,55.78125,66.5625,65.6875,49.6875,38.25,30.53125,30.65625,42.09375,61.59375,127.21875,146.28125,128.3125,110.46875,91.4375,91.359375,84.015625,71.8125,89.78125
2005-05-15,102.03125,110.875,117.375,143.0,125.125,85.25,67.15625,67.75,67.78125,60.28125,54.21875,55.78125,66.5625,65.6875,49.6875,38.25,30.53125,30.65625,42.09375,61.59375,127.21875,146.28125,128.3125,110.46875,91.4375,91.359375,84.015625,71.8125,89.78125,117.90625
2005-05-16,98.0,109.46875,133.1875,124.71875,91.0625,71.75,65.59375,58.90625,60.1875,59.75,47.78125,39.21875,34.78125,29.84375,25.34375,22.21875,20.90625,18.40625,17.65625,21.6875,29.21875,42.84375,77.1875,89.59375,84.3125,81.578125,71.078125,64.765625,77.75,90.171875
2005-05-17,109.46875,133.1875,124.71875,91.0625,71.75,65.59375,58.90625,60.1875,59.75,47.78125,39.21875,34.78125,29.84375,25.34375,22.21875,20.90625,18.40625,17.65625,21.6875,29.21875,42.84375,77.1875,89.59375,84.3125,81.578125,71.078125,64.765625,77.75,90.171875,97.765625
2005-05-18,133.1875,124.71875,91.0625,71.75,65.59375,58.90625,60.1875,59.75,47.78125,39.21875,34.78125,29.84375,25.34375,22.21875,20.90625,18.40625,17.65625,21.6875,29.21875,42.84375,77.1875,89.59375,84.3125,81.578125,71.078125,64.765625,77.75,90.171875,97.765625,101.4375
2005-05-19,124.71875,91.0625,71.75,65.59375,58.90625,60.1875,59.75,47.78125,39.21875,34.78125,29.84375,25.34375,22.21875,20.90625,18.40625,17.65625,21.6875,29.21875,42.84375,77.1875,89.59375,84.3125,81.578125,71.078125,64.765625,77.75,90.171875,97.765625,101.4375,81.953125
2005-05-20,131.65625,126.625,127.1875,132.71875,143.125,134.0625,127.6875,115.0625,110.125,127.09375,134.0,152.59375,138.71875,137.625,130.0,108.4375,99.625,92.90625,93.46875,91.875,84.84375,111.40625,238.28125,254.140625,162.515625,95.515625,70.90625,70.671875,75.890625,77.59375
2005-05-21,126.625,127.1875,132.71875,143.125,134.0625,127.6875,115.0625,110.125,127.09375,134.0,152.59375,138.71875,137.625,130.0,108.4375,99.625,92.90625,93.46875,91.875,84.84375,111.40625,238.28125,254.140625,162.515625,95.515625,70.90625,70.671875,75.890625,77.59375,78.4375
2005-05-22,127.1875,132.71875,143.125,134.0625,127.6875,115.0625,110.125,127.09375,134.0,152.59375,138.71875,137.625,130.0,108.4375,99.625,92.90625,93.46875,91.875,84.84375,111.40625,238.28125,254.140625,162.515625,95.515625,70.90625,70.671875,75.890625,77.59375,78.4375,82.734375
2005-05-23,112.78125,97.09375,107.71875,99.34375,73.90625,62.3125,50.3125,37.71875,33.71875,36.40625,44.0625,45.90625,43.65625,41.75,38.3125,41.65625,56.84375,65.1875,57.8125,42.96875,31.796875,23.015625,16.46875,14.0,17.625,24.71875,34.515625,51.5625,63.328125,72.15625
2005-05-24,97.09375,107.71875,99.34375,73.90625,62.3125,50.3125,37.71875,33.71875,36.40625,44.0625,45.90625,43.65625,41.75,38.3125,41.65625,56.84375,65.1875,57.8125,42.96875,31.796875,23.015625,16.46875,14.0,17.625,24.71875,34.515625,51.5625,63.328125,72.15625,90.21875
2005-05-25,107.71875,99.34375,73.90625,62.3125,50.3125,37.71875,33.71875,36.40625,44.0625,45.90625,43.65625,41.75,38.3125,41.65625,56.84375,65.1875,57.8125,42.96875,31.796875,23.015625,16.46875,14.0,17.625,24.71875,34.515625,51.5625,63.328125,72.15625,90.21875,100.59375
2005-05-26,99.34375,73.90625,62.3125,50.3125,37.71875,33.71875,36.40625,44.0625,45.90625,43.65625,41.75,38.3125,41.65625,56.84375,65.1875,57.8125,42.96875,31.796875,23.015625,16.46875,14.0,17.625,24.71875,34.515625,51.5625,63.328125,72.15625,90.21875,100.59375,85.5625
2005-05-27,61.875,73.84375,67.96875,63.9375,68.875,78.0,152.4375,207.3125,197.5,143.125,107.21875,99.4375,82.28125,63.65625,46.90625,35.609375,76.75,157.921875,141.40625,88.890625,60.515625,47.9375,48.59375,58.046875,66.34375,75.765625,111.0,139.1875,160.40625,197.5625
2005-05-28,73.84375,67.96875,63.9375,68.875,78.0,152.4375,207.3125,197.5,143.125,107.21875,99.4375,82.28125,63.65625,46.90625,35.609375,76.75,157.921875,141.40625,88.890625,60.515625,47.9375,48.59375,58.046875,66.34375,75.765625,111.0,139.1875,160.40625,197.5625,214.828125
2005-05-29,67.96875,63.9375,68.875,78.0,152.4375,207.3125,197.5,143.125,107.21875,99.4375,82.28125,63.65625,46.90625,35.609375,76.75,157.921875,141.40625,88.890625,60.515625,47.9375,48.59375,58.046875,66.34375,75.765625,111.0,139.1875,160.40625,197.5625,214.828125,159.578125
2005-05-30,99.8125,102.8125,105.78125,119.125,121.46875,91.8125,77.5625,71.59375,64.40625,72.4375,91.5,95.09375,98.53125,97.359375,82.109375,68.046875,58.390625,73.140625,98.625,93.0,77.359375,119.421875,202.25,185.546875,120.09375,75.546875,61.375,98.921875,207.078125,355.078125
2005-05-31,102.8125,105.78125,119.125,121.46875,91.8125,77.5625,71.59375,64.40625,72.4375,91.5,95.09375,98.53125,97.359375,82.109375,68.046875,58.390625,73.140625,98.625,93.0,77.359375,119.421875,202.25,185.546875,120.09375,75.546875,61.375,98.921875,207.078125,355.078125,386.375
2005-06-01,105.78125,119.125,121.46875,91.8125,77.5625,71.59375,64.40625,72.4375,91.5,95.09375,98.53125,97.359375,82.109375,68.046875,58.390625,73.140625,98.625,93.0,77.359375,119.421875,202.25,185.546875,120.09375,75.546875,61.375,98.921875,207.078125,355.078125,386.375,302.8125
2005-06-02,119.125,121.46875,91.8125,77.5625,71.59375,64.40625,72.4375,91.5,95.09375,98.53125,97.359375,82.109375,68.046875,58.390625,73.140625,98.625,93.0,77.359375,119.421875,202.25,185.546875,120.09375,75.546875,61.375,98.921875,207.078125,355.078125,386.375,302.8125,216.015625
2005-06-03,144.8125,156.625,148.53125,131.4375,119.03125,96.3125,77.625,74.5625,66.15625,56.625,50.828125,48.84375,53.921875,49.53125,43.578125,42.40625,37.78125,37.40625,33.796875,28.96875,32.203125,47.65625,70.03125,91.140625,230.984375,278.453125,292.78125,431.1875,469.046875,391.28125
2005-06-04,156.625,148.53125,131.4375,119.03125,96.3125,77.625,74.5625,66.15625,56.625,50.828125,48.84375,53.921875,49.53125,43.578125,42.40625,37.78125,37.40625,33.796875,28.96875,32.203125,47.65625,70.03125,91.140625,230.984375,278.453125,292.78125,431.1875,469.046875,391.28125,318.984375
2005-06-05,148.53125,131.4375,119.03125,96.3125,77.625,74.5625,66.15625,56.625,50.828125,48.84375,53.921875,49.53125,43.578125,42.40625,37.78125,37.40625,33.796875,28.96875,32.203125,47.65625,70.03125,91.140625,230.984375,278.453125,292.78125,431.1875,469.046875,391.28125,318.984375,244.59375
2005-06-06,84.1875,83.0625,143.21875,161.125,124.46875,98.6875,80.75,63.4375,58.46875,55.828125,51.421875,49.109375,49.71875,55.09375,59.015625,69.390625,87.625,99.9375,89.9375,77.671875,80.8125,80.921875,68.34375,51.34375,41.921875,39.9375,55.34375,164.078125,380.359375,378.9375
2005-06-07,83.0625,143.21875,161.125,124.46875,98.6875,80.75,63.4375,58.46875,55.828125,51.421875,49.109375,49.71875,55.09375,59.015625,69.390625,87.625,99.9375,89.9375,77.671875,80.8125,80.921875,68.34375,51.34375,41.921875,39.9375,55.34375,164.078125,380.359375,378.9375,251.34375
2005-06-08,143.21875,161.125,124.46875,98.6875,80.75,63.4375,58.46875,55.828125,51.421875,49.109375,49.71875,55.09375,59.015625,69.390625,87.625,99.9375,89.9375,77.671875,80.8125,80.921875,68.34375,51.34375,41.921875,39.9375,55.34375,164.078125,380.359375,378.9375,251.34375,169.8125
2005-06-09,161.125,124.46875,98.6875,80.75,63.4375,58.46875,55.828125,51.421875,49.109375,49.71875,55.09375,59.015625,69.390625,87.625,99.9375,89.9375,77.671875,80.8125,80.921875,68.34375,51.34375,41.921875,39.9375,55.34375,164.078125,380.359375,378.9375,251.34375,169.8125,132.5
2005-06-10,212.96875,124.40625,95.109375,74.59375,57.671875,49.796875,47.703125,49.765625,54.96875,53.890625,43.65625,35.734375,30.546875,37.921875,63.3125,82.46875,75.15625,55.796875,47.5625,101.921875,177.75,167.546875,166.125,161.734375,122.8125,84.734375,61.0625,48.125,40.3125,37.84375
2005-06-11,124.40625,95.109375,74.59375,57.671875,49.796875,47.703125,49.765625,54.96875,53.890625,43.65625,35.734375,30.546875,37.921875,63.3125,82.46875,75.15625,55.796875,47.5625,101.921875,177.75,167.546875,166.125,161.734375,122.8125,84.734375,61.0625,48.125,40.3125,37.84375,41.15625
2005-06-12,95.109375,74.59375,57.671875,49.796875,47.703125,49.765625,54.96875,53.890625,43.65625,35.734375,30.546875,37.921875,63.3125,82.46875,75.15625,55.796875,47.5625,101.921875,177.75,167.546875,166.125,161.734375,122.8125,84.734375,61.0625,48.125,40.3125,37.84375,41.15625,50.40625
2005-06-13,53.984375,41.796875,35.375,32.140625,30.546875,25.75,23.3125,27.546875,32.96875,31.140625,29.265625,29.40625,31.5,43.515625,52.796875,47.203125,34.84375,23.515625,18.171875,20.640625,27.6875,28.015625,48.234375,72.703125,63.46875,64.09375,83.171875,85.609375,68.59375,54.015625
2005-06-14,41.796875,35.375,32.140625,30.546875,25.75,23.3125,27.546875,32.96875,31.140625,29.265625,29.40625,31.5,43.515625,52.796875,47.203125,34.84375,23.515625,18.171875,20.640625,27.6875,28.015625,48.234375,72.703125,63.46875,64.09375,83.171875,85.609375,68.59375,54.015625,42.015625
2005-06-15,35.375,32.140625,30.546875,25.75,23.3125,27.546875,32.96875,31.140625,29.265625,29.40625,31.5,43.515625,52.796875,47.203125,34.84375,23.515625,18.171875,20.640625,27.6875,28.015625,48.234375,72.703125,63.46875,64.09375,83.171875,85.609375,68.59375,54.015625,42.015625,32.125
2005-06-16,32.140625,30.546875,25.75,23.3125,27.546875,32.96875,31.140625,29.265625,29.40625,31.5,43.515625,52.796875,47.203125,34.84375,23.515625,18.171875,20.640625,27.6875,28.015625,48.234375,72.703125,63.46875,64.09375,83.171875,85.609375,68.59375,54.015625,42.015625,32.125,26.453125
2005-06-17,90.84375,71.90625,55.59375,71.109375,100.34375,101.140625,81.0625,65.515625,56.203125,76.484375,83.828125,71.015625,130.625,144.046875,93.015625,57.9375,44.71875,38.953125,31.328125,53.578125,121.90625,154.125,144.765625,120.734375,102.3125,103.40625,120.9375,151.703125,192.109375,191.171875
2005-06-18,71.90625,55.59375,71.109375,100.34375,101.140625,81.0625,65.515625,56.203125,76.484375,83.828125,71.015625,130.625,144.046875,93.015625,57.9375,44.71875,38.953125,31.328125,53.578125,121.90625,154.125,144.765625,120.734375,102.3125,103.40625,120.9375,151.703125,192.109375,191.171875,156.328125
2005-06-19,55.59375,71.109375,100.34375,101.140625,81.0625,65.515625,56.203125,76.484375,83.828125,71.015625,130.625,144.046875,93.015625,57.9375,44.71875,38.953125,31.328125,53.578125,121.90625,154.125,144.765625,120.734375,102.3125,103.40625,120.9375,151.703125,192.109375,191.171875,156.328125,119.578125
2005-06-20,65.09375,52.546875,38.484375,32.171875,31.96875,31.4375,32.28125,37.859375,45.234375,58.625,70.578125,64.125,54.53125,54.421875,64.828125,70.796875,65.296875,76.75,104.78125,109.453125,106.3125,104.890625,90.640625,98.546875,124.703125,112.0625,94.859375,137.34375,133.984375,110.109375
2005-06-21,52.546875,38.484375,32.171875,31.96875,31.4375,32.28125,37.859375,45.234375,58.625,70.578125,64.125,54.53125,54.421875,64.828125,70.796875,65.296875,76.75,104.78125,109.453125,106.3125,104.890625,90.640625,98.546875,124.703125,112.0625,94.859375,137.34375,133.984375,110.109375,114.71875
2005-06-22,38.484375,32.171875,31.96875,31.4375,32.28125,37.859375,45.234375,58.625,70.578125,64.125,54.53125,54.421875,64.828125,70.796875,65.296875,76.75,104.78125,109.453125,106.3125,104.890625,90.640625,98.546875,124.703125,112.0625,94.859375,137.34375,133.984375,110.109375,114.71875,95.828125
2005-06-23,32.171875,31.96875,31.4375,32.28125,37.859375,45.234375,58.625,70.578125,64.125,54.53125,54.421875,64.828125,70.796875,65.296875,76.75,104.78125,109.453125,106.3125,104.890625,90.640625,98.546875,124.703125,112.0625,94.859375,137.34375,133.984375,110.109375,114.71875,95.828125,67.375
2005-06-24,134.171875,129.6875,100.671875,66.5625,50.34375,48.078125,62.90625,82.703125,72.59375,50.03125,35.640625,43.28125,92.046875,192.109375,219.640625,167.640625,121.234375,85.0625,57.359375,41.921875,34.140625,35.515625,38.1875,47.0,73.765625,113.4375,144.703125,129.234375,93.203125,87.171875
2005-06-25,129.6875,100.671875,66.5625,50.34375,48.078125,62.90625,82.703125,72.59375,50.03125,35.640625,43.28125,92.046875,192.109375,219.640625,167.640625,121.234375,85.0625,57.359375,41.921875,34.140625,35.515625,38.1875,47.0,73.765625,113.4375,144.703125,129.234375,93.203125,87.171875,86.84375
2005-06-26,100.671875,66.5625,50.34375,48.078125,62.90625,82.703125,72.59375,50.03125,35.640625,43.28125,92.046875,192.109375,219.640625,167.640625,121.234375,85.0625,57.359375,41.921875,34.140625,35.515625,38.1875,47.0,73.765625,113.4375,144.703125,129.234375,93.203125,87.171875,86.84375,110.15625
2005-06-27,71.453125,57.359375,58.34375,88.859375,95.109375,64.453125,53.171875,108.28125,148.1875,152.71875,142.34375,149.3125,212.265625,339.546875,444.171875,441.578125,313.578125,190.15625,120.84375,82.515625,76.3125,81.78125,75.453125,79.203125,70.640625,53.0,43.234375,45.390625,57.53125,67.296875
2005-06-28,57.359375,58.34375,88.859375,95.109375,64.453125,53.171875,108.28125,148.1875,152.71875,142.34375,149.3125,212.265625,339.546875,444.171875,441.578125,313.578125,190.15625,120.84375,82.515625,76.3125,81.78125,75.453125,79.203125,70.640625,53.0,43.234375,45.390625,57.53125,67.296875,83.0
2005-06-29,58.34375,88.859375,95.109375,64.453125,53.171875,108.28125,148.1875,152.71875,142.34375,149.3125,212.265625,339.546875,444.171875,441.578125,313.578125,190.15625,120.84375,82.515625,76.3125,81.78125,75.453125,79.203125,70.640625,53.0,43.234375,45.390625,57.53125,67.296875,83.0,147.671875
2005-06-30,88.859375,95.109375,64.453125,53.171875,108.28125,148.1875,152.71875,142.34375,149.3125,212.265625,339.546875,444.171875,441.578125,313.578125,190.15625,120.84375,82.515625,76.3125,81.78125,75.453125,79.203125,70.640625,53.0,43.234375,45.390625,57.53125,67.296875,83.0,147.671875,326.359375
2005-07-01,94.90625,78.046875,56.53125,48.34375,49.140625,56.859375,69.765625,81.65625,123.921875,129.828125,90.015625,69.15625,66.5625,66.6875,57.0625,47.984375,57.609375,60.125,64.609375,94.265625,98.75,85.21875,88.0,133.859375,244.25,384.75,359.28125,292.375,249.390625,219.921875
2005-07-02,78.046875,56.53125,48.34375,49.140625,56.859375,69.765625,81.65625,123.921875,129.828125,90.015625,69.15625,66.5625,66.6875,57.0625,47.984375,57.609375,60.125,64.609375,94.265625,98.75,85.21875,88.0,133.859375,244.25,384.75,359.28125,292.375,249.390625,219.921875,183.34375
2005-07-03,56.53125,48.34375,49.140625,56.859375,69.765625,81.65625,123.921875,129.828125,90.015625,69.15625,66.5625,66.6875,57.0625,47.984375,57.609375,60.125,64.609375,94.265625,98.75,85.21875,88.0,133.859375,244.25,384.75,359.28125,292.375,249.390625,219.921875,183.34375,150.5625
2005-07-04,153.328125,129.828125,103.921875,108.375,139.015625,120.515625,77.375,55.734375,64.03125,76.0,76.90625,86.734375,77.15625,60.078125,66.640625,69.9375,59.625,54.4375,64.921875,84.203125,89.234375,80.1875,92.359375,96.90625,90.5625,91.90625,150.859375,169.046875,134.28125,128.640625
2005-07-05,129.828125,103.921875,108.375,139.015625,120.515625,77.375,55.734375,64.03125,76.0,76.90625,86.734375,77.15625,60.078125,66.640625,69.9375,59.625,54.4375,64.921875,84.203125,89.234375,80.1875,92.359375,96.90625,90.5625,91.90625,150.859375,169.046875,134.28125,128.640625,160.03125
2005-07-06,103.921875,108.375,139.015625,120.515625,77.375,55.734375,64.03125,76.0,76.90625,86.734375,77.15625,60.078125,66.640625,69.9375,59.625,54.4375,64.921875,84.203125,89.234375,80.1875,92.359375,96.90625,90.5625,91.90625,150.859375,169.046875,134.28125,128.640625,160.03125,167.359375
2005-07-07,108.375,139.015625,120.515625,77.375,55.734375,64.03125,76.0,76.90625,86.734375,77.15625,60.078125,66.640625,69.9375,59.625,54.4375,64.921875,84.203125,89.234375,80.1875,92.359375,96.90625,90.5625,91.90625,150.859375,169.046875,134.28125,128.640625,160.03125,167.359375,156.828125
2005-07-08,155.828125,121.25,82.9375,56.25,51.484375,63.203125,65.515625,51.8125,37.234375,31.171875,35.234375,45.46875,43.9375,49.71875,78.796875,100.109375,147.5625,201.078125,211.953125,208.953125,162.4375,106.734375,107.796875,140.40625,170.328125,158.4375,133.65625,110.453125,111.4375,119.5625
2005-07-09,121.25,82.9375,56.25,51.484375,63.203125,65.515625,51.8125,37.234375,31.171875,35.234375,45.46875,43.9375,49.71875,78.796875,100.109375,147.5625,201.078125,211.953125,208.953125,162.4375,106.734375,107.796875,140.40625,170.328125,158.4375,133.65625,110.453125,111.4375,119.5625,105.765625
2005-07-10,82.9375,56.25,51.484375,63.203125,65.515625,51.8125,37.234375,31.171875,35.234375,45.46875,43.9375,49.71875,78.796875,100.109375,147.5625,201.078125,211.953125,208.953125,162.4375,106.734375,107.796875,140.40625,170.328125,158.4375,133.65625,110.453125,111.4375,119.5625,105.765625,103.8125
2005-07-11,61.78125,82.671875,104.890625,86.234375,73.96875,131.078125,135.03125,95.75,76.484375,68.578125,60.53125,60.859375,58.203125,48.59375,44.421875,47.875,49.8125,40.78125,51.5625,80.875,135.078125,170.0,216.171875,284.453125,319.4375,344.890625,322.65625,244.84375,234.265625,264.796875
2005-07-12,82.671875,104.890625,86.234375,73.96875,131.078125,135.03125,95.75,76.484375,68.578125,60.53125,60.859375,58.203125,48.59375,44.421875,47.875,49.8125,40.78125,51.5625,80.875,135.078125,170.0,216.171875,284.453125,319.4375,344.890625,322.65625,244.84375,234.265625,264.796875,287.4375
2005-07-13,104.890625,86.234375,73.96875,131.078125,135.03125,95.75,76.484375,68.578125,60.53125,60.859375,58.203125,48.59375,44.421875,47.875,49.8125,40.78125,51.5625,80.875,135.078125,170.0,216.171875,284.453125,319.4375,344.890625,322.65625,244.84375,234.265625,264.796875,287.4375,259.90625
2005-07-14,86.234375,73.96875,131.078125,135.03125,95.75,76.484375,68.578125,60.53125,60.859375,58.203125,48.59375,44.421875,47.875,49.8125,40.78125,51.5625,80.875,135.078125,170.0,216.171875,284.453125,319.4375,344.890625,322.65625,244.84375,234.265625,264.796875,287.4375,259.90625,187.734375
2005-07-15,113.671875,125.34375,125.828125,119.40625,111.296875,102.625,126.046875,232.125,255.390625,275.421875,224.171875,157.828125,120.25,96.6875,87.25,91.921875,95.21875,98.875,111.953125,112.828125,114.015625,126.25,125.9375,140.234375,171.84375,164.875,127.203125,102.71875,99.0,100.734375
2005-07-16,125.34375,125.828125,119.40625,111.296875,102.625,126.046875,232.125,255.390625,275.421875,224.171875,157.828125,120.25,96.6875,87.25,91.921875,95.21875,98.875,111.953125,112.828125,114.015625,126.25,125.9375,140.234375,171.84375,164.875,127.203125,102.71875,99.0,100.734375,125.96875
2005-07-17,125.828125,119.40625,111.296875,102.625,126.046875,232.125,255.390625,275.421875,224.171875,157.828125,120.25,96.6875,87.25,91.921875,95.21875,98.875,111.953125,112.828125,114.015625,126.25,125.9375,140.234375,171.84375,164.875,127.203125,102.71875,99.0,100.734375,125.96875,200.46875
2005-07-18,108.75,81.34375,76.234375,85.0625,86.390625,80.046875,150.90625,193.953125,157.984375,125.21875,110.53125,101.421875,90.75,79.75,73.53125,78.609375,82.59375,81.484375,119.953125,177.515625,153.953125,134.765625,123.5625,97.015625,76.90625,61.25,52.140625,48.75,46.359375,47.703125
2005-07-19,81.34375,76.234375,85.0625,86.390625,80.046875,150.90625,193.953125,157.984375,125.21875,110.53125,101.421875,90.75,79.75,73.53125,78.609375,82.59375,81.484375,119.953125,177.515625,153.953125,134.765625,123.5625,97.015625,76.90625,61.25,52.140625,48.75,46.359375,47.703125,61.4375
2005-07-20,76.234375,85.0625,86.390625,80.046875,150.90625,193.953125,157.984375,125.21875,110.53125,101.421875,90.75,79.75,73.53125,78.609375,82.59375,81.484375,119.953125,177.515625,153.953125,134.765625,123.5625,97.015625,76.90625,61.25,52.140625,48.75,46.359375,47.703125,61.4375,73.3828125
2005-07-21,85.0625,86.390625,80.046875,150.90625,193.953125,157.984375,125.21875,110.53125,101.421875,90.75,79.75,73.53125,78.609375,82.59375,81.484375,119.953125,177.515625,153.953125,134.765625,123.5625,97.015625,76.90625,61.25,52.140625,48.75,46.359375,47.703125,61.4375,73.3828125,92.3125
2005-07-22,195.5625,189.046875,232.609375,197.8125,136.734375,125.828125,128.15625,127.234375,211.921875,330.453125,331.8125,241.90625,167.953125,136.140625,122.734375,120.984375,140.421875,147.78125,133.265625,119.03125,109.4375,100.6875,87.484375,74.359375,68.109375,66.921875,68.046875,66.5859375,61.0859375,59.125
2005-07-23,189.046875,232.609375,197.8125,136.734375,125.828125,128.15625,127.234375,211.921875,330.453125,331.8125,241.90625,167.953125,136.140625,122.734375,120.984375,140.421875,147.78125,133.265625,119.03125,109.4375,100.6875,87.484375,74.359375,68.109375,66.921875,68.046875,66.5859375,61.0859375,59.125,61.234375
2005-07-24,232.609375,197.8125,136.734375,125.828125,128.15625,127.234375,211.921875,330.453125,331.8125,241.90625,167.953125,136.140625,122.734375,120.984375,140.421875,147.78125,133.265625,119.03125,109.4375,100.6875,87.484375,74.359375,68.109375,66.921875,68.046875,66.5859375,61.0859375,59.125,61.234375,71.4296875
2005-07-25,183.453125,398.015625,441.15625,363.59375,301.875,244.34375,236.609375,316.234375,296.78125,222.546875,178.84375,157.90625,160.9375,153.21875,171.078125,182.015625,176.734375,210.875,268.75,418.453125,360.25,237.171875,182.78125,180.84375,193.15625,205.46875,188.828125,166.4140625,153.0390625,149.765625
2005-07-26,398.015625,441.15625,363.59375,301.875,244.34375,236.609375,316.234375,296.78125,222.546875,178.84375,157.90625,160.9375,153.21875,171.078125,182.015625,176.734375,210.875,268.75,418.453125,360.25,237.171875,182.78125,180.84375,193.15625,205.46875,188.828125,166.4140625,153.0390625,149.765625,146.734375
2005-07-27,441.15625,363.59375,301.875,244.34375,236.609375,316.234375,296.78125,222.546875,178.84375,157.90625,160.9375,153.21875,171.078125,182.015625,176.734375,210.875,268.75,418.453125,360.25,237.171875,182.78125,180.84375,193.15625,205.46875,188.828125,166.4140625,153.0390625,149.765625,146.734375,171.0625
2005-07-28,363.59375,301.875,244.34375,236.609375,316.234375,296.78125,222.546875,178.84375,157.90625,160.9375,153.21875,171.078125,182.015625,176.734375,210.875,268.75,418.453125,360.25,237.171875,182.78125,180.84375,193.15625,205.46875,188.828125,166.4140625,153.0390625,149.765625,146.734375,171.0625,335.953125
2005-07-29,197.421875,196.703125,235.9375,253.4375,208.9375,156.046875,126.28125,123.859375,139.3125,157.609375,154.859375,143.65625,134.96875,126.671875,129.015625,123.828125,114.734375,115.640625,116.9375,116.46875,136.03125,151.1796875,151.2421875,148.53125,129.0234375,107.734375,176.703125,396.90625,691.328125,682.0546875
2005-07-30,196.703125,235.9375,253.4375,208.9375,156.046875,126.28125,123.859375,139.3125,157.609375,154.859375,143.65625,134.96875,126.671875,129.015625,123.828125,114.734375,115.640625,116.9375,116.46875,136.03125,151.1796875,151.2421875,148.53125,129.0234375,107.734375,176.703125,396.90625,691.328125,682.0546875,531.875
2005-07-31,235.9375,253.4375,208.9375,156.046875,126.28125,123.859375,139.3125,157.609375,154.859375,143.65625,134.96875,126.671875,129.015625,123.828125,114.734375,115.640625,116.9375,116.46875,136.03125,151.1796875,151.2421875,148.53125,129.0234375,107.734375,176.703125,396.90625,691.328125,682.0546875,531.875,384.0703125
2005-08-01,439.5,369.234375,277.640625,231.046875,203.6875,183.875,171.625,168.84375,164.515625,148.15625,140.890625,147.875,148.59375,140.859375,141.8125,133.25,112.8125,95.015625,88.359375,111.359375,140.84375,130.8359375,106.65625,89.3203125,71.78125,60.2890625,55.796875,51.71875,48.7578125,47.9140625
2005-08-02,369.234375,277.640625,231.046875,203.6875,183.875,171.625,168.84375,164.515625,148.15625,140.890625,147.875,148.59375,140.859375,141.8125,133.25,112.8125,95.015625,88.359375,111.359375,140.84375,130.8359375,106.65625,89.3203125,71.78125,60.2890625,55.796875,51.71875,48.7578125,47.9140625,44.9609375
2005-08-03,277.640625,231.046875,203.6875,183.875,171.625,168.84375,164.515625,148.15625,140.890625,147.875,148.59375,140.859375,141.8125,133.25,112.8125,95.015625,88.359375,111.359375,140.84375,130.8359375,106.65625,89.3203125,71.78125,60.2890625,55.796875,51.71875,48.7578125,47.9140625,44.9609375,41.75
2005-08-04,231.046875,203.6875,183.875,171.625,168.84375,164.515625,148.15625,140.890625,147.875,148.59375,140.859375,141.8125,133.25,112.8125,95.015625,88.359375,111.359375,140.84375,130.8359375,106.65625,89.3203125,71.78125,60.2890625,55.796875,51.71875,48.7578125,47.9140625,44.9609375,41.75,41.1484375
2005-08-05,206.328125,185.015625,181.15625,174.78125,161.359375,144.375,130.9375,120.515625,108.453125,103.484375,101.421875,99.5625,111.171875,114.75,110.796875,108.8828125,100.609375,83.375,70.7734375,67.71875,88.2578125,130.3125,167.4375,186.71875,161.6953125,114.28125,80.28125,102.3125,130.015625,114.78125
2005-08-06,185.015625,181.15625,174.78125,161.359375,144.375,130.9375,120.515625,108.453125,103.484375,101.421875,99.5625,111.171875,114.75,110.796875,108.8828125,100.609375,83.375,70.7734375,67.71875,88.2578125,130.3125,167.4375,186.71875,161.6953125,114.28125,80.28125,102.3125,130.015625,114.78125,105.3046875
2005-08-07,181.15625,174.78125,161.359375,144.375,130.9375,120.515625,108.453125,103.484375,101.421875,99.5625,111.171875,114.75,110.796875,108.8828125,100.609375,83.375,70.7734375,67.71875,88.2578125,130.3125,167.4375,186.71875,161.6953125,114.28125,80.28125,102.3125,130.015625,114.78125,105.3046875,108.3203125
2005-08-08,158.625,153.71875,148.421875,138.359375,138.390625,145.40625,153.515625,158.3125,143.015625,122.984375,113.765625,107.546875,105.0078125,117.625,133.203125,120.9375,98.34375,94.421875,93.7421875,105.2265625,110.6328125,95.75,99.0,133.3046875,154.671875,145.171875,115.0234375,97.65625,116.015625,160.984375
2005-08-09,153.71875,148.421875,138.359375,138.390625,145.40625,153.515625,158.3125,143.015625,122.984375,113.765625,107.546875,105.0078125,117.625,133.203125,120.9375,98.34375,94.421875,93.7421875,105.2265625,110.6328125,95.75,99.0,133.3046875,154.671875,145.171875,115.0234375,97.65625,116.015625,160.984375,212.453125
2005-08-10,148.421875,138.359375,138.390625,145.40625,153.515625,158.3125,143.015625,122.984375,113.765625,107.546875,105.0078125,117.625,133.203125,120.9375,98.34375,94.421875,93.7421875,105.2265625,110.6328125,95.75,99.0,133.3046875,154.671875,145.171875,115.0234375,97.65625,116.015625,160.984375,212.453125,343.3125
2005-08-11,138.359375,138.390625,145.40625,153.515625,158.3125,143.015625,122.984375,113.765625,107.546875,105.0078125,117.625,133.203125,120.9375,98.34375,94.421875,93.7421875,105.2265625,110.6328125,95.75,99.0,133.3046875,154.671875,145.171875,115.0234375,97.65625,116.015625,160.984375,212.453125,343.3125,501.328125
2005-08-12,176.078125,185.0625,176.4375,156.59375,141.484375,134.109375,120.234375,108.5546875,97.5078125,96.1015625,94.3515625,84.046875,74.4921875,66.9375,60.0234375,57.2109375,55.2109375,59.953125,100.65625,162.0859375,184.8671875,150.140625,111.7109375,102.9609375,110.1640625,117.625,117.9453125,158.125,152.0390625,124.109375
2005-08-13,185.0625,176.4375,156.59375,141.484375,134.109375,120.234375,108.5546875,97.5078125,96.1015625,94.3515625,84.046875,74.4921875,66.9375,60.0234375,57.2109375,55.2109375,59.953125,100.65625,162.0859375,184.8671875,150.140625,111.7109375,102.9609375,110.1640625,117.625,117.9453125,158.125,152.0390625,124.109375,112.40625
2005-08-14,176.4375,156.59375,141.484375,134.109375,120.234375,108.5546875,97.5078125,96.1015625,94.3515625,84.046875,74.4921875,66.9375,60.0234375,57.2109375,55.2109375,59.953125,100.65625,162.0859375,184.8671875,150.140625,111.7109375,102.9609375,110.1640625,117.625,117.9453125,158.125,152.0390625,124.109375,112.40625,88.8046875
2005-08-15,156.15625,126.984375,123.34375,121.234375,115.78125,118.5,117.234375,107.9296875,114.3046875,109.265625,113.4921875,129.7890625,131.328125,136.265625,137.7578125,115.2265625,90.2578125,81.3203125,84.8359375,89.1640625,105.234375,115.21875,108.75,99.8046875,96.0234375,87.0078125,81.1875,80.421875,80.421875,94.9375
2005-08-16,126.984375,123.34375,121.234375,115.78125,118.5,117.234375,107.9296875,114.3046875,109.265625,113.4921875,129.7890625,131.328125,136.265625,137.7578125,115.2265625,90.2578125,81.3203125,84.8359375,89.1640625,105.234375,115.21875,108.75,99.8046875,96.0234375,87.0078125,81.1875,80.421875,80.421875,94.9375,102.546875
2005-08-17,123.34375,121.234375,115.78125,118.5,117.234375,107.9296875,114.3046875,109.265625,113.4921875,129.7890625,131.328125,136.265625,137.7578125,115.2265625,90.2578125,81.3203125,84.8359375,89.1640625,105.234375,115.21875,108.75,99.8046875,96.0234375,87.0078125,81.1875,80.421875,80.421875,94.9375,102.546875,92.8828125
2005-08-18,121.234375,115.78125,118.5,117.234375,107.9296875,114.3046875,109.265625,113.4921875,129.7890625,131.328125,136.265625,137.7578125,115.2265625,90.2578125,81.3203125,84.8359375,89.1640625,105.234375,115.21875,108.75,99.8046875,96.0234375,87.0078125,81.1875,80.421875,80.421875,94.9375,102.546875,92.8828125,87.1171875
2005-08-19,102.5625,97.2578125,89.09375,89.0625,96.953125,99.890625,93.3359375,80.4453125,67.5546875,63.734375,67.78125,68.65625,63.7109375,60.609375,66.296875,79.6328125,81.3671875,87.75,108.1015625,110.234375,108.125,102.5703125,111.8828125,341.3515625,474.8203125,531.6953125,546.484375,388.59375,257.1796875,229.1484375
2005-08-20,97.2578125,89.09375,89.0625,96.953125,99.890625,93.3359375,80.4453125,67.5546875,63.734375,67.78125,68.65625,63.7109375,60.609375,66.296875,79.6328125,81.3671875,87.75,108.1015625,110.234375,108.125,102.5703125,111.8828125,341.3515625,474.8203125,531.6953125,546.484375,388.59375,257.1796875,229.1484375,193.4453125
2005-08-21,89.09375,89.0625,96.953125,99.890625,93.3359375,80.4453125,67.5546875,63.734375,67.78125,68.65625,63.7109375,60.609375,66.296875,79.6328125,81.3671875,87.75,108.1015625,110.234375,108.125,102.5703125,111.8828125,341.3515625,474.8203125,531.6953125,546.484375,388.59375,257.1796875,229.1484375,193.4453125,156.59375
2005-08-22,117.7734375,103.9765625,84.3046875,71.15625,73.515625,81.8203125,81.4921875,75.3046875,69.890625,67.234375,71.5546875,71.125,60.234375,50.8046875,55.890625,62.8828125,60.2265625,66.9140625,91.6328125,121.609375,129.0234375,109.6484375,82.6875,71.546875,87.875,140.21875,149.2734375,124.734375,113.71875,97.484375
2005-08-23,103.9765625,84.3046875,71.15625,73.515625,81.8203125,81.4921875,75.3046875,69.890625,67.234375,71.5546875,71.125,60.234375,50.8046875,55.890625,62.8828125,60.2265625,66.9140625,91.6328125,121.609375,129.0234375,109.6484375,82.6875,71.546875,87.875,140.21875,149.2734375,124.734375,113.71875,97.484375,85.328125
2005-08-24,84.3046875,71.15625,73.515625,81.8203125,81.4921875,75.3046875,69.890625,67.234375,71.5546875,71.125,60.234375,50.8046875,55.890625,62.8828125,60.2265625,66.9140625,91.6328125,121.609375,129.0234375,109.6484375,82.6875,71.546875,87.875,140.21875,149.2734375,124.734375,113.71875,97.484375,85.328125,74.0859375
2005-08-25,71.15625,73.515625,81.8203125,81.4921875,75.3046875,69.890625,67.234375,71.5546875,71.125,60.234375,50.8046875,55.890625,62.8828125,60.2265625,66.9140625,91.6328125,121.609375,129.0234375,109.6484375,82.6875,71.546875,87.875,140.21875,149.2734375,124.734375,113.71875,97.484375,85.328125,74.0859375,62.9609375
2005-08-26,93.03125,96.0390625,98.171875,101.4140625,98.2265625,89.625,83.8671875,88.7421875,94.453125,102.625,103.578125,148.984375,259.515625,521.546875,432.8671875,278.0234375,186.515625,133.3671875,144.8671875,192.171875,268.6640625,303.2109375,228.46875,149.453125,107.2734375,84.015625,74.53125,78.4140625,77.453125,82.828125
2005-08-27,96.0390625,98.171875,101.4140625,98.2265625,89.625,83.8671875,88.7421875,94.453125,102.625,103.578125,148.984375,259.515625,521.546875,432.8671875,278.0234375,186.515625,133.3671875,144.8671875,192.171875,268.6640625,303.2109375,228.46875,149.453125,107.2734375,84.015625,74.53125,78.4140625,77.453125,82.828125,103.25
2005-08-28,98.171875,101.4140625,98.2265625,89.625,83.8671875,88.7421875,94.453125,102.625,103.578125,148.984375,259.515625,521.546875,432.8671875,278.0234375,186.515625,133.3671875,144.8671875,192.171875,268.6640625,303.2109375,228.46875,149.453125,107.2734375,84.015625,74.53125,78.4140625,77.453125,82.828125,103.25,106.3671875
2005-08-29,148.3671875,133.84375,110.625,96.46875,92.2265625,113.2421875,197.421875,281.9140625,353.28125,317.453125,218.796875,146.6484375,121.9375,133.9140625,131.6328125,124.0234375,122.6875,132.140625,150.453125,154.703125,160.0390625,142.703125,113.0078125,104.6796875,107.4375,96.4453125,76.4296875,60.6953125,50.5703125,42.4375
2005-08-30,133.84375,110.625,96.46875,92.2265625,113.2421875,197.421875,281.9140625,353.28125,317.453125,218.796875,146.6484375,121.9375,133.9140625,131.6328125,124.0234375,122.6875,132.140625,150.453125,154.703125,160.0390625,142.703125,113.0078125,104.6796875,107.4375,96.4453125,76.4296875,60.6953125,50.5703125,42.4375,38.015625
2005-08-31,110.625,96.46875,92.2265625,113.2421875,197.421875,281.9140625,353.28125,317.453125,218.796875,146.6484375,121.9375,133.9140625,131.6328125,124.0234375,122.6875,132.140625,150.453125,154.703125,160.0390625,142.703125,113.0078125,104.6796875,107.4375,96.4453125,76.4296875,60.6953125,50.5703125,42.4375,38.015625,44.015625
2005-09-01,96.46875,92.2265625,113.2421875,197.421875,281.9140625,353.28125,317.453125,218.796875,146.6484375,121.9375,133.9140625,131.6328125,124.0234375,122.6875,132.140625,150.453125,154.703125,160.0390625,142.703125,113.0078125,104.6796875,107.4375,96.4453125,76.4296875,60.6953125,50.5703125,42.4375,38.015625,44.015625,132.5625
2005-09-02,125.7265625,124.265625,92.015625,77.3671875,69.171875,59.2890625,64.78125,76.0625,93.2421875,110.1015625,163.5390625,369.671875,384.6953125,290.375,224.765625,177.5546875,158.625,169.5859375,155.4140625,137.9453125,127.03125,114.6953125,116.3828125,134.1796875,160.546875,231.453125,258.0625,211.15625,166.6484375,126.65625
2005-09-03,124.265625,92.015625,77.3671875,69.171875,59.2890625,64.78125,76.0625,93.2421875,110.1015625,163.5390625,369.671875,384.6953125,290.375,224.765625,177.5546875,158.625,169.5859375,155.4140625,137.9453125,127.03125,114.6953125,116.3828125,134.1796875,160.546875,231.453125,258.0625,211.15625,166.6484375,126.65625,95.2421875
2005-09-04,92.015625,77.3671875,69.171875,59.2890625,64.78125,76.0625,93.2421875,110.1015625,163.5390625,369.671875,384.6953125,290.375,224.765625,177.5546875,158.625,169.5859375,155.4140625,137.9453125,127.03125,114.6953125,116.3828125,134.1796875,160.546875,231.453125,258.0625,211.15625,166.6484375,126.65625,95.2421875,93.4375
2005-09-05,109.4140625,85.3671875,93.6015625,169.5859375,229.6328125,252.5859375,228.1796875,178.6796875,144.890625,141.4765625,123.5703125,108.90625,117.015625,204.71875,274.703125,207.2578125,144.5703125,150.8828125,210.1328125,190.1640625,150.3203125,142.8203125,122.234375,102.3046875,96.5625,101.125,112.0234375,116.5546875,125.4375,172.2890625
2005-09-06,85.3671875,93.6015625,169.5859375,229.6328125,252.5859375,228.1796875,178.6796875,144.890625,141.4765625,123.5703125,108.90625,117.015625,204.71875,274.703125,207.2578125,144.5703125,150.8828125,210.1328125,190.1640625,150.3203125,142.8203125,122.234375,102.3046875,96.5625,101.125,112.0234375,116.5546875,125.4375,172.2890625,191.9609375
2005-09-07,93.6015625,169.5859375,229.6328125,252.5859375,228.1796875,178.6796875,144.890625,141.4765625,123.5703125,108.90625,117.015625,204.71875,274.703125,207.2578125,144.5703125,150.8828125,210.1328125,190.1640625,150.3203125,142.8203125,122.234375,102.3046875,96.5625,101.125,112.0234375,116.5546875,125.4375,172.2890625,191.9609375,176.9765625
2005-09-08,169.5859375,229.6328125,252.5859375,228.1796875,178.6796875,144.890625,141.4765625,123.5703125,108.90625,117.015625,204.71875,274.703125,207.2578125,144.5703125,150.8828125,210.1328125,190.1640625,150.3203125,142.8203125,122.234375,102.3046875,96.5625,101.125,112.0234375,116.5546875,125.4375,172.2890625,191.9609375,176.9765625,159.2578125
2005-09-09,147.109375,114.171875,90.484375,89.0625,172.859375,218.578125,163.375,114.9609375,110.78125,188.4921875,247.9921875,237.46875,195.9921875,148.65625,114.375,100.6015625,95.0703125,86.3359375,79.1875,71.5390625,72.9921875,89.2734375,89.46875,72.6953125,62.4140625,58.5078125,54.28125,65.4921875,132.78125,158.015625
2005-09-10,114.171875,90.484375,89.0625,172.859375,218.578125,163.375,114.9609375,110.78125,188.4921875,247.9921875,237.46875,195.9921875,148.65625,114.375,100.6015625,95.0703125,86.3359375,79.1875,71.5390625,72.9921875,89.2734375,89.46875,72.6953125,62.4140625,58.5078125,54.28125,65.4921875,132.78125,158.015625,143.875
2005-09-11,90.484375,89.0625,172.859375,218.578125,163.375,114.9609375,110.78125,188.4921875,247.9921875,237.46875,195.9921875,148.65625,114.375,100.6015625,95.0703125,86.3359375,79.1875,71.5390625,72.9921875,89.2734375,89.46875,72.6953125,62.4140625,58.5078125,54.28125,65.4921875,132.78125,158.015625,143.875,131.2109375
2005-09-12,107.359375,84.9296875,117.640625,129.9296875,107.9765625,130.59375,200.234375,374.8984375,315.1171875,193.8203125,135.3203125,129.578125,128.3203125,166.375,194.46875,171.2734375,143.03125,120.8359375,104.1484375,101.0546875,178.65625,314.7421875,275.9296875,239.859375,193.7109375,130.2421875,91.84375,70.5625,59.4765625,60.59375
2005-09-13,84.9296875,117.640625,129.9296875,107.9765625,130.59375,200.234375,374.8984375,315.1171875,193.8203125,135.3203125,129.578125,128.3203125,166.375,194.46875,171.2734375,143.03125,120.8359375,104.1484375,101.0546875,178.65625,314.7421875,275.9296875,239.859375,193.7109375,130.2421875,91.84375,70.5625,59.4765625,60.59375,71.921875
2005-09-14,117.640625,129.9296875,107.9765625,130.59375,200.234375,374.8984375,315.1171875,193.8203125,135.3203125,129.578125,128.3203125,166.375,194.46875,171.2734375,143.03125,120.8359375,104.1484375,101.0546875,178.65625,314.7421875,275.9296875,239.859375,193.7109375,130.2421875,91.84375,70.5625,59.4765625,60.59375,71.921875,93.296875
2005-09-15,129.9296875,107.9765625,130.59375,200.234375,374.8984375,315.1171875,193.8203125,135.3203125,129.578125,128.3203125,166.375,194.46875,171.2734375,143.03125,120.8359375,104.1484375,101.0546875,178.65625,314.7421875,275.9296875,239.859375,193.7109375,130.2421875,91.84375,70.5625,59.4765625,60.59375,71.921875,93.296875,121.3046875
2005-09-16,109.34375,97.75,91.34375,91.3515625,94.6875,83.4296875,67.578125,62.65625,78.234375,89.140625,78.4609375,68.578125,65.75,71.6171875,82.8046875,82.046875,68.015625,65.9296875,71.421875,72.9453125,83.0234375,109.2421875,119.4140625,111.71875,107.4375,131.875,138.921875,142.5234375,179.140625,256.5859375
2005-09-17,97.75,91.34375,91.3515625,94.6875,83.4296875,67.578125,62.65625,78.234375,89.140625,78.4609375,68.578125,65.75,71.6171875,82.8046875,82.046875,68.015625,65.9296875,71.421875,72.9453125,83.0234375,109.2421875,119.4140625,111.71875,107.4375,131.875,138.921875,142.5234375,179.140625,256.5859375,246.90625
2005-09-18,91.34375,91.3515625,94.6875,83.4296875,67.578125,62.65625,78.234375,89.140625,78.4609375,68.578125,65.75,71.6171875,82.8046875,82.046875,68.015625,65.9296875,71.421875,72.9453125,83.0234375,109.2421875,119.4140625,111.71875,107.4375,131.875,138.921875,142.5234375,179.140625,256.5859375,246.90625,186.7421875
2005-09-19,146.8125,137.8515625,109.1875,91.546875,84.046875,85.046875,92.5546875,94.6953125,87.734375,77.15625,65.96875,57.4296875,63.7578125,75.1640625,73.9140625,66.828125,70.109375,81.09375,94.953125,100.4609375,89.21875,80.875,83.8984375,95.7109375,100.2578125,89.015625,80.625,117.9296875,124.546875,90.140625
2005-09-20,137.8515625,109.1875,91.546875,84.046875,85.046875,92.5546875,94.6953125,87.734375,77.15625,65.96875,57.4296875,63.7578125,75.1640625,73.9140625,66.828125,70.109375,81.09375,94.953125,100.4609375,89.21875,80.875,83.8984375,95.7109375,100.2578125,89.015625,80.625,117.9296875,124.546875,90.140625,75.046875
2005-09-21,109.1875,91.546875,84.046875,85.046875,92.5546875,94.6953125,87.734375,77.15625,65.96875,57.4296875,63.7578125,75.1640625,73.9140625,66.828125,70.109375,81.09375,94.953125,100.4609375,89.21875,80.875,83.8984375,95.7109375,100.2578125,89.015625,80.625,117.9296875,124.546875,90.140625,75.046875,121.0859375
2005-09-22,91.546875,84.046875,85.046875,92.5546875,94.6953125,87.734375,77.15625,65.96875,57.4296875,63.7578125,75.1640625,73.9140625,66.828125,70.109375,81.09375,94.953125,100.4609375,89.21875,80.875,83.8984375,95.7109375,100.2578125,89.015625,80.625,117.9296875,124.546875,90.140625,75.046875,121.0859375,176.8359375
2005-09-23,60.515625,56.875,75.0,113.6796875,132.828125,110.96875,83.3203125,77.0078125,88.03125,95.703125,108.515625,120.9140625,163.75,187.3046875,150.328125,123.8515625,122.3828125,115.1875,100.0,105.90625,106.1953125,89.8828125,102.5078125,107.1015625,88.5390625,69.578125,64.8828125,72.4375,83.25,96.4453125
2005-09-24,56.875,75.0,113.6796875,132.828125,110.96875,83.3203125,77.0078125,88.03125,95.703125,108.515625,120.9140625,163.75,187.3046875,150.328125,123.8515625,122.3828125,115.1875,100.0,105.90625,106.1953125,89.8828125,102.5078125,107.1015625,88.5390625,69.578125,64.8828125,72.4375,83.25,96.4453125,122.390625
2005-09-25,75.0,113.6796875,132.828125,110.96875,83.3203125,77.0078125,88.03125,95.703125,108.515625,120.9140625,163.75,187.3046875,150.328125,123.8515625,122.3828125,115.1875,100.0,105.90625,106.1953125,89.8828125,102.5078125,107.1015625,88.5390625,69.578125,64.8828125,72.4375,83.25,96.4453125,122.390625,166.28125
2005-09-26,158.59375,147.4296875,115.671875,91.5390625,94.0078125,113.265625,126.265625,130.1875,123.546875,140.3359375,152.5078125,136.6171875,138.4921875,142.078125,124.5625,105.875,84.4765625,75.5078125,74.3984375,67.921875,63.4375,62.1953125,75.8828125,90.515625,96.0625,84.90625,86.109375,92.171875,87.7578125,97.625
2005-09-27,147.4296875,115.671875,91.5390625,94.0078125,113.265625,126.265625,130.1875,123.546875,140.3359375,152.5078125,136.6171875,138.4921875,142.078125,124.5625,105.875,84.4765625,75.5078125,74.3984375,67.921875,63.4375,62.1953125,75.8828125,90.515625,96.0625,84.90625,86.109375,92.171875,87.7578125,97.625,126.546875
2005-09-28,115.671875,91.5390625,94.0078125,113.265625,126.265625,130.1875,123.546875,140.3359375,152.5078125,136.6171875,138.4921875,142.078125,124.5625,105.875,84.4765625,75.5078125,74.3984375,67.921875,63.4375,62.1953125,75.8828125,90.515625,96.0625,84.90625,86.109375,92.171875,87.7578125,97.625,126.546875,137.4453125
2005-09-29,91.5390625,94.0078125,113.265625,126.265625,130.1875,123.546875,140.3359375,152.5078125,136.6171875,138.4921875,142.078125,124.5625,105.875,84.4765625,75.5078125,74.3984375,67.921875,63.4375,62.1953125,75.8828125,90.515625,96.0625,84.90625,86.109375,92.171875,87.7578125,97.625,126.546875,137.4453125,113.5859375
2005-09-30,88.140625,86.2734375,91.609375,109.125,119.7265625,116.5625,110.6171875,110.8671875,110.75,132.6796875,161.7109375,159.09375,145.84375,132.2109375,107.2265625,82.8984375,74.3125,70.6015625,77.109375,132.4296875,212.59375,199.5078125,153.6640625,153.40625,148.8671875,141.09375,172.4921875,170.5390625,136.0390625,120.1484375
2005-10-01,86.2734375,91.609375,109.125,119.7265625,116.5625,110.6171875,110.8671875,110.75,132.6796875,161.7109375,159.09375,145.84375,132.2109375,107.2265625,82.8984375,74.3125,70.6015625,77.109375,132.4296875,212.59375,199.5078125,153.6640625,153.40625,148.8671875,141.09375,172.4921875,170.5390625,136.0390625,120.1484375,124.015625
2005-10-02,91.609375,109.125,119.7265625,116.5625,110.6171875,110.8671875,110.75,132.6796875,161.7109375,159.09375,145.84375,132.2109375,107.2265625,82.8984375,74.3125,70.6015625,77.109375,132.4296875,212.59375,199.5078125,153.6640625,153.40625,148.8671875,141.09375,172.4921875,170.5390625,136.0390625,120.1484375,124.015625,127.0234375
2005-10-03,103.6640625,145.1875,162.515625,138.2265625,108.75,122.4765625,164.8984375,169.703125,142.984375,153.7109375,146.5078125,125.8515625,140.7578125,133.0234375,114.0390625,110.5078125,123.0,114.40625,93.96875,95.2890625,107.8046875,108.484375,124.34375,143.96875,121.6796875,158.2421875,233.3046875,213.09375,145.6015625,101.625
2005-10-04,145.1875,162.515625,138.2265625,108.75,122.4765625,164.8984375,169.703125,142.984375,153.7109375,146.5078125,125.8515625,140.7578125,133.0234375,114.0390625,110.5078125,123.0,114.40625,93.96875,95.2890625,107.8046875,108.484375,124.34375,143.96875,121.6796875,158.2421875,233.3046875,213.09375,145.6015625,101.625,80.1484375
2005-10-05,162.515625,138.2265625,108.75,122.4765625,164.8984375,169.703125,142.984375,153.7109375,146.5078125,125.8515625,140.7578125,133.0234375,114.0390625,110.5078125,123.0,114.40625,93.96875,95.2890625,107.8046875,108.484375,124.34375,143.96875,121.6796875,158.2421875,233.3046875,213.09375,145.6015625,101.625,80.1484375,62.05078125
2005-10-06,138.2265625,108.75,122.4765625,164.8984375,169.703125,142.984375,153.7109375,146.5078125,125.8515625,140.7578125,133.0234375,114.0390625,110.5078125,123.0,114.40625,93.96875,95.2890625,107.8046875,108.484375,124.34375,143.96875,121.6796875,158.2421875,233.3046875,213.09375,145.6015625,101.625,80.1484375,62.05078125,48.1640625
2005-10-07,168.296875,165.71875,166.4921875,159.1328125,166.796875,161.4375,155.25,164.6328125,204.078125,201.7734375,184.234375,154.6171875,123.9609375,105.8125,91.9921875,94.5078125,92.96875,78.8359375,66.7578125,86.484375,126.0625,146.3125,131.40625,114.421875,113.7265625,96.4296875,71.25,55.71875,47.08203125,42.83984375
2005-10-08,165.71875,166.4921875,159.1328125,166.796875,161.4375,155.25,164.6328125,204.078125,201.7734375,184.234375,154.6171875,123.9609375,105.8125,91.9921875,94.5078125,92.96875,78.8359375,66.7578125,86.484375,126.0625,146.3125,131.40625,114.421875,113.7265625,96.4296875,71.25,55.71875,47.08203125,42.83984375,45.9765625
2005-10-09,166.4921875,159.1328125,166.796875,161.4375,155.25,164.6328125,204.078125,201.7734375,184.234375,154.6171875,123.9609375,105.8125,91.9921875,94.5078125,92.96875,78.8359375,66.7578125,86.484375,126.0625,146.3125,131.40625,114.421875,113.7265625,96.4296875,71.25,55.71875,47.08203125,42.83984375,45.9765625,70.953125
2005-10-10,445.7265625,412.046875,265.1328125,206.8203125,229.7890625,208.25,183.4375,172.4765625,150.015625,136.75,136.2109375,144.7109375,138.8671875,131.765625,136.1328125,133.5546875,115.0078125,91.6015625,83.359375,99.5,113.8046875,101.6015625,87.2734375,77.0859375,64.4453125,56.27734375,51.45703125,69.77734375,90.98046875,77.35546875
2005-10-11,412.046875,265.1328125,206.8203125,229.7890625,208.25,183.4375,172.4765625,150.015625,136.75,136.2109375,144.7109375,138.8671875,131.765625,136.1328125,133.5546875,115.0078125,91.6015625,83.359375,99.5,113.8046875,101.6015625,87.2734375,77.0859375,64.4453125,56.27734375,51.45703125,69.77734375,90.98046875,77.35546875,57.8203125
2005-10-12,265.1328125,206.8203125,229.7890625,208.25,183.4375,172.4765625,150.015625,136.75,136.2109375,144.7109375,138.8671875,131.765625,136.1328125,133.5546875,115.0078125,91.6015625,83.359375,99.5,113.8046875,101.6015625,87.2734375,77.0859375,64.4453125,56.27734375,51.45703125,69.77734375,90.98046875,77.35546875,57.8203125,49.34375
2005-10-13,206.8203125,229.7890625,208.25,183.4375,172.4765625,150.015625,136.75,136.2109375,144.7109375,138.8671875,131.765625,136.1328125,133.5546875,115.0078125,91.6015625,83.359375,99.5,113.8046875,101.6015625,87.2734375,77.0859375,64.4453125,56.27734375,51.45703125,69.77734375,90.98046875,77.35546875,57.8203125,49.34375,69.88671875
2005-10-14,167.578125,171.59375,148.34375,141.2265625,148.5234375,161.828125,184.1328125,212.6484375,181.796875,129.3984375,117.03125,124.75,119.5078125,105.3046875,88.609375,82.0,80.5078125,70.3671875,58.98046875,49.453125,42.4921875,37.44921875,33.54296875,30.07421875,27.48046875,25.0546875,23.33984375,23.421875,21.109375,18.984375
2005-10-15,171.59375,148.34375,141.2265625,148.5234375,161.828125,184.1328125,212.6484375,181.796875,129.3984375,117.03125,124.75,119.5078125,105.3046875,88.609375,82.0,80.5078125,70.3671875,58.98046875,49.453125,42.4921875,37.44921875,33.54296875,30.07421875,27.48046875,25.0546875,23.33984375,23.421875,21.109375,18.984375,19.87890625
2005-10-16,148.34375,141.2265625,148.5234375,161.828125,184.1328125,212.6484375,181.796875,129.3984375,117.03125,124.75,119.5078125,105.3046875,88.609375,82.0,80.5078125,70.3671875,58.98046875,49.453125,42.4921875,37.44921875,33.54296875,30.07421875,27.48046875,25.0546875,23.33984375,23.421875,21.109375,18.984375,19.87890625,21.4296875
2005-10-17,149.0234375,113.8671875,108.6328125,100.765625,99.9765625,99.8984375,86.9140625,82.453125,79.234375,68.4140625,65.59375,65.4765625,60.53125,54.1640625,48.2890625,44.640625,89.92578125,123.4375,95.3984375,88.87890625,94.1953125,99.1875,165.52734375,169.22265625,156.38671875,192.0234375,172.640625,145.2421875,114.0078125,74.7578125
2005-10-18,113.8671875,108.6328125,100.765625,99.9765625,99.8984375,86.9140625,82.453125,79.234375,68.4140625,65.59375,65.4765625,60.53125,54.1640625,48.2890625,44.640625,89.92578125,123.4375,95.3984375,88.87890625,94.1953125,99.1875,165.52734375,169.22265625,156.38671875,192.0234375,172.640625,145.2421875,114.0078125,74.7578125,51.625
2005-10-19,108.6328125,100.765625,99.9765625,99.8984375,86.9140625,82.453125,79.234375,68.4140625,65.59375,65.4765625,60.53125,54.1640625,48.2890625,44.640625,89.92578125,123.4375,95.3984375,88.87890625,94.1953125,99.1875,165.52734375,169.22265625,156.38671875,192.0234375,172.640625,145.2421875,114.0078125,74.7578125,51.625,37.171875
2005-10-20,100.765625,99.9765625,99.8984375,86.9140625,82.453125,79.234375,68.4140625,65.59375,65.4765625,60.53125,54.1640625,48.2890625,44.640625,89.92578125,123.4375,95.3984375,88.87890625,94.1953125,99.1875,165.52734375,169.22265625,156.38671875,192.0234375,172.640625,145.2421875,114.0078125,74.7578125,51.625,37.171875,28.73046875
2005-10-21,108.796875,100.1015625,104.3203125,129.4921875,131.109375,105.7578125,114.0625,153.3359375,176.4609375,143.3828125,107.90625,99.21875,98.44921875,89.69140625,80.9765625,73.953125,68.0390625,62.1953125,96.55078125,166.59765625,147.484375,95.5859375,65.0234375,47.78125,37.0390625,29.92578125,25.06640625,21.24609375,18.53125,16.5234375
2005-10-22,100.1015625,104.3203125,129.4921875,131.109375,105.7578125,114.0625,153.3359375,176.4609375,143.3828125,107.90625,99.21875,98.44921875,89.69140625,80.9765625,73.953125,68.0390625,62.1953125,96.55078125,166.59765625,147.484375,95.5859375,65.0234375,47.78125,37.0390625,29.92578125,25.06640625,21.24609375,18.53125,16.5234375,14.42578125
2005-10-23,104.3203125,129.4921875,131.109375,105.7578125,114.0625,153.3359375,176.4609375,143.3828125,107.90625,99.21875,98.44921875,89.69140625,80.9765625,73.953125,68.0390625,62.1953125,96.55078125,166.59765625,147.484375,95.5859375,65.0234375,47.78125,37.0390625,29.92578125,25.06640625,21.24609375,18.53125,16.5234375,14.42578125,13.12890625
2005-10-24,239.484375,201.875,183.078125,159.3671875,124.0,146.0078125,171.3046875,139.8515625,112.99609375,111.5234375,102.80078125,93.82421875,91.140625,118.52734375,135.5546875,133.3984375,154.203125,142.5234375,104.66015625,84.82421875,73.16015625,59.19921875,48.03125,40.57421875,33.79296875,29.046875,26.1796875,23.59765625,21.9609375,19.9765625
2005-10-25,201.875,183.078125,159.3671875,124.0,146.0078125,171.3046875,139.8515625,112.99609375,111.5234375,102.80078125,93.82421875,91.140625,118.52734375,135.5546875,133.3984375,154.203125,142.5234375,104.66015625,84.82421875,73.16015625,59.19921875,48.03125,40.57421875,33.79296875,29.046875,26.1796875,23.59765625,21.9609375,19.9765625,17.83984375
2005-10-26,183.078125,159.3671875,124.0,146.0078125,171.3046875,139.8515625,112.99609375,111.5234375,102.80078125,93.82421875,91.140625,118.52734375,135.5546875,133.3984375,154.203125,142.5234375,104.66015625,84.82421875,73.16015625,59.19921875,48.03125,40.57421875,33.79296875,29.046875,26.1796875,23.59765625,21.9609375,19.9765625,17.83984375,16.5078125
2005-10-27,159.3671875,124.0,146.0078125,171.3046875,139.8515625,112.99609375,111.5234375,102.80078125,93.82421875,91.140625,118.52734375,135.5546875,133.3984375,154.203125,142.5234375,104.66015625,84.82421875,73.16015625,59.19921875,48.03125,40.57421875,33.79296875,29.046875,26.1796875,23.59765625,21.9609375,19.9765625,17.83984375,16.5078125,15.5
2005-10-28,134.421875,106.8359375,126.453125,138.7421875,114.06640625,102.69921875,102.7890625,106.8125,108.71484375,118.0703125,119.53125,99.8671875,81.67578125,68.73828125,60.40234375,72.1875,85.29296875,71.6796875,55.109375,43.64453125,36.08984375,30.8203125,27.453125,24.25390625,21.30859375,19.3125,17.44921875,15.34765625,13.65234375,13.484375
2005-10-29,106.8359375,126.453125,138.7421875,114.06640625,102.69921875,102.7890625,106.8125,108.71484375,118.0703125,119.53125,99.8671875,81.67578125,68.73828125,60.40234375,72.1875,85.29296875,71.6796875,55.109375,43.64453125,36.08984375,30.8203125,27.453125,24.25390625,21.30859375,19.3125,17.44921875,15.34765625,13.65234375,13.484375,13.44140625
2005-10-30,126.453125,138.7421875,114.06640625,102.69921875,102.7890625,106.8125,108.71484375,118.0703125,119.53125,99.8671875,81.67578125,68.73828125,60.40234375,72.1875,85.29296875,71.6796875,55.109375,43.64453125,36.08984375,30.8203125,27.453125,24.25390625,21.30859375,19.3125,17.44921875,15.34765625,13.65234375,13.484375,13.44140625,12.66796875
2005-10-31,93.8046875,86.6484375,75.21875,97.61328125,139.7890625,177.51953125,191.94921875,173.125,170.609375,162.87109375,140.6171875,128.76171875,125.03125,119.56640625,150.3671875,139.265625,97.44921875,73.87109375,59.41015625,49.01953125,43.35546875,39.28515625,35.640625,32.21875,29.66015625,27.76171875,26.1484375,24.5234375,25.328125,32.203125
2005-11-01,86.6484375,75.21875,97.61328125,139.7890625,177.51953125,191.94921875,173.125,170.609375,162.87109375,140.6171875,128.76171875,125.03125,119.56640625,150.3671875,139.265625,97.44921875,73.87109375,59.41015625,49.01953125,43.35546875,39.28515625,35.640625,32.21875,29.66015625,27.76171875,26.1484375,24.5234375,25.328125,32.203125,37.04296875
2005-11-02,75.21875,97.61328125,139.7890625,177.51953125,191.94921875,173.125,170.609375,162.87109375,140.6171875,128.76171875,125.03125,119.56640625,150.3671875,139.265625,97.44921875,73.87109375,59.41015625,49.01953125,43.35546875,39.28515625,35.640625,32.21875,29.66015625,27.76171875,26.1484375,24.5234375,25.328125,32.203125,37.04296875,33.14453125
2005-11-03,97.61328125,139.7890625,177.51953125,191.94921875,173.125,170.609375,162.87109375,140.6171875,128.76171875,125.03125,119.56640625,150.3671875,139.265625,97.44921875,73.87109375,59.41015625,49.01953125,43.35546875,39.28515625,35.640625,32.21875,29.66015625,27.76171875,26.1484375,24.5234375,25.328125,32.203125,37.04296875,33.14453125,28.35546875
2005-11-04,98.3046875,116.35546875,109.50390625,93.609375,120.62890625,130.8125,110.265625,99.6796875,86.1171875,71.3125,61.76953125,56.73828125,53.26953125,46.484375,40.05078125,35.53515625,31.0859375,27.1953125,24.42578125,21.7265625,19.87890625,18.07421875,16.4921875,20.8671875,34.41015625,36.98828125,30.06640625,23.38671875,18.4296875,14.921875
2005-11-05,116.35546875,109.50390625,93.609375,120.62890625,130.8125,110.265625,99.6796875,86.1171875,71.3125,61.76953125,56.73828125,53.26953125,46.484375,40.05078125,35.53515625,31.0859375,27.1953125,24.42578125,21.7265625,19.87890625,18.07421875,16.4921875,20.8671875,34.41015625,36.98828125,30.06640625,23.38671875,18.4296875,14.921875,12.48046875
2005-11-06,109.50390625,93.609375,120.62890625,130.8125,110.265625,99.6796875,86.1171875,71.3125,61.76953125,56.73828125,53.26953125,46.484375,40.05078125,35.53515625,31.0859375,27.1953125,24.42578125,21.7265625,19.87890625,18.07421875,16.4921875,20.8671875,34.41015625,36.98828125,30.06640625,23.38671875,18.4296875,14.921875,12.48046875,10.77734375
2005-11-07,120.55078125,120.88671875,126.58203125,115.79296875,98.12890625,95.7734375,90.578125,76.609375,64.23828125,60.60546875,57.3046875,48.3203125,41.453125,35.7265625,31.78515625,30.11328125,27.69921875,23.6328125,21.7421875,21.06640625,21.6953125,22.19140625,20.66015625,18.49609375,16.2265625,18.2109375,28.2578125,36.40625,32.28515625,25.87109375
2005-11-08,120.88671875,126.58203125,115.79296875,98.12890625,95.7734375,90.578125,76.609375,64.23828125,60.60546875,57.3046875,48.3203125,41.453125,35.7265625,31.78515625,30.11328125,27.69921875,23.6328125,21.7421875,21.06640625,21.6953125,22.19140625,20.66015625,18.49609375,16.2265625,18.2109375,28.2578125,36.40625,32.28515625,25.87109375,20.13671875
2005-11-09,126.58203125,115.79296875,98.12890625,95.7734375,90.578125,76.609375,64.23828125,60.60546875,57.3046875,48.3203125,41.453125,35.7265625,31.78515625,30.11328125,27.69921875,23.6328125,21.7421875,21.06640625,21.6953125,22.19140625,20.66015625,18.49609375,16.2265625,18.2109375,28.2578125,36.40625,32.28515625,25.87109375,20.13671875,16.70703125
2005-11-10,115.79296875,98.12890625,95.7734375,90.578125,76.609375,64.23828125,60.60546875,57.3046875,48.3203125,41.453125,35.7265625,31.78515625,30.11328125,27.69921875,23.6328125,21.7421875,21.06640625,21.6953125,22.19140625,20.66015625,18.49609375,16.2265625,18.2109375,28.2578125,36.40625,32.28515625,25.87109375,20.13671875,16.70703125,16.83203125
2005-11-11,118.69140625,105.54296875,102.0859375,91.734375,75.76953125,81.75,93.6875,78.890625,60.75390625,48.53515625,40.85546875,35.76953125,32.47265625,30.9296875,30.64453125,37.88671875,59.62890625,63.8515625,49.5859375,37.07421875,28.76171875,23.2578125,19.1875,16.60546875,14.0546875,12.16796875,11.578125,10.0234375,8.87109375,9.27734375
2005-11-12,105.54296875,102.0859375,91.734375,75.76953125,81.75,93.6875,78.890625,60.75390625,48.53515625,40.85546875,35.76953125,32.47265625,30.9296875,30.64453125,37.88671875,59.62890625,63.8515625,49.5859375,37.07421875,28.76171875,23.2578125,19.1875,16.60546875,14.0546875,12.16796875,11.578125,10.0234375,8.87109375,9.27734375,10.375
2005-11-13,102.0859375,91.734375,75.76953125,81.75,93.6875,78.890625,60.75390625,48.53515625,40.85546875,35.76953125,32.47265625,30.9296875,30.64453125,37.88671875,59.62890625,63.8515625,49.5859375,37.07421875,28.76171875,23.2578125,19.1875,16.60546875,14.0546875,12.16796875,11.578125,10.0234375,8.87109375,9.27734375,10.375,13.71875
2005-11-14,95.2109375,84.44921875,68.8984375,60.55078125,63.06640625,63.0078125,51.76953125,43.640625,37.46875,33.12109375,29.67578125,27.1953125,24.91015625,22.7578125,21.29296875,19.6640625,18.76171875,16.9453125,15.52734375,13.78515625,12.3671875,10.7734375,9.80859375,9.58203125,12.734375,19.75390625,19.17578125,15.66796875,13.0546875,11.1640625
2005-11-15,84.44921875,68.8984375,60.55078125,63.06640625,63.0078125,51.76953125,43.640625,37.46875,33.12109375,29.67578125,27.1953125,24.91015625,22.7578125,21.29296875,19.6640625,18.76171875,16.9453125,15.52734375,13.78515625,12.3671875,10.7734375,9.80859375,9.58203125,12.734375,19.75390625,19.17578125,15.66796875,13.0546875,11.1640625,9.5546875
2005-11-16,68.8984375,60.55078125,63.06640625,63.0078125,51.76953125,43.640625,37.46875,33.12109375,29.67578125,27.1953125,24.91015625,22.7578125,21.29296875,19.6640625,18.76171875,16.9453125,15.52734375,13.78515625,12.3671875,10.7734375,9.80859375,9.58203125,12.734375,19.75390625,19.17578125,15.66796875,13.0546875,11.1640625,9.5546875,8.5078125
2005-11-17,60.55078125,63.06640625,63.0078125,51.76953125,43.640625,37.46875,33.12109375,29.67578125,27.1953125,24.91015625,22.7578125,21.29296875,19.6640625,18.76171875,16.9453125,15.52734375,13.78515625,12.3671875,10.7734375,9.80859375,9.58203125,12.734375,19.75390625,19.17578125,15.66796875,13.0546875,11.1640625,9.5546875,8.5078125,7.5703125
2005-11-18,87.25390625,75.52734375,59.96484375,49.04296875,41.8515625,36.5390625,33.28125,30.47265625,27.625,27.0,35.91796875,54.6953125,62.37890625,61.0546875,57.55078125,47.703125,37.85546875,31.1015625,25.69140625,20.953125,17.88671875,21.67578125,31.40625,31.203125,25.76171875,22.95703125,22.88671875,20.984375,18.6875,15.3515625
2005-11-19,75.52734375,59.96484375,49.04296875,41.8515625,36.5390625,33.28125,30.47265625,27.625,27.0,35.91796875,54.6953125,62.37890625,61.0546875,57.55078125,47.703125,37.85546875,31.1015625,25.69140625,20.953125,17.88671875,21.67578125,31.40625,31.203125,25.76171875,22.95703125,22.88671875,20.984375,18.6875,15.3515625,12.546875
2005-11-20,59.96484375,49.04296875,41.8515625,36.5390625,33.28125,30.47265625,27.625,27.0,35.91796875,54.6953125,62.37890625,61.0546875,57.55078125,47.703125,37.85546875,31.1015625,25.69140625,20.953125,17.88671875,21.67578125,31.40625,31.203125,25.76171875,22.95703125,22.88671875,20.984375,18.6875,15.3515625,12.546875,10.6796875
2005-11-21,50.25390625,43.4609375,38.1171875,34.21484375,31.29296875,43.30859375,65.67578125,68.8125,61.3671875,50.3828125,39.90234375,40.234375,50.13671875,64.47265625,82.50390625,135.0234375,135.93359375,86.140625,56.44140625,39.61328125,29.2734375,22.4296875,18.171875,15.1328125,12.8671875,11.0078125,9.375,8.453125,7.5703125,7.0234375
2005-11-22,43.4609375,38.1171875,34.21484375,31.29296875,43.30859375,65.67578125,68.8125,61.3671875,50.3828125,39.90234375,40.234375,50.13671875,64.47265625,82.50390625,135.0234375,135.93359375,86.140625,56.44140625,39.61328125,29.2734375,22.4296875,18.171875,15.1328125,12.8671875,11.0078125,9.375,8.453125,7.5703125,7.0234375,7.1796875
2005-11-23,38.1171875,34.21484375,31.29296875,43.30859375,65.67578125,68.8125,61.3671875,50.3828125,39.90234375,40.234375,50.13671875,64.47265625,82.50390625,135.0234375,135.93359375,86.140625,56.44140625,39.61328125,29.2734375,22.4296875,18.171875,15.1328125,12.8671875,11.0078125,9.375,8.453125,7.5703125,7.0234375,7.1796875,6.59375
2005-11-24,34.21484375,31.29296875,43.30859375,65.67578125,68.8125,61.3671875,50.3828125,39.90234375,40.234375,50.13671875,64.47265625,82.50390625,135.0234375,135.93359375,86.140625,56.44140625,39.61328125,29.2734375,22.4296875,18.171875,15.1328125,12.8671875,11.0078125,9.375,8.453125,7.5703125,7.0234375,7.1796875,6.59375,6.0546875
2005-11-25,48.2890625,63.55078125,61.58203125,60.6171875,55.515625,44.71875,36.35546875,39.53515625,53.2109375,52.40234375,42.5703125,34.21875,28.75390625,23.96484375,20.73828125,17.546875,15.0546875,12.9453125,11.484375,10.14453125,8.609375,7.53125,6.75,6.5,5.9453125,5.34375,5.0859375,5.015625,5.1484375,4.9453125
2005-11-26,63.55078125,61.58203125,60.6171875,55.515625,44.71875,36.35546875,39.53515625,53.2109375,52.40234375,42.5703125,34.21875,28.75390625,23.96484375,20.73828125,17.546875,15.0546875,12.9453125,11.484375,10.14453125,8.609375,7.53125,6.75,6.5,5.9453125,5.34375,5.0859375,5.015625,5.1484375,4.9453125,4.5703125
2005-11-27,61.58203125,60.6171875,55.515625,44.71875,36.35546875,39.53515625,53.2109375,52.40234375,42.5703125,34.21875,28.75390625,23.96484375,20.73828125,17.546875,15.0546875,12.9453125,11.484375,10.14453125,8.609375,7.53125,6.75,6.5,5.9453125,5.34375,5.0859375,5.015625,5.1484375,4.9453125,4.5703125,4.359375
2005-11-28,55.22265625,48.77734375,65.578125,103.78515625,100.33203125,78.80078125,62.4296875,47.23828125,36.72265625,32.453125,34.3203125,34.125,28.4921875,23.42578125,19.79296875,17.06640625,15.01171875,12.91796875,11.1484375,9.09375,8.0390625,8.015625,7.6484375,6.9140625,6.21875,5.5703125,13.515625,34.578125,37.3515625,31.703125
2005-11-29,48.77734375,65.578125,103.78515625,100.33203125,78.80078125,62.4296875,47.23828125,36.72265625,32.453125,34.3203125,34.125,28.4921875,23.42578125,19.79296875,17.06640625,15.01171875,12.91796875,11.1484375,9.09375,8.0390625,8.015625,7.6484375,6.9140625,6.21875,5.5703125,13.515625,34.578125,37.3515625,31.703125,24.7890625
2005-11-30,65.578125,103.78515625,100.33203125,78.80078125,62.4296875,47.23828125,36.72265625,32.453125,34.3203125,34.125,28.4921875,23.42578125,19.79296875,17.06640625,15.01171875,12.91796875,11.1484375,9.09375,8.0390625,8.015625,7.6484375,6.9140625,6.21875,5.5703125,13.515625,34.578125,37.3515625,31.703125,24.7890625,19.03125
2005-12-01,103.78515625,100.33203125,78.80078125,62.4296875,47.23828125,36.72265625,32.453125,34.3203125,34.125,28.4921875,23.42578125,19.79296875,17.06640625,15.01171875,12.91796875,11.1484375,9.09375,8.0390625,8.015625,7.6484375,6.9140625,6.21875,5.5703125,13.515625,34.578125,37.3515625,31.703125,24.7890625,19.03125,15.0
2005-12-02,67.9921875,60.28515625,67.78515625,81.796875,77.30078125,61.75390625,45.359375,34.30078125,27.0,22.26953125,19.21875,17.234375,15.74609375,14.78125,16.5390625,19.234375,17.5234375,15.59375,12.9765625,11.046875,9.78125,9.4453125,13.15625,21.25,24.3046875,21.125,17.1171875,13.7734375,11.4609375,9.3515625
2005-12-03,60.28515625,67.78515625,81.796875,77.30078125,61.75390625,45.359375,34.30078125,27.0,22.26953125,19.21875,17.234375,15.74609375,14.78125,16.5390625,19.234375,17.5234375,15.59375,12.9765625,11.046875,9.78125,9.4453125,13.15625,21.25,24.3046875,21.125,17.1171875,13.7734375,11.4609375,9.3515625,8.0859375
2005-12-04,67.78515625,81.796875,77.30078125,61.75390625,45.359375,34.30078125,27.0,22.26953125,19.21875,17.234375,15.74609375,14.78125,16.5390625,19.234375,17.5234375,15.59375,12.9765625,11.046875,9.78125,9.4453125,13.15625,21.25,24.3046875,21.125,17.1171875,13.7734375,11.4609375,9.3515625,8.0859375,8.0390625
2005-12-05,79.1953125,64.6640625,66.9453125,67.09375,49.94921875,41.8125,92.68359375,116.328125,82.5859375,56.0859375,39.5546875,30.65625,25.109375,23.640625,20.65625,17.6640625,14.96875,12.5234375,11.2890625,15.34375,21.7578125,102.2265625,148.71875,90.125,55.2421875,36.1171875,25.5625,19.1015625,14.7109375,12.0703125
2005-12-06,64.6640625,66.9453125,67.09375,49.94921875,41.8125,92.68359375,116.328125,82.5859375,56.0859375,39.5546875,30.65625,25.109375,23.640625,20.65625,17.6640625,14.96875,12.5234375,11.2890625,15.34375,21.7578125,102.2265625,148.71875,90.125,55.2421875,36.1171875,25.5625,19.1015625,14.7109375,12.0703125,9.8671875
2005-12-07,66.9453125,67.09375,49.94921875,41.8125,92.68359375,116.328125,82.5859375,56.0859375,39.5546875,30.65625,25.109375,23.640625,20.65625,17.6640625,14.96875,12.5234375,11.2890625,15.34375,21.7578125,102.2265625,148.71875,90.125,55.2421875,36.1171875,25.5625,19.1015625,14.7109375,12.0703125,9.8671875,8.2734375
2005-12-08,67.09375,49.94921875,41.8125,92.68359375,116.328125,82.5859375,56.0859375,39.5546875,30.65625,25.109375,23.640625,20.65625,17.6640625,14.96875,12.5234375,11.2890625,15.34375,21.7578125,102.2265625,148.71875,90.125,55.2421875,36.1171875,25.5625,19.1015625,14.7109375,12.0703125,9.8671875,8.2734375,7.3671875
2005-12-09,33.6484375,28.24609375,36.2578125,53.71875,52.9765625,46.8984375,40.6484375,33.484375,27.046875,21.3125,17.46875,14.9375,12.7734375,11.046875,9.96875,9.0546875,8.7578125,7.7578125,6.90625,6.359375,6.0625,6.0546875,7.171875,8.9609375,9.8671875,13.453125,25.0703125,31.7265625,41.8828125,44.0703125
2005-12-10,28.24609375,36.2578125,53.71875,52.9765625,46.8984375,40.6484375,33.484375,27.046875,21.3125,17.46875,14.9375,12.7734375,11.046875,9.96875,9.0546875,8.7578125,7.7578125,6.90625,6.359375,6.0625,6.0546875,7.171875,8.9609375,9.8671875,13.453125,25.0703125,31.7265625,41.8828125,44.0703125,34.0625
2005-12-11,36.2578125,53.71875,52.9765625,46.8984375,40.6484375,33.484375,27.046875,21.3125,17.46875,14.9375,12.7734375,11.046875,9.96875,9.0546875,8.7578125,7.7578125,6.90625,6.359375,6.0625,6.0546875,7.171875,8.9609375,9.8671875,13.453125,25.0703125,31.7265625,41.8828125,44.0703125,34.0625,33.6015625
2005-12-12,28.62890625,29.28125,31.1015625,27.296875,22.7265625,18.8828125,16.1953125,14.359375,25.5859375,47.8125,45.203125,33.1328125,25.09375,19.0859375,14.734375,12.015625,10.2109375,9.4375,8.5234375,12.84375,26.9921875,31.2265625,24.46875,19.0625,14.609375,12.046875,15.2109375,21.0234375,19.5078125,18.1640625
2005-12-13,29.28125,31.1015625,27.296875,22.7265625,18.8828125,16.1953125,14.359375,25.5859375,47.8125,45.203125,33.1328125,25.09375,19.0859375,14.734375,12.015625,10.2109375,9.4375,8.5234375,12.84375,26.9921875,31.2265625,24.46875,19.0625,14.609375,12.046875,15.2109375,21.0234375,19.5078125,18.1640625,19.46875
2005-12-14,31.1015625,27.296875,22.7265625,18.8828125,16.1953125,14.359375,25.5859375,47.8125,45.203125,33.1328125,25.09375,19.0859375,14.734375,12.015625,10.2109375,9.4375,8.5234375,12.84375,26.9921875,31.2265625,24.46875,19.0625,14.609375,12.046875,15.2109375,21.0234375,19.5078125,18.1640625,19.46875,17.8046875
2005-12-15,27.296875,22.7265625,18.8828125,16.1953125,14.359375,25.5859375,47.8125,45.203125,33.1328125,25.09375,19.0859375,14.734375,12.015625,10.2109375,9.4375,8.5234375,12.84375,26.9921875,31.2265625,24.46875,19.0625,14.609375,12.046875,15.2109375,21.0234375,19.5078125,18.1640625,19.46875,17.8046875,15.1328125
2005-12-16,39.7734375,31.75,24.8359375,20.59375,17.375,14.65625,12.7578125,11.4296875,10.390625,12.8515625,21.8046875,43.953125,68.2421875,68.484375,58.578125,49.171875,46.6640625,47.96875,41.859375,30.34375,23.6484375,24.3671875,28.328125,29.1796875,28.515625,28.828125,31.3203125,31.8359375,25.15625,19.0703125
2005-12-17,31.75,24.8359375,20.59375,17.375,14.65625,12.7578125,11.4296875,10.390625,12.8515625,21.8046875,43.953125,68.2421875,68.484375,58.578125,49.171875,46.6640625,47.96875,41.859375,30.34375,23.6484375,24.3671875,28.328125,29.1796875,28.515625,28.828125,31.3203125,31.8359375,25.15625,19.0703125,32.8828125
2005-12-18,24.8359375,20.59375,17.375,14.65625,12.7578125,11.4296875,10.390625,12.8515625,21.8046875,43.953125,68.2421875,68.484375,58.578125,49.171875,46.6640625,47.96875,41.859375,30.34375,23.6484375,24.3671875,28.328125,29.1796875,28.515625,28.828125,31.3203125,31.8359375,25.15625,19.0703125,32.8828125,55.5
2005-12-19,21.234375,21.75,22.578125,21.8359375,20.984375,19.34375,19.8046875,18.78125,18.4140625,30.234375,52.0546875,51.453125,58.7421875,71.2265625,63.0390625,53.5703125,46.5546875,35.21875,27.4140625,21.75,16.75,13.0625,10.5625,8.8984375,7.0859375,5.7734375,5.1015625,6.3984375,9.0703125,9.3515625
2005-12-20,21.75,22.578125,21.8359375,20.984375,19.34375,19.8046875,18.78125,18.4140625,30.234375,52.0546875,51.453125,58.7421875,71.2265625,63.0390625,53.5703125,46.5546875,35.21875,27.4140625,21.75,16.75,13.0625,10.5625,8.8984375,7.0859375,5.7734375,5.1015625,6.3984375,9.0703125,9.3515625,8.4453125
2005-12-21,22.578125,21.8359375,20.984375,19.34375,19.8046875,18.78125,18.4140625,30.234375,52.0546875,51.453125,58.7421875,71.2265625,63.0390625,53.5703125,46.5546875,35.21875,27.4140625,21.75,16.75,13.0625,10.5625,8.8984375,7.0859375,5.7734375,5.1015625,6.3984375,9.0703125,9.3515625,8.4453125,7.4375
2005-12-22,21.8359375,20.984375,19.34375,19.8046875,18.78125,18.4140625,30.234375,52.0546875,51.453125,58.7421875,71.2265625,63.0390625,53.5703125,46.5546875,35.21875,27.4140625,21.75,16.75,13.0625,10.5625,8.8984375,7.0859375,5.7734375,5.1015625,6.3984375,9.0703125,9.3515625,8.4453125,7.4375,6.4140625
2005-12-23,17.28125,15.8046875,14.7734375,14.2265625,14.5703125,13.65625,11.9453125,10.4375,9.4609375,10.7578125,14.4921875,16.203125,17.609375,21.6171875,40.65625,49.859375,38.015625,27.9765625,24.125,21.7109375,17.03125,13.1875,10.5390625,8.1796875,7.0078125,6.125,5.078125,4.625,4.34375,4.125
2005-12-24,15.8046875,14.7734375,14.2265625,14.5703125,13.65625,11.9453125,10.4375,9.4609375,10.7578125,14.4921875,16.203125,17.609375,21.6171875,40.65625,49.859375,38.015625,27.9765625,24.125,21.7109375,17.03125,13.1875,10.5390625,8.1796875,7.0078125,6.125,5.078125,4.625,4.34375,4.125,3.890625
2005-12-25,14.7734375,14.2265625,14.5703125,13.65625,11.9453125,10.4375,9.4609375,10.7578125,14.4921875,16.203125,17.609375,21.6171875,40.65625,49.859375,38.015625,27.9765625,24.125,21.7109375,17.03125,13.1875,10.5390625,8.1796875,7.0078125,6.125,5.078125,4.625,4.34375,4.125,3.890625,4.34375
2005-12-26,22.5,23.046875,20.9609375,17.8359375,16.0390625,14.640625,15.140625,15.296875,13.9765625,13.7890625,13.9609375,12.828125,10.3984375,8.5546875,7.0390625,6.078125,5.8125,5.6640625,7.8984375,11.3125,11.4921875,9.84375,7.828125,6.90625,6.234375,5.515625,4.875,4.90625,6.046875,7.46875
2005-12-27,23.046875,20.9609375,17.8359375,16.0390625,14.640625,15.140625,15.296875,13.9765625,13.7890625,13.9609375,12.828125,10.3984375,8.5546875,7.0390625,6.078125,5.8125,5.6640625,7.8984375,11.3125,11.4921875,9.84375,7.828125,6.90625,6.234375,5.515625,4.875,4.90625,6.046875,7.46875,8.921875
2005-12-28,20.9609375,17.8359375,16.0390625,14.640625,15.140625,15.296875,13.9765625,13.7890625,13.9609375,12.828125,10.3984375,8.5546875,7.0390625,6.078125,5.8125,5.6640625,7.8984375,11.3125,11.4921875,9.84375,7.828125,6.90625,6.234375,5.515625,4.875,4.90625,6.046875,7.46875,8.921875,8.921875
2005-12-29,17.8359375,16.0390625,14.640625,15.140625,15.296875,13.9765625,13.7890625,13.9609375,12.828125,10.3984375,8.5546875,7.0390625,6.078125,5.8125,5.6640625,7.8984375,11.3125,11.4921875,9.84375,7.828125,6.90625,6.234375,5.515625,4.875,4.90625,6.046875,7.46875,8.921875,8.921875,9.984375
2005-12-30,30.140625,23.5625,19.078125,15.453125,13.0234375,14.921875,25.984375,31.3203125,25.0,19.078125,14.5625,11.828125,9.578125,7.734375,6.65625,5.96875,5.109375,4.484375,4.25,4.1875,6.390625,32.078125,68.28125,61.390625,44.578125,32.875,30.09375,28.625,24.125,19.796875
2005-12-31,23.5625,19.078125,15.453125,13.0234375,14.921875,25.984375,31.3203125,25.0,19.078125,14.5625,11.828125,9.578125,7.734375,6.65625,5.96875,5.109375,4.484375,4.25,4.1875,6.390625,32.078125,68.28125,61.390625,44.578125,32.875,30.09375,28.625,24.125,19.796875,16.421875
2006-01-01,19.078125,15.453125,13.0234375,14.921875,25.984375,31.3203125,25.0,19.078125,14.5625,11.828125,9.578125,7.734375,6.65625,5.96875,5.109375,4.484375,4.25,4.1875,6.390625,32.078125,68.28125,61.390625,44.578125,32.875,30.09375,28.625,24.125,19.796875,16.421875,14.609375
2006-01-02,15.453125,13.0234375,14.921875,25.984375,31.3203125,25.0,19.078125,14.5625,11.828125,9.578125,7.734375,6.65625,5.96875,5.109375,4.484375,4.25,4.1875,6.390625,32.078125,68.28125,61.390625,44.578125,32.875,30.09375,28.625,24.125,19.796875,16.421875,14.609375,14.703125
2006-01-03,33.09375,41.6328125,39.1328125,32.1328125,24.7109375,19.34375,15.7109375,13.453125,11.7578125,10.609375,9.6328125,9.5234375,9.859375,10.5625,11.0625,10.6875,13.65625,18.90625,17.5625,14.265625,11.515625,9.59375,7.625,6.109375,5.296875,4.78125,4.078125,3.78125,3.71875,3.84375
2006-01-04,41.6328125,39.1328125,32.1328125,24.7109375,19.34375,15.7109375,13.453125,11.7578125,10.609375,9.6328125,9.5234375,9.859375,10.5625,11.0625,10.6875,13.65625,18.90625,17.5625,14.265625,11.515625,9.59375,7.625,6.109375,5.296875,4.78125,4.078125,3.78125,3.71875,3.84375,3.96875
2006-01-05,39.1328125,32.1328125,24.7109375,19.34375,15.7109375,13.453125,11.7578125,10.609375,9.6328125,9.5234375,9.859375,10.5625,11.0625,10.6875,13.65625,18.90625,17.5625,14.265625,11.515625,9.59375,7.625,6.109375,5.296875,4.78125,4.078125,3.78125,3.71875,3.84375,3.96875,4.15625
2006-01-06,32.1328125,24.7109375,19.34375,15.7109375,13.453125,11.7578125,10.609375,9.6328125,9.5234375,9.859375,10.5625,11.0625,10.6875,13.65625,18.90625,17.5625,14.265625,11.515625,9.59375,7.625,6.109375,5.296875,4.78125,4.078125,3.78125,3.71875,3.84375,3.96875,4.15625,5.078125
2006-01-07,32.9375,25.2890625,19.1328125,15.3515625,12.6953125,10.953125,9.8046875,8.8515625,8.21875,8.265625,7.953125,7.6875,7.421875,7.3125,7.25,7.40625,7.046875,6.5625,6.125,5.46875,5.015625,5.296875,6.875,8.734375,11.546875,11.90625,12.96875,16.140625,18.1875,20.140625
2006-01-08,25.2890625,19.1328125,15.3515625,12.6953125,10.953125,9.8046875,8.8515625,8.21875,8.265625,7.953125,7.6875,7.421875,7.3125,7.25,7.40625,7.046875,6.5625,6.125,5.46875,5.015625,5.296875,6.875,8.734375,11.546875,11.90625,12.96875,16.140625,18.1875,20.140625,21.4375
2006-01-09,19.1328125,15.3515625,12.6953125,10.953125,9.8046875,8.8515625,8.21875,8.265625,7.953125,7.6875,7.421875,7.3125,7.25,7.40625,7.046875,6.5625,6.125,5.46875,5.015625,5.296875,6.875,8.734375,11.546875,11.90625,12.96875,16.140625,18.1875,20.140625,21.4375,27.640625
2006-01-10,14.71875,11.953125,10.515625,9.25,8.453125,7.671875,7.125,8.625,12.046875,13.21875,13.375,13.390625,15.03125,20.6875,27.984375,29.296875,25.6875,22.71875,25.203125,26.9375,21.171875,15.90625,11.828125,9.484375,7.125,5.515625,4.796875,4.921875,5.671875,5.9375
2006-01-11,11.953125,10.515625,9.25,8.453125,7.671875,7.125,8.625,12.046875,13.21875,13.375,13.390625,15.03125,20.6875,27.984375,29.296875,25.6875,22.71875,25.203125,26.9375,21.171875,15.90625,11.828125,9.484375,7.125,5.515625,4.796875,4.921875,5.671875,5.9375,6.0625
2006-01-12,10.515625,9.25,8.453125,7.671875,7.125,8.625,12.046875,13.21875,13.375,13.390625,15.03125,20.6875,27.984375,29.296875,25.6875,22.71875,25.203125,26.9375,21.171875,15.90625,11.828125,9.484375,7.125,5.515625,4.796875,4.921875,5.671875,5.9375,6.0625,6.546875
2006-01-13,9.25,8.453125,7.671875,7.125,8.625,12.046875,13.21875,13.375,13.390625,15.03125,20.6875,27.984375,29.296875,25.6875,22.71875,25.203125,26.9375,21.171875,15.90625,11.828125,9.484375,7.125,5.515625,4.796875,4.921875,5.671875,5.9375,6.0625,6.546875,6.625
2006-01-14,7.46875,6.65625,7.46875,12.34375,17.09375,16.65625,14.21875,12.046875,10.265625,10.3125,10.46875,9.34375,8.4375,7.890625,7.515625,7.703125,8.28125,8.34375,7.71875,7.421875,6.875,5.875,5.3125,4.78125,4.4375,4.515625,5.9375,8.40625,12.75,17.359375
2006-01-15,6.65625,7.46875,12.34375,17.09375,16.65625,14.21875,12.046875,10.265625,10.3125,10.46875,9.34375,8.4375,7.890625,7.515625,7.703125,8.28125,8.34375,7.71875,7.421875,6.875,5.875,5.3125,4.78125,4.4375,4.515625,5.9375,8.40625,12.75,17.359375,16.953125
2006-01-16,7.46875,12.34375,17.09375,16.65625,14.21875,12.046875,10.265625,10.3125,10.46875,9.34375,8.4375,7.890625,7.515625,7.703125,8.28125,8.34375,7.71875,7.421875,6.875,5.875,5.3125,4.78125,4.4375,4.515625,5.9375,8.40625,12.75,17.359375,16.953125,13.859375
2006-01-17,8.46875,13.8125,17.375,19.78125,19.0625,18.9375,18.828125,15.796875,12.28125,9.953125,9.484375,8.96875,7.78125,6.640625,5.765625,4.90625,4.34375,3.921875,3.640625,3.4375,3.28125,3.140625,3.03125,2.953125,2.875,2.890625,2.859375,2.828125,2.8125,2.78125
2006-01-18,13.8125,17.375,19.78125,19.0625,18.9375,18.828125,15.796875,12.28125,9.953125,9.484375,8.96875,7.78125,6.640625,5.765625,4.90625,4.34375,3.921875,3.640625,3.4375,3.28125,3.140625,3.03125,2.953125,2.875,2.890625,2.859375,2.828125,2.8125,2.78125,2.984375
2006-01-19,17.375,19.78125,19.0625,18.9375,18.828125,15.796875,12.28125,9.953125,9.484375,8.96875,7.78125,6.640625,5.765625,4.90625,4.34375,3.921875,3.640625,3.4375,3.28125,3.140625,3.03125,2.953125,2.875,2.890625,2.859375,2.828125,2.8125,2.78125,2.984375,3.640625
2006-01-20,19.78125,19.0625,18.9375,18.828125,15.796875,12.28125,9.953125,9.484375,8.96875,7.78125,6.640625,5.765625,4.90625,4.34375,3.921875,3.640625,3.4375,3.28125,3.140625,3.03125,2.953125,2.875,2.890625,2.859375,2.828125,2.8125,2.78125,2.984375,3.640625,4.203125
2006-01-21,14.5625,14.375,25.890625,37.578125,29.1875,21.546875,17.046875,14.640625,23.78125,38.015625,34.078125,30.484375,22.421875,16.359375,12.96875,10.5625,8.828125,7.296875,6.625,7.03125,7.703125,11.015625,18.328125,35.78125,56.625,54.328125,56.78125,57.6875,48.296875,49.609375
2006-01-22,14.375,25.890625,37.578125,29.1875,21.546875,17.046875,14.640625,23.78125,38.015625,34.078125,30.484375,22.421875,16.359375,12.96875,10.5625,8.828125,7.296875,6.625,7.03125,7.703125,11.015625,18.328125,35.78125,56.625,54.328125,56.78125,57.6875,48.296875,49.609375,62.984375
2006-01-23,25.890625,37.578125,29.1875,21.546875,17.046875,14.640625,23.78125,38.015625,34.078125,30.484375,22.421875,16.359375,12.96875,10.5625,8.828125,7.296875,6.625,7.03125,7.703125,11.015625,18.328125,35.78125,56.625,54.328125,56.78125,57.6875,48.296875,49.609375,62.984375,55.0625
2006-01-24,19.015625,16.234375,12.65625,10.0625,8.75,9.59375,12.125,16.1875,25.015625,27.484375,21.703125,17.546875,15.875,13.046875,13.296875,20.34375,24.5625,22.046875,19.78125,24.390625,33.140625,29.640625,26.8125,20.9375,17.328125,16.125,14.703125,13.046875,11.34375,9.828125
2006-01-25,16.234375,12.65625,10.0625,8.75,9.59375,12.125,16.1875,25.015625,27.484375,21.703125,17.546875,15.875,13.046875,13.296875,20.34375,24.5625,22.046875,19.78125,24.390625,33.140625,29.640625,26.8125,20.9375,17.328125,16.125,14.703125,13.046875,11.34375,9.828125,8.390625
2006-01-26,12.65625,10.0625,8.75,9.59375,12.125,16.1875,25.015625,27.484375,21.703125,17.546875,15.875,13.046875,13.296875,20.34375,24.5625,22.046875,19.78125,24.390625,33.140625,29.640625,26.8125,20.9375,17.328125,16.125,14.703125,13.046875,11.34375,9.828125,8.390625,8.046875
2006-01-27,10.0625,8.75,9.59375,12.125,16.1875,25.015625,27.484375,21.703125,17.546875,15.875,13.046875,13.296875,20.34375,24.5625,22.046875,19.78125,24.390625,33.140625,29.640625,26.8125,20.9375,17.328125,16.125,14.703125,13.046875,11.34375,9.828125,8.390625,8.046875,8.875
2006-01-28,9.15625,8.4375,9.03125,12.1875,18.203125,22.71875,19.421875,16.078125,13.84375,11.3125,9.171875,7.6875,6.703125,8.09375,40.40625,84.890625,89.5,78.671875,63.828125,48.59375,40.8125,37.875,38.8125,43.734375,39.25,29.3125,21.625,17.078125,13.828125,11.0625
2006-01-29,8.4375,9.03125,12.1875,18.203125,22.71875,19.421875,16.078125,13.84375,11.3125,9.171875,7.6875,6.703125,8.09375,40.40625,84.890625,89.5,78.671875,63.828125,48.59375,40.8125,37.875,38.8125,43.734375,39.25,29.3125,21.625,17.078125,13.828125,11.0625,15.328125
2006-01-30,9.03125,12.1875,18.203125,22.71875,19.421875,16.078125,13.84375,11.3125,9.171875,7.6875,6.703125,8.09375,40.40625,84.890625,89.5,78.671875,63.828125,48.59375,40.8125,37.875,38.8125,43.734375,39.25,29.3125,21.625,17.078125,13.828125,11.0625,15.328125,28.0
2006-01-31,8.8125,10.859375,11.15625,9.671875,7.9375,6.765625,6.046875,5.359375,4.8125,4.765625,4.90625,4.765625,6.0625,11.375,15.953125,16.609375,14.390625,13.03125,12.21875,12.265625,75.75,121.046875,78.46875,55.015625,43.75,34.015625,27.5625,23.125,19.625,19.6875
2006-02-01,10.859375,11.15625,9.671875,7.9375,6.765625,6.046875,5.359375,4.8125,4.765625,4.90625,4.765625,6.0625,11.375,15.953125,16.609375,14.390625,13.03125,12.21875,12.265625,75.75,121.046875,78.46875,55.015625,43.75,34.015625,27.5625,23.125,19.625,19.6875,20.84375
2006-02-02,11.15625,9.671875,7.9375,6.765625,6.046875,5.359375,4.8125,4.765625,4.90625,4.765625,6.0625,11.375,15.953125,16.609375,14.390625,13.03125,12.21875,12.265625,75.75,121.046875,78.46875,55.015625,43.75,34.015625,27.5625,23.125,19.625,19.6875,20.84375,17.46875
2006-02-03,9.671875,7.9375,6.765625,6.046875,5.359375,4.8125,4.765625,4.90625,4.765625,6.0625,11.375,15.953125,16.609375,14.390625,13.03125,12.21875,12.265625,75.75,121.046875,78.46875,55.015625,43.75,34.015625,27.5625,23.125,19.625,19.6875,20.84375,17.46875,14.0625
2006-02-04,21.5,16.4375,12.40625,9.75,7.984375,7.234375,14.84375,32.1875,29.234375,22.578125,18.71875,24.640625,45.71875,61.984375,61.796875,47.90625,34.140625,26.09375,19.78125,15.1875,13.03125,12.0625,15.96875,29.40625,39.03125,38.96875,32.96875,27.25,20.96875,16.46875
2006-02-05,16.4375,12.40625,9.75,7.984375,7.234375,14.84375,32.1875,29.234375,22.578125,18.71875,24.640625,45.71875,61.984375,61.796875,47.90625,34.140625,26.09375,19.78125,15.1875,13.03125,12.0625,15.96875,29.40625,39.03125,38.96875,32.96875,27.25,20.96875,16.46875,12.375
2006-02-06,12.40625,9.75,7.984375,7.234375,14.84375,32.1875,29.234375,22.578125,18.71875,24.640625,45.71875,61.984375,61.796875,47.90625,34.140625,26.09375,19.78125,15.1875,13.03125,12.0625,15.96875,29.40625,39.03125,38.96875,32.96875,27.25,20.96875,16.46875,12.375,10.46875
2006-02-07,17.1875,15.75,15.15625,18.234375,17.21875,15.578125,15.078125,13.4375,11.421875,11.296875,13.765625,15.078125,14.25,11.9375,10.640625,10.921875,10.09375,8.890625,7.9375,7.25,7.15625,7.28125,7.1875,6.9375,6.0,5.34375,5.1875,5.25,4.84375,4.5
2006-02-08,15.75,15.15625,18.234375,17.21875,15.578125,15.078125,13.4375,11.421875,11.296875,13.765625,15.078125,14.25,11.9375,10.640625,10.921875,10.09375,8.890625,7.9375,7.25,7.15625,7.28125,7.1875,6.9375,6.0,5.34375,5.1875,5.25,4.84375,4.5,4.1875
2006-02-09,15.15625,18.234375,17.21875,15.578125,15.078125,13.4375,11.421875,11.296875,13.765625,15.078125,14.25,11.9375,10.640625,10.921875,10.09375,8.890625,7.9375,7.25,7.15625,7.28125,7.1875,6.9375,6.0,5.34375,5.1875,5.25,4.84375,4.5,4.1875,3.6875
2006-02-10,18.234375,17.21875,15.578125,15.078125,13.4375,11.421875,11.296875,13.765625,15.078125,14.25,11.9375,10.640625,10.921875,10.09375,8.890625,7.9375,7.25,7.15625,7.28125,7.1875,6.9375,6.0,5.34375,5.1875,5.25,4.84375,4.5,4.1875,3.6875,3.96875
2006-02-11,9.96875,9.09375,13.109375,25.71875,40.421875,43.65625,50.203125,280.9375,291.859375,164.078125,95.21875,66.703125,57.5,46.40625,34.5625,26.71875,20.875,18.53125,19.5,25.75,32.53125,27.1875,21.78125,18.21875,16.25,14.65625,19.78125,45.84375,104.3125,114.84375
2006-02-12,9.09375,13.109375,25.71875,40.421875,43.65625,50.203125,280.9375,291.859375,164.078125,95.21875,66.703125,57.5,46.40625,34.5625,26.71875,20.875,18.53125,19.5,25.75,32.53125,27.1875,21.78125,18.21875,16.25,14.65625,19.78125,45.84375,104.3125,114.84375,91.375
2006-02-13,13.109375,25.71875,40.421875,43.65625,50.203125,280.9375,291.859375,164.078125,95.21875,66.703125,57.5,46.40625,34.5625,26.71875,20.875,18.53125,19.5,25.75,32.53125,27.1875,21.78125,18.21875,16.25,14.65625,19.78125,45.84375,104.3125,114.84375,91.375,84.5
2006-02-14,10.203125,21.078125,30.328125,31.515625,25.53125,25.671875,30.8125,26.734375,26.875,33.21875,28.59375,21.0,15.625,12.4375,10.59375,10.0625,11.5,14.4375,28.84375,54.0,53.34375,39.75,30.40625,30.4375,34.59375,39.75,41.5,32.8125,25.0,23.375
2006-02-15,21.078125,30.328125,31.515625,25.53125,25.671875,30.8125,26.734375,26.875,33.21875,28.59375,21.0,15.625,12.4375,10.59375,10.0625,11.5,14.4375,28.84375,54.0,53.34375,39.75,30.40625,30.4375,34.59375,39.75,41.5,32.8125,25.0,23.375,25.3125
2006-02-16,30.328125,31.515625,25.53125,25.671875,30.8125,26.734375,26.875,33.21875,28.59375,21.0,15.625,12.4375,10.59375,10.0625,11.5,14.4375,28.84375,54.0,53.34375,39.75,30.40625,30.4375,34.59375,39.75,41.5,32.8125,25.0,23.375,25.3125,25.03125
2006-02-17,31.515625,25.53125,25.671875,30.8125,26.734375,26.875,33.21875,28.59375,21.0,15.625,12.4375,10.59375,10.0625,11.5,14.4375,28.84375,54.0,53.34375,39.75,30.40625,30.4375,34.59375,39.75,41.5,32.8125,25.0,23.375,25.3125,25.03125,20.5
2006-02-18,13.296875,14.046875,13.421875,12.75,15.078125,20.125,20.25,19.96875,21.21875,20.90625,19.84375,17.65625,22.4375,133.625,162.1875,95.78125,61.21875,41.875,30.125,21.53125,17.53125,18.375,19.03125,19.8125,21.25,27.875,38.34375,43.78125,42.90625,32.53125
2006-02-19,14.046875,13.421875,12.75,15.078125,20.125,20.25,19.96875,21.21875,20.90625,19.84375,17.65625,22.4375,133.625,162.1875,95.78125,61.21875,41.875,30.125,21.53125,17.53125,18.375,19.03125,19.8125,21.25,27.875,38.34375,43.78125,42.90625,32.53125,28.59375
2006-02-20,13.421875,12.75,15.078125,20.125,20.25,19.96875,21.21875,20.90625,19.84375,17.65625,22.4375,133.625,162.1875,95.78125,61.21875,41.875,30.125,21.53125,17.53125,18.375,19.03125,19.8125,21.25,27.875,38.34375,43.78125,42.90625,32.53125,28.59375,34.25
2006-02-21,26.140625,19.796875,39.921875,65.375,48.8125,46.53125,52.03125,41.53125,31.0625,26.53125,24.03125,23.875,57.1875,79.9375,128.0625,210.15625,168.125,95.9375,57.75,65.78125,78.875,56.625,38.09375,29.09375,25.21875,21.59375,19.1875,15.5625,13.375,13.375
2006-02-22,19.796875,39.921875,65.375,48.8125,46.53125,52.03125,41.53125,31.0625,26.53125,24.03125,23.875,57.1875,79.9375,128.0625,210.15625,168.125,95.9375,57.75,65.78125,78.875,56.625,38.09375,29.09375,25.21875,21.59375,19.1875,15.5625,13.375,13.375,14.46875
2006-02-23,39.921875,65.375,48.8125,46.53125,52.03125,41.53125,31.0625,26.53125,24.03125,23.875,57.1875,79.9375,128.0625,210.15625,168.125,95.9375,57.75,65.78125,78.875,56.625,38.09375,29.09375,25.21875,21.59375,19.1875,15.5625,13.375,13.375,14.46875,14.5
2006-02-24,65.375,48.8125,46.53125,52.03125,41.53125,31.0625,26.53125,24.03125,23.875,57.1875,79.9375,128.0625,210.15625,168.125,95.9375,57.75,65.78125,78.875,56.625,38.09375,29.09375,25.21875,21.59375,19.1875,15.5625,13.375,13.375,14.46875,14.5,12.25
2006-02-25,29.53125,28.0625,27.65625,33.125,45.875,42.71875,30.34375,21.71875,16.625,14.84375,13.375,11.3125,9.15625,8.25,10.59375,15.375,14.9375,12.375,9.71875,7.5625,6.125,5.09375,4.5,4.96875,6.5625,11.3125,15.375,19.03125,24.09375,23.96875
2006-02-26,28.0625,27.65625,33.125,45.875,42.71875,30.34375,21.71875,16.625,14.84375,13.375,11.3125,9.15625,8.25,10.59375,15.375,14.9375,12.375,9.71875,7.5625,6.125,5.09375,4.5,4.96875,6.5625,11.3125,15.375,19.03125,24.09375,23.96875,20.1875
2006-02-27,27.65625,33.125,45.875,42.71875,30.34375,21.71875,16.625,14.84375,13.375,11.3125,9.15625,8.25,10.59375,15.375,14.9375,12.375,9.71875,7.5625,6.125,5.09375,4.5,4.96875,6.5625,11.3125,15.375,19.03125,24.09375,23.96875,20.1875,16.28125
2006-02-28,23.09375,20.46875,18.0,14.90625,12.03125,10.1875,10.5,14.09375,18.15625,20.34375,18.59375,15.15625,12.625,21.59375,36.90625,30.875,23.09375,18.3125,23.78125,34.125,28.03125,21.1875,15.96875,13.25,13.625,26.8125,45.0,36.15625,26.65625,19.5625
2006-03-01,20.46875,18.0,14.90625,12.03125,10.1875,10.5,14.09375,18.15625,20.34375,18.59375,15.15625,12.625,21.59375,36.90625,30.875,23.09375,18.3125,23.78125,34.125,28.03125,21.1875,15.96875,13.25,13.625,26.8125,45.0,36.15625,26.65625,19.5625,14.84375
2006-03-02,18.0,14.90625,12.03125,10.1875,10.5,14.09375,18.15625,20.34375,18.59375,15.15625,12.625,21.59375,36.90625,30.875,23.09375,18.3125,23.78125,34.125,28.03125,21.1875,15.96875,13.25,13.625,26.8125,45.0,36.15625,26.65625,19.5625,14.84375,12.0625
2006-03-03,14.90625,12.03125,10.1875,10.5,14.09375,18.15625,20.34375,18.59375,15.15625,12.625,21.59375,36.90625,30.875,23.09375,18.3125,23.78125,34.125,28.03125,21.1875,15.96875,13.25,13.625,26.8125,45.0,36.15625,26.65625,19.5625,14.84375,12.0625,10.375
2006-03-04,69.40625,45.21875,32.90625,31.1875,33.59375,31.625,26.125,21.96875,23.375,67.03125,120.46875,135.8125,113.96875,89.25,76.53125,57.9375,45.1875,37.4375,35.1875,33.59375,68.3125,103.1875,74.6875,49.125,34.875,28.46875,30.1875,34.4375,30.8125,27.375
2006-03-05,45.21875,32.90625,31.1875,33.59375,31.625,26.125,21.96875,23.375,67.03125,120.46875,135.8125,113.96875,89.25,76.53125,57.9375,45.1875,37.4375,35.1875,33.59375,68.3125,103.1875,74.6875,49.125,34.875,28.46875,30.1875,34.4375,30.8125,27.375,28.8125
2006-03-06,32.90625,31.1875,33.59375,31.625,26.125,21.96875,23.375,67.03125,120.46875,135.8125,113.96875,89.25,76.53125,57.9375,45.1875,37.4375,35.1875,33.59375,68.3125,103.1875,74.6875,49.125,34.875,28.46875,30.1875,34.4375,30.8125,27.375,28.8125,31.65625
2006-03-07,23.09375,17.5,13.25,12.09375,13.8125,14.65625,31.25,51.5,39.84375,27.53125,21.15625,18.9375,16.8125,14.90625,13.625,12.21875,11.84375,17.40625,28.59375,25.96875,21.40625,18.53125,16.40625,17.53125,23.46875,26.34375,23.5,20.8125,19.40625,19.125
2006-03-08,17.5,13.25,12.09375,13.8125,14.65625,31.25,51.5,39.84375,27.53125,21.15625,18.9375,16.8125,14.90625,13.625,12.21875,11.84375,17.40625,28.59375,25.96875,21.40625,18.53125,16.40625,17.53125,23.46875,26.34375,23.5,20.8125,19.40625,19.125,18.3125
2006-03-09,13.25,12.09375,13.8125,14.65625,31.25,51.5,39.84375,27.53125,21.15625,18.9375,16.8125,14.90625,13.625,12.21875,11.84375,17.40625,28.59375,25.96875,21.40625,18.53125,16.40625,17.53125,23.46875,26.34375,23.5,20.8125,19.40625,19.125,18.3125,14.40625
2006-03-10,12.09375,13.8125,14.65625,31.25,51.5,39.84375,27.53125,21.15625,18.9375,16.8125,14.90625,13.625,12.21875,11.84375,17.40625,28.59375,25.96875,21.40625,18.53125,16.40625,17.53125,23.46875,26.34375,23.5,20.8125,19.40625,19.125,18.3125,14.40625,10.6875
2006-03-11,19.71875,19.8125,72.6875,109.78125,73.875,46.59375,38.34375,48.40625,76.625,87.4375,67.125,52.59375,54.9375,73.125,75.0625,61.1875,50.5625,48.3125,49.65625,43.28125,44.15625,49.53125,59.6875,88.21875,90.6875,62.125,42.0,31.6875,23.84375,25.53125
2006-03-12,19.8125,72.6875,109.78125,73.875,46.59375,38.34375,48.40625,76.625,87.4375,67.125,52.59375,54.9375,73.125,75.0625,61.1875,50.5625,48.3125,49.65625,43.28125,44.15625,49.53125,59.6875,88.21875,90.6875,62.125,42.0,31.6875,23.84375,25.53125,93.15625
2006-03-13,72.6875,109.78125,73.875,46.59375,38.34375,48.40625,76.625,87.4375,67.125,52.59375,54.9375,73.125,75.0625,61.1875,50.5625,48.3125,49.65625,43.28125,44.15625,49.53125,59.6875,88.21875,90.6875,62.125,42.0,31.6875,23.84375,25.53125,93.15625,135.84375
2006-03-14,142.375,215.65625,175.15625,115.25,77.1875,54.71875,46.28125,36.53125,27.78125,33.5,45.78125,42.5,37.6875,29.40625,23.875,30.71875,145.53125,168.84375,96.625,58.65625,38.375,27.0625,21.53125,28.25,55.65625,78.03125,72.28125,59.9375,52.28125,41.15625
2006-03-15,215.65625,175.15625,115.25,77.1875,54.71875,46.28125,36.53125,27.78125,33.5,45.78125,42.5,37.6875,29.40625,23.875,30.71875,145.53125,168.84375,96.625,58.65625,38.375,27.0625,21.53125,28.25,55.65625,78.03125,72.28125,59.9375,52.28125,41.15625,49.78125
2006-03-16,175.15625,115.25,77.1875,54.71875,46.28125,36.53125,27.78125,33.5,45.78125,42.5,37.6875,29.40625,23.875,30.71875,145.53125,168.84375,96.625,58.65625,38.375,27.0625,21.53125,28.25,55.65625,78.03125,72.28125,59.9375,52.28125,41.15625,49.78125,58.65625
2006-03-17,115.25,77.1875,54.71875,46.28125,36.53125,27.78125,33.5,45.78125,42.5,37.6875,29.40625,23.875,30.71875,145.53125,168.84375,96.625,58.65625,38.375,27.0625,21.53125,28.25,55.65625,78.03125,72.28125,59.9375,52.28125,41.15625,49.78125,58.65625,47.0
2006-03-18,39.71875,29.125,21.71875,16.75,13.4375,29.8125,63.78125,105.1875,151.65625,127.59375,82.15625,54.375,42.0625,38.6875,42.25,40.8125,29.8125,22.4375,20.25,19.9375,19.84375,20.46875,34.21875,81.90625,113.5,101.34375,80.1875,70.8125,62.40625,65.125
2006-03-19,29.125,21.71875,16.75,13.4375,29.8125,63.78125,105.1875,151.65625,127.59375,82.15625,54.375,42.0625,38.6875,42.25,40.8125,29.8125,22.4375,20.25,19.9375,19.84375,20.46875,34.21875,81.90625,113.5,101.34375,80.1875,70.8125,62.40625,65.125,76.65625
2006-03-20,21.71875,16.75,13.4375,29.8125,63.78125,105.1875,151.65625,127.59375,82.15625,54.375,42.0625,38.6875,42.25,40.8125,29.8125,22.4375,20.25,19.9375,19.84375,20.46875,34.21875,81.90625,113.5,101.34375,80.1875,70.8125,62.40625,65.125,76.65625,87.4375
2006-03-21,19.34375,17.6875,20.59375,43.34375,62.5,51.65625,37.71875,32.71875,30.375,23.28125,18.8125,26.03125,56.03125,79.59375,74.125,53.71875,35.5625,23.84375,16.625,12.28125,9.875,10.90625,17.375,42.40625,102.0625,106.0,70.53125,49.34375,42.6875,40.34375
2006-03-22,17.6875,20.59375,43.34375,62.5,51.65625,37.71875,32.71875,30.375,23.28125,18.8125,26.03125,56.03125,79.59375,74.125,53.71875,35.5625,23.84375,16.625,12.28125,9.875,10.90625,17.375,42.40625,102.0625,106.0,70.53125,49.34375,42.6875,40.34375,35.125
2006-03-23,20.59375,43.34375,62.5,51.65625,37.71875,32.71875,30.375,23.28125,18.8125,26.03125,56.03125,79.59375,74.125,53.71875,35.5625,23.84375,16.625,12.28125,9.875,10.90625,17.375,42.40625,102.0625,106.0,70.53125,49.34375,42.6875,40.34375,35.125,31.78125
2006-03-24,43.34375,62.5,51.65625,37.71875,32.71875,30.375,23.28125,18.8125,26.03125,56.03125,79.59375,74.125,53.71875,35.5625,23.84375,16.625,12.28125,9.875,10.90625,17.375,42.40625,102.0625,106.0,70.53125,49.34375,42.6875,40.34375,35.125,31.78125,28.5625
2006-03-25,34.4375,31.28125,23.90625,19.28125,37.15625,57.1875,45.6875,54.71875,66.875,69.3125,68.0625,54.34375,44.84375,47.0,63.34375,59.8125,40.71875,30.71875,50.625,64.34375,52.09375,51.875,47.15625,35.15625,28.9375,29.78125,31.28125,32.34375,40.15625,78.125
2006-03-26,31.28125,23.90625,19.28125,37.15625,57.1875,45.6875,54.71875,66.875,69.3125,68.0625,54.34375,44.84375,47.0,63.34375,59.8125,40.71875,30.71875,50.625,64.34375,52.09375,51.875,47.15625,35.15625,28.9375,29.78125,31.28125,32.34375,40.15625,78.125,97.125
2006-03-27,23.90625,19.28125,37.15625,57.1875,45.6875,54.71875,66.875,69.3125,68.0625,54.34375,44.84375,47.0,63.34375,59.8125,40.71875,30.71875,50.625,64.34375,52.09375,51.875,47.15625,35.15625,28.9375,29.78125,31.28125,32.34375,40.15625,78.125,97.125,69.53125
2006-03-28,79.375,119.75,114.5,103.84375,85.15625,67.375,56.4375,57.125,65.90625,60.15625,52.1875,45.84375,35.625,26.0625,25.25,31.1875,32.34375,28.3125,32.40625,38.6875,34.375,36.125,35.28125,32.25,30.78125,34.09375,44.375,41.5625,36.6875,40.90625
2006-03-29,119.75,114.5,103.84375,85.15625,67.375,56.4375,57.125,65.90625,60.15625,52.1875,45.84375,35.625,26.0625,25.25,31.1875,32.34375,28.3125,32.40625,38.6875,34.375,36.125,35.28125,32.25,30.78125,34.09375,44.375,41.5625,36.6875,40.90625,51.25
2006-03-30,114.5,103.84375,85.15625,67.375,56.4375,57.125,65.90625,60.15625,52.1875,45.84375,35.625,26.0625,25.25,31.1875,32.34375,28.3125,32.40625,38.6875,34.375,36.125,35.28125,32.25,30.78125,34.09375,44.375,41.5625,36.6875,40.90625,51.25,51.90625
2006-03-31,103.84375,85.15625,67.375,56.4375,57.125,65.90625,60.15625,52.1875,45.84375,35.625,26.0625,25.25,31.1875,32.34375,28.3125,32.40625,38.6875,34.375,36.125,35.28125,32.25,30.78125,34.09375,44.375,41.5625,36.6875,40.90625,51.25,51.90625,61.34375
2006-04-01,41.09375,52.6875,82.15625,77.40625,49.46875,32.21875,33.625,43.0625,35.96875,32.65625,56.03125,82.0,72.34375,57.375,49.53125,39.0,30.5625,36.3125,46.625,49.125,60.9375,69.90625,74.6875,84.0,74.8125,52.875,39.25,33.53125,32.53125,43.0625
2006-04-02,52.6875,82.15625,77.40625,49.46875,32.21875,33.625,43.0625,35.96875,32.65625,56.03125,82.0,72.34375,57.375,49.53125,39.0,30.5625,36.3125,46.625,49.125,60.9375,69.90625,74.6875,84.0,74.8125,52.875,39.25,33.53125,32.53125,43.0625,55.5625
2006-04-03,82.15625,77.40625,49.46875,32.21875,33.625,43.0625,35.96875,32.65625,56.03125,82.0,72.34375,57.375,49.53125,39.0,30.5625,36.3125,46.625,49.125,60.9375,69.90625,74.6875,84.0,74.8125,52.875,39.25,33.53125,32.53125,43.0625,55.5625,56.78125
2006-04-04,99.75,70.125,58.15625,56.0625,63.1875,68.5625,60.09375,50.96875,50.625,51.46875,45.3125,36.09375,51.90625,66.75,46.625,35.96875,33.1875,26.78125,52.75,99.15625,145.6875,163.875,176.5,249.4375,295.15625,225.0625,137.78125,85.4375,54.40625,37.15625
2006-04-05,70.125,58.15625,56.0625,63.1875,68.5625,60.09375,50.96875,50.625,51.46875,45.3125,36.09375,51.90625,66.75,46.625,35.96875,33.1875,26.78125,52.75,99.15625,145.6875,163.875,176.5,249.4375,295.15625,225.0625,137.78125,85.4375,54.40625,37.15625,35.59375
2006-04-06,58.15625,56.0625,63.1875,68.5625,60.09375,50.96875,50.625,51.46875,45.3125,36.09375,51.90625,66.75,46.625,35.96875,33.1875,26.78125,52.75,99.15625,145.6875,163.875,176.5,249.4375,295.15625,225.0625,137.78125,85.4375,54.40625,37.15625,35.59375,39.875
2006-04-07,56.0625,63.1875,68.5625,60.09375,50.96875,50.625,51.46875,45.3125,36.09375,51.90625,66.75,46.625,35.96875,33.1875,26.78125,52.75,99.15625,145.6875,163.875,176.5,249.4375,295.15625,225.0625,137.78125,85.4375,54.40625,37.15625,35.59375,39.875,35.90625
2006-04-08,52.78125,60.09375,91.34375,98.03125,75.15625,56.28125,45.96875,37.4375,35.4375,41.71875,37.15625,27.15625,21.0625,29.84375,51.8125,63.53125,63.6875,49.125,42.875,45.6875,38.90625,65.5,107.75,100.71875,85.34375,85.625,132.03125,198.5625,208.53125,167.6875
2006-04-09,60.09375,91.34375,98.03125,75.15625,56.28125,45.96875,37.4375,35.4375,41.71875,37.15625,27.15625,21.0625,29.84375,51.8125,63.53125,63.6875,49.125,42.875,45.6875,38.90625,65.5,107.75,100.71875,85.34375,85.625,132.03125,198.5625,208.53125,167.6875,112.03125
2006-04-10,91.34375,98.03125,75.15625,56.28125,45.96875,37.4375,35.4375,41.71875,37.15625,27.15625,21.0625,29.84375,51.8125,63.53125,63.6875,49.125,42.875,45.6875,38.90625,65.5,107.75,100.71875,85.34375,85.625,132.03125,198.5625,208.53125,167.6875,112.03125,69.90625
2006-04-11,123.6875,97.75,70.9375,61.375,54.15625,43.125,39.875,53.8125,54.84375,40.25,29.46875,25.90625,25.5625,24.78125,25.21875,24.53125,22.6875,25.125,25.875,28.40625,41.0625,48.8125,47.9375,42.15625,50.1875,64.65625,63.03125,60.5625,60.5,52.65625
2006-04-12,97.75,70.9375,61.375,54.15625,43.125,39.875,53.8125,54.84375,40.25,29.46875,25.90625,25.5625,24.78125,25.21875,24.53125,22.6875,25.125,25.875,28.40625,41.0625,48.8125,47.9375,42.15625,50.1875,64.65625,63.03125,60.5625,60.5,52.65625,45.6875
2006-04-13,70.9375,61.375,54.15625,43.125,39.875,53.8125,54.84375,40.25,29.46875,25.90625,25.5625,24.78125,25.21875,24.53125,22.6875,25.125,25.875,28.40625,41.0625,48.8125,47.9375,42.15625,50.1875,64.65625,63.03125,60.5625,60.5,52.65625,45.6875,48.375
2006-04-14,61.375,54.15625,43.125,39.875,53.8125,54.84375,40.25,29.46875,25.90625,25.5625,24.78125,25.21875,24.53125,22.6875,25.125,25.875,28.40625,41.0625,48.8125,47.9375,42.15625,50.1875,64.65625,63.03125,60.5625,60.5,52.65625,45.6875,48.375,52.09375
2006-04-15,63.8125,59.40625,45.96875,47.75,51.1875,38.78125,28.6875,25.1875,30.3125,35.71875,36.625,33.03125,28.9375,29.5,30.5625,38.09375,50.75,52.21875,50.75,48.53125,39.9375,40.46875,51.1875,49.8125,40.5,89.03125,146.78125,113.46875,72.28125,66.8125
2006-04-16,59.40625,45.96875,47.75,51.1875,38.78125,28.6875,25.1875,30.3125,35.71875,36.625,33.03125,28.9375,29.5,30.5625,38.09375,50.75,52.21875,50.75,48.53125,39.9375,40.46875,51.1875,49.8125,40.5,89.03125,146.78125,113.46875,72.28125,66.8125,81.125
2006-04-17,45.96875,47.75,51.1875,38.78125,28.6875,25.1875,30.3125,35.71875,36.625,33.03125,28.9375,29.5,30.5625,38.09375,50.75,52.21875,50.75,48.53125,39.9375,40.46875,51.1875,49.8125,40.5,89.03125,146.78125,113.46875,72.28125,66.8125,81.125,105.34375
2006-04-18,62.15625,63.90625,47.75,54.5625,76.375,86.625,85.03125,68.53125,55.34375,52.46875,71.3125,89.21875,116.0625,144.46875,136.03125,110.28125,113.375,107.875,92.84375,99.59375,108.4375,99.59375,104.25,141.125,187.96875,171.625,123.1875,88.15625,63.28125,45.5
2006-04-19,63.90625,47.75,54.5625,76.375,86.625,85.03125,68.53125,55.34375,52.46875,71.3125,89.21875,116.0625,144.46875,136.03125,110.28125,113.375,107.875,92.84375,99.59375,108.4375,99.59375,104.25,141.125,187.96875,171.625,123.1875,88.15625,63.28125,45.5,41.25
2006-04-20,47.75,54.5625,76.375,86.625,85.03125,68.53125,55.34375,52.46875,71.3125,89.21875,116.0625,144.46875,136.03125,110.28125,113.375,107.875,92.84375,99.59375,108.4375,99.59375,104.25,141.125,187.96875,171.625,123.1875,88.15625,63.28125,45.5,41.25,56.5
2006-04-21,54.5625,76.375,86.625,85.03125,68.53125,55.34375,52.46875,71.3125,89.21875,116.0625,144.46875,136.03125,110.28125,113.375,107.875,92.84375,99.59375,108.4375,99.59375,104.25,141.125,187.96875,171.625,123.1875,88.15625,63.28125,45.5,41.25,56.5,57.40625
2006-04-22,51.15625,45.78125,46.78125,36.09375,25.71875,21.09375,21.25,29.34375,43.96875,43.5,42.5625,91.15625,145.78125,137.0625,124.40625,116.0625,95.09375,73.875,64.40625,56.53125,55.6875,58.125,52.71875,44.25,40.78125,54.6875,86.71875,99.03125,81.25,65.8125
2006-04-23,45.78125,46.78125,36.09375,25.71875,21.09375,21.25,29.34375,43.96875,43.5,42.5625,91.15625,145.78125,137.0625,124.40625,116.0625,95.09375,73.875,64.40625,56.53125,55.6875,58.125,52.71875,44.25,40.78125,54.6875,86.71875,99.03125,81.25,65.8125,58.75
2006-04-24,46.78125,36.09375,25.71875,21.09375,21.25,29.34375,43.96875,43.5,42.5625,91.15625,145.78125,137.0625,124.40625,116.0625,95.09375,73.875,64.40625,56.53125,55.6875,58.125,52.71875,44.25,40.78125,54.6875,86.71875,99.03125,81.25,65.8125,58.75,48.375
2006-04-25,93.96875,72.59375,62.5625,53.03125,53.15625,71.84375,74.5625,61.0625,72.1875,79.59375,81.5625,103.40625,97.90625,69.9375,53.96875,56.46875,61.375,65.4375,93.375,154.21875,233.34375,227.25,152.3125,104.5,82.21875,78.4375,80.90625,71.5,66.15625,65.8125
2006-04-26,72.59375,62.5625,53.03125,53.15625,71.84375,74.5625,61.0625,72.1875,79.59375,81.5625,103.40625,97.90625,69.9375,53.96875,56.46875,61.375,65.4375,93.375,154.21875,233.34375,227.25,152.3125,104.5,82.21875,78.4375,80.90625,71.5,66.15625,65.8125,68.53125
2006-04-27,62.5625,53.03125,53.15625,71.84375,74.5625,61.0625,72.1875,79.59375,81.5625,103.40625,97.90625,69.9375,53.96875,56.46875,61.375,65.4375,93.375,154.21875,233.34375,227.25,152.3125,104.5,82.21875,78.4375,80.90625,71.5,66.15625,65.8125,68.53125,66.125
2006-04-28,53.03125,53.15625,71.84375,74.5625,61.0625,72.1875,79.59375,81.5625,103.40625,97.90625,69.9375,53.96875,56.46875,61.375,65.4375,93.375,154.21875,233.34375,227.25,152.3125,104.5,82.21875,78.4375,80.90625,71.5,66.15625,65.8125,68.53125,66.125,74.78125
2006-04-29,63.21875,74.40625,83.65625,68.71875,55.46875,59.25,62.90625,64.21875,103.84375,118.0625,84.6875,73.34375,117.84375,172.875,157.4375,144.15625,124.03125,106.84375,116.71875,165.28125,161.0625,121.03125,104.125,112.8125,113.46875,97.0625,98.21875,111.15625,111.875,108.09375
2006-04-30,74.40625,83.65625,68.71875,55.46875,59.25,62.90625,64.21875,103.84375,118.0625,84.6875,73.34375,117.84375,172.875,157.4375,144.15625,124.03125,106.84375,116.71875,165.28125,161.0625,121.03125,104.125,112.8125,113.46875,97.0625,98.21875,111.15625,111.875,108.09375,118.65625
2006-05-01,83.65625,68.71875,55.46875,59.25,62.90625,64.21875,103.84375,118.0625,84.6875,73.34375,117.84375,172.875,157.4375,144.15625,124.03125,106.84375,116.71875,165.28125,161.0625,121.03125,104.125,112.8125,113.46875,97.0625,98.21875,111.15625,111.875,108.09375,118.65625,111.53125
2006-05-02,148.4375,114.03125,76.4375,60.6875,68.65625,74.3125,67.5,83.25,91.875,74.375,62.21875,72.15625,84.15625,71.75,52.875,46.9375,60.34375,90.5625,93.1875,126.1875,158.375,158.15625,185.125,180.28125,140.0625,98.71875,70.71875,55.3125,46.625,42.46875
2006-05-03,114.03125,76.4375,60.6875,68.65625,74.3125,67.5,83.25,91.875,74.375,62.21875,72.15625,84.15625,71.75,52.875,46.9375,60.34375,90.5625,93.1875,126.1875,158.375,158.15625,185.125,180.28125,140.0625,98.71875,70.71875,55.3125,46.625,42.46875,41.15625
2006-05-04,76.4375,60.6875,68.65625,74.3125,67.5,83.25,91.875,74.375,62.21875,72.15625,84.15625,71.75,52.875,46.9375,60.34375,90.5625,93.1875,126.1875,158.375,158.15625,185.125,180.28125,140.0625,98.71875,70.71875,55.3125,46.625,42.46875,41.15625,62.96875
2006-05-05,60.6875,68.65625,74.3125,67.5,83.25,91.875,74.375,62.21875,72.15625,84.15625,71.75,52.875,46.9375,60.34375,90.5625,93.1875,126.1875,158.375,158.15625,185.125,180.28125,140.0625,98.71875,70.71875,55.3125,46.625,42.46875,41.15625,62.96875,91.3125
2006-05-06,125.90625,117.53125,100.6875,81.8125,66.9375,56.1875,58.53125,71.03125,89.6875,96.15625,99.75,114.25,157.5625,264.5625,340.84375,329.3125,318.9375,237.78125,171.0625,153.53125,146.84375,128.375,106.25,132.625,153.65625,147.25,129.09375,125.34375,135.125,145.0
2006-05-07,117.53125,100.6875,81.8125,66.9375,56.1875,58.53125,71.03125,89.6875,96.15625,99.75,114.25,157.5625,264.5625,340.84375,329.3125,318.9375,237.78125,171.0625,153.53125,146.84375,128.375,106.25,132.625,153.65625,147.25,129.09375,125.34375,135.125,145.0,159.3125
2006-05-08,100.6875,81.8125,66.9375,56.1875,58.53125,71.03125,89.6875,96.15625,99.75,114.25,157.5625,264.5625,340.84375,329.3125,318.9375,237.78125,171.0625,153.53125,146.84375,128.375,106.25,132.625,153.65625,147.25,129.09375,125.34375,135.125,145.0,159.3125,289.0625
2006-05-09,97.53125,71.75,69.375,70.625,64.0,55.875,43.21875,33.9375,33.65625,50.125,69.9375,80.0,86.125,74.0,53.71875,48.875,61.34375,61.03125,49.78125,57.6875,62.9375,52.34375,46.78125,48.71875,52.5625,56.34375,75.375,88.5,80.6875,68.875
2006-05-10,71.75,69.375,70.625,64.0,55.875,43.21875,33.9375,33.65625,50.125,69.9375,80.0,86.125,74.0,53.71875,48.875,61.34375,61.03125,49.78125,57.6875,62.9375,52.34375,46.78125,48.71875,52.5625,56.34375,75.375,88.5,80.6875,68.875,66.46875
2006-05-11,69.375,70.625,64.0,55.875,43.21875,33.9375,33.65625,50.125,69.9375,80.0,86.125,74.0,53.71875,48.875,61.34375,61.03125,49.78125,57.6875,62.9375,52.34375,46.78125,48.71875,52.5625,56.34375,75.375,88.5,80.6875,68.875,66.46875,58.21875
2006-05-12,70.625,64.0,55.875,43.21875,33.9375,33.65625,50.125,69.9375,80.0,86.125,74.0,53.71875,48.875,61.34375,61.03125,49.78125,57.6875,62.9375,52.34375,46.78125,48.71875,52.5625,56.34375,75.375,88.5,80.6875,68.875,66.46875,58.21875,49.78125
2006-05-13,81.53125,75.09375,80.96875,82.28125,93.6875,137.96875,206.0625,262.59375,197.4375,120.6875,92.46875,89.15625,82.3125,70.40625,73.3125,84.0625,81.5625,81.28125,91.96875,169.09375,216.59375,185.5,153.46875,119.6875,100.15625,93.46875,99.40625,113.21875,100.40625,83.5
2006-05-14,75.09375,80.96875,82.28125,93.6875,137.96875,206.0625,262.59375,197.4375,120.6875,92.46875,89.15625,82.3125,70.40625,73.3125,84.0625,81.5625,81.28125,91.96875,169.09375,216.59375,185.5,153.46875,119.6875,100.15625,93.46875,99.40625,113.21875,100.40625,83.5,97.75
2006-05-15,80.96875,82.28125,93.6875,137.96875,206.0625,262.59375,197.4375,120.6875,92.46875,89.15625,82.3125,70.40625,73.3125,84.0625,81.5625,81.28125,91.96875,169.09375,216.59375,185.5,153.46875,119.6875,100.15625,93.46875,99.40625,113.21875,100.40625,83.5,97.75,125.8125
2006-05-16,61.0625,48.09375,74.4375,138.71875,171.71875,150.40625,141.59375,140.59375,122.0625,105.0,109.59375,101.6875,91.53125,104.28125,105.1875,108.34375,117.90625,125.09375,120.09375,98.71875,78.40625,77.03125,101.5,124.09375,190.15625,230.125,187.4375,138.8125,110.96875,95.9375
2006-05-17,48.09375,74.4375,138.71875,171.71875,150.40625,141.59375,140.59375,122.0625,105.0,109.59375,101.6875,91.53125,104.28125,105.1875,108.34375,117.90625,125.09375,120.09375,98.71875,78.40625,77.03125,101.5,124.09375,190.15625,230.125,187.4375,138.8125,110.96875,95.9375,104.875
2006-05-18,74.4375,138.71875,171.71875,150.40625,141.59375,140.59375,122.0625,105.0,109.59375,101.6875,91.53125,104.28125,105.1875,108.34375,117.90625,125.09375,120.09375,98.71875,78.40625,77.03125,101.5,124.09375,190.15625,230.125,187.4375,138.8125,110.96875,95.9375,104.875,102.6875
2006-05-19,138.71875,171.71875,150.40625,141.59375,140.59375,122.0625,105.0,109.59375,101.6875,91.53125,104.28125,105.1875,108.34375,117.90625,125.09375,120.09375,98.71875,78.40625,77.03125,101.5,124.09375,190.15625,230.125,187.4375,138.8125,110.96875,95.9375,104.875,102.6875,85.5
2006-05-20,233.28125,219.25,209.96875,162.4375,123.125,102.25,90.59375,109.59375,110.4375,89.15625,73.53125,70.6875,74.9375,75.15625,78.625,84.8125,129.59375,155.625,124.65625,92.4375,97.25,122.21875,138.125,169.125,190.6875,172.5625,162.96875,158.34375,143.96875,140.625
2006-05-21,219.25,209.96875,162.4375,123.125,102.25,90.59375,109.59375,110.4375,89.15625,73.53125,70.6875,74.9375,75.15625,78.625,84.8125,129.59375,155.625,124.65625,92.4375,97.25,122.21875,138.125,169.125,190.6875,172.5625,162.96875,158.34375,143.96875,140.625,140.875
2006-05-22,209.96875,162.4375,123.125,102.25,90.59375,109.59375,110.4375,89.15625,73.53125,70.6875,74.9375,75.15625,78.625,84.8125,129.59375,155.625,124.65625,92.4375,97.25,122.21875,138.125,169.125,190.6875,172.5625,162.96875,158.34375,143.96875,140.625,140.875,116.6875
2006-05-23,204.53125,173.4375,146.9375,112.375,118.28125,182.09375,169.03125,122.5625,98.46875,86.46875,81.21875,77.28125,91.90625,124.65625,153.75,215.21875,234.46875,203.4375,167.0625,143.1875,149.78125,171.09375,171.46875,145.40625,117.53125,99.4375,88.0625,104.1875,122.21875,124.625
2006-05-24,173.4375,146.9375,112.375,118.28125,182.09375,169.03125,122.5625,98.46875,86.46875,81.21875,77.28125,91.90625,124.65625,153.75,215.21875,234.46875,203.4375,167.0625,143.1875,149.78125,171.09375,171.46875,145.40625,117.53125,99.4375,88.0625,104.1875,122.21875,124.625,124.96875
2006-05-25,146.9375,112.375,118.28125,182.09375,169.03125,122.5625,98.46875,86.46875,81.21875,77.28125,91.90625,124.65625,153.75,215.21875,234.46875,203.4375,167.0625,143.1875,149.78125,171.09375,171.46875,145.40625,117.53125,99.4375,88.0625,104.1875,122.21875,124.625,124.96875,120.3125
2006-05-26,112.375,118.28125,182.09375,169.03125,122.5625,98.46875,86.46875,81.21875,77.28125,91.90625,124.65625,153.75,215.21875,234.46875,203.4375,167.0625,143.1875,149.78125,171.09375,171.46875,145.40625,117.53125,99.4375,88.0625,104.1875,122.21875,124.625,124.96875,120.3125,156.625
2006-05-27,107.25,97.53125,91.71875,91.03125,91.03125,100.1875,101.28125,99.25,107.03125,118.625,126.59375,135.75,252.875,266.5,195.59375,145.625,114.53125,115.34375,133.9375,121.125,105.1875,115.40625,137.90625,152.15625,166.6875,173.875,164.90625,145.3125,117.375,108.0
2006-05-28,97.53125,91.71875,91.03125,91.03125,100.1875,101.28125,99.25,107.03125,118.625,126.59375,135.75,252.875,266.5,195.59375,145.625,114.53125,115.34375,133.9375,121.125,105.1875,115.40625,137.90625,152.15625,166.6875,173.875,164.90625,145.3125,117.375,108.0,103.21875
2006-05-29,91.71875,91.03125,91.03125,100.1875,101.28125,99.25,107.03125,118.625,126.59375,135.75,252.875,266.5,195.59375,145.625,114.53125,115.34375,133.9375,121.125,105.1875,115.40625,137.90625,152.15625,166.6875,173.875,164.90625,145.3125,117.375,108.0,103.21875,101.984375
2006-05-30,117.875,104.34375,89.3125,76.125,98.5,127.0625,123.46875,104.34375,82.5625,69.375,76.3125,87.375,88.78125,92.28125,113.5625,136.125,132.375,113.6875,110.96875,102.09375,99.125,95.71875,86.71875,92.59375,102.40625,107.3125,111.25,104.3125,109.9375,148.875
2006-05-31,104.34375,89.3125,76.125,98.5,127.0625,123.46875,104.34375,82.5625,69.375,76.3125,87.375,88.78125,92.28125,113.5625,136.125,132.375,113.6875,110.96875,102.09375,99.125,95.71875,86.71875,92.59375,102.40625,107.3125,111.25,104.3125,109.9375,148.875,161.0
2006-06-01,89.3125,76.125,98.5,127.0625,123.46875,104.34375,82.5625,69.375,76.3125,87.375,88.78125,92.28125,113.5625,136.125,132.375,113.6875,110.96875,102.09375,99.125,95.71875,86.71875,92.59375,102.40625,107.3125,111.25,104.3125,109.9375,148.875,161.0,128.8125
2006-06-02,76.125,98.5,127.0625,123.46875,104.34375,82.5625,69.375,76.3125,87.375,88.78125,92.28125,113.5625,136.125,132.375,113.6875,110.96875,102.09375,99.125,95.71875,86.71875,92.59375,102.40625,107.3125,111.25,104.3125,109.9375,148.875,161.0,128.8125,92.765625
2006-06-03,113.6875,123.90625,143.3125,151.09375,136.71875,130.1875,129.3125,133.125,151.5,152.65625,133.09375,110.625,96.21875,88.625,89.6875,88.71875,82.78125,88.6875,93.875,91.21875,99.4375,112.25,161.21875,301.25,534.40625,651.75,526.109375,379.78125,289.078125,265.765625
2006-06-04,123.90625,143.3125,151.09375,136.71875,130.1875,129.3125,133.125,151.5,152.65625,133.09375,110.625,96.21875,88.625,89.6875,88.71875,82.78125,88.6875,93.875,91.21875,99.4375,112.25,161.21875,301.25,534.40625,651.75,526.109375,379.78125,289.078125,265.765625,281.9375
2006-06-05,143.3125,151.09375,136.71875,130.1875,129.3125,133.125,151.5,152.65625,133.09375,110.625,96.21875,88.625,89.6875,88.71875,82.78125,88.6875,93.875,91.21875,99.4375,112.25,161.21875,301.25,534.40625,651.75,526.109375,379.78125,289.078125,265.765625,281.9375,326.765625
2006-06-06,112.15625,110.21875,125.375,121.03125,112.21875,110.90625,107.96875,104.1875,110.34375,113.90625,111.25,110.46875,104.875,106.96875,114.34375,120.25,145.96875,154.25,143.375,134.375,138.9375,138.21875,124.5625,114.1875,179.78125,227.859375,298.90625,383.25,348.0,245.453125
2006-06-07,110.21875,125.375,121.03125,112.21875,110.90625,107.96875,104.1875,110.34375,113.90625,111.25,110.46875,104.875,106.96875,114.34375,120.25,145.96875,154.25,143.375,134.375,138.9375,138.21875,124.5625,114.1875,179.78125,227.859375,298.90625,383.25,348.0,245.453125,174.125
2006-06-08,125.375,121.03125,112.21875,110.90625,107.96875,104.1875,110.34375,113.90625,111.25,110.46875,104.875,106.96875,114.34375,120.25,145.96875,154.25,143.375,134.375,138.9375,138.21875,124.5625,114.1875,179.78125,227.859375,298.90625,383.25,348.0,245.453125,174.125,146.78125
2006-06-09,121.03125,112.21875,110.90625,107.96875,104.1875,110.34375,113.90625,111.25,110.46875,104.875,106.96875,114.34375,120.25,145.96875,154.25,143.375,134.375,138.9375,138.21875,124.5625,114.1875,179.78125,227.859375,298.90625,383.25,348.0,245.453125,174.125,146.78125,137.03125
2006-06-10,68.8125,69.5625,74.65625,98.96875,107.5,94.375,86.40625,86.09375,84.5,96.59375,120.84375,163.34375,154.65625,139.46875,218.3125,250.75,209.28125,156.78125,121.15625,103.625,105.1875,180.484375,314.390625,326.609375,251.46875,192.453125,167.90625,168.28125,170.75,188.5
2006-06-11,69.5625,74.65625,98.96875,107.5,94.375,86.40625,86.09375,84.5,96.59375,120.84375,163.34375,154.65625,139.46875,218.3125,250.75,209.28125,156.78125,121.15625,103.625,105.1875,180.484375,314.390625,326.609375,251.46875,192.453125,167.90625,168.28125,170.75,188.5,248.125
2006-06-12,74.65625,98.96875,107.5,94.375,86.40625,86.09375,84.5,96.59375,120.84375,163.34375,154.65625,139.46875,218.3125,250.75,209.28125,156.78125,121.15625,103.625,105.1875,180.484375,314.390625,326.609375,251.46875,192.453125,167.90625,168.28125,170.75,188.5,248.125,237.1875
2006-06-13,69.15625,56.96875,48.59375,46.625,54.65625,76.5625,103.90625,103.90625,97.6875,99.125,91.40625,79.03125,67.25,56.8125,62.28125,87.0,112.71875,108.78125,103.375,97.4375,77.078125,63.484375,56.5625,52.640625,56.1875,66.78125,82.734375,101.09375,120.828125,192.375
2006-06-14,56.96875,48.59375,46.625,54.65625,76.5625,103.90625,103.90625,97.6875,99.125,91.40625,79.03125,67.25,56.8125,62.28125,87.0,112.71875,108.78125,103.375,97.4375,77.078125,63.484375,56.5625,52.640625,56.1875,66.78125,82.734375,101.09375,120.828125,192.375,373.28125
2006-06-15,48.59375,46.625,54.65625,76.5625,103.90625,103.90625,97.6875,99.125,91.40625,79.03125,67.25,56.8125,62.28125,87.0,112.71875,108.78125,103.375,97.4375,77.078125,63.484375,56.5625,52.640625,56.1875,66.78125,82.734375,101.09375,120.828125,192.375,373.28125,434.625
2006-06-16,46.625,54.65625,76.5625,103.90625,103.90625,97.6875,99.125,91.40625,79.03125,67.25,56.8125,62.28125,87.0,112.71875,108.78125,103.375,97.4375,77.078125,63.484375,56.5625,52.640625,56.1875,66.78125,82.734375,101.09375,120.828125,192.375,373.28125,434.625,361.859375
2006-06-17,113.6875,138.71875,139.25,123.34375,108.90625,86.65625,65.65625,87.59375,116.4375,134.40625,276.625,575.53125,504.65625,326.0,203.140625,139.78125,169.25,240.078125,263.375,237.0625,210.890625,184.703125,223.375,291.828125,312.59375,270.84375,222.15625,184.15625,169.796875,158.90625
2006-06-18,138.71875,139.25,123.34375,108.90625,86.65625,65.65625,87.59375,116.4375,134.40625,276.625,575.53125,504.65625,326.0,203.140625,139.78125,169.25,240.078125,263.375,237.0625,210.890625,184.703125,223.375,291.828125,312.59375,270.84375,222.15625,184.15625,169.796875,158.90625,164.734375
2006-06-19,139.25,123.34375,108.90625,86.65625,65.65625,87.59375,116.4375,134.40625,276.625,575.53125,504.65625,326.0,203.140625,139.78125,169.25,240.078125,263.375,237.0625,210.890625,184.703125,223.375,291.828125,312.59375,270.84375,222.15625,184.15625,169.796875,158.90625,164.734375,186.953125
2006-06-20,174.375,138.25,111.21875,89.78125,93.3125,101.625,88.125,80.625,88.0,115.625,124.3125,111.65625,132.15625,146.046875,123.5,105.40625,93.015625,103.984375,149.703125,163.65625,161.015625,186.671875,171.921875,130.265625,101.296875,83.1875,71.828125,72.96875,83.1875,80.328125
2006-06-21,138.25,111.21875,89.78125,93.3125,101.625,88.125,80.625,88.0,115.625,124.3125,111.65625,132.15625,146.046875,123.5,105.40625,93.015625,103.984375,149.703125,163.65625,161.015625,186.671875,171.921875,130.265625,101.296875,83.1875,71.828125,72.96875,83.1875,80.328125,71.21875
2006-06-22,111.21875,89.78125,93.3125,101.625,88.125,80.625,88.0,115.625,124.3125,111.65625,132.15625,146.046875,123.5,105.40625,93.015625,103.984375,149.703125,163.65625,161.015625,186.671875,171.921875,130.265625,101.296875,83.1875,71.828125,72.96875,83.1875,80.328125,71.21875,133.5
2006-06-23,89.78125,93.3125,101.625,88.125,80.625,88.0,115.625,124.3125,111.65625,132.15625,146.046875,123.5,105.40625,93.015625,103.984375,149.703125,163.65625,161.015625,186.671875,171.921875,130.265625,101.296875,83.1875,71.828125,72.96875,83.1875,80.328125,71.21875,133.5,159.671875
2006-06-24,171.5,184.71875,167.78125,168.0,170.03125,198.6875,250.375,217.140625,169.34375,243.203125,307.203125,261.703125,230.796875,205.296875,168.59375,133.296875,108.34375,98.6875,97.203125,90.375,88.796875,106.1875,125.625,130.328125,138.015625,142.109375,157.15625,164.484375,160.640625,140.625
2006-06-25,184.71875,167.78125,168.0,170.03125,198.6875,250.375,217.140625,169.34375,243.203125,307.203125,261.703125,230.796875,205.296875,168.59375,133.296875,108.34375,98.6875,97.203125,90.375,88.796875,106.1875,125.625,130.328125,138.015625,142.109375,157.15625,164.484375,160.640625,140.625,117.859375
2006-06-26,167.78125,168.0,170.03125,198.6875,250.375,217.140625,169.34375,243.203125,307.203125,261.703125,230.796875,205.296875,168.59375,133.296875,108.34375,98.6875,97.203125,90.375,88.796875,106.1875,125.625,130.328125,138.015625,142.109375,157.15625,164.484375,160.640625,140.625,117.859375,97.625
2006-06-27,239.125,184.4375,137.0,119.6875,175.390625,390.96875,740.140625,531.84375,306.6875,211.546875,167.859375,147.453125,138.5625,137.46875,139.046875,129.03125,114.484375,108.921875,125.296875,183.609375,334.5625,513.09375,394.078125,253.21875,192.953125,150.328125,117.484375,127.4375,146.9375,154.0625
2006-06-28,184.4375,137.0,119.6875,175.390625,390.96875,740.140625,531.84375,306.6875,211.546875,167.859375,147.453125,138.5625,137.46875,139.046875,129.03125,114.484375,108.921875,125.296875,183.609375,334.5625,513.09375,394.078125,253.21875,192.953125,150.328125,117.484375,127.4375,146.9375,154.0625,154.40625
2006-06-29,137.0,119.6875,175.390625,390.96875,740.140625,531.84375,306.6875,211.546875,167.859375,147.453125,138.5625,137.46875,139.046875,129.03125,114.484375,108.921875,125.296875,183.609375,334.5625,513.09375,394.078125,253.21875,192.953125,150.328125,117.484375,127.4375,146.9375,154.0625,154.40625,156.046875
2006-06-30,119.6875,175.390625,390.96875,740.140625,531.84375,306.6875,211.546875,167.859375,147.453125,138.5625,137.46875,139.046875,129.03125,114.484375,108.921875,125.296875,183.609375,334.5625,513.09375,394.078125,253.21875,192.953125,150.328125,117.484375,127.4375,146.9375,154.0625,154.40625,156.046875,200.515625
2006-07-01,224.34375,253.328125,365.5625,558.28125,622.03125,455.609375,309.5,236.1875,218.859375,210.875,202.4375,187.359375,189.625,250.109375,252.875,203.90625,170.6875,154.03125,136.125,122.34375,132.140625,162.453125,208.453125,226.640625,188.46875,139.203125,103.9375,83.671875,73.296875,68.953125
2006-07-02,253.328125,365.5625,558.28125,622.03125,455.609375,309.5,236.1875,218.859375,210.875,202.4375,187.359375,189.625,250.109375,252.875,203.90625,170.6875,154.03125,136.125,122.34375,132.140625,162.453125,208.453125,226.640625,188.46875,139.203125,103.9375,83.671875,73.296875,68.953125,69.9375
2006-07-03,365.5625,558.28125,622.03125,455.609375,309.5,236.1875,218.859375,210.875,202.4375,187.359375,189.625,250.109375,252.875,203.90625,170.6875,154.03125,136.125,122.34375,132.140625,162.453125,208.453125,226.640625,188.46875,139.203125,103.9375,83.671875,73.296875,68.953125,69.9375,72.765625
2006-07-04,383.0,400.53125,377.8125,307.75,244.75,212.984375,206.828125,205.359375,221.265625,228.265625,207.90625,203.859375,182.9375,157.578125,193.625,289.75,355.875,293.421875,210.890625,163.90625,150.859375,152.453125,155.609375,169.203125,166.71875,157.3125,164.453125,174.609375,197.21875,197.125
2006-07-05,400.53125,377.8125,307.75,244.75,212.984375,206.828125,205.359375,221.265625,228.265625,207.90625,203.859375,182.9375,157.578125,193.625,289.75,355.875,293.421875,210.890625,163.90625,150.859375,152.453125,155.609375,169.203125,166.71875,157.3125,164.453125,174.609375,197.21875,197.125,193.953125
2006-07-06,377.8125,307.75,244.75,212.984375,206.828125,205.359375,221.265625,228.265625,207.90625,203.859375,182.9375,157.578125,193.625,289.75,355.875,293.421875,210.890625,163.90625,150.859375,152.453125,155.609375,169.203125,166.71875,157.3125,164.453125,174.609375,197.21875,197.125,193.953125,180.0
2006-07-07,307.75,244.75,212.984375,206.828125,205.359375,221.265625,228.265625,207.90625,203.859375,182.9375,157.578125,193.625,289.75,355.875,293.421875,210.890625,163.90625,150.859375,152.453125,155.609375,169.203125,166.71875,157.3125,164.453125,174.609375,197.21875,197.125,193.953125,180.0,189.328125
2006-07-08,207.1875,197.140625,240.109375,260.75,229.59375,244.390625,378.234375,557.109375,526.65625,379.140625,281.421875,241.765625,230.671875,228.21875,250.84375,228.984375,186.421875,157.75,139.625,126.25,115.640625,109.5625,107.828125,116.546875,151.21875,195.75,186.125,149.6875,121.015625,118.78125
2006-07-09,197.140625,240.109375,260.75,229.59375,244.390625,378.234375,557.109375,526.65625,379.140625,281.421875,241.765625,230.671875,228.21875,250.84375,228.984375,186.421875,157.75,139.625,126.25,115.640625,109.5625,107.828125,116.546875,151.21875,195.75,186.125,149.6875,121.015625,118.78125,153.875
2006-07-10,240.109375,260.75,229.59375,244.390625,378.234375,557.109375,526.65625,379.140625,281.421875,241.765625,230.671875,228.21875,250.84375,228.984375,186.421875,157.75,139.625,126.25,115.640625,109.5625,107.828125,116.546875,151.21875,195.75,186.125,149.6875,121.015625,118.78125,153.875,296.546875
2006-07-11,193.90625,192.625,198.671875,232.40625,242.734375,226.8125,200.125,167.5625,137.984375,116.15625,112.78125,130.515625,149.125,139.71875,122.1875,112.78125,122.734375,159.9375,207.359375,416.515625,457.875,342.78125,473.65625,451.625,307.234375,224.59375,193.640625,164.9375,167.75,169.46875
2006-07-12,192.625,198.671875,232.40625,242.734375,226.8125,200.125,167.5625,137.984375,116.15625,112.78125,130.515625,149.125,139.71875,122.1875,112.78125,122.734375,159.9375,207.359375,416.515625,457.875,342.78125,473.65625,451.625,307.234375,224.59375,193.640625,164.9375,167.75,169.46875,148.328125
2006-07-13,198.671875,232.40625,242.734375,226.8125,200.125,167.5625,137.984375,116.15625,112.78125,130.515625,149.125,139.71875,122.1875,112.78125,122.734375,159.9375,207.359375,416.515625,457.875,342.78125,473.65625,451.625,307.234375,224.59375,193.640625,164.9375,167.75,169.46875,148.328125,192.46875
2006-07-14,232.40625,242.734375,226.8125,200.125,167.5625,137.984375,116.15625,112.78125,130.515625,149.125,139.71875,122.1875,112.78125,122.734375,159.9375,207.359375,416.515625,457.875,342.78125,473.65625,451.625,307.234375,224.59375,193.640625,164.9375,167.75,169.46875,148.328125,192.46875,347.375
2006-07-15,196.953125,239.140625,317.90625,295.0625,230.03125,176.375,141.90625,119.015625,102.328125,99.890625,105.03125,112.203125,110.46875,96.078125,83.8125,90.765625,114.734375,119.046875,124.1875,244.296875,422.265625,355.65625,240.15625,173.0625,188.484375,332.421875,395.671875,291.9375,248.984375,239.984375
2006-07-16,239.140625,317.90625,295.0625,230.03125,176.375,141.90625,119.015625,102.328125,99.890625,105.03125,112.203125,110.46875,96.078125,83.8125,90.765625,114.734375,119.046875,124.1875,244.296875,422.265625,355.65625,240.15625,173.0625,188.484375,332.421875,395.671875,291.9375,248.984375,239.984375,205.28125
2006-07-17,317.90625,295.0625,230.03125,176.375,141.90625,119.015625,102.328125,99.890625,105.03125,112.203125,110.46875,96.078125,83.8125,90.765625,114.734375,119.046875,124.1875,244.296875,422.265625,355.65625,240.15625,173.0625,188.484375,332.421875,395.671875,291.9375,248.984375,239.984375,205.28125,164.9375
2006-07-18,208.6875,175.125,147.984375,125.84375,120.921875,152.1875,178.859375,155.171875,121.25,97.5625,82.453125,80.71875,95.734375,120.203125,124.484375,107.78125,93.421875,87.921875,78.03125,66.5625,60.6875,68.234375,84.75,88.609375,76.84375,64.890625,68.640625,72.21875,68.203125,111.421875
2006-07-19,175.125,147.984375,125.84375,120.921875,152.1875,178.859375,155.171875,121.25,97.5625,82.453125,80.71875,95.734375,120.203125,124.484375,107.78125,93.421875,87.921875,78.03125,66.5625,60.6875,68.234375,84.75,88.609375,76.84375,64.890625,68.640625,72.21875,68.203125,111.421875,144.671875
2006-07-20,147.984375,125.84375,120.921875,152.1875,178.859375,155.171875,121.25,97.5625,82.453125,80.71875,95.734375,120.203125,124.484375,107.78125,93.421875,87.921875,78.03125,66.5625,60.6875,68.234375,84.75,88.609375,76.84375,64.890625,68.640625,72.21875,68.203125,111.421875,144.671875,128.78125
2006-07-21,125.84375,120.921875,152.1875,178.859375,155.171875,121.25,97.5625,82.453125,80.71875,95.734375,120.203125,124.484375,107.78125,93.421875,87.921875,78.03125,66.5625,60.6875,68.234375,84.75,88.609375,76.84375,64.890625,68.640625,72.21875,68.203125,111.421875,144.671875,128.78125,127.125
2006-07-22,201.671875,164.84375,171.9375,168.125,141.328125,121.9375,108.21875,100.890625,122.3125,132.015625,119.25,105.3125,92.109375,107.15625,117.84375,106.28125,92.359375,80.421875,69.78125,62.484375,58.09375,57.203125,66.34375,72.453125,76.15625,83.328125,105.21875,173.890625,228.59375,182.296875
2006-07-23,164.84375,171.9375,168.125,141.328125,121.9375,108.21875,100.890625,122.3125,132.015625,119.25,105.3125,92.109375,107.15625,117.84375,106.28125,92.359375,80.421875,69.78125,62.484375,58.09375,57.203125,66.34375,72.453125,76.15625,83.328125,105.21875,173.890625,228.59375,182.296875,116.890625
2006-07-24,171.9375,168.125,141.328125,121.9375,108.21875,100.890625,122.3125,132.015625,119.25,105.3125,92.109375,107.15625,117.84375,106.28125,92.359375,80.421875,69.78125,62.484375,58.09375,57.203125,66.34375,72.453125,76.15625,83.328125,105.21875,173.890625,228.59375,182.296875,116.890625,105.015625
2006-07-25,134.03125,119.21875,104.5625,92.28125,91.515625,85.65625,86.5,106.84375,115.109375,115.0,108.109375,98.09375,86.890625,74.390625,72.0,82.328125,117.25,122.5,92.75,73.546875,68.109375,80.0625,163.484375,194.515625,195.515625,329.5625,475.578125,494.296875,490.71875,419.390625
2006-07-26,119.21875,104.5625,92.28125,91.515625,85.65625,86.5,106.84375,115.109375,115.0,108.109375,98.09375,86.890625,74.390625,72.0,82.328125,117.25,122.5,92.75,73.546875,68.109375,80.0625,163.484375,194.515625,195.515625,329.5625,475.578125,494.296875,490.71875,419.390625,288.84375
2006-07-27,104.5625,92.28125,91.515625,85.65625,86.5,106.84375,115.109375,115.0,108.109375,98.09375,86.890625,74.390625,72.0,82.328125,117.25,122.5,92.75,73.546875,68.109375,80.0625,163.484375,194.515625,195.515625,329.5625,475.578125,494.296875,490.71875,419.390625,288.84375,202.28125
2006-07-28,92.28125,91.515625,85.65625,86.5,106.84375,115.109375,115.0,108.109375,98.09375,86.890625,74.390625,72.0,82.328125,117.25,122.5,92.75,73.546875,68.109375,80.0625,163.484375,194.515625,195.515625,329.5625,475.578125,494.296875,490.71875,419.390625,288.84375,202.28125,170.375
2006-07-29,101.96875,114.265625,145.875,136.953125,120.984375,110.125,94.78125,90.203125,106.890625,123.71875,140.5,125.734375,155.171875,213.921875,223.546875,171.9375,121.1875,89.8125,73.375,65.28125,64.40625,72.203125,81.59375,118.453125,193.328125,187.765625,138.65625,110.015625,108.59375,124.859375
2006-07-30,114.265625,145.875,136.953125,120.984375,110.125,94.78125,90.203125,106.890625,123.71875,140.5,125.734375,155.171875,213.921875,223.546875,171.9375,121.1875,89.8125,73.375,65.28125,64.40625,72.203125,81.59375,118.453125,193.328125,187.765625,138.65625,110.015625,108.59375,124.859375,133.2109375
2006-07-31,145.875,136.953125,120.984375,110.125,94.78125,90.203125,106.890625,123.71875,140.5,125.734375,155.171875,213.921875,223.546875,171.9375,121.1875,89.8125,73.375,65.28125,64.40625,72.203125,81.59375,118.453125,193.328125,187.765625,138.65625,110.015625,108.59375,124.859375,133.2109375,133.453125
2006-08-01,190.125,156.5,135.625,170.296875,192.625,164.234375,158.265625,164.015625,157.25,166.953125,202.703125,200.6875,185.359375,186.296875,185.296875,163.828125,131.53125,105.09375,100.59375,110.140625,144.875,198.65625,235.09375,249.3125,239.5625,259.125,235.484375,234.7421875,240.3046875,194.296875
2006-08-02,156.5,135.625,170.296875,192.625,164.234375,158.265625,164.015625,157.25,166.953125,202.703125,200.6875,185.359375,186.296875,185.296875,163.828125,131.53125,105.09375,100.59375,110.140625,144.875,198.65625,235.09375,249.3125,239.5625,259.125,235.484375,234.7421875,240.3046875,194.296875,146.203125
2006-08-03,135.625,170.296875,192.625,164.234375,158.265625,164.015625,157.25,166.953125,202.703125,200.6875,185.359375,186.296875,185.296875,163.828125,131.53125,105.09375,100.59375,110.140625,144.875,198.65625,235.09375,249.3125,239.5625,259.125,235.484375,234.7421875,240.3046875,194.296875,146.203125,197.1171875
2006-08-04,170.296875,192.625,164.234375,158.265625,164.015625,157.25,166.953125,202.703125,200.6875,185.359375,186.296875,185.296875,163.828125,131.53125,105.09375,100.59375,110.140625,144.875,198.65625,235.09375,249.3125,239.5625,259.125,235.484375,234.7421875,240.3046875,194.296875,146.203125,197.1171875,299.4765625
2006-08-05,127.0625,129.28125,137.5,148.96875,164.21875,181.421875,166.46875,145.53125,129.296875,118.15625,125.265625,181.75,187.21875,142.328125,105.453125,81.703125,67.203125,57.0,49.46875,44.390625,40.328125,42.703125,61.765625,80.359375,83.140625,89.515625,103.28125,95.90625,71.453125,54.3125
2006-08-06,129.28125,137.5,148.96875,164.21875,181.421875,166.46875,145.53125,129.296875,118.15625,125.265625,181.75,187.21875,142.328125,105.453125,81.703125,67.203125,57.0,49.46875,44.390625,40.328125,42.703125,61.765625,80.359375,83.140625,89.515625,103.28125,95.90625,71.453125,54.3125,43.9296875
2006-08-07,137.5,148.96875,164.21875,181.421875,166.46875,145.53125,129.296875,118.15625,125.265625,181.75,187.21875,142.328125,105.453125,81.703125,67.203125,57.0,49.46875,44.390625,40.328125,42.703125,61.765625,80.359375,83.140625,89.515625,103.28125,95.90625,71.453125,54.3125,43.9296875,37.5390625
2006-08-08,172.984375,168.421875,148.15625,134.203125,123.265625,123.046875,137.046875,223.734375,410.140625,324.671875,206.984375,164.84375,144.671875,121.046875,105.421875,97.578125,90.75,85.609375,78.671875,73.03125,76.7109375,83.53125,113.3203125,151.6328125,164.0390625,150.4609375,143.25,181.03125,189.0,146.65625
2006-08-09,168.421875,148.15625,134.203125,123.265625,123.046875,137.046875,223.734375,410.140625,324.671875,206.984375,164.84375,144.671875,121.046875,105.421875,97.578125,90.75,85.609375,78.671875,73.03125,76.7109375,83.53125,113.3203125,151.6328125,164.0390625,150.4609375,143.25,181.03125,189.0,146.65625,111.3203125
2006-08-10,148.15625,134.203125,123.265625,123.046875,137.046875,223.734375,410.140625,324.671875,206.984375,164.84375,144.671875,121.046875,105.421875,97.578125,90.75,85.609375,78.671875,73.03125,76.7109375,83.53125,113.3203125,151.6328125,164.0390625,150.4609375,143.25,181.03125,189.0,146.65625,111.3203125,108.203125
2006-08-11,134.203125,123.265625,123.046875,137.046875,223.734375,410.140625,324.671875,206.984375,164.84375,144.671875,121.046875,105.421875,97.578125,90.75,85.609375,78.671875,73.03125,76.7109375,83.53125,113.3203125,151.6328125,164.0390625,150.4609375,143.25,181.03125,189.0,146.65625,111.3203125,108.203125,120.40625
2006-08-12,144.9375,134.15625,149.484375,223.296875,204.609375,154.828125,121.671875,107.234375,113.296875,121.71875,130.375,120.203125,105.75,92.65625,78.53125,65.953125,55.4765625,48.3828125,43.734375,41.9375,46.3515625,56.4296875,62.3828125,62.0078125,56.703125,52.1796875,55.1015625,67.328125,97.0546875,110.7109375
2006-08-13,134.15625,149.484375,223.296875,204.609375,154.828125,121.671875,107.234375,113.296875,121.71875,130.375,120.203125,105.75,92.65625,78.53125,65.953125,55.4765625,48.3828125,43.734375,41.9375,46.3515625,56.4296875,62.3828125,62.0078125,56.703125,52.1796875,55.1015625,67.328125,97.0546875,110.7109375,126.5546875
2006-08-14,149.484375,223.296875,204.609375,154.828125,121.671875,107.234375,113.296875,121.71875,130.375,120.203125,105.75,92.65625,78.53125,65.953125,55.4765625,48.3828125,43.734375,41.9375,46.3515625,56.4296875,62.3828125,62.0078125,56.703125,52.1796875,55.1015625,67.328125,97.0546875,110.7109375,126.5546875,128.1328125
2006-08-15,462.546875,409.890625,281.609375,206.234375,178.4375,154.625,135.71875,123.578125,114.984375,111.65625,107.28125,100.3125,93.890625,94.5390625,96.3828125,90.7265625,85.25,93.78125,98.3515625,102.2265625,97.3515625,79.890625,76.390625,88.015625,87.75,75.34375,81.359375,89.53125,101.7421875,142.984375
2006-08-16,409.890625,281.609375,206.234375,178.4375,154.625,135.71875,123.578125,114.984375,111.65625,107.28125,100.3125,93.890625,94.5390625,96.3828125,90.7265625,85.25,93.78125,98.3515625,102.2265625,97.3515625,79.890625,76.390625,88.015625,87.75,75.34375,81.359375,89.53125,101.7421875,142.984375,266.2578125
2006-08-17,281.609375,206.234375,178.4375,154.625,135.71875,123.578125,114.984375,111.65625,107.28125,100.3125,93.890625,94.5390625,96.3828125,90.7265625,85.25,93.78125,98.3515625,102.2265625,97.3515625,79.890625,76.390625,88.015625,87.75,75.34375,81.359375,89.53125,101.7421875,142.984375,266.2578125,355.640625
2006-08-18,206.234375,178.4375,154.625,135.71875,123.578125,114.984375,111.65625,107.28125,100.3125,93.890625,94.5390625,96.3828125,90.7265625,85.25,93.78125,98.3515625,102.2265625,97.3515625,79.890625,76.390625,88.015625,87.75,75.34375,81.359375,89.53125,101.7421875,142.984375,266.2578125,355.640625,517.8203125
2006-08-19,263.109375,221.4375,190.109375,168.15625,150.46875,142.875,137.171875,131.234375,123.046875,116.875,113.7421875,111.0625,146.1953125,359.65625,381.4140625,319.9921875,360.7578125,428.2890625,351.7265625,237.1796875,172.0,137.921875,123.8359375,134.7734375,132.8046875,116.46875,109.015625,117.9453125,130.03125,127.9140625
2006-08-20,221.4375,190.109375,168.15625,150.46875,142.875,137.171875,131.234375,123.046875,116.875,113.7421875,111.0625,146.1953125,359.65625,381.4140625,319.9921875,360.7578125,428.2890625,351.7265625,237.1796875,172.0,137.921875,123.8359375,134.7734375,132.8046875,116.46875,109.015625,117.9453125,130.03125,127.9140625,134.5390625
2006-08-21,190.109375,168.15625,150.46875,142.875,137.171875,131.234375,123.046875,116.875,113.7421875,111.0625,146.1953125,359.65625,381.4140625,319.9921875,360.7578125,428.2890625,351.7265625,237.1796875,172.0,137.921875,123.8359375,134.7734375,132.8046875,116.46875,109.015625,117.9453125,130.03125,127.9140625,134.5390625,146.6796875
2006-08-22,206.578125,180.5,154.15625,141.8125,144.109375,145.96875,138.25,132.921875,158.6640625,156.0078125,136.0546875,122.9375,134.96875,176.15625,172.875,145.4140625,120.0703125,113.71875,110.671875,101.140625,87.875,82.265625,93.3046875,145.8671875,179.4921875,166.0078125,171.8984375,159.3046875,124.328125,108.2734375
2006-08-23,180.5,154.15625,141.8125,144.109375,145.96875,138.25,132.921875,158.6640625,156.0078125,136.0546875,122.9375,134.96875,176.15625,172.875,145.4140625,120.0703125,113.71875,110.671875,101.140625,87.875,82.265625,93.3046875,145.8671875,179.4921875,166.0078125,171.8984375,159.3046875,124.328125,108.2734375,110.0390625
2006-08-24,154.15625,141.8125,144.109375,145.96875,138.25,132.921875,158.6640625,156.0078125,136.0546875,122.9375,134.96875,176.15625,172.875,145.4140625,120.0703125,113.71875,110.671875,101.140625,87.875,82.265625,93.3046875,145.8671875,179.4921875,166.0078125,171.8984375,159.3046875,124.328125,108.2734375,110.0390625,132.4609375
2006-08-25,141.8125,144.109375,145.96875,138.25,132.921875,158.6640625,156.0078125,136.0546875,122.9375,134.96875,176.15625,172.875,145.4140625,120.0703125,113.71875,110.671875,101.140625,87.875,82.265625,93.3046875,145.8671875,179.4921875,166.0078125,171.8984375,159.3046875,124.328125,108.2734375,110.0390625,132.4609375,155.7421875
2006-08-26,190.28125,173.5625,166.484375,154.953125,157.4921875,158.1171875,141.7890625,121.3203125,101.9609375,93.0703125,90.234375,88.5390625,99.421875,136.8125,158.6328125,142.640625,133.296875,120.6796875,121.078125,125.8671875,119.0390625,153.609375,213.328125,268.1640625,260.546875,221.4296875,206.8515625,198.296875,180.0625,218.109375
2006-08-27,173.5625,166.484375,154.953125,157.4921875,158.1171875,141.7890625,121.3203125,101.9609375,93.0703125,90.234375,88.5390625,99.421875,136.8125,158.6328125,142.640625,133.296875,120.6796875,121.078125,125.8671875,119.0390625,153.609375,213.328125,268.1640625,260.546875,221.4296875,206.8515625,198.296875,180.0625,218.109375,198.7734375
2006-08-28,166.484375,154.953125,157.4921875,158.1171875,141.7890625,121.3203125,101.9609375,93.0703125,90.234375,88.5390625,99.421875,136.8125,158.6328125,142.640625,133.296875,120.6796875,121.078125,125.8671875,119.0390625,153.609375,213.328125,268.1640625,260.546875,221.4296875,206.8515625,198.296875,180.0625,218.109375,198.7734375,136.5625
2006-08-29,195.140625,195.171875,191.09375,186.5390625,170.4765625,157.7265625,136.984375,128.1171875,119.359375,102.8984375,101.9140625,116.6328125,129.390625,115.359375,107.953125,124.8125,132.65625,130.859375,128.6640625,111.625,109.6796875,141.421875,142.4453125,150.0,180.859375,187.3359375,185.8515625,344.9140625,509.3984375,389.5
2006-08-30,195.171875,191.09375,186.5390625,170.4765625,157.7265625,136.984375,128.1171875,119.359375,102.8984375,101.9140625,116.6328125,129.390625,115.359375,107.953125,124.8125,132.65625,130.859375,128.6640625,111.625,109.6796875,141.421875,142.4453125,150.0,180.859375,187.3359375,185.8515625,344.9140625,509.3984375,389.5,310.3515625
2006-08-31,191.09375,186.5390625,170.4765625,157.7265625,136.984375,128.1171875,119.359375,102.8984375,101.9140625,116.6328125,129.390625,115.359375,107.953125,124.8125,132.65625,130.859375,128.6640625,111.625,109.6796875,141.421875,142.4453125,150.0,180.859375,187.3359375,185.8515625,344.9140625,509.3984375,389.5,310.3515625,287.90625
2006-09-01,186.5390625,170.4765625,157.7265625,136.984375,128.1171875,119.359375,102.8984375,101.9140625,116.6328125,129.390625,115.359375,107.953125,124.8125,132.65625,130.859375,128.6640625,111.625,109.6796875,141.421875,142.4453125,150.0,180.859375,187.3359375,185.8515625,344.9140625,509.3984375,389.5,310.3515625,287.90625,215.6875
2006-09-02,185.2421875,137.0859375,116.2890625,113.875,115.3671875,122.390625,133.734375,127.703125,118.453125,118.1796875,116.28125,194.4296875,232.21875,199.6015625,172.46875,151.234375,139.703125,141.7109375,178.0,192.0703125,161.1953125,120.9296875,101.109375,103.015625,105.3046875,104.640625,100.953125,102.6015625,112.359375,128.5703125
2006-09-03,137.0859375,116.2890625,113.875,115.3671875,122.390625,133.734375,127.703125,118.453125,118.1796875,116.28125,194.4296875,232.21875,199.6015625,172.46875,151.234375,139.703125,141.7109375,178.0,192.0703125,161.1953125,120.9296875,101.109375,103.015625,105.3046875,104.640625,100.953125,102.6015625,112.359375,128.5703125,137.3359375
2006-09-04,116.2890625,113.875,115.3671875,122.390625,133.734375,127.703125,118.453125,118.1796875,116.28125,194.4296875,232.21875,199.6015625,172.46875,151.234375,139.703125,141.7109375,178.0,192.0703125,161.1953125,120.9296875,101.109375,103.015625,105.3046875,104.640625,100.953125,102.6015625,112.359375,128.5703125,137.3359375,144.375
2006-09-05,147.421875,154.28125,133.0859375,139.734375,144.9296875,135.125,123.9765625,125.8125,147.296875,151.234375,137.6484375,130.734375,142.9765625,176.5,160.8671875,115.8125,94.84375,98.375,105.8046875,97.328125,82.4453125,89.5859375,104.0234375,129.140625,148.6171875,160.4140625,195.8046875,224.671875,245.859375,209.671875
2006-09-06,154.28125,133.0859375,139.734375,144.9296875,135.125,123.9765625,125.8125,147.296875,151.234375,137.6484375,130.734375,142.9765625,176.5,160.8671875,115.8125,94.84375,98.375,105.8046875,97.328125,82.4453125,89.5859375,104.0234375,129.140625,148.6171875,160.4140625,195.8046875,224.671875,245.859375,209.671875,160.125
2006-09-07,133.0859375,139.734375,144.9296875,135.125,123.9765625,125.8125,147.296875,151.234375,137.6484375,130.734375,142.9765625,176.5,160.8671875,115.8125,94.84375,98.375,105.8046875,97.328125,82.4453125,89.5859375,104.0234375,129.140625,148.6171875,160.4140625,195.8046875,224.671875,245.859375,209.671875,160.125,118.671875
2006-09-08,139.734375,144.9296875,135.125,123.9765625,125.8125,147.296875,151.234375,137.6484375,130.734375,142.9765625,176.5,160.8671875,115.8125,94.84375,98.375,105.8046875,97.328125,82.4453125,89.5859375,104.0234375,129.140625,148.6171875,160.4140625,195.8046875,224.671875,245.859375,209.671875,160.125,118.671875,98.7265625
2006-09-09,116.0390625,115.578125,121.5234375,138.09375,138.953125,128.015625,110.9765625,98.90625,91.3984375,92.0078125,93.0546875,89.046875,90.5703125,85.234375,80.578125,104.703125,142.5859375,295.5390625,292.9609375,207.5546875,161.9765625,124.71875,95.96875,88.8359375,101.59375,105.3828125,166.671875,252.1015625,238.59375,239.78125
2006-09-10,115.578125,121.5234375,138.09375,138.953125,128.015625,110.9765625,98.90625,91.3984375,92.0078125,93.0546875,89.046875,90.5703125,85.234375,80.578125,104.703125,142.5859375,295.5390625,292.9609375,207.5546875,161.9765625,124.71875,95.96875,88.8359375,101.59375,105.3828125,166.671875,252.1015625,238.59375,239.78125,264.796875
2006-09-11,121.5234375,138.09375,138.953125,128.015625,110.9765625,98.90625,91.3984375,92.0078125,93.0546875,89.046875,90.5703125,85.234375,80.578125,104.703125,142.5859375,295.5390625,292.9609375,207.5546875,161.9765625,124.71875,95.96875,88.8359375,101.59375,105.3828125,166.671875,252.1015625,238.59375,239.78125,264.796875,783.5
2006-09-12,275.0390625,323.4296875,246.46875,177.90625,142.0078125,124.46875,146.0703125,144.0859375,111.734375,88.3125,79.421875,73.234375,72.0234375,99.2265625,260.1171875,333.40625,290.5,237.359375,175.0859375,144.8046875,132.4375,118.609375,102.21875,83.6328125,71.9453125,73.3046875,127.140625,161.359375,259.1796875,315.734375
2006-09-13,323.4296875,246.46875,177.90625,142.0078125,124.46875,146.0703125,144.0859375,111.734375,88.3125,79.421875,73.234375,72.0234375,99.2265625,260.1171875,333.40625,290.5,237.359375,175.0859375,144.8046875,132.4375,118.609375,102.21875,83.6328125,71.9453125,73.3046875,127.140625,161.359375,259.1796875,315.734375,265.6015625
2006-09-14,246.46875,177.90625,142.0078125,124.46875,146.0703125,144.0859375,111.734375,88.3125,79.421875,73.234375,72.0234375,99.2265625,260.1171875,333.40625,290.5,237.359375,175.0859375,144.8046875,132.4375,118.609375,102.21875,83.6328125,71.9453125,73.3046875,127.140625,161.359375,259.1796875,315.734375,265.6015625,203.96875
2006-09-15,177.90625,142.0078125,124.46875,146.0703125,144.0859375,111.734375,88.3125,79.421875,73.234375,72.0234375,99.2265625,260.1171875,333.40625,290.5,237.359375,175.0859375,144.8046875,132.4375,118.609375,102.21875,83.6328125,71.9453125,73.3046875,127.140625,161.359375,259.1796875,315.734375,265.6015625,203.96875,150.125
2006-09-16,213.6640625,239.4140625,215.7421875,150.8203125,110.2890625,94.609375,87.0390625,94.0078125,114.171875,140.3046875,141.46875,122.859375,128.3046875,132.8984375,127.109375,120.6015625,115.7578125,115.0625,102.0078125,81.0234375,64.9765625,63.8515625,94.71875,203.21875,245.1484375,216.65625,162.078125,108.6484375,84.8984375,74.2890625
2006-09-17,239.4140625,215.7421875,150.8203125,110.2890625,94.609375,87.0390625,94.0078125,114.171875,140.3046875,141.46875,122.859375,128.3046875,132.8984375,127.109375,120.6015625,115.7578125,115.0625,102.0078125,81.0234375,64.9765625,63.8515625,94.71875,203.21875,245.1484375,216.65625,162.078125,108.6484375,84.8984375,74.2890625,69.4765625
2006-09-18,215.7421875,150.8203125,110.2890625,94.609375,87.0390625,94.0078125,114.171875,140.3046875,141.46875,122.859375,128.3046875,132.8984375,127.109375,120.6015625,115.7578125,115.0625,102.0078125,81.0234375,64.9765625,63.8515625,94.71875,203.21875,245.1484375,216.65625,162.078125,108.6484375,84.8984375,74.2890625,69.4765625,74.0
2006-09-19,330.1015625,237.4453125,184.375,190.6875,187.5859375,166.90625,167.6953125,178.484375,247.4765625,320.0078125,436.8984375,471.671875,392.5,295.4609375,236.1640625,208.828125,192.03125,178.8515625,184.7265625,190.6875,198.90625,214.9453125,233.75,359.8515625,389.34375,346.5,283.3203125,207.9765625,161.9609375,195.96875
2006-09-20,237.4453125,184.375,190.6875,187.5859375,166.90625,167.6953125,178.484375,247.4765625,320.0078125,436.8984375,471.671875,392.5,295.4609375,236.1640625,208.828125,192.03125,178.8515625,184.7265625,190.6875,198.90625,214.9453125,233.75,359.8515625,389.34375,346.5,283.3203125,207.9765625,161.9609375,195.96875,242.5859375
2006-09-21,184.375,190.6875,187.5859375,166.90625,167.6953125,178.484375,247.4765625,320.0078125,436.8984375,471.671875,392.5,295.4609375,236.1640625,208.828125,192.03125,178.8515625,184.7265625,190.6875,198.90625,214.9453125,233.75,359.8515625,389.34375,346.5,283.3203125,207.9765625,161.9609375,195.96875,242.5859375,227.1953125
2006-09-22,190.6875,187.5859375,166.90625,167.6953125,178.484375,247.4765625,320.0078125,436.8984375,471.671875,392.5,295.4609375,236.1640625,208.828125,192.03125,178.8515625,184.7265625,190.6875,198.90625,214.9453125,233.75,359.8515625,389.34375,346.5,283.3203125,207.9765625,161.9609375,195.96875,242.5859375,227.1953125,177.390625
2006-09-23,172.15625,158.2578125,147.0234375,154.1015625,158.90625,142.546875,116.9765625,91.953125,87.8671875,118.1953125,171.65625,182.6796875,146.8671875,113.78125,129.9140625,129.1328125,101.8828125,80.5078125,65.9375,66.453125,79.90625,90.6015625,102.2265625,95.421875,92.1796875,137.7734375,143.84375,108.90625,106.7265625,99.15625
2006-09-24,158.2578125,147.0234375,154.1015625,158.90625,142.546875,116.9765625,91.953125,87.8671875,118.1953125,171.65625,182.6796875,146.8671875,113.78125,129.9140625,129.1328125,101.8828125,80.5078125,65.9375,66.453125,79.90625,90.6015625,102.2265625,95.421875,92.1796875,137.7734375,143.84375,108.90625,106.7265625,99.15625,87.21875
2006-09-25,147.0234375,154.1015625,158.90625,142.546875,116.9765625,91.953125,87.8671875,118.1953125,171.65625,182.6796875,146.8671875,113.78125,129.9140625,129.1328125,101.8828125,80.5078125,65.9375,66.453125,79.90625,90.6015625,102.2265625,95.421875,92.1796875,137.7734375,143.84375,108.90625,106.7265625,99.15625,87.21875,83.3046875
2006-09-26,189.3984375,227.875,245.546875,258.1015625,266.4296875,230.0078125,277.625,281.46875,243.625,196.328125,159.140625,143.5625,158.4609375,195.578125,239.8828125,212.9140625,161.8515625,130.7265625,152.2109375,227.265625,219.5546875,175.328125,173.59375,183.953125,180.1953125,167.4296875,152.84375,149.421875,194.34375,198.40625
2006-09-27,227.875,245.546875,258.1015625,266.4296875,230.0078125,277.625,281.46875,243.625,196.328125,159.140625,143.5625,158.4609375,195.578125,239.8828125,212.9140625,161.8515625,130.7265625,152.2109375,227.265625,219.5546875,175.328125,173.59375,183.953125,180.1953125,167.4296875,152.84375,149.421875,194.34375,198.40625,150.1875
2006-09-28,245.546875,258.1015625,266.4296875,230.0078125,277.625,281.46875,243.625,196.328125,159.140625,143.5625,158.4609375,195.578125,239.8828125,212.9140625,161.8515625,130.7265625,152.2109375,227.265625,219.5546875,175.328125,173.59375,183.953125,180.1953125,167.4296875,152.84375,149.421875,194.34375,198.40625,150.1875,112.3046875
2006-09-29,258.1015625,266.4296875,230.0078125,277.625,281.46875,243.625,196.328125,159.140625,143.5625,158.4609375,195.578125,239.8828125,212.9140625,161.8515625,130.7265625,152.2109375,227.265625,219.5546875,175.328125,173.59375,183.953125,180.1953125,167.4296875,152.84375,149.421875,194.34375,198.40625,150.1875,112.3046875,92.6953125
2006-09-30,263.359375,216.8125,198.921875,213.2578125,223.0390625,284.890625,304.4296875,229.9296875,169.4765625,142.0234375,131.5859375,165.078125,224.2734375,315.5078125,310.234375,260.515625,267.40625,253.9140625,230.546875,211.3203125,225.8671875,225.5,191.2421875,155.1484375,136.296875,136.1328125,130.875,118.90625,107.953125,111.9765625
2006-10-01,216.8125,198.921875,213.2578125,223.0390625,284.890625,304.4296875,229.9296875,169.4765625,142.0234375,131.5859375,165.078125,224.2734375,315.5078125,310.234375,260.515625,267.40625,253.9140625,230.546875,211.3203125,225.8671875,225.5,191.2421875,155.1484375,136.296875,136.1328125,130.875,118.90625,107.953125,111.9765625,113.8125
2006-10-02,198.921875,213.2578125,223.0390625,284.890625,304.4296875,229.9296875,169.4765625,142.0234375,131.5859375,165.078125,224.2734375,315.5078125,310.234375,260.515625,267.40625,253.9140625,230.546875,211.3203125,225.8671875,225.5,191.2421875,155.1484375,136.296875,136.1328125,130.875,118.90625,107.953125,111.9765625,113.8125,105.171875
2006-10-03,204.1015625,216.8359375,287.203125,360.1953125,412.9140625,376.96875,323.09375,300.0703125,300.484375,277.4609375,268.0390625,249.9296875,255.625,267.859375,280.3203125,250.0390625,206.40625,183.3671875,164.6484375,167.2421875,171.7265625,157.71875,148.109375,133.4609375,112.796875,98.3671875,89.8359375,92.8203125,92.96875,84.734375
2006-10-04,216.8359375,287.203125,360.1953125,412.9140625,376.96875,323.09375,300.0703125,300.484375,277.4609375,268.0390625,249.9296875,255.625,267.859375,280.3203125,250.0390625,206.40625,183.3671875,164.6484375,167.2421875,171.7265625,157.71875,148.109375,133.4609375,112.796875,98.3671875,89.8359375,92.8203125,92.96875,84.734375,80.3046875
2006-10-05,287.203125,360.1953125,412.9140625,376.96875,323.09375,300.0703125,300.484375,277.4609375,268.0390625,249.9296875,255.625,267.859375,280.3203125,250.0390625,206.40625,183.3671875,164.6484375,167.2421875,171.7265625,157.71875,148.109375,133.4609375,112.796875,98.3671875,89.8359375,92.8203125,92.96875,84.734375,80.3046875,100.671875
2006-10-06,360.1953125,412.9140625,376.96875,323.09375,300.0703125,300.484375,277.4609375,268.0390625,249.9296875,255.625,267.859375,280.3203125,250.0390625,206.40625,183.3671875,164.6484375,167.2421875,171.7265625,157.71875,148.109375,133.4609375,112.796875,98.3671875,89.8359375,92.8203125,92.96875,84.734375,80.3046875,100.671875,110.578125
2006-10-07,315.8828125,223.9765625,237.0078125,262.8984375,276.2109375,253.0078125,247.296875,228.078125,216.2734375,221.0390625,197.71875,177.0859375,174.5234375,180.859375,174.2109375,151.484375,127.78125,110.734375,112.1875,146.2109375,156.3671875,159.2109375,146.375,116.234375,96.0625,83.515625,75.1640625,76.453125,91.2734375,94.65625
2006-10-08,223.9765625,237.0078125,262.8984375,276.2109375,253.0078125,247.296875,228.078125,216.2734375,221.0390625,197.71875,177.0859375,174.5234375,180.859375,174.2109375,151.484375,127.78125,110.734375,112.1875,146.2109375,156.3671875,159.2109375,146.375,116.234375,96.0625,83.515625,75.1640625,76.453125,91.2734375,94.65625,86.76953125
2006-10-09,237.0078125,262.8984375,276.2109375,253.0078125,247.296875,228.078125,216.2734375,221.0390625,197.71875,177.0859375,174.5234375,180.859375,174.2109375,151.484375,127.78125,110.734375,112.1875,146.2109375,156.3671875,159.2109375,146.375,116.234375,96.0625,83.515625,75.1640625,76.453125,91.2734375,94.65625,86.76953125,77.61328125
2006-10-10,237.1171875,258.390625,213.5390625,188.90625,185.1875,185.1015625,179.5859375,173.84375,157.3359375,131.6484375,109.203125,99.03125,95.53125,108.1015625,113.5078125,97.796875,82.1484375,77.5546875,78.3515625,99.7734375,114.3984375,106.09375,131.0625,137.453125,112.0546875,98.96875,94.9453125,107.109375,108.0625,114.1640625
2006-10-11,258.390625,213.5390625,188.90625,185.1875,185.1015625,179.5859375,173.84375,157.3359375,131.6484375,109.203125,99.03125,95.53125,108.1015625,113.5078125,97.796875,82.1484375,77.5546875,78.3515625,99.7734375,114.3984375,106.09375,131.0625,137.453125,112.0546875,98.96875,94.9453125,107.109375,108.0625,114.1640625,146.8984375
2006-10-12,213.5390625,188.90625,185.1875,185.1015625,179.5859375,173.84375,157.3359375,131.6484375,109.203125,99.03125,95.53125,108.1015625,113.5078125,97.796875,82.1484375,77.5546875,78.3515625,99.7734375,114.3984375,106.09375,131.0625,137.453125,112.0546875,98.96875,94.9453125,107.109375,108.0625,114.1640625,146.8984375,141.8671875
2006-10-13,188.90625,185.1875,185.1015625,179.5859375,173.84375,157.3359375,131.6484375,109.203125,99.03125,95.53125,108.1015625,113.5078125,97.796875,82.1484375,77.5546875,78.3515625,99.7734375,114.3984375,106.09375,131.0625,137.453125,112.0546875,98.96875,94.9453125,107.109375,108.0625,114.1640625,146.8984375,141.8671875,142.32421875
2006-10-14,229.5625,223.296875,209.5078125,200.7265625,188.125,165.453125,137.140625,111.859375,93.828125,84.5859375,81.0546875,77.578125,84.0234375,88.375,81.6953125,73.671875,69.3125,102.0078125,113.625,86.5,67.91015625,80.52734375,114.09375,121.26171875,156.1171875,151.59765625,106.3046875,78.81640625,62.875,51.7265625
2006-10-15,223.296875,209.5078125,200.7265625,188.125,165.453125,137.140625,111.859375,93.828125,84.5859375,81.0546875,77.578125,84.0234375,88.375,81.6953125,73.671875,69.3125,102.0078125,113.625,86.5,67.91015625,80.52734375,114.09375,121.26171875,156.1171875,151.59765625,106.3046875,78.81640625,62.875,51.7265625,44.3359375
2006-10-16,209.5078125,200.7265625,188.125,165.453125,137.140625,111.859375,93.828125,84.5859375,81.0546875,77.578125,84.0234375,88.375,81.6953125,73.671875,69.3125,102.0078125,113.625,86.5,67.91015625,80.52734375,114.09375,121.26171875,156.1171875,151.59765625,106.3046875,78.81640625,62.875,51.7265625,44.3359375,55.4375
2006-10-17,197.4765625,181.296875,149.234375,128.0625,114.59375,105.359375,100.25,90.140625,80.9296875,79.8046875,87.3046875,85.4765625,89.9453125,109.1640625,118.0625,99.6015625,88.8125,99.078125,97.35546875,82.15234375,76.42578125,76.84375,70.890625,58.21484375,46.94921875,39.3671875,34.375,30.828125,28.13671875,25.97265625
2006-10-18,181.296875,149.234375,128.0625,114.59375,105.359375,100.25,90.140625,80.9296875,79.8046875,87.3046875,85.4765625,89.9453125,109.1640625,118.0625,99.6015625,88.8125,99.078125,97.35546875,82.15234375,76.42578125,76.84375,70.890625,58.21484375,46.94921875,39.3671875,34.375,30.828125,28.13671875,25.97265625,24.2734375
2006-10-19,149.234375,128.0625,114.59375,105.359375,100.25,90.140625,80.9296875,79.8046875,87.3046875,85.4765625,89.9453125,109.1640625,118.0625,99.6015625,88.8125,99.078125,97.35546875,82.15234375,76.42578125,76.84375,70.890625,58.21484375,46.94921875,39.3671875,34.375,30.828125,28.13671875,25.97265625,24.2734375,22.828125
2006-10-20,128.0625,114.59375,105.359375,100.25,90.140625,80.9296875,79.8046875,87.3046875,85.4765625,89.9453125,109.1640625,118.0625,99.6015625,88.8125,99.078125,97.35546875,82.15234375,76.42578125,76.84375,70.890625,58.21484375,46.94921875,39.3671875,34.375,30.828125,28.13671875,25.97265625,24.2734375,22.828125,21.29296875
2006-10-21,126.84375,108.9375,94.6484375,88.515625,84.0859375,75.9453125,70.2109375,82.0546875,89.46875,84.15625,86.75,93.3828125,90.28125,88.56640625,88.8984375,85.74609375,78.50390625,67.59765625,60.7421875,76.83203125,90.26953125,86.5078125,77.86328125,60.46484375,48.79296875,41.5859375,36.9921875,34.390625,35.08984375,42.9296875
2006-10-22,108.9375,94.6484375,88.515625,84.0859375,75.9453125,70.2109375,82.0546875,89.46875,84.15625,86.75,93.3828125,90.28125,88.56640625,88.8984375,85.74609375,78.50390625,67.59765625,60.7421875,76.83203125,90.26953125,86.5078125,77.86328125,60.46484375,48.79296875,41.5859375,36.9921875,34.390625,35.08984375,42.9296875,44.5234375
2006-10-23,94.6484375,88.515625,84.0859375,75.9453125,70.2109375,82.0546875,89.46875,84.15625,86.75,93.3828125,90.28125,88.56640625,88.8984375,85.74609375,78.50390625,67.59765625,60.7421875,76.83203125,90.26953125,86.5078125,77.86328125,60.46484375,48.79296875,41.5859375,36.9921875,34.390625,35.08984375,42.9296875,44.5234375,46.89453125
2006-10-24,119.2109375,109.0703125,99.234375,106.6171875,110.953125,130.265625,136.5859375,111.1484375,90.234375,93.15625,107.9453125,145.83203125,149.72265625,123.03515625,124.37109375,114.984375,94.45703125,97.984375,127.91015625,133.6015625,112.1953125,90.85546875,72.82421875,76.95703125,93.00390625,137.15625,155.7109375,146.54296875,122.7734375,102.11328125
2006-10-25,109.0703125,99.234375,106.6171875,110.953125,130.265625,136.5859375,111.1484375,90.234375,93.15625,107.9453125,145.83203125,149.72265625,123.03515625,124.37109375,114.984375,94.45703125,97.984375,127.91015625,133.6015625,112.1953125,90.85546875,72.82421875,76.95703125,93.00390625,137.15625,155.7109375,146.54296875,122.7734375,102.11328125,103.14453125
2006-10-26,99.234375,106.6171875,110.953125,130.265625,136.5859375,111.1484375,90.234375,93.15625,107.9453125,145.83203125,149.72265625,123.03515625,124.37109375,114.984375,94.45703125,97.984375,127.91015625,133.6015625,112.1953125,90.85546875,72.82421875,76.95703125,93.00390625,137.15625,155.7109375,146.54296875,122.7734375,102.11328125,103.14453125,96.05078125
2006-10-27,106.6171875,110.953125,130.265625,136.5859375,111.1484375,90.234375,93.15625,107.9453125,145.83203125,149.72265625,123.03515625,124.37109375,114.984375,94.45703125,97.984375,127.91015625,133.6015625,112.1953125,90.85546875,72.82421875,76.95703125,93.00390625,137.15625,155.7109375,146.54296875,122.7734375,102.11328125,103.14453125,96.05078125,76.12109375
2006-10-28,112.6640625,105.078125,86.4765625,79.4453125,76.484375,69.0234375,61.64453125,55.51171875,54.5078125,54.51953125,49.59375,44.38671875,39.703125,36.3203125,33.76171875,31.4296875,29.671875,32.5390625,39.18359375,42.32421875,57.7578125,72.51171875,90.1171875,111.68359375,99.13671875,72.55078125,52.6640625,42.21484375,37.27734375,32.078125
2006-10-29,105.078125,86.4765625,79.4453125,76.484375,69.0234375,61.64453125,55.51171875,54.5078125,54.51953125,49.59375,44.38671875,39.703125,36.3203125,33.76171875,31.4296875,29.671875,32.5390625,39.18359375,42.32421875,57.7578125,72.51171875,90.1171875,111.68359375,99.13671875,72.55078125,52.6640625,42.21484375,37.27734375,32.078125,26.5390625
2006-10-30,86.4765625,79.4453125,76.484375,69.0234375,61.64453125,55.51171875,54.5078125,54.51953125,49.59375,44.38671875,39.703125,36.3203125,33.76171875,31.4296875,29.671875,32.5390625,39.18359375,42.32421875,57.7578125,72.51171875,90.1171875,111.68359375,99.13671875,72.55078125,52.6640625,42.21484375,37.27734375,32.078125,26.5390625,22.2578125
2006-10-31,75.6328125,67.859375,71.5,81.68359375,85.20703125,79.0703125,69.8984375,70.8046875,81.96484375,91.3203125,82.37890625,64.2265625,52.71875,51.18359375,49.08203125,43.02734375,41.17578125,44.05078125,43.1796875,38.5859375,37.0625,37.93359375,58.75,74.38671875,63.12109375,62.94921875,56.9296875,47.87109375,39.74609375,31.5234375
2006-11-01,67.859375,71.5,81.68359375,85.20703125,79.0703125,69.8984375,70.8046875,81.96484375,91.3203125,82.37890625,64.2265625,52.71875,51.18359375,49.08203125,43.02734375,41.17578125,44.05078125,43.1796875,38.5859375,37.0625,37.93359375,58.75,74.38671875,63.12109375,62.94921875,56.9296875,47.87109375,39.74609375,31.5234375,26.98046875
2006-11-02,71.5,81.68359375,85.20703125,79.0703125,69.8984375,70.8046875,81.96484375,91.3203125,82.37890625,64.2265625,52.71875,51.18359375,49.08203125,43.02734375,41.17578125,44.05078125,43.1796875,38.5859375,37.0625,37.93359375,58.75,74.38671875,63.12109375,62.94921875,56.9296875,47.87109375,39.74609375,31.5234375,26.98046875,26.8671875
2006-11-03,81.68359375,85.20703125,79.0703125,69.8984375,70.8046875,81.96484375,91.3203125,82.37890625,64.2265625,52.71875,51.18359375,49.08203125,43.02734375,41.17578125,44.05078125,43.1796875,38.5859375,37.0625,37.93359375,58.75,74.38671875,63.12109375,62.94921875,56.9296875,47.87109375,39.74609375,31.5234375,26.98046875,26.8671875,29.24609375
2006-11-04,60.47265625,56.92578125,51.734375,49.2109375,51.5859375,67.08984375,73.55078125,74.59375,74.47265625,62.41796875,50.78515625,41.95703125,36.29296875,46.3984375,57.45703125,59.35546875,65.76953125,63.50390625,54.0234375,44.70703125,37.52734375,32.24609375,28.6328125,24.32421875,21.12890625,20.36328125,18.76171875,16.94921875,15.01953125,14.3671875
2006-11-05,56.92578125,51.734375,49.2109375,51.5859375,67.08984375,73.55078125,74.59375,74.47265625,62.41796875,50.78515625,41.95703125,36.29296875,46.3984375,57.45703125,59.35546875,65.76953125,63.50390625,54.0234375,44.70703125,37.52734375,32.24609375,28.6328125,24.32421875,21.12890625,20.36328125,18.76171875,16.94921875,15.01953125,14.3671875,13.78515625
2006-11-06,51.734375,49.2109375,51.5859375,67.08984375,73.55078125,74.59375,74.47265625,62.41796875,50.78515625,41.95703125,36.29296875,46.3984375,57.45703125,59.35546875,65.76953125,63.50390625,54.0234375,44.70703125,37.52734375,32.24609375,28.6328125,24.32421875,21.12890625,20.36328125,18.76171875,16.94921875,15.01953125,14.3671875,13.78515625,13.2265625
2006-11-07,56.390625,63.015625,71.28125,76.89453125,78.78515625,72.3515625,56.76171875,52.5546875,61.53125,66.4609375,59.328125,78.3984375,103.703125,97.03515625,91.984375,86.40625,68.8515625,53.73828125,57.9609375,70.23046875,92.19921875,99.1796875,73.42578125,51.5234375,39.80859375,31.88671875,25.65234375,21.30859375,21.1875,22.703125
2006-11-08,63.015625,71.28125,76.89453125,78.78515625,72.3515625,56.76171875,52.5546875,61.53125,66.4609375,59.328125,78.3984375,103.703125,97.03515625,91.984375,86.40625,68.8515625,53.73828125,57.9609375,70.23046875,92.19921875,99.1796875,73.42578125,51.5234375,39.80859375,31.88671875,25.65234375,21.30859375,21.1875,22.703125,23.44921875
2006-11-09,71.28125,76.89453125,78.78515625,72.3515625,56.76171875,52.5546875,61.53125,66.4609375,59.328125,78.3984375,103.703125,97.03515625,91.984375,86.40625,68.8515625,53.73828125,57.9609375,70.23046875,92.19921875,99.1796875,73.42578125,51.5234375,39.80859375,31.88671875,25.65234375,21.30859375,21.1875,22.703125,23.44921875,35.44921875
2006-11-10,76.89453125,78.78515625,72.3515625,56.76171875,52.5546875,61.53125,66.4609375,59.328125,78.3984375,103.703125,97.03515625,91.984375,86.40625,68.8515625,53.73828125,57.9609375,70.23046875,92.19921875,99.1796875,73.42578125,51.5234375,39.80859375,31.88671875,25.65234375,21.30859375,21.1875,22.703125,23.44921875,35.44921875,85.7421875
2006-11-11,46.30859375,44.20703125,39.578125,37.26171875,38.30078125,39.3671875,37.6953125,34.48046875,69.0625,94.40625,70.58984375,50.88671875,38.07421875,30.05078125,25.40234375,22.2109375,20.07421875,22.95703125,29.3515625,94.87890625,133.37109375,87.734375,57.69921875,41.06640625,30.22265625,23.65625,19.30078125,15.91015625,13.8359375,12.7421875
2006-11-12,44.20703125,39.578125,37.26171875,38.30078125,39.3671875,37.6953125,34.48046875,69.0625,94.40625,70.58984375,50.88671875,38.07421875,30.05078125,25.40234375,22.2109375,20.07421875,22.95703125,29.3515625,94.87890625,133.37109375,87.734375,57.69921875,41.06640625,30.22265625,23.65625,19.30078125,15.91015625,13.8359375,12.7421875,11.1875
2006-11-13,39.578125,37.26171875,38.30078125,39.3671875,37.6953125,34.48046875,69.0625,94.40625,70.58984375,50.88671875,38.07421875,30.05078125,25.40234375,22.2109375,20.07421875,22.95703125,29.3515625,94.87890625,133.37109375,87.734375,57.69921875,41.06640625,30.22265625,23.65625,19.30078125,15.91015625,13.8359375,12.7421875,11.1875,11.8046875
2006-11-14,34.2578125,34.91796875,39.9140625,54.77734375,61.1484375,53.65625,63.3359375,67.41015625,58.3203125,58.06640625,53.59765625,40.96875,32.1328125,33.125,38.609375,34.92578125,28.01171875,22.40625,18.89453125,18.125,37.0078125,63.84765625,67.7109375,76.3046875,69.9609375,58.59375,52.96875,40.265625,29.3828125,22.421875
2006-11-15,34.91796875,39.9140625,54.77734375,61.1484375,53.65625,63.3359375,67.41015625,58.3203125,58.06640625,53.59765625,40.96875,32.1328125,33.125,38.609375,34.92578125,28.01171875,22.40625,18.89453125,18.125,37.0078125,63.84765625,67.7109375,76.3046875,69.9609375,58.59375,52.96875,40.265625,29.3828125,22.421875,17.7890625
2006-11-16,39.9140625,54.77734375,61.1484375,53.65625,63.3359375,67.41015625,58.3203125,58.06640625,53.59765625,40.96875,32.1328125,33.125,38.609375,34.92578125,28.01171875,22.40625,18.89453125,18.125,37.0078125,63.84765625,67.7109375,76.3046875,69.9609375,58.59375,52.96875,40.265625,29.3828125,22.421875,17.7890625,14.25
2006-11-17,54.77734375,61.1484375,53.65625,63.3359375,67.41015625,58.3203125,58.06640625,53.59765625,40.96875,32.1328125,33.125,38.609375,34.92578125,28.01171875,22.40625,18.89453125,18.125,37.0078125,63.84765625,67.7109375,76.3046875,69.9609375,58.59375,52.96875,40.265625,29.3828125,22.421875,17.7890625,14.25,12.1171875
2006-11-18,40.375,49.421875,60.99609375,55.74609375,45.40234375,36.36328125,30.94921875,28.55078125,27.08984375,26.9375,27.703125,29.01953125,28.6796875,23.9765625,19.8515625,16.84375,19.41015625,27.37890625,24.83203125,20.71875,17.421875,14.6640625,13.3828125,12.1875,10.84375,9.90625,9.1875,12.265625,19.734375,21.8125
2006-11-19,49.421875,60.99609375,55.74609375,45.40234375,36.36328125,30.94921875,28.55078125,27.08984375,26.9375,27.703125,29.01953125,28.6796875,23.9765625,19.8515625,16.84375,19.41015625,27.37890625,24.83203125,20.71875,17.421875,14.6640625,13.3828125,12.1875,10.84375,9.90625,9.1875,12.265625,19.734375,21.8125,22.6875
2006-11-20,60.99609375,55.74609375,45.40234375,36.36328125,30.94921875,28.55078125,27.08984375,26.9375,27.703125,29.01953125,28.6796875,23.9765625,19.8515625,16.84375,19.41015625,27.37890625,24.83203125,20.71875,17.421875,14.6640625,13.3828125,12.1875,10.84375,9.90625,9.1875,12.265625,19.734375,21.8125,22.6875,23.234375
2006-11-21,54.0546875,59.1796875,54.51953125,50.80078125,56.45703125,61.39453125,58.36328125,53.19921875,51.66015625,54.80859375,50.89453125,49.22265625,73.4921875,104.5859375,92.546875,69.140625,62.2578125,58.59375,49.0,36.171875,41.1796875,64.765625,72.4765625,64.1171875,54.2265625,52.2890625,49.8984375,43.8515625,37.5234375,30.6875
2006-11-22,59.1796875,54.51953125,50.80078125,56.45703125,61.39453125,58.36328125,53.19921875,51.66015625,54.80859375,50.89453125,49.22265625,73.4921875,104.5859375,92.546875,69.140625,62.2578125,58.59375,49.0,36.171875,41.1796875,64.765625,72.4765625,64.1171875,54.2265625,52.2890625,49.8984375,43.8515625,37.5234375,30.6875,25.453125
2006-11-23,54.51953125,50.80078125,56.45703125,61.39453125,58.36328125,53.19921875,51.66015625,54.80859375,50.89453125,49.22265625,73.4921875,104.5859375,92.546875,69.140625,62.2578125,58.59375,49.0,36.171875,41.1796875,64.765625,72.4765625,64.1171875,54.2265625,52.2890625,49.8984375,43.8515625,37.5234375,30.6875,25.453125,25.9609375
2006-11-24,50.80078125,56.45703125,61.39453125,58.36328125,53.19921875,51.66015625,54.80859375,50.89453125,49.22265625,73.4921875,104.5859375,92.546875,69.140625,62.2578125,58.59375,49.0,36.171875,41.1796875,64.765625,72.4765625,64.1171875,54.2265625,52.2890625,49.8984375,43.8515625,37.5234375,30.6875,25.453125,25.9609375,32.125
2006-11-25,36.1171875,31.65625,30.703125,29.39453125,29.68359375,36.484375,41.0625,38.0546875,30.828125,23.71875,18.8515625,15.59375,18.890625,26.84375,26.0078125,24.140625,22.375,18.6015625,15.59375,13.0703125,11.390625,9.734375,8.7265625,7.4140625,7.140625,7.546875,7.390625,9.484375,21.6015625,63.28125
2006-11-26,31.65625,30.703125,29.39453125,29.68359375,36.484375,41.0625,38.0546875,30.828125,23.71875,18.8515625,15.59375,18.890625,26.84375,26.0078125,24.140625,22.375,18.6015625,15.59375,13.0703125,11.390625,9.734375,8.7265625,7.4140625,7.140625,7.546875,7.390625,9.484375,21.6015625,63.28125,91.125
2006-11-27,30.703125,29.39453125,29.68359375,36.484375,41.0625,38.0546875,30.828125,23.71875,18.8515625,15.59375,18.890625,26.84375,26.0078125,24.140625,22.375,18.6015625,15.59375,13.0703125,11.390625,9.734375,8.7265625,7.4140625,7.140625,7.546875,7.390625,9.484375,21.6015625,63.28125,91.125,76.0390625
2006-11-28,25.765625,23.09375,20.83984375,18.8203125,16.8984375,23.40625,33.4765625,28.6171875,41.5078125,119.4140625,122.8984375,76.203125,52.734375,48.1171875,46.6171875,37.2734375,30.109375,25.609375,23.0625,22.6171875,20.640625,17.0,14.4140625,12.1640625,10.25,8.5859375,7.4453125,7.4609375,6.5859375,6.1015625
2006-11-29,23.09375,20.83984375,18.8203125,16.8984375,23.40625,33.4765625,28.6171875,41.5078125,119.4140625,122.8984375,76.203125,52.734375,48.1171875,46.6171875,37.2734375,30.109375,25.609375,23.0625,22.6171875,20.640625,17.0,14.4140625,12.1640625,10.25,8.5859375,7.4453125,7.4609375,6.5859375,6.1015625,5.9609375
2006-11-30,20.83984375,18.8203125,16.8984375,23.40625,33.4765625,28.6171875,41.5078125,119.4140625,122.8984375,76.203125,52.734375,48.1171875,46.6171875,37.2734375,30.109375,25.609375,23.0625,22.6171875,20.640625,17.0,14.4140625,12.1640625,10.25,8.5859375,7.4453125,7.4609375,6.5859375,6.1015625,5.9609375,5.5859375
2006-12-01,18.8203125,16.8984375,23.40625,33.4765625,28.6171875,41.5078125,119.4140625,122.8984375,76.203125,52.734375,48.1171875,46.6171875,37.2734375,30.109375,25.609375,23.0625,22.6171875,20.640625,17.0,14.4140625,12.1640625,10.25,8.5859375,7.4453125,7.4609375,6.5859375,6.1015625,5.9609375,5.5859375,5.15625
2006-12-02,19.359375,20.390625,21.8125,40.46875,66.1875,82.7734375,85.765625,63.453125,46.609375,45.34375,48.328125,50.4609375,45.015625,48.28125,56.8359375,51.1796875,40.2109375,28.625,20.78125,15.6796875,12.265625,9.8515625,8.359375,7.7578125,7.5,6.8203125,6.09375,5.5625,5.34375,5.2265625
2006-12-03,20.390625,21.8125,40.46875,66.1875,82.7734375,85.765625,63.453125,46.609375,45.34375,48.328125,50.4609375,45.015625,48.28125,56.8359375,51.1796875,40.2109375,28.625,20.78125,15.6796875,12.265625,9.8515625,8.359375,7.7578125,7.5,6.8203125,6.09375,5.5625,5.34375,5.2265625,5.2109375
2006-12-04,21.8125,40.46875,66.1875,82.7734375,85.765625,63.453125,46.609375,45.34375,48.328125,50.4609375,45.015625,48.28125,56.8359375,51.1796875,40.2109375,28.625,20.78125,15.6796875,12.265625,9.8515625,8.359375,7.7578125,7.5,6.8203125,6.09375,5.5625,5.34375,5.2265625,5.2109375,4.75
2006-12-05,16.1875,18.875,23.9765625,36.1484375,48.4375,59.609375,74.578125,77.65625,71.890625,61.515625,52.1640625,50.640625,41.9921875,29.734375,21.296875,16.1484375,12.2734375,9.9453125,8.6171875,7.9140625,8.0234375,13.234375,23.3671875,21.890625,17.453125,14.1953125,11.3359375,9.234375,7.203125,7.0234375
2006-12-06,18.875,23.9765625,36.1484375,48.4375,59.609375,74.578125,77.65625,71.890625,61.515625,52.1640625,50.640625,41.9921875,29.734375,21.296875,16.1484375,12.2734375,9.9453125,8.6171875,7.9140625,8.0234375,13.234375,23.3671875,21.890625,17.453125,14.1953125,11.3359375,9.234375,7.203125,7.0234375,6.5625
2006-12-07,23.9765625,36.1484375,48.4375,59.609375,74.578125,77.65625,71.890625,61.515625,52.1640625,50.640625,41.9921875,29.734375,21.296875,16.1484375,12.2734375,9.9453125,8.6171875,7.9140625,8.0234375,13.234375,23.3671875,21.890625,17.453125,14.1953125,11.3359375,9.234375,7.203125,7.0234375,6.5625,6.3203125
2006-12-08,36.1484375,48.4375,59.609375,74.578125,77.65625,71.890625,61.515625,52.1640625,50.640625,41.9921875,29.734375,21.296875,16.1484375,12.2734375,9.9453125,8.6171875,7.9140625,8.0234375,13.234375,23.3671875,21.890625,17.453125,14.1953125,11.3359375,9.234375,7.203125,7.0234375,6.5625,6.3203125,8.3203125
2006-12-09,16.5625,20.4296875,30.9453125,30.8828125,24.2734375,19.078125,16.328125,13.21875,10.5859375,9.1953125,7.7734375,6.484375,5.734375,5.4609375,4.953125,4.4296875,4.15625,3.8984375,3.953125,3.6328125,3.4609375,3.4140625,3.3515625,3.390625,3.5,3.4921875,3.75,3.7578125,3.9921875,3.9765625
2006-12-10,20.4296875,30.9453125,30.8828125,24.2734375,19.078125,16.328125,13.21875,10.5859375,9.1953125,7.7734375,6.484375,5.734375,5.4609375,4.953125,4.4296875,4.15625,3.8984375,3.953125,3.6328125,3.4609375,3.4140625,3.3515625,3.390625,3.5,3.4921875,3.75,3.7578125,3.9921875,3.9765625,3.90625
2006-12-11,30.9453125,30.8828125,24.2734375,19.078125,16.328125,13.21875,10.5859375,9.1953125,7.7734375,6.484375,5.734375,5.4609375,4.953125,4.4296875,4.15625,3.8984375,3.953125,3.6328125,3.4609375,3.4140625,3.3515625,3.390625,3.5,3.4921875,3.75,3.7578125,3.9921875,3.9765625,3.90625,3.8046875
2006-12-12,13.0859375,12.015625,12.03125,13.0703125,13.1796875,11.453125,9.796875,7.9765625,6.7421875,6.0703125,5.4140625,4.6328125,4.390625,7.6484375,15.6796875,16.421875,13.9453125,24.8125,57.7734375,72.78125,74.3671875,61.5390625,41.3984375,28.6953125,20.671875,15.6015625,12.1640625,9.8203125,8.5546875,7.46875
2006-12-13,12.015625,12.03125,13.0703125,13.1796875,11.453125,9.796875,7.9765625,6.7421875,6.0703125,5.4140625,4.6328125,4.390625,7.6484375,15.6796875,16.421875,13.9453125,24.8125,57.7734375,72.78125,74.3671875,61.5390625,41.3984375,28.6953125,20.671875,15.6015625,12.1640625,9.8203125,8.5546875,7.46875,11.9765625
2006-12-14,12.03125,13.0703125,13.1796875,11.453125,9.796875,7.9765625,6.7421875,6.0703125,5.4140625,4.6328125,4.390625,7.6484375,15.6796875,16.421875,13.9453125,24.8125,57.7734375,72.78125,74.3671875,61.5390625,41.3984375,28.6953125,20.671875,15.6015625,12.1640625,9.8203125,8.5546875,7.46875,11.9765625,28.109375
2006-12-15,13.0703125,13.1796875,11.453125,9.796875,7.9765625,6.7421875,6.0703125,5.4140625,4.6328125,4.390625,7.6484375,15.6796875,16.421875,13.9453125,24.8125,57.7734375,72.78125,74.3671875,61.5390625,41.3984375,28.6953125,20.671875,15.6015625,12.1640625,9.8203125,8.5546875,7.46875,11.9765625,28.109375,34.3984375
2006-12-16,11.484375,10.2734375,8.3515625,7.0625,5.9921875,5.09375,4.7421875,4.703125,4.6328125,4.40625,4.4375,4.4453125,4.3515625,4.1953125,3.75,3.765625,3.9765625,3.859375,3.5546875,3.6484375,3.6953125,3.6796875,3.7109375,3.7578125,3.7265625,3.6015625,3.4765625,3.6875,3.7578125,3.5859375
2006-12-17,10.2734375,8.3515625,7.0625,5.9921875,5.09375,4.7421875,4.703125,4.6328125,4.40625,4.4375,4.4453125,4.3515625,4.1953125,3.75,3.765625,3.9765625,3.859375,3.5546875,3.6484375,3.6953125,3.6796875,3.7109375,3.7578125,3.7265625,3.6015625,3.4765625,3.6875,3.7578125,3.5859375,4.09375
2006-12-18,8.3515625,7.0625,5.9921875,5.09375,4.7421875,4.703125,4.6328125,4.40625,4.4375,4.4453125,4.3515625,4.1953125,3.75,3.765625,3.9765625,3.859375,3.5546875,3.6484375,3.6953125,3.6796875,3.7109375,3.7578125,3.7265625,3.6015625,3.4765625,3.6875,3.7578125,3.5859375,4.09375,9.296875
2006-12-19,6.75,5.765625,5.21875,4.9140625,4.671875,4.6796875,4.65625,4.5,4.3984375,4.25,4.125,4.0390625,3.9375,4.1796875,4.453125,4.421875,3.984375,3.75,3.6953125,4.03125,7.03125,9.9609375,10.6484375,9.8359375,8.2578125,7.6796875,7.765625,7.4140625,6.828125,5.4921875
2006-12-20,5.765625,5.21875,4.9140625,4.671875,4.6796875,4.65625,4.5,4.3984375,4.25,4.125,4.0390625,3.9375,4.1796875,4.453125,4.421875,3.984375,3.75,3.6953125,4.03125,7.03125,9.9609375,10.6484375,9.8359375,8.2578125,7.6796875,7.765625,7.4140625,6.828125,5.4921875,4.7734375
2006-12-21,5.21875,4.9140625,4.671875,4.6796875,4.65625,4.5,4.3984375,4.25,4.125,4.0390625,3.9375,4.1796875,4.453125,4.421875,3.984375,3.75,3.6953125,4.03125,7.03125,9.9609375,10.6484375,9.8359375,8.2578125,7.6796875,7.765625,7.4140625,6.828125,5.4921875,4.7734375,4.3984375
2006-12-22,4.9140625,4.671875,4.6796875,4.65625,4.5,4.3984375,4.25,4.125,4.0390625,3.9375,4.1796875,4.453125,4.421875,3.984375,3.75,3.6953125,4.03125,7.03125,9.9609375,10.6484375,9.8359375,8.2578125,7.6796875,7.765625,7.4140625,6.828125,5.4921875,4.7734375,4.3984375,4.125
2006-12-23,4.546875,4.703125,4.515625,4.078125,3.859375,3.7109375,3.640625,3.796875,3.8515625,3.7890625,4.1015625,5.953125,11.0703125,21.921875,36.296875,38.3125,34.0390625,27.7734375,20.484375,15.078125,12.671875,11.7421875,10.390625,9.078125,7.5234375,6.1875,5.734375,4.96875,4.84375,17.515625
2006-12-24,4.703125,4.515625,4.078125,3.859375,3.7109375,3.640625,3.796875,3.8515625,3.7890625,4.1015625,5.953125,11.0703125,21.921875,36.296875,38.3125,34.0390625,27.7734375,20.484375,15.078125,12.671875,11.7421875,10.390625,9.078125,7.5234375,6.1875,5.734375,4.96875,4.84375,17.515625,43.125
2006-12-25,4.515625,4.078125,3.859375,3.7109375,3.640625,3.796875,3.8515625,3.7890625,4.1015625,5.953125,11.0703125,21.921875,36.296875,38.3125,34.0390625,27.7734375,20.484375,15.078125,12.671875,11.7421875,10.390625,9.078125,7.5234375,6.1875,5.734375,4.96875,4.84375,17.515625,43.125,42.4140625
2006-12-26,4.3671875,4.5078125,4.6796875,4.546875,4.1015625,4.1328125,4.1484375,4.125,4.0625,5.9140625,29.34375,74.6796875,77.1796875,55.2734375,46.109375,53.4453125,55.3671875,80.75,103.2421875,81.15625,76.3125,74.375,53.5078125,36.0859375,25.2265625,18.3046875,14.03125,11.21875,9.359375,8.1484375
2006-12-27,4.5078125,4.6796875,4.546875,4.1015625,4.1328125,4.1484375,4.125,4.0625,5.9140625,29.34375,74.6796875,77.1796875,55.2734375,46.109375,53.4453125,55.3671875,80.75,103.2421875,81.15625,76.3125,74.375,53.5078125,36.0859375,25.2265625,18.3046875,14.03125,11.21875,9.359375,8.1484375,7.6796875
2006-12-28,4.6796875,4.546875,4.1015625,4.1328125,4.1484375,4.125,4.0625,5.9140625,29.34375,74.6796875,77.1796875,55.2734375,46.109375,53.4453125,55.3671875,80.75,103.2421875,81.15625,76.3125,74.375,53.5078125,36.0859375,25.2265625,18.3046875,14.03125,11.21875,9.359375,8.1484375,7.6796875,7.3046875
2006-12-29,4.546875,4.1015625,4.1328125,4.1484375,4.125,4.0625,5.9140625,29.34375,74.6796875,77.1796875,55.2734375,46.109375,53.4453125,55.3671875,80.75,103.2421875,81.15625,76.3125,74.375,53.5078125,36.0859375,25.2265625,18.3046875,14.03125,11.21875,9.359375,8.1484375,7.6796875,7.3046875,6.8046875
2006-12-30,4.0390625,3.859375,4.2421875,4.8046875,4.671875,5.890625,38.9296875,74.4296875,55.5703125,37.0625,25.0,17.8828125,13.515625,10.765625,8.8359375,7.21875,6.390625,6.1171875,5.65625,5.140625,4.75,4.6640625,4.6015625,4.84375,5.265625,6.515625,12.421875,25.671875,27.609375,23.578125
2006-12-31,3.859375,4.2421875,4.8046875,4.671875,5.890625,38.9296875,74.4296875,55.5703125,37.0625,25.0,17.8828125,13.515625,10.765625,8.8359375,7.21875,6.390625,6.1171875,5.65625,5.140625,4.75,4.6640625,4.6015625,4.84375,5.265625,6.515625,12.421875,25.671875,27.609375,23.578125,20.6640625
2007-01-01,4.2421875,4.8046875,4.671875,5.890625,38.9296875,74.4296875,55.5703125,37.0625,25.0,17.8828125,13.515625,10.765625,8.8359375,7.21875,6.390625,6.1171875,5.65625,5.140625,4.75,4.6640625,4.6015625,4.84375,5.265625,6.515625,12.421875,25.671875,27.609375,23.578125,20.6640625,18.0234375
2007-01-02,4.8046875,4.671875,5.890625,38.9296875,74.4296875,55.5703125,37.0625,25.0,17.8828125,13.515625,10.765625,8.8359375,7.21875,6.390625,6.1171875,5.65625,5.140625,4.75,4.6640625,4.6015625,4.84375,5.265625,6.515625,12.421875,25.671875,27.609375,23.578125,20.6640625,18.0234375,15.7421875
2007-01-03,3.7890625,3.5625,8.7421875,71.609375,100.4609375,64.5625,41.5703125,28.640625,20.921875,16.1953125,12.8359375,10.5546875,9.1484375,7.9765625,7.0859375,6.421875,5.7734375,5.140625,5.0,4.296875,4.09375,4.140625,4.21875,4.796875,5.8203125,9.796875,16.375,17.25,14.46875,11.625
2007-01-04,3.5625,8.7421875,71.609375,100.4609375,64.5625,41.5703125,28.640625,20.921875,16.1953125,12.8359375,10.5546875,9.1484375,7.9765625,7.0859375,6.421875,5.7734375,5.140625,5.0,4.296875,4.09375,4.140625,4.21875,4.796875,5.8203125,9.796875,16.375,17.25,14.46875,11.625,9.65625
2007-01-05,8.7421875,71.609375,100.4609375,64.5625,41.5703125,28.640625,20.921875,16.1953125,12.8359375,10.5546875,9.1484375,7.9765625,7.0859375,6.421875,5.7734375,5.140625,5.0,4.296875,4.09375,4.140625,4.21875,4.796875,5.8203125,9.796875,16.375,17.25,14.46875,11.625,9.65625,8.171875
2007-01-06,71.609375,100.4609375,64.5625,41.5703125,28.640625,20.921875,16.1953125,12.8359375,10.5546875,9.1484375,7.9765625,7.0859375,6.421875,5.7734375,5.140625,5.0,4.296875,4.09375,4.140625,4.21875,4.796875,5.8203125,9.796875,16.375,17.25,14.46875,11.625,9.65625,8.171875,6.875
2007-01-07,47.8125,40.9765625,28.578125,20.5078125,15.3515625,12.09375,10.25,9.9765625,9.875,9.1953125,8.46875,7.78125,6.90625,6.4296875,6.09375,6.109375,7.390625,10.9140625,13.140625,16.265625,17.59375,14.84375,12.421875,11.71875,13.453125,13.546875,14.578125,17.828125,26.28125,35.4375
2007-01-08,40.9765625,28.578125,20.5078125,15.3515625,12.09375,10.25,9.9765625,9.875,9.1953125,8.46875,7.78125,6.90625,6.4296875,6.09375,6.109375,7.390625,10.9140625,13.140625,16.265625,17.59375,14.84375,12.421875,11.71875,13.453125,13.546875,14.578125,17.828125,26.28125,35.4375,34.8125
2007-01-09,28.578125,20.5078125,15.3515625,12.09375,10.25,9.9765625,9.875,9.1953125,8.46875,7.78125,6.90625,6.4296875,6.09375,6.109375,7.390625,10.9140625,13.140625,16.265625,17.59375,14.84375,12.421875,11.71875,13.453125,13.546875,14.578125,17.828125,26.28125,35.4375,34.8125,29.09375
2007-01-10,29.84375,21.2265625,16.0078125,12.4453125,10.7734375,9.8515625,9.0078125,8.5546875,8.21875,7.9140625,7.1953125,7.3671875,8.15625,8.5,8.8828125,9.78125,10.2890625,9.984375,9.90625,10.015625,9.78125,8.796875,7.6875,6.9375,6.265625,5.859375,6.46875,7.84375,9.125,9.046875
2007-01-11,21.2265625,16.0078125,12.4453125,10.7734375,9.8515625,9.0078125,8.5546875,8.21875,7.9140625,7.1953125,7.3671875,8.15625,8.5,8.8828125,9.78125,10.2890625,9.984375,9.90625,10.015625,9.78125,8.796875,7.6875,6.9375,6.265625,5.859375,6.46875,7.84375,9.125,9.046875,18.46875
2007-01-12,16.0078125,12.4453125,10.7734375,9.8515625,9.0078125,8.5546875,8.21875,7.9140625,7.1953125,7.3671875,8.15625,8.5,8.8828125,9.78125,10.2890625,9.984375,9.90625,10.015625,9.78125,8.796875,7.6875,6.9375,6.265625,5.859375,6.46875,7.84375,9.125,9.046875,18.46875,34.265625
2007-01-13,12.4453125,10.7734375,9.8515625,9.0078125,8.5546875,8.21875,7.9140625,7.1953125,7.3671875,8.15625,8.5,8.8828125,9.78125,10.2890625,9.984375,9.90625,10.015625,9.78125,8.796875,7.6875,6.9375,6.265625,5.859375,6.46875,7.84375,9.125,9.046875,18.46875,34.265625,30.6875
2007-01-14,10.6328125,8.8046875,7.9375,8.5859375,8.9140625,10.125,11.390625,11.546875,11.0234375,10.484375,9.953125,9.546875,9.4921875,8.1015625,7.0078125,6.421875,6.234375,5.703125,6.609375,12.125,14.875,14.609375,15.8125,50.921875,96.390625,82.65625,57.484375,39.609375,27.515625,19.734375
2007-01-15,8.8046875,7.9375,8.5859375,8.9140625,10.125,11.390625,11.546875,11.0234375,10.484375,9.953125,9.546875,9.4921875,8.1015625,7.0078125,6.421875,6.234375,5.703125,6.609375,12.125,14.875,14.609375,15.8125,50.921875,96.390625,82.65625,57.484375,39.609375,27.515625,19.734375,14.90625
2007-01-16,7.9375,8.5859375,8.9140625,10.125,11.390625,11.546875,11.0234375,10.484375,9.953125,9.546875,9.4921875,8.1015625,7.0078125,6.421875,6.234375,5.703125,6.609375,12.125,14.875,14.609375,15.8125,50.921875,96.390625,82.65625,57.484375,39.609375,27.515625,19.734375,14.90625,11.984375
2007-01-17,11.2421875,13.4296875,15.71875,14.71875,13.1640625,11.78125,10.2421875,8.7578125,7.796875,6.90625,6.3515625,5.828125,5.109375,4.265625,3.890625,3.703125,3.5625,3.625,4.53125,5.40625,7.140625,10.0,11.15625,12.921875,15.734375,15.28125,12.359375,10.671875,8.640625,7.546875
2007-01-18,13.4296875,15.71875,14.71875,13.1640625,11.78125,10.2421875,8.7578125,7.796875,6.90625,6.3515625,5.828125,5.109375,4.265625,3.890625,3.703125,3.5625,3.625,4.53125,5.40625,7.140625,10.0,11.15625,12.921875,15.734375,15.28125,12.359375,10.671875,8.640625,7.546875,7.265625
2007-01-19,15.71875,14.71875,13.1640625,11.78125,10.2421875,8.7578125,7.796875,6.90625,6.3515625,5.828125,5.109375,4.265625,3.890625,3.703125,3.5625,3.625,4.53125,5.40625,7.140625,10.0,11.15625,12.921875,15.734375,15.28125,12.359375,10.671875,8.640625,7.546875,7.265625,7.109375
2007-01-20,14.71875,13.1640625,11.78125,10.2421875,8.7578125,7.796875,6.90625,6.3515625,5.828125,5.109375,4.265625,3.890625,3.703125,3.5625,3.625,4.53125,5.40625,7.140625,10.0,11.15625,12.921875,15.734375,15.28125,12.359375,10.671875,8.640625,7.546875,7.265625,7.109375,7.0625
2007-01-21,15.8125,14.046875,12.7578125,16.90625,21.8515625,18.4296875,13.9609375,10.65625,8.8125,7.625,6.640625,5.796875,5.375,4.921875,4.34375,4.109375,4.09375,4.09375,4.296875,4.15625,4.125,4.296875,6.90625,11.96875,13.0,11.640625,10.84375,10.65625,11.359375,12.8125
2007-01-22,14.046875,12.7578125,16.90625,21.8515625,18.4296875,13.9609375,10.65625,8.8125,7.625,6.640625,5.796875,5.375,4.921875,4.34375,4.109375,4.09375,4.09375,4.296875,4.15625,4.125,4.296875,6.90625,11.96875,13.0,11.640625,10.84375,10.65625,11.359375,12.8125,17.6875
2007-01-23,12.7578125,16.90625,21.8515625,18.4296875,13.9609375,10.65625,8.8125,7.625,6.640625,5.796875,5.375,4.921875,4.34375,4.109375,4.09375,4.09375,4.296875,4.15625,4.125,4.296875,6.90625,11.96875,13.0,11.640625,10.84375,10.65625,11.359375,12.8125,17.6875,21.203125
2007-01-24,10.453125,9.0703125,7.6875,6.1171875,4.96875,4.8125,4.53125,4.203125,3.953125,3.890625,3.890625,3.75,3.875,3.625,3.421875,3.171875,2.984375,2.921875,2.90625,3.0,3.59375,4.03125,4.046875,4.515625,7.640625,10.984375,10.90625,10.28125,10.015625,10.65625
2007-01-25,9.0703125,7.6875,6.1171875,4.96875,4.8125,4.53125,4.203125,3.953125,3.890625,3.890625,3.75,3.875,3.625,3.421875,3.171875,2.984375,2.921875,2.90625,3.0,3.59375,4.03125,4.046875,4.515625,7.640625,10.984375,10.90625,10.28125,10.015625,10.65625,14.84375
2007-01-26,7.6875,6.1171875,4.96875,4.8125,4.53125,4.203125,3.953125,3.890625,3.890625,3.75,3.875,3.625,3.421875,3.171875,2.984375,2.921875,2.90625,3.0,3.59375,4.03125,4.046875,4.515625,7.640625,10.984375,10.90625,10.28125,10.015625,10.65625,14.84375,21.671875
2007-01-27,6.1171875,4.96875,4.8125,4.53125,4.203125,3.953125,3.890625,3.890625,3.75,3.875,3.625,3.421875,3.171875,2.984375,2.921875,2.90625,3.0,3.59375,4.03125,4.046875,4.515625,7.640625,10.984375,10.90625,10.28125,10.015625,10.65625,14.84375,21.671875,19.84375
2007-01-28,5.9375,5.34375,4.859375,4.53125,4.09375,3.78125,3.625,3.515625,3.5,3.3125,3.25,3.203125,3.515625,4.3125,4.734375,4.65625,4.375,4.140625,4.078125,4.015625,4.484375,5.1875,5.53125,6.09375,7.0,8.515625,9.375,9.34375,8.90625,8.265625
2007-01-29,5.34375,4.859375,4.53125,4.09375,3.78125,3.625,3.515625,3.5,3.3125,3.25,3.203125,3.515625,4.3125,4.734375,4.65625,4.375,4.140625,4.078125,4.015625,4.484375,5.1875,5.53125,6.09375,7.0,8.515625,9.375,9.34375,8.90625,8.265625,7.9375
2007-01-30,4.859375,4.53125,4.09375,3.78125,3.625,3.515625,3.5,3.3125,3.25,3.203125,3.515625,4.3125,4.734375,4.65625,4.375,4.140625,4.078125,4.015625,4.484375,5.1875,5.53125,6.09375,7.0,8.515625,9.375,9.34375,8.90625,8.265625,7.9375,7.078125
2007-01-31,4.796875,4.5,4.078125,3.78125,3.828125,3.859375,3.84375,4.078125,4.171875,4.359375,5.1875,5.5625,5.125,5.703125,7.28125,7.828125,7.515625,6.640625,6.125,6.640625,7.21875,10.296875,16.0,19.84375,19.375,16.0625,14.09375,14.109375,12.640625,12.34375
2007-02-01,4.5,4.078125,3.78125,3.828125,3.859375,3.84375,4.078125,4.171875,4.359375,5.1875,5.5625,5.125,5.703125,7.28125,7.828125,7.515625,6.640625,6.125,6.640625,7.21875,10.296875,16.0,19.84375,19.375,16.0625,14.09375,14.109375,12.640625,12.34375,13.78125
2007-02-02,4.078125,3.78125,3.828125,3.859375,3.84375,4.078125,4.171875,4.359375,5.1875,5.5625,5.125,5.703125,7.28125,7.828125,7.515625,6.640625,6.125,6.640625,7.21875,10.296875,16.0,19.84375,19.375,16.0625,14.09375,14.109375,12.640625,12.34375,13.78125,16.859375
2007-02-03,3.78125,3.828125,3.859375,3.84375,4.078125,4.171875,4.359375,5.1875,5.5625,5.125,5.703125,7.28125,7.828125,7.515625,6.640625,6.125,6.640625,7.21875,10.296875,16.0,19.84375,19.375,16.0625,14.09375,14.109375,12.640625,12.34375,13.78125,16.859375,48.40625
2007-02-04,3.796875,3.6875,3.46875,3.359375,3.3125,3.25,3.09375,3.171875,3.6875,4.65625,6.546875,10.265625,10.578125,9.34375,15.046875,27.875,25.859375,18.96875,13.375,10.078125,8.171875,6.984375,6.09375,9.203125,17.828125,17.984375,16.25,16.03125,16.25,15.75
2007-02-05,3.6875,3.46875,3.359375,3.3125,3.25,3.09375,3.171875,3.6875,4.65625,6.546875,10.265625,10.578125,9.34375,15.046875,27.875,25.859375,18.96875,13.375,10.078125,8.171875,6.984375,6.09375,9.203125,17.828125,17.984375,16.25,16.03125,16.25,15.75,16.21875
2007-02-06,3.46875,3.359375,3.3125,3.25,3.09375,3.171875,3.6875,4.65625,6.546875,10.265625,10.578125,9.34375,15.046875,27.875,25.859375,18.96875,13.375,10.078125,8.171875,6.984375,6.09375,9.203125,17.828125,17.984375,16.25,16.03125,16.25,15.75,16.21875,15.421875
2007-02-07,3.765625,3.734375,3.65625,3.390625,3.25,3.234375,3.265625,3.828125,4.390625,4.484375,4.46875,4.171875,3.96875,3.75,3.546875,3.609375,3.859375,5.203125,5.734375,5.46875,5.46875,5.875,5.875,5.859375,5.53125,5.171875,5.5625,6.078125,9.84375,32.953125
2007-02-08,3.734375,3.65625,3.390625,3.25,3.234375,3.265625,3.828125,4.390625,4.484375,4.46875,4.171875,3.96875,3.75,3.546875,3.609375,3.859375,5.203125,5.734375,5.46875,5.46875,5.875,5.875,5.859375,5.53125,5.171875,5.5625,6.078125,9.84375,32.953125,53.0625
2007-02-09,3.65625,3.390625,3.25,3.234375,3.265625,3.828125,4.390625,4.484375,4.46875,4.171875,3.96875,3.75,3.546875,3.609375,3.859375,5.203125,5.734375,5.46875,5.46875,5.875,5.875,5.859375,5.53125,5.171875,5.5625,6.078125,9.84375,32.953125,53.0625,42.703125
2007-02-10,3.390625,3.25,3.234375,3.265625,3.828125,4.390625,4.484375,4.46875,4.171875,3.96875,3.75,3.546875,3.609375,3.859375,5.203125,5.734375,5.46875,5.46875,5.875,5.875,5.859375,5.53125,5.171875,5.5625,6.078125,9.84375,32.953125,53.0625,42.703125,31.484375
2007-02-11,3.234375,3.734375,3.890625,3.875,4.0,4.109375,4.015625,4.625,7.421875,13.921875,17.203125,15.71875,24.171875,39.25,33.640625,23.609375,16.375,12.078125,9.6875,8.21875,7.359375,6.765625,6.125,9.875,29.65625,42.546875,35.921875,28.8125,22.78125,18.703125
2007-02-12,3.734375,3.890625,3.875,4.0,4.109375,4.015625,4.625,7.421875,13.921875,17.203125,15.71875,24.171875,39.25,33.640625,23.609375,16.375,12.078125,9.6875,8.21875,7.359375,6.765625,6.125,9.875,29.65625,42.546875,35.921875,28.8125,22.78125,18.703125,16.25
2007-02-13,3.890625,3.875,4.0,4.109375,4.015625,4.625,7.421875,13.921875,17.203125,15.71875,24.171875,39.25,33.640625,23.609375,16.375,12.078125,9.6875,8.21875,7.359375,6.765625,6.125,9.875,29.65625,42.546875,35.921875,28.8125,22.78125,18.703125,16.25,14.25
2007-02-14,3.46875,4.265625,5.21875,5.765625,6.875,30.03125,65.625,53.671875,37.6875,27.328125,21.1875,17.40625,14.25,12.21875,10.8125,10.28125,11.65625,15.046875,13.96875,12.1875,9.875,8.421875,7.03125,6.125,12.3125,24.921875,22.9375,18.40625,15.15625,12.71875
2007-02-15,4.265625,5.21875,5.765625,6.875,30.03125,65.625,53.671875,37.6875,27.328125,21.1875,17.40625,14.25,12.21875,10.8125,10.28125,11.65625,15.046875,13.96875,12.1875,9.875,8.421875,7.03125,6.125,12.3125,24.921875,22.9375,18.40625,15.15625,12.71875,10.5625
2007-02-16,5.21875,5.765625,6.875,30.03125,65.625,53.671875,37.6875,27.328125,21.1875,17.40625,14.25,12.21875,10.8125,10.28125,11.65625,15.046875,13.96875,12.1875,9.875,8.421875,7.03125,6.125,12.3125,24.921875,22.9375,18.40625,15.15625,12.71875,10.5625,9.953125
2007-02-17,5.765625,6.875,30.03125,65.625,53.671875,37.6875,27.328125,21.1875,17.40625,14.25,12.21875,10.8125,10.28125,11.65625,15.046875,13.96875,12.1875,9.875,8.421875,7.03125,6.125,12.3125,24.921875,22.9375,18.40625,15.15625,12.71875,10.5625,9.953125,36.328125
2007-02-18,3.734375,4.609375,6.265625,8.09375,10.359375,10.34375,9.84375,10.578125,13.75,17.0625,15.453125,13.03125,11.25,10.921875,10.015625,9.234375,14.828125,24.90625,23.625,19.65625,15.578125,11.15625,8.703125,7.234375,5.96875,5.078125,5.0,7.1875,10.625,13.546875
2007-02-19,4.609375,6.265625,8.09375,10.359375,10.34375,9.84375,10.578125,13.75,17.0625,15.453125,13.03125,11.25,10.921875,10.015625,9.234375,14.828125,24.90625,23.625,19.65625,15.578125,11.15625,8.703125,7.234375,5.96875,5.078125,5.0,7.1875,10.625,13.546875,21.5
2007-02-20,6.265625,8.09375,10.359375,10.34375,9.84375,10.578125,13.75,17.0625,15.453125,13.03125,11.25,10.921875,10.015625,9.234375,14.828125,24.90625,23.625,19.65625,15.578125,11.15625,8.703125,7.234375,5.96875,5.078125,5.0,7.1875,10.625,13.546875,21.5,49.15625
2007-02-21,7.625,19.34375,33.296875,27.734375,20.390625,14.953125,11.546875,9.515625,8.71875,10.171875,12.609375,15.28125,18.734375,19.984375,19.234375,15.65625,13.03125,12.046875,12.046875,12.09375,11.4375,10.90625,14.4375,21.234375,20.390625,16.015625,12.421875,9.765625,8.5625,8.3125
2007-02-22,19.34375,33.296875,27.734375,20.390625,14.953125,11.546875,9.515625,8.71875,10.171875,12.609375,15.28125,18.734375,19.984375,19.234375,15.65625,13.03125,12.046875,12.046875,12.09375,11.4375,10.90625,14.4375,21.234375,20.390625,16.015625,12.421875,9.765625,8.5625,8.3125,8.71875
2007-02-23,33.296875,27.734375,20.390625,14.953125,11.546875,9.515625,8.71875,10.171875,12.609375,15.28125,18.734375,19.984375,19.234375,15.65625,13.03125,12.046875,12.046875,12.09375,11.4375,10.90625,14.4375,21.234375,20.390625,16.015625,12.421875,9.765625,8.5625,8.3125,8.71875,9.21875
2007-02-24,27.734375,20.390625,14.953125,11.546875,9.515625,8.71875,10.171875,12.609375,15.28125,18.734375,19.984375,19.234375,15.65625,13.03125,12.046875,12.046875,12.09375,11.4375,10.90625,14.4375,21.234375,20.390625,16.015625,12.421875,9.765625,8.5625,8.3125,8.71875,9.21875,14.15625
2007-02-25,17.3125,16.046875,14.84375,13.03125,14.578125,17.28125,17.203125,20.140625,25.125,25.03125,20.140625,16.96875,14.96875,13.78125,14.375,13.15625,12.0,10.375,8.375,7.40625,7.234375,7.34375,7.984375,8.921875,9.984375,10.859375,11.5625,12.109375,13.375,15.375
2007-02-26,16.046875,14.84375,13.03125,14.578125,17.28125,17.203125,20.140625,25.125,25.03125,20.140625,16.96875,14.96875,13.78125,14.375,13.15625,12.0,10.375,8.375,7.40625,7.234375,7.34375,7.984375,8.921875,9.984375,10.859375,11.5625,12.109375,13.375,15.375,19.890625
2007-02-27,14.84375,13.03125,14.578125,17.28125,17.203125,20.140625,25.125,25.03125,20.140625,16.96875,14.96875,13.78125,14.375,13.15625,12.0,10.375,8.375,7.40625,7.234375,7.34375,7.984375,8.921875,9.984375,10.859375,11.5625,12.109375,13.375,15.375,19.890625,20.09375
2007-02-28,19.203125,20.375,17.1875,13.9375,13.65625,16.671875,19.84375,26.703125,30.859375,25.421875,19.796875,17.4375,15.390625,12.5625,11.171875,11.546875,10.625,9.75,9.25,9.078125,7.921875,6.828125,6.03125,5.46875,5.296875,5.515625,5.890625,5.703125,5.921875,6.640625
2007-03-01,20.375,17.1875,13.9375,13.65625,16.671875,19.84375,26.703125,30.859375,25.421875,19.796875,17.4375,15.390625,12.5625,11.171875,11.546875,10.625,9.75,9.25,9.078125,7.921875,6.828125,6.03125,5.46875,5.296875,5.515625,5.890625,5.703125,5.921875,6.640625,6.59375
2007-03-02,17.1875,13.9375,13.65625,16.671875,19.84375,26.703125,30.859375,25.421875,19.796875,17.4375,15.390625,12.5625,11.171875,11.546875,10.625,9.75,9.25,9.078125,7.921875,6.828125,6.03125,5.46875,5.296875,5.515625,5.890625,5.703125,5.921875,6.640625,6.59375,5.71875
2007-03-03,13.9375,13.65625,16.671875,19.84375,26.703125,30.859375,25.421875,19.796875,17.4375,15.390625,12.5625,11.171875,11.546875,10.625,9.75,9.25,9.078125,7.921875,6.828125,6.03125,5.46875,5.296875,5.515625,5.890625,5.703125,5.921875,6.640625,6.59375,5.71875,4.921875
2007-03-04,12.140625,10.984375,14.734375,23.140625,27.921875,31.109375,32.234375,25.046875,19.765625,17.0625,14.234375,11.875,11.015625,11.265625,16.359375,44.515625,77.234375,77.765625,83.65625,80.875,56.671875,38.390625,26.3125,19.484375,18.890625,28.0625,37.125,34.734375,26.84375,20.15625
2007-03-05,10.984375,14.734375,23.140625,27.921875,31.109375,32.234375,25.046875,19.765625,17.0625,14.234375,11.875,11.015625,11.265625,16.359375,44.515625,77.234375,77.765625,83.65625,80.875,56.671875,38.390625,26.3125,19.484375,18.890625,28.0625,37.125,34.734375,26.84375,20.15625,16.640625
2007-03-06,14.734375,23.140625,27.921875,31.109375,32.234375,25.046875,19.765625,17.0625,14.234375,11.875,11.015625,11.265625,16.359375,44.515625,77.234375,77.765625,83.65625,80.875,56.671875,38.390625,26.3125,19.484375,18.890625,28.0625,37.125,34.734375,26.84375,20.15625,16.640625,14.90625
2007-03-07,11.484375,170.8125,270.359375,171.921875,97.734375,63.09375,44.359375,42.875,48.34375,46.21875,41.171875,29.984375,24.078125,27.421875,50.34375,66.703125,58.125,55.078125,63.234375,66.4375,55.0625,62.296875,71.734375,50.359375,33.140625,22.796875,16.625,17.5,22.3125,19.53125
2007-03-08,170.8125,270.359375,171.921875,97.734375,63.09375,44.359375,42.875,48.34375,46.21875,41.171875,29.984375,24.078125,27.421875,50.34375,66.703125,58.125,55.078125,63.234375,66.4375,55.0625,62.296875,71.734375,50.359375,33.140625,22.796875,16.625,17.5,22.3125,19.53125,18.625
2007-03-09,270.359375,171.921875,97.734375,63.09375,44.359375,42.875,48.34375,46.21875,41.171875,29.984375,24.078125,27.421875,50.34375,66.703125,58.125,55.078125,63.234375,66.4375,55.0625,62.296875,71.734375,50.359375,33.140625,22.796875,16.625,17.5,22.3125,19.53125,18.625,27.953125
2007-03-10,171.921875,97.734375,63.09375,44.359375,42.875,48.34375,46.21875,41.171875,29.984375,24.078125,27.421875,50.34375,66.703125,58.125,55.078125,63.234375,66.4375,55.0625,62.296875,71.734375,50.359375,33.140625,22.796875,16.625,17.5,22.3125,19.53125,18.625,27.953125,42.96875
2007-03-11,25.0625,20.375,18.125,20.28125,24.078125,27.109375,24.203125,24.65625,49.890625,73.28125,65.859375,63.515625,54.390625,48.25,51.59375,43.421875,30.1875,20.84375,16.140625,15.96875,16.96875,14.671875,12.140625,10.921875,11.171875,10.328125,10.71875,14.96875,35.703125,120.5625
2007-03-12,20.375,18.125,20.28125,24.078125,27.109375,24.203125,24.65625,49.890625,73.28125,65.859375,63.515625,54.390625,48.25,51.59375,43.421875,30.1875,20.84375,16.140625,15.96875,16.96875,14.671875,12.140625,10.921875,11.171875,10.328125,10.71875,14.96875,35.703125,120.5625,166.6875
2007-03-13,18.125,20.28125,24.078125,27.109375,24.203125,24.65625,49.890625,73.28125,65.859375,63.515625,54.390625,48.25,51.59375,43.421875,30.1875,20.84375,16.140625,15.96875,16.96875,14.671875,12.140625,10.921875,11.171875,10.328125,10.71875,14.96875,35.703125,120.5625,166.6875,141.5625
2007-03-14,11.453125,14.96875,33.421875,50.671875,59.9375,87.859375,112.4375,107.328125,80.59375,63.296875,53.40625,47.5,70.140625,106.453125,96.734375,64.515625,43.4375,32.015625,26.90625,22.421875,18.046875,14.6875,12.59375,10.625,8.921875,8.296875,9.140625,12.328125,16.65625,16.65625
2007-03-15,14.96875,33.421875,50.671875,59.9375,87.859375,112.4375,107.328125,80.59375,63.296875,53.40625,47.5,70.140625,106.453125,96.734375,64.515625,43.4375,32.015625,26.90625,22.421875,18.046875,14.6875,12.59375,10.625,8.921875,8.296875,9.140625,12.328125,16.65625,16.65625,13.65625
2007-03-16,33.421875,50.671875,59.9375,87.859375,112.4375,107.328125,80.59375,63.296875,53.40625,47.5,70.140625,106.453125,96.734375,64.515625,43.4375,32.015625,26.90625,22.421875,18.046875,14.6875,12.59375,10.625,8.921875,8.296875,9.140625,12.328125,16.65625,16.65625,13.65625,11.0625
2007-03-17,50.671875,59.9375,87.859375,112.4375,107.328125,80.59375,63.296875,53.40625,47.5,70.140625,106.453125,96.734375,64.515625,43.4375,32.015625,26.90625,22.421875,18.046875,14.6875,12.59375,10.625,8.921875,8.296875,9.140625,12.328125,16.65625,16.65625,13.65625,11.0625,9.21875
2007-03-18,13.140625,212.90625,277.25,161.296875,118.9375,136.796875,543.90625,474.65625,268.0625,188.96875,144.34375,100.0,66.875,49.46875,39.59375,33.703125,31.859375,27.375,22.71875,20.203125,19.671875,18.78125,15.21875,12.03125,9.9375,8.34375,8.03125,9.875,19.390625,32.09375
2007-03-19,212.90625,277.25,161.296875,118.9375,136.796875,543.90625,474.65625,268.0625,188.96875,144.34375,100.0,66.875,49.46875,39.59375,33.703125,31.859375,27.375,22.71875,20.203125,19.671875,18.78125,15.21875,12.03125,9.9375,8.34375,8.03125,9.875,19.390625,32.09375,35.3125
2007-03-20,277.25,161.296875,118.9375,136.796875,543.90625,474.65625,268.0625,188.96875,144.34375,100.0,66.875,49.46875,39.59375,33.703125,31.859375,27.375,22.71875,20.203125,19.671875,18.78125,15.21875,12.03125,9.9375,8.34375,8.03125,9.875,19.390625,32.09375,35.3125,39.390625
2007-03-21,158.21875,89.078125,53.453125,35.34375,29.3125,29.9375,27.0,23.40625,25.46875,26.9375,24.046875,26.5,33.140625,32.015625,28.28125,22.25,19.390625,21.125,30.921875,41.0,83.671875,114.125,96.65625,127.734375,124.328125,97.765625,90.390625,109.21875,123.875,96.359375
2007-03-22,89.078125,53.453125,35.34375,29.3125,29.9375,27.0,23.40625,25.46875,26.9375,24.046875,26.5,33.140625,32.015625,28.28125,22.25,19.390625,21.125,30.921875,41.0,83.671875,114.125,96.65625,127.734375,124.328125,97.765625,90.390625,109.21875,123.875,96.359375,66.65625
2007-03-23,53.453125,35.34375,29.3125,29.9375,27.0,23.40625,25.46875,26.9375,24.046875,26.5,33.140625,32.015625,28.28125,22.25,19.390625,21.125,30.921875,41.0,83.671875,114.125,96.65625,127.734375,124.328125,97.765625,90.390625,109.21875,123.875,96.359375,66.65625,54.53125
2007-03-24,35.34375,29.3125,29.9375,27.0,23.40625,25.46875,26.9375,24.046875,26.5,33.140625,32.015625,28.28125,22.25,19.390625,21.125,30.921875,41.0,83.671875,114.125,96.65625,127.734375,124.328125,97.765625,90.390625,109.21875,123.875,96.359375,66.65625,54.53125,48.765625
2007-03-25,91.171875,66.4375,48.71875,36.84375,29.4375,21.75,16.171875,12.6875,10.453125,9.1875,8.078125,7.09375,6.484375,5.890625,5.578125,5.890625,8.234375,37.046875,88.671875,109.125,140.546875,148.4375,115.234375,173.109375,190.765625,127.59375,83.546875,56.265625,38.515625,27.515625
2007-03-26,66.4375,48.71875,36.84375,29.4375,21.75,16.171875,12.6875,10.453125,9.1875,8.078125,7.09375,6.484375,5.890625,5.578125,5.890625,8.234375,37.046875,88.671875,109.125,140.546875,148.4375,115.234375,173.109375,190.765625,127.59375,83.546875,56.265625,38.515625,27.515625,22.796875
2007-03-27,48.71875,36.84375,29.4375,21.75,16.171875,12.6875,10.453125,9.1875,8.078125,7.09375,6.484375,5.890625,5.578125,5.890625,8.234375,37.046875,88.671875,109.125,140.546875,148.4375,115.234375,173.109375,190.765625,127.59375,83.546875,56.265625,38.515625,27.515625,22.796875,22.453125
2007-03-28,119.8125,86.65625,61.9375,40.71875,30.0,24.3125,23.9375,30.59375,34.03125,34.984375,38.0,57.734375,76.3125,72.0,64.921875,67.875,65.296875,45.859375,33.421875,26.90625,20.828125,18.609375,29.109375,73.4375,111.3125,128.21875,142.03125,122.953125,101.328125,105.9375
2007-03-29,86.65625,61.9375,40.71875,30.0,24.3125,23.9375,30.59375,34.03125,34.984375,38.0,57.734375,76.3125,72.0,64.921875,67.875,65.296875,45.859375,33.421875,26.90625,20.828125,18.609375,29.109375,73.4375,111.3125,128.21875,142.03125,122.953125,101.328125,105.9375,100.421875
2007-03-30,61.9375,40.71875,30.0,24.3125,23.9375,30.59375,34.03125,34.984375,38.0,57.734375,76.3125,72.0,64.921875,67.875,65.296875,45.859375,33.421875,26.90625,20.828125,18.609375,29.109375,73.4375,111.3125,128.21875,142.03125,122.953125,101.328125,105.9375,100.421875,82.96875
2007-03-31,40.71875,30.0,24.3125,23.9375,30.59375,34.03125,34.984375,38.0,57.734375,76.3125,72.0,64.921875,67.875,65.296875,45.859375,33.421875,26.90625,20.828125,18.609375,29.109375,73.4375,111.3125,128.21875,142.03125,122.953125,101.328125,105.9375,100.421875,82.96875,67.34375
2007-04-01,26.640625,21.625,33.1875,50.03125,43.453125,43.09375,46.203125,41.046875,31.890625,24.625,19.25,15.625,12.734375,12.21875,13.953125,16.296875,20.234375,20.796875,23.0625,31.578125,31.9375,36.671875,56.265625,58.734375,44.96875,34.796875,28.15625,22.4375,24.9375,33.6875
2007-04-02,21.625,33.1875,50.03125,43.453125,43.09375,46.203125,41.046875,31.890625,24.625,19.25,15.625,12.734375,12.21875,13.953125,16.296875,20.234375,20.796875,23.0625,31.578125,31.9375,36.671875,56.265625,58.734375,44.96875,34.796875,28.15625,22.4375,24.9375,33.6875,31.21875
2007-04-03,33.1875,50.03125,43.453125,43.09375,46.203125,41.046875,31.890625,24.625,19.25,15.625,12.734375,12.21875,13.953125,16.296875,20.234375,20.796875,23.0625,31.578125,31.9375,36.671875,56.265625,58.734375,44.96875,34.796875,28.15625,22.4375,24.9375,33.6875,31.21875,29.671875
2007-04-04,15.625,14.375,12.421875,34.859375,69.421875,58.21875,44.28125,43.515625,56.140625,54.578125,39.015625,31.296875,27.21875,25.375,26.875,27.828125,25.703125,22.4375,18.234375,45.46875,170.890625,222.3125,211.609375,217.9375,176.484375,123.546875,109.15625,117.578125,96.90625,66.609375
2007-04-05,14.375,12.421875,34.859375,69.421875,58.21875,44.28125,43.515625,56.140625,54.578125,39.015625,31.296875,27.21875,25.375,26.875,27.828125,25.703125,22.4375,18.234375,45.46875,170.890625,222.3125,211.609375,217.9375,176.484375,123.546875,109.15625,117.578125,96.90625,66.609375,51.078125
2007-04-06,12.421875,34.859375,69.421875,58.21875,44.28125,43.515625,56.140625,54.578125,39.015625,31.296875,27.21875,25.375,26.875,27.828125,25.703125,22.4375,18.234375,45.46875,170.890625,222.3125,211.609375,217.9375,176.484375,123.546875,109.15625,117.578125,96.90625,66.609375,51.078125,38.546875
2007-04-07,34.859375,69.421875,58.21875,44.28125,43.515625,56.140625,54.578125,39.015625,31.296875,27.21875,25.375,26.875,27.828125,25.703125,22.4375,18.234375,45.46875,170.890625,222.3125,211.609375,217.9375,176.484375,123.546875,109.15625,117.578125,96.90625,66.609375,51.078125,38.546875,36.640625
2007-04-08,14.328125,41.234375,64.96875,55.265625,59.03125,60.140625,45.625,33.421875,26.3125,24.5625,25.453125,25.140625,23.390625,26.625,50.59375,63.78125,46.296875,33.515625,27.640625,23.25,20.203125,17.234375,17.171875,18.921875,17.015625,15.234375,15.9375,18.390625,23.578125,26.53125
2007-04-09,41.234375,64.96875,55.265625,59.03125,60.140625,45.625,33.421875,26.3125,24.5625,25.453125,25.140625,23.390625,26.625,50.59375,63.78125,46.296875,33.515625,27.640625,23.25,20.203125,17.234375,17.171875,18.921875,17.015625,15.234375,15.9375,18.390625,23.578125,26.53125,22.03125
2007-04-10,64.96875,55.265625,59.03125,60.140625,45.625,33.421875,26.3125,24.5625,25.453125,25.140625,23.390625,26.625,50.59375,63.78125,46.296875,33.515625,27.640625,23.25,20.203125,17.234375,17.171875,18.921875,17.015625,15.234375,15.9375,18.390625,23.578125,26.53125,22.03125,18.234375
2007-04-11,61.375,42.46875,30.390625,26.921875,26.140625,26.0,24.71875,22.90625,24.390625,25.875,37.34375,68.4375,92.90625,119.609375,207.625,341.390625,326.09375,244.296875,183.5625,174.484375,164.96875,138.609375,180.90625,173.3125,122.984375,109.75,91.125,68.9375,57.78125,65.78125
2007-04-12,42.46875,30.390625,26.921875,26.140625,26.0,24.71875,22.90625,24.390625,25.875,37.34375,68.4375,92.90625,119.609375,207.625,341.390625,326.09375,244.296875,183.5625,174.484375,164.96875,138.609375,180.90625,173.3125,122.984375,109.75,91.125,68.9375,57.78125,65.78125,78.203125
2007-04-13,30.390625,26.921875,26.140625,26.0,24.71875,22.90625,24.390625,25.875,37.34375,68.4375,92.90625,119.609375,207.625,341.390625,326.09375,244.296875,183.5625,174.484375,164.96875,138.609375,180.90625,173.3125,122.984375,109.75,91.125,68.9375,57.78125,65.78125,78.203125,84.765625
2007-04-14,26.921875,26.140625,26.0,24.71875,22.90625,24.390625,25.875,37.34375,68.4375,92.90625,119.609375,207.625,341.390625,326.09375,244.296875,183.5625,174.484375,164.96875,138.609375,180.90625,173.3125,122.984375,109.75,91.125,68.9375,57.78125,65.78125,78.203125,84.765625,83.375
2007-04-15,34.609375,29.1875,28.40625,35.0625,45.546875,45.609375,42.703125,45.984375,55.765625,75.953125,89.6875,73.546875,48.0625,37.03125,34.734375,41.765625,86.109375,156.953125,225.75,210.53125,163.625,140.171875,112.078125,83.3125,59.515625,45.0625,41.640625,48.25,52.140625,47.390625
2007-04-16,29.1875,28.40625,35.0625,45.546875,45.609375,42.703125,45.984375,55.765625,75.953125,89.6875,73.546875,48.0625,37.03125,34.734375,41.765625,86.109375,156.953125,225.75,210.53125,163.625,140.171875,112.078125,83.3125,59.515625,45.0625,41.640625,48.25,52.140625,47.390625,47.984375
2007-04-17,28.40625,35.0625,45.546875,45.609375,42.703125,45.984375,55.765625,75.953125,89.6875,73.546875,48.0625,37.03125,34.734375,41.765625,86.109375,156.953125,225.75,210.53125,163.625,140.171875,112.078125,83.3125,59.515625,45.0625,41.640625,48.25,52.140625,47.390625,47.984375,46.515625
2007-04-18,26.25,35.234375,34.71875,47.609375,59.453125,49.015625,45.328125,52.359375,81.234375,87.359375,90.171875,97.171875,89.828125,76.8125,65.671875,74.234375,79.90625,65.1875,50.875,157.421875,274.953125,206.3125,137.9375,109.125,103.9375,120.8125,146.625,163.9375,165.3125,150.78125
2007-04-19,35.234375,34.71875,47.609375,59.453125,49.015625,45.328125,52.359375,81.234375,87.359375,90.171875,97.171875,89.828125,76.8125,65.671875,74.234375,79.90625,65.1875,50.875,157.421875,274.953125,206.3125,137.9375,109.125,103.9375,120.8125,146.625,163.9375,165.3125,150.78125,130.3125
2007-04-20,34.71875,47.609375,59.453125,49.015625,45.328125,52.359375,81.234375,87.359375,90.171875,97.171875,89.828125,76.8125,65.671875,74.234375,79.90625,65.1875,50.875,157.421875,274.953125,206.3125,137.9375,109.125,103.9375,120.8125,146.625,163.9375,165.3125,150.78125,130.3125,106.90625
2007-04-21,47.609375,59.453125,49.015625,45.328125,52.359375,81.234375,87.359375,90.171875,97.171875,89.828125,76.8125,65.671875,74.234375,79.90625,65.1875,50.875,157.421875,274.953125,206.3125,137.9375,109.125,103.9375,120.8125,146.625,163.9375,165.3125,150.78125,130.3125,106.90625,96.265625
2007-04-22,54.625,45.71875,50.421875,52.265625,48.90625,43.0,37.03125,40.5625,44.5625,42.84375,38.59375,34.625,199.59375,207.125,113.34375,97.09375,94.34375,65.34375,47.34375,60.34375,91.59375,174.6875,268.0,266.375,194.453125,116.65625,73.28125,57.859375,90.390625,116.25
2007-04-23,45.71875,50.421875,52.265625,48.90625,43.0,37.03125,40.5625,44.5625,42.84375,38.59375,34.625,199.59375,207.125,113.34375,97.09375,94.34375,65.34375,47.34375,60.34375,91.59375,174.6875,268.0,266.375,194.453125,116.65625,73.28125,57.859375,90.390625,116.25,108.625
2007-04-24,50.421875,52.265625,48.90625,43.0,37.03125,40.5625,44.5625,42.84375,38.59375,34.625,199.59375,207.125,113.34375,97.09375,94.34375,65.34375,47.34375,60.34375,91.59375,174.6875,268.0,266.375,194.453125,116.65625,73.28125,57.859375,90.390625,116.25,108.625,118.484375
2007-04-25,58.65625,65.671875,59.3125,57.796875,57.15625,75.953125,97.453125,141.390625,162.59375,132.390625,112.140625,97.515625,145.90625,208.28125,171.34375,175.9375,222.75,193.6875,133.21875,101.28125,100.1875,100.1875,97.125,87.0,74.71875,95.875,156.15625,143.46875,92.34375,64.4375
2007-04-26,65.671875,59.3125,57.796875,57.15625,75.953125,97.453125,141.390625,162.59375,132.390625,112.140625,97.515625,145.90625,208.28125,171.34375,175.9375,222.75,193.6875,133.21875,101.28125,100.1875,100.1875,97.125,87.0,74.71875,95.875,156.15625,143.46875,92.34375,64.4375,58.0
2007-04-27,59.3125,57.796875,57.15625,75.953125,97.453125,141.390625,162.59375,132.390625,112.140625,97.515625,145.90625,208.28125,171.34375,175.9375,222.75,193.6875,133.21875,101.28125,100.1875,100.1875,97.125,87.0,74.71875,95.875,156.15625,143.46875,92.34375,64.4375,58.0,66.96875
2007-04-28,57.796875,57.15625,75.953125,97.453125,141.390625,162.59375,132.390625,112.140625,97.515625,145.90625,208.28125,171.34375,175.9375,222.75,193.6875,133.21875,101.28125,100.1875,100.1875,97.125,87.0,74.71875,95.875,156.15625,143.46875,92.34375,64.4375,58.0,66.96875,60.15625
2007-04-29,452.390625,401.296875,271.875,196.890625,142.890625,106.71875,89.0625,90.34375,83.03125,71.96875,70.84375,70.03125,87.15625,123.15625,131.65625,136.71875,113.4375,71.125,55.3125,56.28125,73.34375,99.09375,138.328125,155.203125,133.8125,138.703125,220.1875,390.796875,568.796875,453.046875
2007-04-30,401.296875,271.875,196.890625,142.890625,106.71875,89.0625,90.34375,83.03125,71.96875,70.84375,70.03125,87.15625,123.15625,131.65625,136.71875,113.4375,71.125,55.3125,56.28125,73.34375,99.09375,138.328125,155.203125,133.8125,138.703125,220.1875,390.796875,568.796875,453.046875,279.65625
2007-05-01,271.875,196.890625,142.890625,106.71875,89.0625,90.34375,83.03125,71.96875,70.84375,70.03125,87.15625,123.15625,131.65625,136.71875,113.4375,71.125,55.3125,56.28125,73.34375,99.09375,138.328125,155.203125,133.8125,138.703125,220.1875,390.796875,568.796875,453.046875,279.65625,175.125
2007-05-02,147.609375,100.6875,67.65625,59.625,67.5,71.0625,71.5,68.78125,68.25,77.53125,106.46875,110.3125,87.5625,75.25,92.53125,96.59375,77.125,72.875,75.3125,68.890625,63.046875,60.78125,49.609375,35.453125,26.265625,22.0625,30.75,44.609375,49.4375,71.609375
2007-05-03,100.6875,67.65625,59.625,67.5,71.0625,71.5,68.78125,68.25,77.53125,106.46875,110.3125,87.5625,75.25,92.53125,96.59375,77.125,72.875,75.3125,68.890625,63.046875,60.78125,49.609375,35.453125,26.265625,22.0625,30.75,44.609375,49.4375,71.609375,78.8125
2007-05-04,67.65625,59.625,67.5,71.0625,71.5,68.78125,68.25,77.53125,106.46875,110.3125,87.5625,75.25,92.53125,96.59375,77.125,72.875,75.3125,68.890625,63.046875,60.78125,49.609375,35.453125,26.265625,22.0625,30.75,44.609375,49.4375,71.609375,78.8125,60.0
2007-05-05,59.625,67.5,71.0625,71.5,68.78125,68.25,77.53125,106.46875,110.3125,87.5625,75.25,92.53125,96.59375,77.125,72.875,75.3125,68.890625,63.046875,60.78125,49.609375,35.453125,26.265625,22.0625,30.75,44.609375,49.4375,71.609375,78.8125,60.0,44.1875
2007-05-06,88.75,106.65625,110.90625,112.46875,125.375,116.46875,134.15625,119.25,79.25,130.46875,222.03125,270.09375,370.1875,292.84375,176.25,116.3125,122.875,119.4375,98.5625,95.96875,86.15625,82.5,81.9375,79.1875,88.4375,92.953125,90.75,98.21875,96.828125,90.40625
2007-05-07,106.65625,110.90625,112.46875,125.375,116.46875,134.15625,119.25,79.25,130.46875,222.03125,270.09375,370.1875,292.84375,176.25,116.3125,122.875,119.4375,98.5625,95.96875,86.15625,82.5,81.9375,79.1875,88.4375,92.953125,90.75,98.21875,96.828125,90.40625,116.6875
2007-05-08,110.90625,112.46875,125.375,116.46875,134.15625,119.25,79.25,130.46875,222.03125,270.09375,370.1875,292.84375,176.25,116.3125,122.875,119.4375,98.5625,95.96875,86.15625,82.5,81.9375,79.1875,88.4375,92.953125,90.75,98.21875,96.828125,90.40625,116.6875,138.15625
2007-05-09,84.625,85.15625,138.375,179.6875,331.21875,312.21875,188.9375,125.5625,96.875,74.8125,62.5625,65.90625,61.09375,48.625,41.71875,39.46875,61.09375,115.8125,212.15625,362.875,314.796875,200.265625,135.671875,126.59375,121.625,92.390625,98.453125,112.203125,120.25,161.46875
2007-05-10,85.15625,138.375,179.6875,331.21875,312.21875,188.9375,125.5625,96.875,74.8125,62.5625,65.90625,61.09375,48.625,41.71875,39.46875,61.09375,115.8125,212.15625,362.875,314.796875,200.265625,135.671875,126.59375,121.625,92.390625,98.453125,112.203125,120.25,161.46875,203.0
2007-05-11,138.375,179.6875,331.21875,312.21875,188.9375,125.5625,96.875,74.8125,62.5625,65.90625,61.09375,48.625,41.71875,39.46875,61.09375,115.8125,212.15625,362.875,314.796875,200.265625,135.671875,126.59375,121.625,92.390625,98.453125,112.203125,120.25,161.46875,203.0,220.453125
2007-05-12,179.6875,331.21875,312.21875,188.9375,125.5625,96.875,74.8125,62.5625,65.90625,61.09375,48.625,41.71875,39.46875,61.09375,115.8125,212.15625,362.875,314.796875,200.265625,135.671875,126.59375,121.625,92.390625,98.453125,112.203125,120.25,161.46875,203.0,220.453125,171.65625
2007-05-13,156.5625,125.21875,122.8125,116.4375,114.1875,107.5,126.34375,136.875,104.9375,76.15625,58.0625,44.4375,39.09375,39.59375,37.0625,35.875,40.84375,70.4375,133.875,136.0,102.84375,101.875,114.0625,120.609375,126.8125,152.078125,306.234375,416.859375,322.421875,192.015625
2007-05-14,125.21875,122.8125,116.4375,114.1875,107.5,126.34375,136.875,104.9375,76.15625,58.0625,44.4375,39.09375,39.59375,37.0625,35.875,40.84375,70.4375,133.875,136.0,102.84375,101.875,114.0625,120.609375,126.8125,152.078125,306.234375,416.859375,322.421875,192.015625,115.65625
2007-05-15,122.8125,116.4375,114.1875,107.5,126.34375,136.875,104.9375,76.15625,58.0625,44.4375,39.09375,39.59375,37.0625,35.875,40.84375,70.4375,133.875,136.0,102.84375,101.875,114.0625,120.609375,126.8125,152.078125,306.234375,416.859375,322.421875,192.015625,115.65625,77.96875
2007-05-16,197.6875,180.03125,142.8125,104.53125,81.84375,96.65625,108.8125,102.84375,89.65625,72.09375,55.0625,43.375,37.125,37.9375,45.03125,57.96875,85.71875,93.6875,88.4375,111.96875,109.75,85.015625,100.8125,138.90625,152.296875,152.234375,122.65625,85.15625,59.90625,41.8125
2007-05-17,180.03125,142.8125,104.53125,81.84375,96.65625,108.8125,102.84375,89.65625,72.09375,55.0625,43.375,37.125,37.9375,45.03125,57.96875,85.71875,93.6875,88.4375,111.96875,109.75,85.015625,100.8125,138.90625,152.296875,152.234375,122.65625,85.15625,59.90625,41.8125,69.125
2007-05-18,142.8125,104.53125,81.84375,96.65625,108.8125,102.84375,89.65625,72.09375,55.0625,43.375,37.125,37.9375,45.03125,57.96875,85.71875,93.6875,88.4375,111.96875,109.75,85.015625,100.8125,138.90625,152.296875,152.234375,122.65625,85.15625,59.90625,41.8125,69.125,131.9375
2007-05-19,104.53125,81.84375,96.65625,108.8125,102.84375,89.65625,72.09375,55.0625,43.375,37.125,37.9375,45.03125,57.96875,85.71875,93.6875,88.4375,111.96875,109.75,85.015625,100.8125,138.90625,152.296875,152.234375,122.65625,85.15625,59.90625,41.8125,69.125,131.9375,221.078125
2007-05-20,79.3125,69.46875,74.8125,74.21875,70.5,74.0,101.8125,121.125,121.375,98.875,72.75,56.21875,42.71875,36.5625,31.875,28.6875,37.40625,51.53125,81.25,108.46875,90.90625,63.5,48.328125,42.484375,52.09375,73.265625,80.6875,70.25,55.25,52.1875
2007-05-21,69.46875,74.8125,74.21875,70.5,74.0,101.8125,121.125,121.375,98.875,72.75,56.21875,42.71875,36.5625,31.875,28.6875,37.40625,51.53125,81.25,108.46875,90.90625,63.5,48.328125,42.484375,52.09375,73.265625,80.6875,70.25,55.25,52.1875,55.890625
2007-05-22,74.8125,74.21875,70.5,74.0,101.8125,121.125,121.375,98.875,72.75,56.21875,42.71875,36.5625,31.875,28.6875,37.40625,51.53125,81.25,108.46875,90.90625,63.5,48.328125,42.484375,52.09375,73.265625,80.6875,70.25,55.25,52.1875,55.890625,74.484375
2007-05-23,57.0625,47.09375,41.5625,45.78125,55.875,54.59375,44.84375,35.46875,37.6875,64.59375,75.90625,71.28125,65.4375,73.0,85.25,87.6875,145.96875,247.875,298.1875,260.0625,205.9375,162.09375,127.6875,107.59375,118.34375,125.8125,99.265625,69.9375,52.28125,41.921875
2007-05-24,47.09375,41.5625,45.78125,55.875,54.59375,44.84375,35.46875,37.6875,64.59375,75.90625,71.28125,65.4375,73.0,85.25,87.6875,145.96875,247.875,298.1875,260.0625,205.9375,162.09375,127.6875,107.59375,118.34375,125.8125,99.265625,69.9375,52.28125,41.921875,39.078125
2007-05-25,41.5625,45.78125,55.875,54.59375,44.84375,35.46875,37.6875,64.59375,75.90625,71.28125,65.4375,73.0,85.25,87.6875,145.96875,247.875,298.1875,260.0625,205.9375,162.09375,127.6875,107.59375,118.34375,125.8125,99.265625,69.9375,52.28125,41.921875,39.078125,44.484375
2007-05-26,45.78125,55.875,54.59375,44.84375,35.46875,37.6875,64.59375,75.90625,71.28125,65.4375,73.0,85.25,87.6875,145.96875,247.875,298.1875,260.0625,205.9375,162.09375,127.6875,107.59375,118.34375,125.8125,99.265625,69.9375,52.28125,41.921875,39.078125,44.484375,53.3125
2007-05-27,77.21875,94.375,87.4375,79.1875,65.65625,62.40625,73.9375,81.84375,100.34375,107.90625,88.21875,73.5625,85.46875,113.34375,113.625,86.0625,63.71875,120.0,175.4375,147.9375,124.25,116.5625,117.90625,184.375,234.375,207.421875,237.96875,292.890625,301.59375,284.421875
2007-05-28,94.375,87.4375,79.1875,65.65625,62.40625,73.9375,81.84375,100.34375,107.90625,88.21875,73.5625,85.46875,113.34375,113.625,86.0625,63.71875,120.0,175.4375,147.9375,124.25,116.5625,117.90625,184.375,234.375,207.421875,237.96875,292.890625,301.59375,284.421875,294.15625
2007-05-29,87.4375,79.1875,65.65625,62.40625,73.9375,81.84375,100.34375,107.90625,88.21875,73.5625,85.46875,113.34375,113.625,86.0625,63.71875,120.0,175.4375,147.9375,124.25,116.5625,117.90625,184.375,234.375,207.421875,237.96875,292.890625,301.59375,284.421875,294.15625,367.109375
2007-05-30,111.78125,106.71875,96.34375,107.15625,104.875,106.5,122.28125,107.875,83.71875,71.21875,59.09375,53.4375,52.0,58.125,86.625,102.546875,93.578125,70.859375,76.671875,92.140625,80.921875,66.515625,62.796875,80.0625,97.9375,187.1875,409.421875,403.09375,258.03125,157.109375
2007-05-31,106.71875,96.34375,107.15625,104.875,106.5,122.28125,107.875,83.71875,71.21875,59.09375,53.4375,52.0,58.125,86.625,102.546875,93.578125,70.859375,76.671875,92.140625,80.921875,66.515625,62.796875,80.0625,97.9375,187.1875,409.421875,403.09375,258.03125,157.109375,110.265625
2007-06-01,96.34375,107.15625,104.875,106.5,122.28125,107.875,83.71875,71.21875,59.09375,53.4375,52.0,58.125,86.625,102.546875,93.578125,70.859375,76.671875,92.140625,80.921875,66.515625,62.796875,80.0625,97.9375,187.1875,409.421875,403.09375,258.03125,157.109375,110.265625,84.984375
2007-06-02,107.15625,104.875,106.5,122.28125,107.875,83.71875,71.21875,59.09375,53.4375,52.0,58.125,86.625,102.546875,93.578125,70.859375,76.671875,92.140625,80.921875,66.515625,62.796875,80.0625,97.9375,187.1875,409.421875,403.09375,258.03125,157.109375,110.265625,84.984375,94.421875
2007-06-03,63.5,70.46875,66.65625,48.53125,39.4375,34.625,29.4375,26.59375,32.9375,50.5,56.109375,84.25,115.90625,102.53125,93.65625,118.484375,184.015625,262.234375,236.484375,164.46875,111.71875,113.171875,162.34375,225.25,348.65625,419.46875,483.953125,510.6875,478.859375,426.734375
2007-06-04,70.46875,66.65625,48.53125,39.4375,34.625,29.4375,26.59375,32.9375,50.5,56.109375,84.25,115.90625,102.53125,93.65625,118.484375,184.015625,262.234375,236.484375,164.46875,111.71875,113.171875,162.34375,225.25,348.65625,419.46875,483.953125,510.6875,478.859375,426.734375,437.609375
2007-06-05,66.65625,48.53125,39.4375,34.625,29.4375,26.59375,32.9375,50.5,56.109375,84.25,115.90625,102.53125,93.65625,118.484375,184.015625,262.234375,236.484375,164.46875,111.71875,113.171875,162.34375,225.25,348.65625,419.46875,483.953125,510.6875,478.859375,426.734375,437.609375,458.421875
2007-06-06,72.90625,60.5,62.8125,64.875,54.171875,47.75,50.8125,61.171875,64.203125,69.21875,134.484375,170.546875,140.84375,145.4375,129.09375,109.78125,109.78125,93.296875,75.640625,81.484375,87.09375,80.703125,102.0,123.890625,104.015625,90.265625,81.15625,71.03125,98.265625,285.65625
2007-06-07,60.5,62.8125,64.875,54.171875,47.75,50.8125,61.171875,64.203125,69.21875,134.484375,170.546875,140.84375,145.4375,129.09375,109.78125,109.78125,93.296875,75.640625,81.484375,87.09375,80.703125,102.0,123.890625,104.015625,90.265625,81.15625,71.03125,98.265625,285.65625,297.1875
2007-06-08,62.8125,64.875,54.171875,47.75,50.8125,61.171875,64.203125,69.21875,134.484375,170.546875,140.84375,145.4375,129.09375,109.78125,109.78125,93.296875,75.640625,81.484375,87.09375,80.703125,102.0,123.890625,104.015625,90.265625,81.15625,71.03125,98.265625,285.65625,297.1875,180.1875
2007-06-09,64.875,54.171875,47.75,50.8125,61.171875,64.203125,69.21875,134.484375,170.546875,140.84375,145.4375,129.09375,109.78125,109.78125,93.296875,75.640625,81.484375,87.09375,80.703125,102.0,123.890625,104.015625,90.265625,81.15625,71.03125,98.265625,285.65625,297.1875,180.1875,109.96875
2007-06-10,103.421875,84.234375,92.609375,103.96875,133.296875,129.90625,140.046875,163.734375,162.53125,162.078125,162.375,133.796875,92.21875,71.125,83.6875,85.8125,66.640625,64.34375,83.25,107.953125,111.5,168.40625,320.671875,323.078125,228.03125,145.703125,94.59375,75.125,67.8125,67.625
2007-06-11,84.234375,92.609375,103.96875,133.296875,129.90625,140.046875,163.734375,162.53125,162.078125,162.375,133.796875,92.21875,71.125,83.6875,85.8125,66.640625,64.34375,83.25,107.953125,111.5,168.40625,320.671875,323.078125,228.03125,145.703125,94.59375,75.125,67.8125,67.625,144.25
2007-06-12,92.609375,103.96875,133.296875,129.90625,140.046875,163.734375,162.53125,162.078125,162.375,133.796875,92.21875,71.125,83.6875,85.8125,66.640625,64.34375,83.25,107.953125,111.5,168.40625,320.671875,323.078125,228.03125,145.703125,94.59375,75.125,67.8125,67.625,144.25,247.984375
2007-06-13,73.890625,68.984375,92.9375,130.515625,132.78125,198.21875,651.8125,716.5,496.6875,293.390625,187.65625,134.796875,118.109375,194.1875,261.90625,243.578125,197.90625,150.953125,118.421875,108.546875,111.3125,141.015625,253.953125,276.671875,211.484375,157.734375,141.515625,140.796875,124.65625,115.15625
2007-06-14,68.984375,92.9375,130.515625,132.78125,198.21875,651.8125,716.5,496.6875,293.390625,187.65625,134.796875,118.109375,194.1875,261.90625,243.578125,197.90625,150.953125,118.421875,108.546875,111.3125,141.015625,253.953125,276.671875,211.484375,157.734375,141.515625,140.796875,124.65625,115.15625,151.328125
2007-06-15,92.9375,130.515625,132.78125,198.21875,651.8125,716.5,496.6875,293.390625,187.65625,134.796875,118.109375,194.1875,261.90625,243.578125,197.90625,150.953125,118.421875,108.546875,111.3125,141.015625,253.953125,276.671875,211.484375,157.734375,141.515625,140.796875,124.65625,115.15625,151.328125,328.6875
2007-06-16,130.515625,132.78125,198.21875,651.8125,716.5,496.6875,293.390625,187.65625,134.796875,118.109375,194.1875,261.90625,243.578125,197.90625,150.953125,118.421875,108.546875,111.3125,141.015625,253.953125,276.671875,211.484375,157.734375,141.515625,140.796875,124.65625,115.15625,151.328125,328.6875,484.625
2007-06-17,130.375,126.421875,125.765625,122.890625,111.46875,96.0,103.9375,138.078125,142.484375,153.65625,137.640625,111.171875,127.125,114.953125,82.296875,81.859375,102.703125,151.25,265.96875,283.171875,412.546875,413.078125,344.0,246.21875,170.703125,143.46875,148.03125,306.15625,375.703125,380.296875
2007-06-18,126.421875,125.765625,122.890625,111.46875,96.0,103.9375,138.078125,142.484375,153.65625,137.640625,111.171875,127.125,114.953125,82.296875,81.859375,102.703125,151.25,265.96875,283.171875,412.546875,413.078125,344.0,246.21875,170.703125,143.46875,148.03125,306.15625,375.703125,380.296875,304.71875
2007-06-19,125.765625,122.890625,111.46875,96.0,103.9375,138.078125,142.484375,153.65625,137.640625,111.171875,127.125,114.953125,82.296875,81.859375,102.703125,151.25,265.96875,283.171875,412.546875,413.078125,344.0,246.21875,170.703125,143.46875,148.03125,306.15625,375.703125,380.296875,304.71875,211.65625
2007-06-20,129.25,120.1875,110.78125,172.328125,196.015625,179.25,175.484375,153.265625,124.953125,97.265625,81.078125,93.265625,202.125,260.34375,192.96875,142.5625,119.140625,102.0,110.8125,146.875,164.78125,167.515625,151.296875,135.921875,150.5,155.75,158.046875,184.625,267.484375,334.578125
2007-06-21,120.1875,110.78125,172.328125,196.015625,179.25,175.484375,153.265625,124.953125,97.265625,81.078125,93.265625,202.125,260.34375,192.96875,142.5625,119.140625,102.0,110.8125,146.875,164.78125,167.515625,151.296875,135.921875,150.5,155.75,158.046875,184.625,267.484375,334.578125,292.75
2007-06-22,110.78125,172.328125,196.015625,179.25,175.484375,153.265625,124.953125,97.265625,81.078125,93.265625,202.125,260.34375,192.96875,142.5625,119.140625,102.0,110.8125,146.875,164.78125,167.515625,151.296875,135.921875,150.5,155.75,158.046875,184.625,267.484375,334.578125,292.75,236.21875
2007-06-23,172.328125,196.015625,179.25,175.484375,153.265625,124.953125,97.265625,81.078125,93.265625,202.125,260.34375,192.96875,142.5625,119.140625,102.0,110.8125,146.875,164.78125,167.515625,151.296875,135.921875,150.5,155.75,158.046875,184.625,267.484375,334.578125,292.75,236.21875,193.9375
2007-06-24,224.359375,219.203125,287.71875,299.984375,229.75,197.71875,184.359375,0.0,0.0,0.0,0.0,0.0,0.0,0.0,0.0,0.0,0.0,0.0,0.0,0.0,0.0,0.0,0.0,0.0,0.0,0.0,0.0,0.0,0.0,0.0
2007-06-25,219.203125,287.71875,299.984375,229.75,197.71875,184.359375,0.0,0.0,0.0,0.0,0.0,0.0,0.0,0.0,0.0,0.0,0.0,0.0,0.0,0.0,0.0,0.0,0.0,0.0,0.0,0.0,0.0,0.0,0.0,0.0
2007-06-26,287.71875,299.984375,229.75,197.71875,184.359375,0.0,0.0,0.0,0.0,0.0,0.0,0.0,0.0,0.0,0.0,0.0,0.0,0.0,0.0,0.0,0.0,0.0,0.0,0.0,0.0,0.0,0.0,0.0,0.0,0.0
2007-06-27,223.484375,170.234375,125.921875,87.84375,68.109375,63.203125,62.15625,59.6875,60.1875,106.5625,295.625,326.734375,295.59375,231.84375,179.984375,148.84375,131.40625,119.65625,107.046875,116.421875,169.4375,362.140625,666.21875,709.59375,495.921875,320.546875,246.03125,237.484375,261.703125,254.609375
2007-06-28,170.234375,125.921875,87.84375,68.109375,63.203125,62.15625,59.6875,60.1875,106.5625,295.625,326.734375,295.59375,231.84375,179.984375,148.84375,131.40625,119.65625,107.046875,116.421875,169.4375,362.140625,666.21875,709.59375,495.921875,320.546875,246.03125,237.484375,261.703125,254.609375,225.90625
2007-06-29,125.921875,87.84375,68.109375,63.203125,62.15625,59.6875,60.1875,106.5625,295.625,326.734375,295.59375,231.84375,179.984375,148.84375,131.40625,119.65625,107.046875,116.421875,169.4375,362.140625,666.21875,709.59375,495.921875,320.546875,246.03125,237.484375,261.703125,254.609375,225.90625,202.328125
2007-06-30,87.84375,68.109375,63.203125,62.15625,59.6875,60.1875,106.5625,295.625,326.734375,295.59375,231.84375,179.984375,148.84375,131.40625,119.65625,107.046875,116.421875,169.4375,362.140625,666.21875,709.59375,495.921875,320.546875,246.03125,237.484375,261.703125,254.609375,225.90625,202.328125,197.40625
2007-07-01,107.15625,101.90625,110.734375,142.8125,145.078125,124.671875,142.703125,148.75,137.96875,149.921875,174.09375,256.109375,353.171875,284.21875,216.734375,181.09375,152.734375,132.875,145.171875,201.046875,215.21875,172.953125,130.96875,107.796875,97.59375,98.921875,99.125,107.03125,128.1875,126.34375
2007-07-02,101.90625,110.734375,142.8125,145.078125,124.671875,142.703125,148.75,137.96875,149.921875,174.09375,256.109375,353.171875,284.21875,216.734375,181.09375,152.734375,132.875,145.171875,201.046875,215.21875,172.953125,130.96875,107.796875,97.59375,98.921875,99.125,107.03125,128.1875,126.34375,115.78125
2007-07-03,110.734375,142.8125,145.078125,124.671875,142.703125,148.75,137.96875,149.921875,174.09375,256.109375,353.171875,284.21875,216.734375,181.09375,152.734375,132.875,145.171875,201.046875,215.21875,172.953125,130.96875,107.796875,97.59375,98.921875,99.125,107.03125,128.1875,126.34375,115.78125,103.40625
2007-07-04,215.953125,255.90625,239.046875,205.046875,188.671875,161.84375,131.0625,119.5625,117.546875,128.53125,138.875,171.140625,197.53125,186.265625,163.4375,162.859375,173.265625,308.859375,633.453125,599.375,421.890625,285.171875,206.15625,178.90625,180.515625,194.484375,180.875,155.15625,138.859375,132.546875
2007-07-05,255.90625,239.046875,205.046875,188.671875,161.84375,131.0625,119.5625,117.546875,128.53125,138.875,171.140625,197.53125,186.265625,163.4375,162.859375,173.265625,308.859375,633.453125,599.375,421.890625,285.171875,206.15625,178.90625,180.515625,194.484375,180.875,155.15625,138.859375,132.546875,137.75
2007-07-06,239.046875,205.046875,188.671875,161.84375,131.0625,119.5625,117.546875,128.53125,138.875,171.140625,197.53125,186.265625,163.4375,162.859375,173.265625,308.859375,633.453125,599.375,421.890625,285.171875,206.15625,178.90625,180.515625,194.484375,180.875,155.15625,138.859375,132.546875,137.75,143.078125
2007-07-07,205.046875,188.671875,161.84375,131.0625,119.5625,117.546875,128.53125,138.875,171.140625,197.53125,186.265625,163.4375,162.859375,173.265625,308.859375,633.453125,599.375,421.890625,285.171875,206.15625,178.90625,180.515625,194.484375,180.875,155.15625,138.859375,132.546875,137.75,143.078125,149.640625
2007-07-08,169.0,178.90625,180.765625,173.328125,170.828125,168.703125,169.953125,207.125,202.5625,152.671875,117.515625,101.0,92.34375,91.59375,96.421875,93.640625,98.796875,106.140625,110.09375,129.375,181.140625,180.71875,149.25,115.515625,86.390625,84.046875,115.40625,139.625,128.171875,112.921875
2007-07-09,178.90625,180.765625,173.328125,170.828125,168.703125,169.953125,207.125,202.5625,152.671875,117.515625,101.0,92.34375,91.59375,96.421875,93.640625,98.796875,106.140625,110.09375,129.375,181.140625,180.71875,149.25,115.515625,86.390625,84.046875,115.40625,139.625,128.171875,112.921875,99.5
2007-07-10,180.765625,173.328125,170.828125,168.703125,169.953125,207.125,202.5625,152.671875,117.515625,101.0,92.34375,91.59375,96.421875,93.640625,98.796875,106.140625,110.09375,129.375,181.140625,180.71875,149.25,115.515625,86.390625,84.046875,115.40625,139.625,128.171875,112.921875,99.5,92.765625
2007-07-11,188.453125,154.484375,153.90625,164.328125,158.546875,159.765625,178.765625,164.84375,132.515625,117.984375,117.734375,123.0625,111.75,92.3125,84.015625,77.578125,68.265625,62.484375,57.28125,54.203125,55.953125,70.359375,91.453125,144.4375,215.078125,189.78125,147.875,125.3125,111.96875,114.5
2007-07-12,154.484375,153.90625,164.328125,158.546875,159.765625,178.765625,164.84375,132.515625,117.984375,117.734375,123.0625,111.75,92.3125,84.015625,77.578125,68.265625,62.484375,57.28125,54.203125,55.953125,70.359375,91.453125,144.4375,215.078125,189.78125,147.875,125.3125,111.96875,114.5,144.0
2007-07-13,153.90625,164.328125,158.546875,159.765625,178.765625,164.84375,132.515625,117.984375,117.734375,123.0625,111.75,92.3125,84.015625,77.578125,68.265625,62.484375,57.28125,54.203125,55.953125,70.359375,91.453125,144.4375,215.078125,189.78125,147.875,125.3125,111.96875,114.5,144.0,224.453125
2007-07-14,164.328125,158.546875,159.765625,178.765625,164.84375,132.515625,117.984375,117.734375,123.0625,111.75,92.3125,84.015625,77.578125,68.265625,62.484375,57.28125,54.203125,55.953125,70.359375,91.453125,144.4375,215.078125,189.78125,147.875,125.3125,111.96875,114.5,144.0,224.453125,288.765625
2007-07-15,133.21875,135.6875,145.046875,146.21875,141.3125,136.265625,116.84375,97.421875,92.78125,93.078125,109.625,122.15625,119.03125,117.859375,105.515625,85.265625,79.90625,81.21875,84.25,93.640625,150.28125,278.296875,342.90625,268.734375,178.15625,136.34375,133.046875,154.109375,146.6875,117.640625
2007-07-16,135.6875,145.046875,146.21875,141.3125,136.265625,116.84375,97.421875,92.78125,93.078125,109.625,122.15625,119.03125,117.859375,105.515625,85.265625,79.90625,81.21875,84.25,93.640625,150.28125,278.296875,342.90625,268.734375,178.15625,136.34375,133.046875,154.109375,146.6875,117.640625,103.59375
2007-07-17,145.046875,146.21875,141.3125,136.265625,116.84375,97.421875,92.78125,93.078125,109.625,122.15625,119.03125,117.859375,105.515625,85.265625,79.90625,81.21875,84.25,93.640625,150.28125,278.296875,342.90625,268.734375,178.15625,136.34375,133.046875,154.109375,146.6875,117.640625,103.59375,92.046875
2007-07-18,157.390625,146.5625,125.84375,102.71875,99.8125,105.109375,104.390625,109.296875,113.515625,118.109375,118.40625,120.71875,130.59375,155.9375,155.828125,139.28125,122.6875,121.4375,131.265625,171.15625,284.6875,431.15625,602.03125,595.609375,483.46875,414.296875,476.09375,589.1875,483.015625,345.84375
2007-07-19,146.5625,125.84375,102.71875,99.8125,105.109375,104.390625,109.296875,113.515625,118.109375,118.40625,120.71875,130.59375,155.9375,155.828125,139.28125,122.6875,121.4375,131.265625,171.15625,284.6875,431.15625,602.03125,595.609375,483.46875,414.296875,476.09375,589.1875,483.015625,345.84375,271.515625
2007-07-20,125.84375,102.71875,99.8125,105.109375,104.390625,109.296875,113.515625,118.109375,118.40625,120.71875,130.59375,155.9375,155.828125,139.28125,122.6875,121.4375,131.265625,171.15625,284.6875,431.15625,602.03125,595.609375,483.46875,414.296875,476.09375,589.1875,483.015625,345.84375,271.515625,237.640625
2007-07-21,102.71875,99.8125,105.109375,104.390625,109.296875,113.515625,118.109375,118.40625,120.71875,130.59375,155.9375,155.828125,139.28125,122.6875,121.4375,131.265625,171.15625,284.6875,431.15625,602.03125,595.609375,483.46875,414.296875,476.09375,589.1875,483.015625,345.84375,271.515625,237.640625,225.59375
2007-07-22,142.515625,134.234375,121.8125,142.484375,169.171875,153.359375,175.15625,210.75,186.984375,177.34375,162.9375,141.90625,226.3125,280.375,288.53125,440.4375,437.90625,389.796875,315.140625,288.78125,413.203125,451.15625,344.71875,247.9375,195.609375,170.78125,160.4375,160.0625,163.34375,163.09375
2007-07-23,134.234375,121.8125,142.484375,169.171875,153.359375,175.15625,210.75,186.984375,177.34375,162.9375,141.90625,226.3125,280.375,288.53125,440.4375,437.90625,389.796875,315.140625,288.78125,413.203125,451.15625,344.71875,247.9375,195.609375,170.78125,160.4375,160.0625,163.34375,163.09375,163.421875
2007-07-24,121.8125,142.484375,169.171875,153.359375,175.15625,210.75,186.984375,177.34375,162.9375,141.90625,226.3125,280.375,288.53125,440.4375,437.90625,389.796875,315.140625,288.78125,413.203125,451.15625,344.71875,247.9375,195.609375,170.78125,160.4375,160.0625,163.34375,163.09375,163.421875,159.171875
2007-07-25,129.15625,116.5,110.953125,111.875,149.5,196.078125,188.3125,202.328125,226.203125,172.765625,114.953125,86.125,74.203125,66.8125,63.203125,78.859375,108.890625,111.984375,91.015625,88.90625,136.46875,169.5625,198.5625,199.421875,172.21875,159.625,154.65625,148.96875,292.5,382.171875
2007-07-26,116.5,110.953125,111.875,149.5,196.078125,188.3125,202.328125,226.203125,172.765625,114.953125,86.125,74.203125,66.8125,63.203125,78.859375,108.890625,111.984375,91.015625,88.90625,136.46875,169.5625,198.5625,199.421875,172.21875,159.625,154.65625,148.96875,292.5,382.171875,270.078125
2007-07-27,110.953125,111.875,149.5,196.078125,188.3125,202.328125,226.203125,172.765625,114.953125,86.125,74.203125,66.8125,63.203125,78.859375,108.890625,111.984375,91.015625,88.90625,136.46875,169.5625,198.5625,199.421875,172.21875,159.625,154.65625,148.96875,292.5,382.171875,270.078125,179.53125
2007-07-28,111.875,149.5,196.078125,188.3125,202.328125,226.203125,172.765625,114.953125,86.125,74.203125,66.8125,63.203125,78.859375,108.890625,111.984375,91.015625,88.90625,136.46875,169.5625,198.5625,199.421875,172.21875,159.625,154.65625,148.96875,292.5,382.171875,270.078125,179.53125,148.828125
2007-07-29,190.96875,149.390625,184.875,332.15625,397.328125,296.5625,207.375,198.625,188.890625,157.140625,139.03125,171.0,185.9375,185.15625,278.640625,264.375,266.71875,241.0,181.625,147.4375,127.171875,106.953125,91.765625,104.34375,123.046875,130.390625,138.4375,126.375,109.0,99.921875
2007-07-30,149.390625,184.875,332.15625,397.328125,296.5625,207.375,198.625,188.890625,157.140625,139.03125,171.0,185.9375,185.15625,278.640625,264.375,266.71875,241.0,181.625,147.4375,127.171875,106.953125,91.765625,104.34375,123.046875,130.390625,138.4375,126.375,109.0,99.921875,93.25
2007-07-31,184.875,332.15625,397.328125,296.5625,207.375,198.625,188.890625,157.140625,139.03125,171.0,185.9375,185.15625,278.640625,264.375,266.71875,241.0,181.625,147.4375,127.171875,106.953125,91.765625,104.34375,123.046875,130.390625,138.4375,126.375,109.0,99.921875,93.25,85.546875
2007-08-01,186.296875,151.125,133.6875,150.328125,157.390625,128.796875,102.671875,102.6875,150.859375,169.25,151.703125,136.28125,129.984375,139.75,144.328125,141.3125,138.65625,121.0,98.203125,80.125,66.4375,62.65625,75.046875,122.375,224.734375,233.515625,178.5,138.5,124.953125,159.671875
2007-08-02,151.125,133.6875,150.328125,157.390625,128.796875,102.671875,102.6875,150.859375,169.25,151.703125,136.28125,129.984375,139.75,144.328125,141.3125,138.65625,121.0,98.203125,80.125,66.4375,62.65625,75.046875,122.375,224.734375,233.515625,178.5,138.5,124.953125,159.671875,154.03125
2007-08-03,133.6875,150.328125,157.390625,128.796875,102.671875,102.6875,150.859375,169.25,151.703125,136.28125,129.984375,139.75,144.328125,141.3125,138.65625,121.0,98.203125,80.125,66.4375,62.65625,75.046875,122.375,224.734375,233.515625,178.5,138.5,124.953125,159.671875,154.03125,132.9453125
2007-08-04,150.328125,157.390625,128.796875,102.671875,102.6875,150.859375,169.25,151.703125,136.28125,129.984375,139.75,144.328125,141.3125,138.65625,121.0,98.203125,80.125,66.4375,62.65625,75.046875,122.375,224.734375,233.515625,178.5,138.5,124.953125,159.671875,154.03125,132.9453125,125.96875
2007-08-05,153.578125,146.03125,132.921875,184.90625,257.25,224.046875,168.984375,138.453125,127.96875,124.953125,112.59375,101.140625,98.625,98.34375,116.4375,141.328125,154.921875,164.1875,172.203125,213.734375,375.75,479.390625,410.109375,306.125,232.15625,183.703125,180.703125,194.40625,209.0234375,201.6171875
2007-08-06,146.03125,132.921875,184.90625,257.25,224.046875,168.984375,138.453125,127.96875,124.953125,112.59375,101.140625,98.625,98.34375,116.4375,141.328125,154.921875,164.1875,172.203125,213.734375,375.75,479.390625,410.109375,306.125,232.15625,183.703125,180.703125,194.40625,209.0234375,201.6171875,198.5
2007-08-07,132.921875,184.90625,257.25,224.046875,168.984375,138.453125,127.96875,124.953125,112.59375,101.140625,98.625,98.34375,116.4375,141.328125,154.921875,164.1875,172.203125,213.734375,375.75,479.390625,410.109375,306.125,232.15625,183.703125,180.703125,194.40625,209.0234375,201.6171875,198.5,173.9609375
2007-08-08,167.765625,254.828125,252.4375,184.84375,145.40625,132.609375,114.0,91.53125,86.09375,99.90625,105.703125,104.15625,108.3125,120.9375,160.046875,153.75,125.015625,104.1875,89.5625,86.921875,82.671875,84.359375,113.90625,137.34375,133.0703125,119.7109375,100.1328125,87.1171875,101.734375,133.796875
2007-08-09,254.828125,252.4375,184.84375,145.40625,132.609375,114.0,91.53125,86.09375,99.90625,105.703125,104.15625,108.3125,120.9375,160.046875,153.75,125.015625,104.1875,89.5625,86.921875,82.671875,84.359375,113.90625,137.34375,133.0703125,119.7109375,100.1328125,87.1171875,101.734375,133.796875,129.203125
2007-08-10,252.4375,184.84375,145.40625,132.609375,114.0,91.53125,86.09375,99.90625,105.703125,104.15625,108.3125,120.9375,160.046875,153.75,125.015625,104.1875,89.5625,86.921875,82.671875,84.359375,113.90625,137.34375,133.0703125,119.7109375,100.1328125,87.1171875,101.734375,133.796875,129.203125,114.203125
2007-08-11,184.84375,145.40625,132.609375,114.0,91.53125,86.09375,99.90625,105.703125,104.15625,108.3125,120.9375,160.046875,153.75,125.015625,104.1875,89.5625,86.921875,82.671875,84.359375,113.90625,137.34375,133.0703125,119.7109375,100.1328125,87.1171875,101.734375,133.796875,129.203125,114.203125,123.3046875
2007-08-12,132.625,115.375,103.65625,100.046875,104.140625,117.46875,152.859375,198.65625,188.40625,145.875,111.734375,91.90625,77.078125,67.078125,69.0625,75.578125,95.765625,128.84375,133.6875,111.25,87.5390625,68.4921875,61.4375,73.4921875,90.9609375,93.5859375,80.8046875,99.65625,116.984375,110.3125
2007-08-13,115.375,103.65625,100.046875,104.140625,117.46875,152.859375,198.65625,188.40625,145.875,111.734375,91.90625,77.078125,67.078125,69.0625,75.578125,95.765625,128.84375,133.6875,111.25,87.5390625,68.4921875,61.4375,73.4921875,90.9609375,93.5859375,80.8046875,99.65625,116.984375,110.3125,157.015625
2007-08-14,103.65625,100.046875,104.140625,117.46875,152.859375,198.65625,188.40625,145.875,111.734375,91.90625,77.078125,67.078125,69.0625,75.578125,95.765625,128.84375,133.6875,111.25,87.5390625,68.4921875,61.4375,73.4921875,90.9609375,93.5859375,80.8046875,99.65625,116.984375,110.3125,157.015625,208.78125
2007-08-15,125.359375,143.34375,147.46875,146.46875,141.484375,127.1875,120.203125,113.671875,106.4375,107.40625,107.09375,101.484375,100.609375,135.546875,156.625,167.078125,157.734375,125.890625,98.765625,94.1796875,113.8359375,120.109375,126.8125,163.71875,183.9765625,260.703125,383.375,327.2578125,209.5703125,192.546875
2007-08-16,143.34375,147.46875,146.46875,141.484375,127.1875,120.203125,113.671875,106.4375,107.40625,107.09375,101.484375,100.609375,135.546875,156.625,167.078125,157.734375,125.890625,98.765625,94.1796875,113.8359375,120.109375,126.8125,163.71875,183.9765625,260.703125,383.375,327.2578125,209.5703125,192.546875,217.171875
2007-08-17,147.46875,146.46875,141.484375,127.1875,120.203125,113.671875,106.4375,107.40625,107.09375,101.484375,100.609375,135.546875,156.625,167.078125,157.734375,125.890625,98.765625,94.1796875,113.8359375,120.109375,126.8125,163.71875,183.9765625,260.703125,383.375,327.2578125,209.5703125,192.546875,217.171875,233.3203125
2007-08-18,146.46875,141.484375,127.1875,120.203125,113.671875,106.4375,107.40625,107.09375,101.484375,100.609375,135.546875,156.625,167.078125,157.734375,125.890625,98.765625,94.1796875,113.8359375,120.109375,126.8125,163.71875,183.9765625,260.703125,383.375,327.2578125,209.5703125,192.546875,217.171875,233.3203125,273.15625
2007-08-19,140.671875,135.796875,131.703125,129.171875,113.8125,89.6875,76.234375,107.421875,139.53125,132.53125,109.96875,110.1875,166.359375,183.8125,145.953125,108.65625,83.375,68.09375,76.515625,95.265625,95.34375,90.265625,91.1015625,98.96875,109.1171875,98.7421875,84.109375,94.2578125,122.625,124.0625
2007-08-20,135.796875,131.703125,129.171875,113.8125,89.6875,76.234375,107.421875,139.53125,132.53125,109.96875,110.1875,166.359375,183.8125,145.953125,108.65625,83.375,68.09375,76.515625,95.265625,95.34375,90.265625,91.1015625,98.96875,109.1171875,98.7421875,84.109375,94.2578125,122.625,124.0625,113.8125
2007-08-21,131.703125,129.171875,113.8125,89.6875,76.234375,107.421875,139.53125,132.53125,109.96875,110.1875,166.359375,183.8125,145.953125,108.65625,83.375,68.09375,76.515625,95.265625,95.34375,90.265625,91.1015625,98.96875,109.1171875,98.7421875,84.109375,94.2578125,122.625,124.0625,113.8125,124.390625
2007-08-22,163.90625,164.890625,165.109375,145.703125,134.84375,205.609375,206.984375,182.921875,162.09375,164.234375,177.265625,147.5859375,110.140625,93.6796875,83.5390625,71.1171875,60.0546875,52.234375,46.828125,47.171875,60.3984375,76.1796875,102.5625,126.9375,168.09375,279.828125,330.328125,306.8359375,271.9375,228.8359375
2007-08-23,164.890625,165.109375,145.703125,134.84375,205.609375,206.984375,182.921875,162.09375,164.234375,177.265625,147.5859375,110.140625,93.6796875,83.5390625,71.1171875,60.0546875,52.234375,46.828125,47.171875,60.3984375,76.1796875,102.5625,126.9375,168.09375,279.828125,330.328125,306.8359375,271.9375,228.8359375,186.34375
2007-08-24,165.109375,145.703125,134.84375,205.609375,206.984375,182.921875,162.09375,164.234375,177.265625,147.5859375,110.140625,93.6796875,83.5390625,71.1171875,60.0546875,52.234375,46.828125,47.171875,60.3984375,76.1796875,102.5625,126.9375,168.09375,279.828125,330.328125,306.8359375,271.9375,228.8359375,186.34375,189.953125
2007-08-25,145.703125,134.84375,205.609375,206.984375,182.921875,162.09375,164.234375,177.265625,147.5859375,110.140625,93.6796875,83.5390625,71.1171875,60.0546875,52.234375,46.828125,47.171875,60.3984375,76.1796875,102.5625,126.9375,168.09375,279.828125,330.328125,306.8359375,271.9375,228.8359375,186.34375,189.953125,190.359375
2007-08-26,124.28125,129.5,156.40625,190.75,174.25,136.5,112.359375,96.0390625,100.5078125,108.21875,125.5625,146.5234375,151.9765625,144.9765625,117.3828125,88.90625,96.96875,120.8671875,160.1875,167.921875,133.53125,104.3125,105.7109375,134.8046875,175.234375,227.96875,270.0703125,225.7578125,184.234375,213.34375
2007-08-27,129.5,156.40625,190.75,174.25,136.5,112.359375,96.0390625,100.5078125,108.21875,125.5625,146.5234375,151.9765625,144.9765625,117.3828125,88.90625,96.96875,120.8671875,160.1875,167.921875,133.53125,104.3125,105.7109375,134.8046875,175.234375,227.96875,270.0703125,225.7578125,184.234375,213.34375,381.25
2007-08-28,156.40625,190.75,174.25,136.5,112.359375,96.0390625,100.5078125,108.21875,125.5625,146.5234375,151.9765625,144.9765625,117.3828125,88.90625,96.96875,120.8671875,160.1875,167.921875,133.53125,104.3125,105.7109375,134.8046875,175.234375,227.96875,270.0703125,225.7578125,184.234375,213.34375,381.25,428.703125
2007-08-29,161.8125,143.71875,131.765625,137.859375,137.0625,117.375,96.8125,79.265625,65.65625,63.6796875,73.375,107.421875,111.6640625,102.40625,102.875,93.078125,92.015625,106.9375,120.53125,117.0625,107.9375,110.90625,138.2265625,224.703125,223.3359375,162.796875,160.1953125,165.59375,172.4921875,177.4453125
2007-08-30,143.71875,131.765625,137.859375,137.0625,117.375,96.8125,79.265625,65.65625,63.6796875,73.375,107.421875,111.6640625,102.40625,102.875,93.078125,92.015625,106.9375,120.53125,117.0625,107.9375,110.90625,138.2265625,224.703125,223.3359375,162.796875,160.1953125,165.59375,172.4921875,177.4453125,198.2109375
2007-08-31,131.765625,137.859375,137.0625,117.375,96.8125,79.265625,65.65625,63.6796875,73.375,107.421875,111.6640625,102.40625,102.875,93.078125,92.015625,106.9375,120.53125,117.0625,107.9375,110.90625,138.2265625,224.703125,223.3359375,162.796875,160.1953125,165.59375,172.4921875,177.4453125,198.2109375,292.7265625
2007-09-01,137.859375,137.0625,117.375,96.8125,79.265625,65.65625,63.6796875,73.375,107.421875,111.6640625,102.40625,102.875,93.078125,92.015625,106.9375,120.53125,117.0625,107.9375,110.90625,138.2265625,224.703125,223.3359375,162.796875,160.1953125,165.59375,172.4921875,177.4453125,198.2109375,292.7265625,297.9140625
2007-09-02,147.796875,125.4609375,102.09375,98.4375,100.171875,89.1328125,76.125,65.5,58.7890625,55.421875,64.265625,96.375,123.890625,123.890625,123.21875,145.28125,150.609375,158.890625,165.1953125,138.3671875,117.109375,114.46875,100.7265625,83.1875,84.4375,137.34375,185.2578125,298.140625,320.5234375,231.7265625
2007-09-03,125.4609375,102.09375,98.4375,100.171875,89.1328125,76.125,65.5,58.7890625,55.421875,64.265625,96.375,123.890625,123.890625,123.21875,145.28125,150.609375,158.890625,165.1953125,138.3671875,117.109375,114.46875,100.7265625,83.1875,84.4375,137.34375,185.2578125,298.140625,320.5234375,231.7265625,168.8203125
2007-09-04,102.09375,98.4375,100.171875,89.1328125,76.125,65.5,58.7890625,55.421875,64.265625,96.375,123.890625,123.890625,123.21875,145.28125,150.609375,158.890625,165.1953125,138.3671875,117.109375,114.46875,100.7265625,83.1875,84.4375,137.34375,185.2578125,298.140625,320.5234375,231.7265625,168.8203125,140.421875
2007-09-05,152.09375,110.125,92.2734375,82.7734375,72.2109375,63.078125,56.6875,53.921875,55.921875,63.140625,79.0,98.1484375,97.84375,94.0078125,109.328125,292.71875,314.9765625,245.5625,184.59375,190.65625,191.515625,153.2578125,167.6640625,213.7890625,219.5,171.0390625,128.7265625,154.7265625,191.4921875,261.0234375
2007-09-06,110.125,92.2734375,82.7734375,72.2109375,63.078125,56.6875,53.921875,55.921875,63.140625,79.0,98.1484375,97.84375,94.0078125,109.328125,292.71875,314.9765625,245.5625,184.59375,190.65625,191.515625,153.2578125,167.6640625,213.7890625,219.5,171.0390625,128.7265625,154.7265625,191.4921875,261.0234375,241.7734375
2007-09-07,92.2734375,82.7734375,72.2109375,63.078125,56.6875,53.921875,55.921875,63.140625,79.0,98.1484375,97.84375,94.0078125,109.328125,292.71875,314.9765625,245.5625,184.59375,190.65625,191.515625,153.2578125,167.6640625,213.7890625,219.5,171.0390625,128.7265625,154.7265625,191.4921875,261.0234375,241.7734375,171.125
2007-09-08,82.7734375,72.2109375,63.078125,56.6875,53.921875,55.921875,63.140625,79.0,98.1484375,97.84375,94.0078125,109.328125,292.71875,314.9765625,245.5625,184.59375,190.65625,191.515625,153.2578125,167.6640625,213.7890625,219.5,171.0390625,128.7265625,154.7265625,191.4921875,261.0234375,241.7734375,171.125,150.875
2007-09-09,69.625,73.875,77.421875,70.75,74.6875,82.265625,84.671875,101.34375,123.4375,143.40625,180.75,235.96875,533.328125,422.890625,243.265625,187.2890625,247.0859375,226.0546875,156.3125,121.59375,102.8671875,90.34375,83.4375,96.7734375,131.578125,168.71875,172.6640625,186.9140625,228.484375,237.921875
2007-09-10,73.875,77.421875,70.75,74.6875,82.265625,84.671875,101.34375,123.4375,143.40625,180.75,235.96875,533.328125,422.890625,243.265625,187.2890625,247.0859375,226.0546875,156.3125,121.59375,102.8671875,90.34375,83.4375,96.7734375,131.578125,168.71875,172.6640625,186.9140625,228.484375,237.921875,215.9296875
2007-09-11,77.421875,70.75,74.6875,82.265625,84.671875,101.34375,123.4375,143.40625,180.75,235.96875,533.328125,422.890625,243.265625,187.2890625,247.0859375,226.0546875,156.3125,121.59375,102.8671875,90.34375,83.4375,96.7734375,131.578125,168.71875,172.6640625,186.9140625,228.484375,237.921875,215.9296875,174.6328125
2007-09-12,98.046875,87.875,104.1875,169.359375,318.375,339.3046875,425.6015625,388.96875,405.546875,543.7421875,642.03125,853.96875,678.6875,474.1171875,374.90625,333.921875,325.7109375,352.5234375,338.640625,287.921875,256.6640625,279.9921875,265.984375,275.7421875,270.8125,229.7734375,198.9765625,191.1953125,183.765625,165.9609375
2007-09-13,87.875,104.1875,169.359375,318.375,339.3046875,425.6015625,388.96875,405.546875,543.7421875,642.03125,853.96875,678.6875,474.1171875,374.90625,333.921875,325.7109375,352.5234375,338.640625,287.921875,256.6640625,279.9921875,265.984375,275.7421875,270.8125,229.7734375,198.9765625,191.1953125,183.765625,165.9609375,169.3828125
2007-09-14,104.1875,169.359375,318.375,339.3046875,425.6015625,388.96875,405.546875,543.7421875,642.03125,853.96875,678.6875,474.1171875,374.90625,333.921875,325.7109375,352.5234375,338.640625,287.921875,256.6640625,279.9921875,265.984375,275.7421875,270.8125,229.7734375,198.9765625,191.1953125,183.765625,165.9609375,169.3828125,165.4296875
2007-09-15,169.359375,318.375,339.3046875,425.6015625,388.96875,405.546875,543.7421875,642.03125,853.96875,678.6875,474.1171875,374.90625,333.921875,325.7109375,352.5234375,338.640625,287.921875,256.6640625,279.9921875,265.984375,275.7421875,270.8125,229.7734375,198.9765625,191.1953125,183.765625,165.9609375,169.3828125,165.4296875,138.625
2007-09-16,145.859375,251.90625,387.046875,308.0859375,198.890625,142.734375,109.59375,91.21875,81.0234375,94.578125,122.484375,139.2265625,334.125,427.1640625,490.6328125,365.8125,239.3828125,210.1171875,228.328125,253.890625,293.59375,293.515625,235.8359375,184.75,152.6015625,164.234375,238.015625,239.1015625,195.9921875,166.7734375
2007-09-17,251.90625,387.046875,308.0859375,198.890625,142.734375,109.59375,91.21875,81.0234375,94.578125,122.484375,139.2265625,334.125,427.1640625,490.6328125,365.8125,239.3828125,210.1171875,228.328125,253.890625,293.59375,293.515625,235.8359375,184.75,152.6015625,164.234375,238.015625,239.1015625,195.9921875,166.7734375,147.0078125
2007-09-18,387.046875,308.0859375,198.890625,142.734375,109.59375,91.21875,81.0234375,94.578125,122.484375,139.2265625,334.125,427.1640625,490.6328125,365.8125,239.3828125,210.1171875,228.328125,253.890625,293.59375,293.515625,235.8359375,184.75,152.6015625,164.234375,238.015625,239.1015625,195.9921875,166.7734375,147.0078125,134.296875
2007-09-19,276.0,248.5,178.03125,119.6484375,87.8359375,74.6484375,91.6953125,113.2578125,113.4609375,111.6171875,105.1640625,101.4921875,99.6875,93.765625,91.3984375,99.1015625,136.0703125,150.296875,126.9453125,102.765625,90.21875,83.90625,73.28125,78.6015625,84.375,89.8046875,87.7265625,63.28125,47.4765625,42.1640625
2007-09-20,248.5,178.03125,119.6484375,87.8359375,74.6484375,91.6953125,113.2578125,113.4609375,111.6171875,105.1640625,101.4921875,99.6875,93.765625,91.3984375,99.1015625,136.0703125,150.296875,126.9453125,102.765625,90.21875,83.90625,73.28125,78.6015625,84.375,89.8046875,87.7265625,63.28125,47.4765625,42.1640625,48.2578125
2007-09-21,178.03125,119.6484375,87.8359375,74.6484375,91.6953125,113.2578125,113.4609375,111.6171875,105.1640625,101.4921875,99.6875,93.765625,91.3984375,99.1015625,136.0703125,150.296875,126.9453125,102.765625,90.21875,83.90625,73.28125,78.6015625,84.375,89.8046875,87.7265625,63.28125,47.4765625,42.1640625,48.2578125,55.546875
2007-09-22,119.6484375,87.8359375,74.6484375,91.6953125,113.2578125,113.4609375,111.6171875,105.1640625,101.4921875,99.6875,93.765625,91.3984375,99.1015625,136.0703125,150.296875,126.9453125,102.765625,90.21875,83.90625,73.28125,78.6015625,84.375,89.8046875,87.7265625,63.28125,47.4765625,42.1640625,48.2578125,55.546875,70.6875
2007-09-23,158.59375,123.0234375,128.2265625,145.765625,152.9609375,157.2421875,186.0625,175.921875,177.15625,225.3671875,199.859375,177.3203125,176.734375,172.328125,171.7109375,157.828125,131.5078125,107.5078125,101.953125,123.421875,129.34375,110.1796875,105.25,123.3046875,138.6015625,155.640625,145.1328125,115.9453125,103.046875,117.1796875
2007-09-24,123.0234375,128.2265625,145.765625,152.9609375,157.2421875,186.0625,175.921875,177.15625,225.3671875,199.859375,177.3203125,176.734375,172.328125,171.7109375,157.828125,131.5078125,107.5078125,101.953125,123.421875,129.34375,110.1796875,105.25,123.3046875,138.6015625,155.640625,145.1328125,115.9453125,103.046875,117.1796875,112.28125
2007-09-25,128.2265625,145.765625,152.9609375,157.2421875,186.0625,175.921875,177.15625,225.3671875,199.859375,177.3203125,176.734375,172.328125,171.7109375,157.828125,131.5078125,107.5078125,101.953125,123.421875,129.34375,110.1796875,105.25,123.3046875,138.6015625,155.640625,145.1328125,115.9453125,103.046875,117.1796875,112.28125,116.171875
2007-09-26,136.640625,133.3125,122.6328125,127.2578125,118.8984375,110.296875,116.8515625,155.1796875,181.625,152.515625,161.6953125,161.484375,134.21875,150.5390625,171.09375,174.609375,154.4609375,145.890625,142.8984375,146.4609375,158.28125,142.109375,106.109375,77.421875,60.515625,50.625,51.046875,55.015625,48.5546875,51.5546875
2007-09-27,133.3125,122.6328125,127.2578125,118.8984375,110.296875,116.8515625,155.1796875,181.625,152.515625,161.6953125,161.484375,134.21875,150.5390625,171.09375,174.609375,154.4609375,145.890625,142.8984375,146.4609375,158.28125,142.109375,106.109375,77.421875,60.515625,50.625,51.046875,55.015625,48.5546875,51.5546875,56.9375
2007-09-28,122.6328125,127.2578125,118.8984375,110.296875,116.8515625,155.1796875,181.625,152.515625,161.6953125,161.484375,134.21875,150.5390625,171.09375,174.609375,154.4609375,145.890625,142.8984375,146.4609375,158.28125,142.109375,106.109375,77.421875,60.515625,50.625,51.046875,55.015625,48.5546875,51.5546875,56.9375,48.59375
2007-09-29,127.2578125,118.8984375,110.296875,116.8515625,155.1796875,181.625,152.515625,161.6953125,161.484375,134.21875,150.5390625,171.09375,174.609375,154.4609375,145.890625,142.8984375,146.4609375,158.28125,142.109375,106.109375,77.421875,60.515625,50.625,51.046875,55.015625,48.5546875,51.5546875,56.9375,48.59375,41.2734375
2007-09-30,142.71875,133.1796875,183.9140625,203.859375,189.921875,172.4453125,140.5,116.421875,99.46875,82.640625,77.4453125,139.546875,165.671875,157.09375,185.8984375,178.609375,161.9921875,188.390625,176.2734375,129.953125,93.2890625,70.8984375,57.4140625,49.796875,54.46875,69.875,80.625,77.71875,64.5546875,53.3046875
2007-10-01,133.1796875,183.9140625,203.859375,189.921875,172.4453125,140.5,116.421875,99.46875,82.640625,77.4453125,139.546875,165.671875,157.09375,185.8984375,178.609375,161.9921875,188.390625,176.2734375,129.953125,93.2890625,70.8984375,57.4140625,49.796875,54.46875,69.875,80.625,77.71875,64.5546875,53.3046875,46.2421875
2007-10-02,183.9140625,203.859375,189.921875,172.4453125,140.5,116.421875,99.46875,82.640625,77.4453125,139.546875,165.671875,157.09375,185.8984375,178.609375,161.9921875,188.390625,176.2734375,129.953125,93.2890625,70.8984375,57.4140625,49.796875,54.46875,69.875,80.625,77.71875,64.5546875,53.3046875,46.2421875,41.9609375
2007-10-03,183.6875,244.3359375,223.1015625,164.34375,130.4296875,117.8046875,132.8203125,140.4765625,140.6484375,133.9296875,149.515625,141.109375,119.921875,104.328125,91.703125,100.9609375,141.9609375,160.3671875,174.046875,188.7109375,182.9296875,143.203125,99.1875,71.6484375,64.234375,66.359375,63.171875,69.546875,77.7578125,75.3671875
2007-10-04,244.3359375,223.1015625,164.34375,130.4296875,117.8046875,132.8203125,140.4765625,140.6484375,133.9296875,149.515625,141.109375,119.921875,104.328125,91.703125,100.9609375,141.9609375,160.3671875,174.046875,188.7109375,182.9296875,143.203125,99.1875,71.6484375,64.234375,66.359375,63.171875,69.546875,77.7578125,75.3671875,68.3515625
2007-10-05,223.1015625,164.34375,130.4296875,117.8046875,132.8203125,140.4765625,140.6484375,133.9296875,149.515625,141.109375,119.921875,104.328125,91.703125,100.9609375,141.9609375,160.3671875,174.046875,188.7109375,182.9296875,143.203125,99.1875,71.6484375,64.234375,66.359375,63.171875,69.546875,77.7578125,75.3671875,68.3515625,58.84375
2007-10-06,164.34375,130.4296875,117.8046875,132.8203125,140.4765625,140.6484375,133.9296875,149.515625,141.109375,119.921875,104.328125,91.703125,100.9609375,141.9609375,160.3671875,174.046875,188.7109375,182.9296875,143.203125,99.1875,71.6484375,64.234375,66.359375,63.171875,69.546875,77.7578125,75.3671875,68.3515625,58.84375,55.984375
2007-10-07,129.84375,109.75,103.1640625,111.375,116.8828125,107.0625,106.2109375,109.46875,111.6640625,136.1328125,169.03125,168.7421875,157.5078125,146.0390625,146.1640625,164.09375,156.0,130.171875,103.1796875,77.5703125,64.0625,65.3359375,104.921875,126.2578125,99.9765625,74.9453125,59.8671875,50.6171875,44.484375,40.7734375
2007-10-08,109.75,103.1640625,111.375,116.8828125,107.0625,106.2109375,109.46875,111.6640625,136.1328125,169.03125,168.7421875,157.5078125,146.0390625,146.1640625,164.09375,156.0,130.171875,103.1796875,77.5703125,64.0625,65.3359375,104.921875,126.2578125,99.9765625,74.9453125,59.8671875,50.6171875,44.484375,40.7734375,38.1328125
2007-10-09,103.1640625,111.375,116.8828125,107.0625,106.2109375,109.46875,111.6640625,136.1328125,169.03125,168.7421875,157.5078125,146.0390625,146.1640625,164.09375,156.0,130.171875,103.1796875,77.5703125,64.0625,65.3359375,104.921875,126.2578125,99.9765625,74.9453125,59.8671875,50.6171875,44.484375,40.7734375,38.1328125,36.09375
2007-10-10,143.40625,160.7890625,157.9375,155.3515625,162.78125,176.1875,187.7578125,150.0078125,114.1875,93.0625,99.375,103.2109375,129.0859375,141.0234375,110.90625,83.640625,66.2890625,56.28125,49.734375,44.9296875,40.953125,37.8671875,35.7109375,33.84375,32.09375,30.90625,29.8671875,38.4453125,52.9375,60.5078125
2007-10-11,160.7890625,157.9375,155.3515625,162.78125,176.1875,187.7578125,150.0078125,114.1875,93.0625,99.375,103.2109375,129.0859375,141.0234375,110.90625,83.640625,66.2890625,56.28125,49.734375,44.9296875,40.953125,37.8671875,35.7109375,33.84375,32.09375,30.90625,29.8671875,38.4453125,52.9375,60.5078125,66.1484375
2007-10-12,157.9375,155.3515625,162.78125,176.1875,187.7578125,150.0078125,114.1875,93.0625,99.375,103.2109375,129.0859375,141.0234375,110.90625,83.640625,66.2890625,56.28125,49.734375,44.9296875,40.953125,37.8671875,35.7109375,33.84375,32.09375,30.90625,29.8671875,38.4453125,52.9375,60.5078125,66.1484375,57.3828125
2007-10-13,155.3515625,162.78125,176.1875,187.7578125,150.0078125,114.1875,93.0625,99.375,103.2109375,129.0859375,141.0234375,110.90625,83.640625,66.2890625,56.28125,49.734375,44.9296875,40.953125,37.8671875,35.7109375,33.84375,32.09375,30.90625,29.8671875,38.4453125,52.9375,60.5078125,66.1484375,57.3828125,45.9140625
2007-10-14,172.6328125,198.5625,197.46875,166.03125,140.515625,113.078125,92.0703125,76.296875,78.4921875,118.7421875,117.7265625,88.171875,69.4765625,58.1328125,50.84375,45.6640625,41.765625,38.1015625,37.4296875,42.7890625,51.15625,65.5703125,73.109375,65.1484375,59.828125,60.1875,60.3203125,65.9609375,64.3984375,50.5546875
2007-10-15,198.5625,197.46875,166.03125,140.515625,113.078125,92.0703125,76.296875,78.4921875,118.7421875,117.7265625,88.171875,69.4765625,58.1328125,50.84375,45.6640625,41.765625,38.1015625,37.4296875,42.7890625,51.15625,65.5703125,73.109375,65.1484375,59.828125,60.1875,60.3203125,65.9609375,64.3984375,50.5546875,40.3671875
2007-10-16,197.46875,166.03125,140.515625,113.078125,92.0703125,76.296875,78.4921875,118.7421875,117.7265625,88.171875,69.4765625,58.1328125,50.84375,45.6640625,41.765625,38.1015625,37.4296875,42.7890625,51.15625,65.5703125,73.109375,65.1484375,59.828125,60.1875,60.3203125,65.9609375,64.3984375,50.5546875,40.3671875,33.03125
2007-10-17,315.703125,319.0625,230.3125,152.7890625,114.3671875,99.21875,112.25,150.7421875,156.6875,130.5703125,114.2734375,161.53125,163.5625,138.9375,127.53125,105.296875,121.3125,157.6171875,172.609375,148.7265625,111.40625,89.4453125,77.140625,74.640625,101.203125,121.8046875,116.546875,98.78125,80.75,68.453125
2007-10-18,319.0625,230.3125,152.7890625,114.3671875,99.21875,112.25,150.7421875,156.6875,130.5703125,114.2734375,161.53125,163.5625,138.9375,127.53125,105.296875,121.3125,157.6171875,172.609375,148.7265625,111.40625,89.4453125,77.140625,74.640625,101.203125,121.8046875,116.546875,98.78125,80.75,68.453125,57.7421875
2007-10-19,230.3125,152.7890625,114.3671875,99.21875,112.25,150.7421875,156.6875,130.5703125,114.2734375,161.53125,163.5625,138.9375,127.53125,105.296875,121.3125,157.6171875,172.609375,148.7265625,111.40625,89.4453125,77.140625,74.640625,101.203125,121.8046875,116.546875,98.78125,80.75,68.453125,57.7421875,50.1953125
2007-10-20,152.7890625,114.3671875,99.21875,112.25,150.7421875,156.6875,130.5703125,114.2734375,161.53125,163.5625,138.9375,127.53125,105.296875,121.3125,157.6171875,172.609375,148.7265625,111.40625,89.4453125,77.140625,74.640625,101.203125,121.8046875,116.546875,98.78125,80.75,68.453125,57.7421875,50.1953125,45.734375
2007-10-21,110.765625,122.40625,157.6875,180.0703125,151.875,154.8515625,138.9140625,108.421875,93.828125,88.2734375,110.7265625,140.4609375,142.078125,147.265625,131.328125,99.75,80.4609375,67.9296875,62.390625,87.2109375,115.984375,151.8359375,153.765625,113.3828125,82.9140625,65.4453125,54.5234375,47.875,43.6015625,41.1328125
2007-10-22,122.40625,157.6875,180.0703125,151.875,154.8515625,138.9140625,108.421875,93.828125,88.2734375,110.7265625,140.4609375,142.078125,147.265625,131.328125,99.75,80.4609375,67.9296875,62.390625,87.2109375,115.984375,151.8359375,153.765625,113.3828125,82.9140625,65.4453125,54.5234375,47.875,43.6015625,41.1328125,40.28125
2007-10-23,157.6875,180.0703125,151.875,154.8515625,138.9140625,108.421875,93.828125,88.2734375,110.7265625,140.4609375,142.078125,147.265625,131.328125,99.75,80.4609375,67.9296875,62.390625,87.2109375,115.984375,151.8359375,153.765625,113.3828125,82.9140625,65.4453125,54.5234375,47.875,43.6015625,41.1328125,40.28125,38.3125
2007-10-24,194.359375,310.53125,332.21875,283.3984375,354.4765625,286.1171875,199.1640625,168.0078125,154.25,153.765625,170.53125,184.7109375,168.03125,156.953125,141.8984375,122.0390625,108.7890625,114.5703125,129.9921875,121.421875,101.8203125,87.453125,77.265625,69.6640625,63.9921875,58.765625,54.375,50.4765625,54.34375,61.5234375
2007-10-25,310.53125,332.21875,283.3984375,354.4765625,286.1171875,199.1640625,168.0078125,154.25,153.765625,170.53125,184.7109375,168.03125,156.953125,141.8984375,122.0390625,108.7890625,114.5703125,129.9921875,121.421875,101.8203125,87.453125,77.265625,69.6640625,63.9921875,58.765625,54.375,50.4765625,54.34375,61.5234375,56.3046875
2007-10-26,332.21875,283.3984375,354.4765625,286.1171875,199.1640625,168.0078125,154.25,153.765625,170.53125,184.7109375,168.03125,156.953125,141.8984375,122.0390625,108.7890625,114.5703125,129.9921875,121.421875,101.8203125,87.453125,77.265625,69.6640625,63.9921875,58.765625,54.375,50.4765625,54.34375,61.5234375,56.3046875,49.4375
2007-10-27,283.3984375,354.4765625,286.1171875,199.1640625,168.0078125,154.25,153.765625,170.53125,184.7109375,168.03125,156.953125,141.8984375,122.0390625,108.7890625,114.5703125,129.9921875,121.421875,101.8203125,87.453125,77.265625,69.6640625,63.9921875,58.765625,54.375,50.4765625,54.34375,61.5234375,56.3046875,49.4375,43.7734375
2007-10-28,235.5625,205.4453125,150.6796875,120.5,176.8359375,214.3125,174.2265625,455.640625,1154.7109375,788.4765625,473.7421875,361.109375,309.984375,297.4609375,269.6796875,241.59375,218.6484375,194.8984375,220.9765625,226.4921875,193.9765625,163.90625,142.1171875,126.015625,169.796875,650.015625,533.2734375,302.984375,231.3515625,187.0546875
2007-10-29,205.4453125,150.6796875,120.5,176.8359375,214.3125,174.2265625,455.640625,1154.7109375,788.4765625,473.7421875,361.109375,309.984375,297.4609375,269.6796875,241.59375,218.6484375,194.8984375,220.9765625,226.4921875,193.9765625,163.90625,142.1171875,126.015625,169.796875,650.015625,533.2734375,302.984375,231.3515625,187.0546875,144.1875
2007-10-30,150.6796875,120.5,176.8359375,214.3125,174.2265625,455.640625,1154.7109375,788.4765625,473.7421875,361.109375,309.984375,297.4609375,269.6796875,241.59375,218.6484375,194.8984375,220.9765625,226.4921875,193.9765625,163.90625,142.1171875,126.015625,169.796875,650.015625,533.2734375,302.984375,231.3515625,187.0546875,144.1875,115.53125
2007-10-31,119.640625,101.953125,100.296875,97.25,85.3671875,76.0546875,69.1953125,64.8046875,60.6171875,60.3515625,80.546875,94.1328125,88.6953125,94.0,96.359375,94.421875,93.6875,109.609375,115.1875,103.546875,87.5859375,67.1953125,53.328125,44.125,39.4765625,36.640625,32.859375,29.3125,26.4921875,24.3203125
2007-11-01,101.953125,100.296875,97.25,85.3671875,76.0546875,69.1953125,64.8046875,60.6171875,60.3515625,80.546875,94.1328125,88.6953125,94.0,96.359375,94.421875,93.6875,109.609375,115.1875,103.546875,87.5859375,67.1953125,53.328125,44.125,39.4765625,36.640625,32.859375,29.3125,26.4921875,24.3203125,22.8046875
2007-11-02,100.296875,97.25,85.3671875,76.0546875,69.1953125,64.8046875,60.6171875,60.3515625,80.546875,94.1328125,88.6953125,94.0,96.359375,94.421875,93.6875,109.609375,115.1875,103.546875,87.5859375,67.1953125,53.328125,44.125,39.4765625,36.640625,32.859375,29.3125,26.4921875,24.3203125,22.8046875,23.1953125
2007-11-03,97.25,85.3671875,76.0546875,69.1953125,64.8046875,60.6171875,60.3515625,80.546875,94.1328125,88.6953125,94.0,96.359375,94.421875,93.6875,109.609375,115.1875,103.546875,87.5859375,67.1953125,53.328125,44.125,39.4765625,36.640625,32.859375,29.3125,26.4921875,24.3203125,22.8046875,23.1953125,21.078125
2007-11-04,153.640625,169.7890625,144.5703125,113.515625,93.4296875,80.734375,82.4375,84.9765625,80.0078125,75.375,69.2890625,61.125,54.796875,50.84375,102.34375,133.5859375,105.1640625,86.4296875,73.75,59.109375,48.4296875,46.453125,62.734375,71.078125,57.5234375,46.21875,39.6171875,38.359375,36.3125,31.90625
2007-11-05,169.7890625,144.5703125,113.515625,93.4296875,80.734375,82.4375,84.9765625,80.0078125,75.375,69.2890625,61.125,54.796875,50.84375,102.34375,133.5859375,105.1640625,86.4296875,73.75,59.109375,48.4296875,46.453125,62.734375,71.078125,57.5234375,46.21875,39.6171875,38.359375,36.3125,31.90625,27.8125
2007-11-06,144.5703125,113.515625,93.4296875,80.734375,82.4375,84.9765625,80.0078125,75.375,69.2890625,61.125,54.796875,50.84375,102.34375,133.5859375,105.1640625,86.4296875,73.75,59.109375,48.4296875,46.453125,62.734375,71.078125,57.5234375,46.21875,39.6171875,38.359375,36.3125,31.90625,27.8125,25.15625
2007-11-07,92.1796875,83.1875,75.0703125,70.1484375,77.2890625,87.5859375,89.734375,99.34375,106.2578125,92.375,72.09375,68.0859375,96.03125,101.875,78.578125,60.984375,49.765625,43.03125,38.9375,35.5234375,32.2734375,29.109375,26.671875,24.328125,22.6796875,21.171875,19.78125,18.484375,17.8203125,17.1484375
2007-11-08,83.1875,75.0703125,70.1484375,77.2890625,87.5859375,89.734375,99.34375,106.2578125,92.375,72.09375,68.0859375,96.03125,101.875,78.578125,60.984375,49.765625,43.03125,38.9375,35.5234375,32.2734375,29.109375,26.671875,24.328125,22.6796875,21.171875,19.78125,18.484375,17.8203125,17.1484375,16.34375
2007-11-09,75.0703125,70.1484375,77.2890625,87.5859375,89.734375,99.34375,106.2578125,92.375,72.09375,68.0859375,96.03125,101.875,78.578125,60.984375,49.765625,43.03125,38.9375,35.5234375,32.2734375,29.109375,26.671875,24.328125,22.6796875,21.171875,19.78125,18.484375,17.8203125,17.1484375,16.34375,15.8515625
2007-11-10,70.1484375,77.2890625,87.5859375,89.734375,99.34375,106.2578125,92.375,72.09375,68.0859375,96.03125,101.875,78.578125,60.984375,49.765625,43.03125,38.9375,35.5234375,32.2734375,29.109375,26.671875,24.328125,22.6796875,21.171875,19.78125,18.484375,17.8203125,17.1484375,16.34375,15.8515625,15.8203125
2007-11-11,153.65625,192.9921875,163.0859375,123.5625,99.578125,81.3515625,68.1796875,68.8828125,75.4140625,107.8203125,118.8671875,107.4453125,92.8359375,82.875,93.4453125,95.1796875,79.6171875,60.9375,48.28125,40.6328125,45.40625,54.7734375,49.6171875,42.171875,58.984375,86.421875,78.6484375,58.96875,45.546875,37.109375
2007-11-12,192.9921875,163.0859375,123.5625,99.578125,81.3515625,68.1796875,68.8828125,75.4140625,107.8203125,118.8671875,107.4453125,92.8359375,82.875,93.4453125,95.1796875,79.6171875,60.9375,48.28125,40.6328125,45.40625,54.7734375,49.6171875,42.171875,58.984375,86.421875,78.6484375,58.96875,45.546875,37.109375,33.6328125
2007-11-13,163.0859375,123.5625,99.578125,81.3515625,68.1796875,68.8828125,75.4140625,107.8203125,118.8671875,107.4453125,92.8359375,82.875,93.4453125,95.1796875,79.6171875,60.9375,48.28125,40.6328125,45.40625,54.7734375,49.6171875,42.171875,58.984375,86.421875,78.6484375,58.96875,45.546875,37.109375,33.6328125,31.046875
2007-11-14,148.1171875,141.2890625,114.1328125,93.140625,91.609375,88.375,74.234375,95.0390625,119.265625,124.75,121.1484375,123.1484375,110.71875,97.4453125,104.2578125,104.90625,86.140625,64.40625,50.6015625,42.671875,42.2109375,46.296875,51.6953125,51.8203125,45.296875,38.1875,33.25,30.59375,28.3515625,27.3671875
2007-11-15,141.2890625,114.1328125,93.140625,91.609375,88.375,74.234375,95.0390625,119.265625,124.75,121.1484375,123.1484375,110.71875,97.4453125,104.2578125,104.90625,86.140625,64.40625,50.6015625,42.671875,42.2109375,46.296875,51.6953125,51.8203125,45.296875,38.1875,33.25,30.59375,28.3515625,27.3671875,27.1328125
2007-11-16,114.1328125,93.140625,91.609375,88.375,74.234375,95.0390625,119.265625,124.75,121.1484375,123.1484375,110.71875,97.4453125,104.2578125,104.90625,86.140625,64.40625,50.6015625,42.671875,42.2109375,46.296875,51.6953125,51.8203125,45.296875,38.1875,33.25,30.59375,28.3515625,27.3671875,27.1328125,25.40625
2007-11-17,93.140625,91.609375,88.375,74.234375,95.0390625,119.265625,124.75,121.1484375,123.1484375,110.71875,97.4453125,104.2578125,104.90625,86.140625,64.40625,50.6015625,42.671875,42.2109375,46.296875,51.6953125,51.8203125,45.296875,38.1875,33.25,30.59375,28.3515625,27.3671875,27.1328125,25.40625,23.8359375
2007-11-18,84.109375,96.609375,88.9921875,70.9609375,66.3828125,383.1484375,421.03125,330.6171875,535.9140625,470.0546875,325.1484375,248.953125,209.8125,187.3515625,172.2734375,160.3515625,149.1484375,138.34375,128.5859375,119.875,111.390625,103.6796875,96.3125,89.890625,83.46875,77.5625,72.21875,66.9765625,62.390625,58.3359375
2007-11-19,96.609375,88.9921875,70.9609375,66.3828125,383.1484375,421.03125,330.6171875,535.9140625,470.0546875,325.1484375,248.953125,209.8125,187.3515625,172.2734375,160.3515625,149.1484375,138.34375,128.5859375,119.875,111.390625,103.6796875,96.3125,89.890625,83.46875,77.5625,72.21875,66.9765625,62.390625,58.3359375,54.5078125
2007-11-20,88.9921875,70.9609375,66.3828125,383.1484375,421.03125,330.6171875,535.9140625,470.0546875,325.1484375,248.953125,209.8125,187.3515625,172.2734375,160.3515625,149.1484375,138.34375,128.5859375,119.875,111.390625,103.6796875,96.3125,89.890625,83.46875,77.5625,72.21875,66.9765625,62.390625,58.3359375,54.5078125,51.1796875
2007-11-21,66.484375,57.625,51.015625,45.0078125,41.3984375,38.59375,36.8125,34.4921875,31.953125,30.1484375,28.46875,26.8046875,25.1328125,23.6015625,22.3359375,21.1640625,19.921875,18.96875,18.0546875,18.203125,19.5078125,20.2734375,20.5859375,29.1484375,47.40625,52.3828125,45.359375,34.6640625,27.0546875,21.703125
2007-11-22,57.625,51.015625,45.0078125,41.3984375,38.59375,36.8125,34.4921875,31.953125,30.1484375,28.46875,26.8046875,25.1328125,23.6015625,22.3359375,21.1640625,19.921875,18.96875,18.0546875,18.203125,19.5078125,20.2734375,20.5859375,29.1484375,47.40625,52.3828125,45.359375,34.6640625,27.0546875,21.703125,18.4609375
2007-11-23,51.015625,45.0078125,41.3984375,38.59375,36.8125,34.4921875,31.953125,30.1484375,28.46875,26.8046875,25.1328125,23.6015625,22.3359375,21.1640625,19.921875,18.96875,18.0546875,18.203125,19.5078125,20.2734375,20.5859375,29.1484375,47.40625,52.3828125,45.359375,34.6640625,27.0546875,21.703125,18.4609375,17.0859375
2007-11-24,45.0078125,41.3984375,38.59375,36.8125,34.4921875,31.953125,30.1484375,28.46875,26.8046875,25.1328125,23.6015625,22.3359375,21.1640625,19.921875,18.96875,18.0546875,18.203125,19.5078125,20.2734375,20.5859375,29.1484375,47.40625,52.3828125,45.359375,34.6640625,27.0546875,21.703125,18.4609375,17.0859375,17.4609375
2007-11-25,42.5234375,41.4453125,39.5,36.6484375,33.7890625,31.25,29.3046875,27.421875,25.703125,24.28125,23.0,21.8046875,20.9921875,19.8515625,18.84375,17.5625,16.2265625,15.3671875,14.4296875,13.421875,13.109375,12.484375,11.34375,11.5390625,12.4140625,16.703125,23.5625,23.90625,20.625,17.078125
2007-11-26,41.4453125,39.5,36.6484375,33.7890625,31.25,29.3046875,27.421875,25.703125,24.28125,23.0,21.8046875,20.9921875,19.8515625,18.84375,17.5625,16.2265625,15.3671875,14.4296875,13.421875,13.109375,12.484375,11.34375,11.5390625,12.4140625,16.703125,23.5625,23.90625,20.625,17.078125,14.734375
2007-11-27,39.5,36.6484375,33.7890625,31.25,29.3046875,27.421875,25.703125,24.28125,23.0,21.8046875,20.9921875,19.8515625,18.84375,17.5625,16.2265625,15.3671875,14.4296875,13.421875,13.109375,12.484375,11.34375,11.5390625,12.4140625,16.703125,23.5625,23.90625,20.625,17.078125,14.734375,13.375
2007-11-28,36.234375,33.875,31.90625,29.8125,27.875,26.015625,24.375,22.9375,21.6328125,20.453125,19.609375,18.5546875,17.96875,18.375,18.6875,19.46875,18.375,16.8203125,15.609375,15.1328125,15.9453125,17.3203125,17.171875,25.703125,37.296875,33.328125,26.4921875,20.625,16.4765625,14.25
2007-11-29,33.875,31.90625,29.8125,27.875,26.015625,24.375,22.9375,21.6328125,20.453125,19.609375,18.5546875,17.96875,18.375,18.6875,19.46875,18.375,16.8203125,15.609375,15.1328125,15.9453125,17.3203125,17.171875,25.703125,37.296875,33.328125,26.4921875,20.625,16.4765625,14.25,12.1484375
2007-11-30,31.90625,29.8125,27.875,26.015625,24.375,22.9375,21.6328125,20.453125,19.609375,18.5546875,17.96875,18.375,18.6875,19.46875,18.375,16.8203125,15.609375,15.1328125,15.9453125,17.3203125,17.171875,25.703125,37.296875,33.328125,26.4921875,20.625,16.4765625,14.25,12.1484375,10.515625
2007-12-01,29.8125,27.875,26.015625,24.375,22.9375,21.6328125,20.453125,19.609375,18.5546875,17.96875,18.375,18.6875,19.46875,18.375,16.8203125,15.609375,15.1328125,15.9453125,17.3203125,17.171875,25.703125,37.296875,33.328125,26.4921875,20.625,16.4765625,14.25,12.1484375,10.515625,9.9609375
2007-12-02,28.1875,26.7109375,24.9609375,23.8515625,22.3828125,21.0703125,19.7890625,18.6875,17.71875,16.9921875,16.46875,24.234375,36.8046875,35.046875,31.4609375,28.9375,24.2265625,19.953125,16.4609375,13.9453125,12.6953125,11.6171875,10.765625,10.2890625,12.46875,17.6796875,17.7421875,15.21875,12.5859375,11.2890625
2007-12-03,26.7109375,24.9609375,23.8515625,22.3828125,21.0703125,19.7890625,18.6875,17.71875,16.9921875,16.46875,24.234375,36.8046875,35.046875,31.4609375,28.9375,24.2265625,19.953125,16.4609375,13.9453125,12.6953125,11.6171875,10.765625,10.2890625,12.46875,17.6796875,17.7421875,15.21875,12.5859375,11.2890625,11.0625
2007-12-04,24.9609375,23.8515625,22.3828125,21.0703125,19.7890625,18.6875,17.71875,16.9921875,16.46875,24.234375,36.8046875,35.046875,31.4609375,28.9375,24.2265625,19.953125,16.4609375,13.9453125,12.6953125,11.6171875,10.765625,10.2890625,12.46875,17.6796875,17.7421875,15.21875,12.5859375,11.2890625,11.0625,55.7890625
2007-12-05,23.7421875,23.1640625,22.65625,22.2734375,20.8125,19.5546875,18.46875,17.34375,17.7734375,25.40625,34.4921875,31.625,49.109375,65.671875,53.9296875,47.9609375,46.921875,39.65625,30.7109375,24.7734375,23.9453125,24.0625,20.609375,17.0546875,14.15625,12.125,10.71875,9.2109375,7.84375,7.1796875
2007-12-06,23.1640625,22.65625,22.2734375,20.8125,19.5546875,18.46875,17.34375,17.7734375,25.40625,34.4921875,31.625,49.109375,65.671875,53.9296875,47.9609375,46.921875,39.65625,30.7109375,24.7734375,23.9453125,24.0625,20.609375,17.0546875,14.15625,12.125,10.71875,9.2109375,7.84375,7.1796875,7.625
2007-12-07,22.65625,22.2734375,20.8125,19.5546875,18.46875,17.34375,17.7734375,25.40625,34.4921875,31.625,49.109375,65.671875,53.9296875,47.9609375,46.921875,39.65625,30.7109375,24.7734375,23.9453125,24.0625,20.609375,17.0546875,14.15625,12.125,10.71875,9.2109375,7.84375,7.1796875,7.625,8.3515625
2007-12-08,22.2734375,20.8125,19.5546875,18.46875,17.34375,17.7734375,25.40625,34.4921875,31.625,49.109375,65.671875,53.9296875,47.9609375,46.921875,39.65625,30.7109375,24.7734375,23.9453125,24.0625,20.609375,17.0546875,14.15625,12.125,10.71875,9.2109375,7.84375,7.1796875,7.625,8.3515625,9.625
2007-12-09,19.4921875,18.5546875,17.7109375,17.7578125,22.0390625,33.765625,43.625,40.359375,32.6953125,29.2265625,28.140625,25.5546875,21.515625,18.265625,21.734375,38.859375,48.375,40.8515625,32.1640625,28.421875,38.8125,51.4140625,44.1953125,32.3046875,23.4921875,17.6875,13.796875,11.5859375,10.03125,9.5390625
2007-12-10,18.5546875,17.7109375,17.7578125,22.0390625,33.765625,43.625,40.359375,32.6953125,29.2265625,28.140625,25.5546875,21.515625,18.265625,21.734375,38.859375,48.375,40.8515625,32.1640625,28.421875,38.8125,51.4140625,44.1953125,32.3046875,23.4921875,17.6875,13.796875,11.5859375,10.03125,9.5390625,9.5078125
2007-12-11,17.7109375,17.7578125,22.0390625,33.765625,43.625,40.359375,32.6953125,29.2265625,28.140625,25.5546875,21.515625,18.265625,21.734375,38.859375,48.375,40.8515625,32.1640625,28.421875,38.8125,51.4140625,44.1953125,32.3046875,23.4921875,17.6875,13.796875,11.5859375,10.03125,9.5390625,9.5078125,9.71875
2007-12-12,16.6953125,22.0390625,48.1015625,86.6640625,87.4921875,85.890625,82.03125,59.046875,42.9375,34.1875,31.1640625,30.890625,27.9453125,28.0859375,26.0390625,21.4140625,17.234375,16.3046875,18.4296875,20.421875,21.640625,19.4609375,16.984375,14.6796875,12.375,11.8046875,9.34375,7.75,6.90625,6.390625
2007-12-13,22.0390625,48.1015625,86.6640625,87.4921875,85.890625,82.03125,59.046875,42.9375,34.1875,31.1640625,30.890625,27.9453125,28.0859375,26.0390625,21.4140625,17.234375,16.3046875,18.4296875,20.421875,21.640625,19.4609375,16.984375,14.6796875,12.375,11.8046875,9.34375,7.75,6.90625,6.390625,7.46875
2007-12-14,48.1015625,86.6640625,87.4921875,85.890625,82.03125,59.046875,42.9375,34.1875,31.1640625,30.890625,27.9453125,28.0859375,26.0390625,21.4140625,17.234375,16.3046875,18.4296875,20.421875,21.640625,19.4609375,16.984375,14.6796875,12.375,11.8046875,9.34375,7.75,6.90625,6.390625,7.46875,6.421875
2007-12-15,86.6640625,87.4921875,85.890625,82.03125,59.046875,42.9375,34.1875,31.1640625,30.890625,27.9453125,28.0859375,26.0390625,21.4140625,17.234375,16.3046875,18.4296875,20.421875,21.640625,19.4609375,16.984375,14.6796875,12.375,11.8046875,9.34375,7.75,6.90625,6.390625,7.46875,6.421875,5.25
2007-12-16,29.2734375,25.5546875,23.0625,21.5078125,19.3828125,17.3203125,15.5546875,14.0625,13.890625,14.9609375,14.234375,12.828125,11.421875,10.03125,8.2109375,7.1953125,6.5234375,5.5078125,5.4453125,5.015625,4.3125,4.359375,4.5078125,4.546875,4.953125,5.5,6.625,7.921875,8.8125,8.359375
2007-12-17,25.5546875,23.0625,21.5078125,19.3828125,17.3203125,15.5546875,14.0625,13.890625,14.9609375,14.234375,12.828125,11.421875,10.03125,8.2109375,7.1953125,6.5234375,5.5078125,5.4453125,5.015625,4.3125,4.359375,4.5078125,4.546875,4.953125,5.5,6.625,7.921875,8.8125,8.359375,12.15625
2007-12-18,23.0625,21.5078125,19.3828125,17.3203125,15.5546875,14.0625,13.890625,14.9609375,14.234375,12.828125,11.421875,10.03125,8.2109375,7.1953125,6.5234375,5.5078125,5.4453125,5.015625,4.3125,4.359375,4.5078125,4.546875,4.953125,5.5,6.625,7.921875,8.8125,8.359375,12.15625,30.234375
2007-12-19,20.9453125,18.8515625,16.671875,15.234375,15.40625,17.0078125,57.0625,92.78125,69.203125,48.34375,32.9453125,23.3125,17.2578125,13.0859375,11.3515625,10.359375,8.5625,7.3359375,6.640625,6.125,5.703125,5.359375,4.96875,4.5625,4.28125,4.1875,3.953125,4.015625,4.125,12.03125
2007-12-20,18.8515625,16.671875,15.234375,15.40625,17.0078125,57.0625,92.78125,69.203125,48.34375,32.9453125,23.3125,17.2578125,13.0859375,11.3515625,10.359375,8.5625,7.3359375,6.640625,6.125,5.703125,5.359375,4.96875,4.5625,4.28125,4.1875,3.953125,4.015625,4.125,12.03125,31.46875
2007-12-21,16.671875,15.234375,15.40625,17.0078125,57.0625,92.78125,69.203125,48.34375,32.9453125,23.3125,17.2578125,13.0859375,11.3515625,10.359375,8.5625,7.3359375,6.640625,6.125,5.703125,5.359375,4.96875,4.5625,4.28125,4.1875,3.953125,4.015625,4.125,12.03125,31.46875,30.46875
2007-12-22,15.234375,15.40625,17.0078125,57.0625,92.78125,69.203125,48.34375,32.9453125,23.3125,17.2578125,13.0859375,11.3515625,10.359375,8.5625,7.3359375,6.640625,6.125,5.703125,5.359375,4.96875,4.5625,4.28125,4.1875,3.953125,4.015625,4.125,12.03125,31.46875,30.46875,24.296875
2007-12-23,14.5546875,13.4140625,11.875,10.8125,9.7734375,9.0390625,8.265625,7.46875,6.578125,6.421875,5.796875,5.15625,4.984375,5.875,29.203125,62.859375,65.890625,69.59375,54.421875,46.34375,49.0625,48.25,45.171875,41.09375,31.078125,22.421875,16.546875,12.5625,10.28125,8.6875
2007-12-24,13.4140625,11.875,10.8125,9.7734375,9.0390625,8.265625,7.46875,6.578125,6.421875,5.796875,5.15625,4.984375,5.875,29.203125,62.859375,65.890625,69.59375,54.421875,46.34375,49.0625,48.25,45.171875,41.09375,31.078125,22.421875,16.546875,12.5625,10.28125,8.6875,7.640625
2007-12-25,11.875,10.8125,9.7734375,9.0390625,8.265625,7.46875,6.578125,6.421875,5.796875,5.15625,4.984375,5.875,29.203125,62.859375,65.890625,69.59375,54.421875,46.34375,49.0625,48.25,45.171875,41.09375,31.078125,22.421875,16.546875,12.5625,10.28125,8.6875,7.640625,6.734375
2007-12-26,11.28125,10.359375,12.1484375,17.609375,19.03125,15.6328125,12.5078125,10.0,8.8984375,7.8125,6.9140625,5.984375,5.765625,6.03125,6.078125,5.625,6.03125,7.59375,9.359375,12.078125,39.5625,90.375,81.59375,52.625,34.5625,25.546875,19.765625,15.3125,12.421875,10.46875
2007-12-27,10.359375,12.1484375,17.609375,19.03125,15.6328125,12.5078125,10.0,8.8984375,7.8125,6.9140625,5.984375,5.765625,6.03125,6.078125,5.625,6.03125,7.59375,9.359375,12.078125,39.5625,90.375,81.59375,52.625,34.5625,25.546875,19.765625,15.3125,12.421875,10.46875,9.171875
2007-12-28,12.1484375,17.609375,19.03125,15.6328125,12.5078125,10.0,8.8984375,7.8125,6.9140625,5.984375,5.765625,6.03125,6.078125,5.625,6.03125,7.59375,9.359375,12.078125,39.5625,90.375,81.59375,52.625,34.5625,25.546875,19.765625,15.3125,12.421875,10.46875,9.171875,7.65625
2007-12-29,17.609375,19.03125,15.6328125,12.5078125,10.0,8.8984375,7.8125,6.9140625,5.984375,5.765625,6.03125,6.078125,5.625,6.03125,7.59375,9.359375,12.078125,39.5625,90.375,81.59375,52.625,34.5625,25.546875,19.765625,15.3125,12.421875,10.46875,9.171875,7.65625,6.375
2007-12-30,10.78125,9.4765625,8.328125,7.25,6.6953125,6.3203125,6.03125,5.421875,5.09375,5.046875,5.28125,7.046875,10.59375,14.296875,21.5,25.140625,22.75,21.140625,21.78125,23.0,18.71875,14.3125,11.359375,9.421875,8.109375,7.046875,6.28125,5.484375,4.90625,4.453125
2007-12-31,9.4765625,8.328125,7.25,6.6953125,6.3203125,6.03125,5.421875,5.09375,5.046875,5.28125,7.046875,10.59375,14.296875,21.5,25.140625,22.75,21.140625,21.78125,23.0,18.71875,14.3125,11.359375,9.421875,8.109375,7.046875,6.28125,5.484375,4.90625,4.453125,3.796875
2008-01-01,8.328125,7.25,6.6953125,6.3203125,6.03125,5.421875,5.09375,5.046875,5.28125,7.046875,10.59375,14.296875,21.5,25.140625,22.75,21.140625,21.78125,23.0,18.71875,14.3125,11.359375,9.421875,8.109375,7.046875,6.28125,5.484375,4.90625,4.453125,3.796875,3.53125
2008-01-02,7.25,6.6953125,6.3203125,6.03125,5.421875,5.09375,5.046875,5.28125,7.046875,10.59375,14.296875,21.5,25.140625,22.75,21.140625,21.78125,23.0,18.71875,14.3125,11.359375,9.421875,8.109375,7.046875,6.28125,5.484375,4.90625,4.453125,3.796875,3.53125,3.4375
2008-01-03,8.1796875,9.765625,9.78125,9.09375,8.921875,10.90625,13.125,17.296875,24.203125,30.625,46.265625,56.09375,40.90625,28.109375,20.40625,0.0,0.0,0.0,0.0,0.0,0.0,0.0,0.0,0.0,0.0,0.0,0.0,0.0,0.0,0.0
2008-01-04,9.765625,9.78125,9.09375,8.921875,10.90625,13.125,17.296875,24.203125,30.625,46.265625,56.09375,40.90625,28.109375,20.40625,0.0,0.0,0.0,0.0,0.0,0.0,0.0,0.0,0.0,0.0,0.0,0.0,0.0,0.0,0.0,0.0
2008-01-05,9.78125,9.09375,8.921875,10.90625,13.125,17.296875,24.203125,30.625,46.265625,56.09375,40.90625,28.109375,20.40625,0.0,0.0,0.0,0.0,0.0,0.0,0.0,0.0,0.0,0.0,0.0,0.0,0.0,0.0,0.0,0.0,0.0
2008-01-06,9.09375,8.921875,10.90625,13.125,17.296875,24.203125,30.625,46.265625,56.09375,40.90625,28.109375,20.40625,0.0,0.0,0.0,0.0,0.0,0.0,0.0,0.0,0.0,0.0,0.0,0.0,0.0,0.0,0.0,0.0,0.0,0.0
2008-01-07,5.640625,5.3125,6.03125,9.03125,10.703125,10.59375,10.984375,12.09375,11.4375,10.171875,9.703125,10.8125,10.59375,9.8125,8.734375,9.390625,15.703125,23.375,20.796875,16.703125,12.84375,10.015625,8.59375,7.734375,7.46875,7.015625,6.140625,5.53125,5.140625,4.59375
2008-01-08,5.3125,6.03125,9.03125,10.703125,10.59375,10.984375,12.09375,11.4375,10.171875,9.703125,10.8125,10.59375,9.8125,8.734375,9.390625,15.703125,23.375,20.796875,16.703125,12.84375,10.015625,8.59375,7.734375,7.46875,7.015625,6.140625,5.53125,5.140625,4.59375,4.375
2008-01-09,6.03125,9.03125,10.703125,10.59375,10.984375,12.09375,11.4375,10.171875,9.703125,10.8125,10.59375,9.8125,8.734375,9.390625,15.703125,23.375,20.796875,16.703125,12.84375,10.015625,8.59375,7.734375,7.46875,7.015625,6.140625,5.53125,5.140625,4.59375,4.375,4.421875
2008-01-10,9.828125,12.09375,11.6875,10.625,10.265625,9.8125,8.671875,9.5625,13.578125,15.140625,14.609375,12.15625,34.484375,81.609375,72.96875,49.171875,34.09375,23.890625,17.625,14.203125,13.78125,14.65625,19.265625,28.359375,32.890625,38.515625,38.28125,30.0,22.234375,16.4375
2008-01-11,12.09375,11.6875,10.625,10.265625,9.8125,8.671875,9.5625,13.578125,15.140625,14.609375,12.15625,34.484375,81.609375,72.96875,49.171875,34.09375,23.890625,17.625,14.203125,13.78125,14.65625,19.265625,28.359375,32.890625,38.515625,38.28125,30.0,22.234375,16.4375,12.34375
2008-01-12,11.6875,10.625,10.265625,9.8125,8.671875,9.5625,13.578125,15.140625,14.609375,12.15625,34.484375,81.609375,72.96875,49.171875,34.09375,23.890625,17.625,14.203125,13.78125,14.65625,19.265625,28.359375,32.890625,38.515625,38.28125,30.0,22.234375,16.4375,12.34375,9.953125
2008-01-13,10.625,10.265625,9.8125,8.671875,9.5625,13.578125,15.140625,14.609375,12.15625,34.484375,81.609375,72.96875,49.171875,34.09375,23.890625,17.625,14.203125,13.78125,14.65625,19.265625,28.359375,32.890625,38.515625,38.28125,30.0,22.234375,16.4375,12.34375,9.953125,8.109375
2008-01-14,14.828125,13.515625,11.59375,10.375,8.90625,7.875,7.1875,6.75,9.84375,19.53125,25.4375,27.65625,22.984375,21.25,22.640625,18.796875,17.09375,19.40625,19.0,18.828125,18.65625,20.25,19.421875,15.578125,12.421875,10.125,8.640625,8.390625,7.1875,6.234375
2008-01-15,13.515625,11.59375,10.375,8.90625,7.875,7.1875,6.75,9.84375,19.53125,25.4375,27.65625,22.984375,21.25,22.640625,18.796875,17.09375,19.40625,19.0,18.828125,18.65625,20.25,19.421875,15.578125,12.421875,10.125,8.640625,8.390625,7.1875,6.234375,5.46875
2008-01-16,11.59375,10.375,8.90625,7.875,7.1875,6.75,9.84375,19.53125,25.4375,27.65625,22.984375,21.25,22.640625,18.796875,17.09375,19.40625,19.0,18.828125,18.65625,20.25,19.421875,15.578125,12.421875,10.125,8.640625,8.390625,7.1875,6.234375,5.46875,5.09375
2008-01-17,11.15625,10.796875,9.75,8.625,7.671875,6.8125,7.265625,12.3125,20.390625,26.703125,37.0625,42.359375,31.96875,23.265625,27.796875,52.0,56.65625,43.3125,35.546875,33.875,31.078125,28.0,29.421875,28.875,22.875,17.46875,14.015625,13.9375,18.65625,27.59375
2008-01-18,10.796875,9.75,8.625,7.671875,6.8125,7.265625,12.3125,20.390625,26.703125,37.0625,42.359375,31.96875,23.265625,27.796875,52.0,56.65625,43.3125,35.546875,33.875,31.078125,28.0,29.421875,28.875,22.875,17.46875,14.015625,13.9375,18.65625,27.59375,33.40625
2008-01-19,9.75,8.625,7.671875,6.8125,7.265625,12.3125,20.390625,26.703125,37.0625,42.359375,31.96875,23.265625,27.796875,52.0,56.65625,43.3125,35.546875,33.875,31.078125,28.0,29.421875,28.875,22.875,17.46875,14.015625,13.9375,18.65625,27.59375,33.40625,28.015625
2008-01-20,8.625,7.671875,6.8125,7.265625,12.3125,20.390625,26.703125,37.0625,42.359375,31.96875,23.265625,27.796875,52.0,56.65625,43.3125,35.546875,33.875,31.078125,28.0,29.421875,28.875,22.875,17.46875,14.015625,13.9375,18.65625,27.59375,33.40625,28.015625,20.546875
2008-01-21,6.546875,5.625,5.46875,9.015625,15.609375,15.8125,13.046875,10.671875,9.15625,8.25,7.640625,7.234375,6.96875,7.140625,7.03125,6.453125,5.671875,5.625,7.046875,8.0625,13.453125,23.421875,24.328125,21.640625,17.703125,14.875,12.765625,11.90625,14.234375,34.375
2008-01-22,5.625,5.46875,9.015625,15.609375,15.8125,13.046875,10.671875,9.15625,8.25,7.640625,7.234375,6.96875,7.140625,7.03125,6.453125,5.671875,5.625,7.046875,8.0625,13.453125,23.421875,24.328125,21.640625,17.703125,14.875,12.765625,11.90625,14.234375,34.375,62.796875
2008-01-23,5.46875,9.015625,15.609375,15.8125,13.046875,10.671875,9.15625,8.25,7.640625,7.234375,6.96875,7.140625,7.03125,6.453125,5.671875,5.625,7.046875,8.0625,13.453125,23.421875,24.328125,21.640625,17.703125,14.875,12.765625,11.90625,14.234375,34.375,62.796875,61.5625
2008-01-24,7.046875,13.75,17.328125,15.28125,12.640625,10.578125,8.9375,7.65625,6.640625,6.046875,5.734375,6.171875,7.28125,7.5625,7.234375,6.4375,5.921875,5.4375,5.015625,4.765625,4.46875,4.125,5.34375,9.171875,10.34375,10.65625,11.890625,12.984375,12.34375,9.734375
2008-01-25,13.75,17.328125,15.28125,12.640625,10.578125,8.9375,7.65625,6.640625,6.046875,5.734375,6.171875,7.28125,7.5625,7.234375,6.4375,5.921875,5.4375,5.015625,4.765625,4.46875,4.125,5.34375,9.171875,10.34375,10.65625,11.890625,12.984375,12.34375,9.734375,8.25
2008-01-26,17.328125,15.28125,12.640625,10.578125,8.9375,7.65625,6.640625,6.046875,5.734375,6.171875,7.28125,7.5625,7.234375,6.4375,5.921875,5.4375,5.015625,4.765625,4.46875,4.125,5.34375,9.171875,10.34375,10.65625,11.890625,12.984375,12.34375,9.734375,8.25,7.1875
2008-01-27,15.28125,12.640625,10.578125,8.9375,7.65625,6.640625,6.046875,5.734375,6.171875,7.28125,7.5625,7.234375,6.4375,5.921875,5.4375,5.015625,4.765625,4.46875,4.125,5.34375,9.171875,10.34375,10.65625,11.890625,12.984375,12.34375,9.734375,8.25,7.1875,6.28125
2008-01-28,8.78125,8.328125,7.640625,6.640625,5.921875,5.46875,5.28125,5.5,6.3125,7.078125,7.421875,6.859375,6.03125,5.3125,4.515625,4.03125,4.03125,3.859375,3.890625,4.015625,4.0,4.109375,4.265625,4.171875,4.21875,4.75,5.0,4.90625,4.875,4.46875
2008-01-29,8.328125,7.640625,6.640625,5.921875,5.46875,5.28125,5.5,6.3125,7.078125,7.421875,6.859375,6.03125,5.3125,4.515625,4.03125,4.03125,3.859375,3.890625,4.015625,4.0,4.109375,4.265625,4.171875,4.21875,4.75,5.0,4.90625,4.875,4.46875,5.03125
2008-01-30,7.640625,6.640625,5.921875,5.46875,5.28125,5.5,6.3125,7.078125,7.421875,6.859375,6.03125,5.3125,4.515625,4.03125,4.03125,3.859375,3.890625,4.015625,4.0,4.109375,4.265625,4.171875,4.21875,4.75,5.0,4.90625,4.875,4.46875,5.03125,7.0
2008-01-31,8.375,7.84375,7.40625,12.28125,27.53125,36.453125,33.890625,26.234375,20.203125,15.453125,12.25,10.484375,9.125,7.828125,6.90625,5.78125,5.296875,4.4375,4.734375,5.78125,7.671875,12.8125,17.125,17.484375,16.171875,13.921875,13.703125,16.71875,22.109375,27.8125
2008-02-01,7.84375,7.40625,12.28125,27.53125,36.453125,33.890625,26.234375,20.203125,15.453125,12.25,10.484375,9.125,7.828125,6.90625,5.78125,5.296875,4.4375,4.734375,5.78125,7.671875,12.8125,17.125,17.484375,16.171875,13.921875,13.703125,16.71875,22.109375,27.8125,24.625
2008-02-02,7.40625,12.28125,27.53125,36.453125,33.890625,26.234375,20.203125,15.453125,12.25,10.484375,9.125,7.828125,6.90625,5.78125,5.296875,4.4375,4.734375,5.78125,7.671875,12.8125,17.125,17.484375,16.171875,13.921875,13.703125,16.71875,22.109375,27.8125,24.625,18.6875
2008-02-03,12.28125,27.53125,36.453125,33.890625,26.234375,20.203125,15.453125,12.25,10.484375,9.125,7.828125,6.90625,5.78125,5.296875,4.4375,4.734375,5.78125,7.671875,12.8125,17.125,17.484375,16.171875,13.921875,13.703125,16.71875,22.109375,27.8125,24.625,18.6875,14.96875
2008-02-04,8.25,8.015625,7.390625,7.875,9.59375,9.875,8.859375,7.703125,6.609375,5.890625,5.5,5.84375,6.71875,7.046875,6.84375,7.140625,7.75,7.5625,6.421875,6.03125,6.703125,7.09375,7.71875,7.75,7.4375,7.28125,9.78125,15.28125,16.09375,15.53125
2008-02-05,8.015625,7.390625,7.875,9.59375,9.875,8.859375,7.703125,6.609375,5.890625,5.5,5.84375,6.71875,7.046875,6.84375,7.140625,7.75,7.5625,6.421875,6.03125,6.703125,7.09375,7.71875,7.75,7.4375,7.28125,9.78125,15.28125,16.09375,15.53125,17.4375
2008-02-06,7.390625,7.875,9.59375,9.875,8.859375,7.703125,6.609375,5.890625,5.5,5.84375,6.71875,7.046875,6.84375,7.140625,7.75,7.5625,6.421875,6.03125,6.703125,7.09375,7.71875,7.75,7.4375,7.28125,9.78125,15.28125,16.09375,15.53125,17.4375,21.875
2008-02-07,11.140625,14.734375,14.0,11.921875,10.09375,8.59375,7.40625,6.71875,6.296875,9.140625,12.875,12.703125,12.3125,12.09375,11.9375,16.96875,28.25,28.375,28.03125,25.0625,19.0625,14.1875,11.1875,9.09375,8.0,7.84375,7.34375,6.46875,6.0625,6.59375
2008-02-08,14.734375,14.0,11.921875,10.09375,8.59375,7.40625,6.71875,6.296875,9.140625,12.875,12.703125,12.3125,12.09375,11.9375,16.96875,28.25,28.375,28.03125,25.0625,19.0625,14.1875,11.1875,9.09375,8.0,7.84375,7.34375,6.46875,6.0625,6.59375,8.8125
2008-02-09,14.0,11.921875,10.09375,8.59375,7.40625,6.71875,6.296875,9.140625,12.875,12.703125,12.3125,12.09375,11.9375,16.96875,28.25,28.375,28.03125,25.0625,19.0625,14.1875,11.1875,9.09375,8.0,7.84375,7.34375,6.46875,6.0625,6.59375,8.8125,13.40625
2008-02-10,11.921875,10.09375,8.59375,7.40625,6.71875,6.296875,9.140625,12.875,12.703125,12.3125,12.09375,11.9375,16.96875,28.25,28.375,28.03125,25.0625,19.0625,14.1875,11.1875,9.09375,8.0,7.84375,7.34375,6.46875,6.0625,6.59375,8.8125,13.40625,14.46875
2008-02-11,15.234375,13.828125,11.96875,9.796875,8.0625,7.0,7.140625,7.84375,9.5625,31.421875,50.90625,37.4375,25.4375,18.21875,14.03125,11.84375,14.5625,20.75,18.84375,14.84375,11.65625,9.0,7.1875,6.25,5.3125,4.8125,4.625,4.375,3.90625,3.84375
2008-02-12,13.828125,11.96875,9.796875,8.0625,7.0,7.140625,7.84375,9.5625,31.421875,50.90625,37.4375,25.4375,18.21875,14.03125,11.84375,14.5625,20.75,18.84375,14.84375,11.65625,9.0,7.1875,6.25,5.3125,4.8125,4.625,4.375,3.90625,3.84375,3.75
2008-02-13,11.96875,9.796875,8.0625,7.0,7.140625,7.84375,9.5625,31.421875,50.90625,37.4375,25.4375,18.21875,14.03125,11.84375,14.5625,20.75,18.84375,14.84375,11.65625,9.0,7.1875,6.25,5.3125,4.8125,4.625,4.375,3.90625,3.84375,3.75,3.78125
2008-02-14,12.140625,10.328125,8.703125,7.296875,5.765625,4.5625,4.078125,4.625,5.125,9.375,29.21875,54.90625,51.875,37.21875,34.53125,58.4375,70.15625,50.90625,35.875,24.75,18.125,13.78125,31.5,61.21875,74.84375,93.0,111.3125,111.40625,85.40625,71.0625
2008-02-15,10.328125,8.703125,7.296875,5.765625,4.5625,4.078125,4.625,5.125,9.375,29.21875,54.90625,51.875,37.21875,34.53125,58.4375,70.15625,50.90625,35.875,24.75,18.125,13.78125,31.5,61.21875,74.84375,93.0,111.3125,111.40625,85.40625,71.0625,67.5
2008-02-16,8.703125,7.296875,5.765625,4.5625,4.078125,4.625,5.125,9.375,29.21875,54.90625,51.875,37.21875,34.53125,58.4375,70.15625,50.90625,35.875,24.75,18.125,13.78125,31.5,61.21875,74.84375,93.0,111.3125,111.40625,85.40625,71.0625,67.5,69.21875
2008-02-17,7.296875,5.765625,4.5625,4.078125,4.625,5.125,9.375,29.21875,54.90625,51.875,37.21875,34.53125,58.4375,70.15625,50.90625,35.875,24.75,18.125,13.78125,31.5,61.21875,74.84375,93.0,111.3125,111.40625,85.40625,71.0625,67.5,69.21875,66.15625
2008-02-18,7.421875,6.375,5.5,6.53125,6.40625,7.5,21.5625,69.78125,86.15625,90.03125,86.21875,55.84375,38.34375,39.34375,47.625,43.4375,38.25,56.4375,87.46875,82.21875,90.46875,107.53125,85.75,61.5625,46.375,32.46875,37.53125,50.6875,42.34375,45.53125
2008-02-19,6.375,5.5,6.53125,6.40625,7.5,21.5625,69.78125,86.15625,90.03125,86.21875,55.84375,38.34375,39.34375,47.625,43.4375,38.25,56.4375,87.46875,82.21875,90.46875,107.53125,85.75,61.5625,46.375,32.46875,37.53125,50.6875,42.34375,45.53125,53.875
2008-02-20,5.5,6.53125,6.40625,7.5,21.5625,69.78125,86.15625,90.03125,86.21875,55.84375,38.34375,39.34375,47.625,43.4375,38.25,56.4375,87.46875,82.21875,90.46875,107.53125,85.75,61.5625,46.375,32.46875,37.53125,50.6875,42.34375,45.53125,53.875,49.75
2008-02-21,4.546875,4.21875,6.0625,21.25,43.8125,41.90625,47.84375,198.6875,206.5625,122.96875,80.34375,54.84375,46.5625,43.03125,35.0625,25.71875,19.28125,15.21875,13.15625,13.90625,45.84375,80.84375,74.96875,131.59375,193.90625,153.21875,92.125,60.125,44.03125,32.25
2008-02-22,4.21875,6.0625,21.25,43.8125,41.90625,47.84375,198.6875,206.5625,122.96875,80.34375,54.84375,46.5625,43.03125,35.0625,25.71875,19.28125,15.21875,13.15625,13.90625,45.84375,80.84375,74.96875,131.59375,193.90625,153.21875,92.125,60.125,44.03125,32.25,23.53125
2008-02-23,6.0625,21.25,43.8125,41.90625,47.84375,198.6875,206.5625,122.96875,80.34375,54.84375,46.5625,43.03125,35.0625,25.71875,19.28125,15.21875,13.15625,13.90625,45.84375,80.84375,74.96875,131.59375,193.90625,153.21875,92.125,60.125,44.03125,32.25,23.53125,23.28125
2008-02-24,21.25,43.8125,41.90625,47.84375,198.6875,206.5625,122.96875,80.34375,54.84375,46.5625,43.03125,35.0625,25.71875,19.28125,15.21875,13.15625,13.90625,45.84375,80.84375,74.96875,131.59375,193.90625,153.21875,92.125,60.125,44.03125,32.25,23.53125,23.28125,44.90625
2008-02-25,56.15625,73.875,55.78125,41.3125,29.6875,22.4375,18.59375,34.1875,51.625,38.625,26.59375,19.5,37.8125,61.84375,46.46875,32.125,24.15625,18.96875,15.46875,12.6875,15.375,26.34375,26.84375,24.75,28.15625,27.65625,31.96875,36.375,29.40625,22.53125
2008-02-26,73.875,55.78125,41.3125,29.6875,22.4375,18.59375,34.1875,51.625,38.625,26.59375,19.5,37.8125,61.84375,46.46875,32.125,24.15625,18.96875,15.46875,12.6875,15.375,26.34375,26.84375,24.75,28.15625,27.65625,31.96875,36.375,29.40625,22.53125,18.375
2008-02-27,55.78125,41.3125,29.6875,22.4375,18.59375,34.1875,51.625,38.625,26.59375,19.5,37.8125,61.84375,46.46875,32.125,24.15625,18.96875,15.46875,12.6875,15.375,26.34375,26.84375,24.75,28.15625,27.65625,31.96875,36.375,29.40625,22.53125,18.375,18.5
2008-02-28,47.9375,32.09375,22.1875,16.28125,13.8125,13.1875,11.21875,15.34375,25.8125,23.65625,24.125,48.75,83.625,78.84375,55.875,97.5625,121.34375,94.03125,82.9375,74.5,59.90625,41.9375,30.15625,24.71875,21.96875,19.21875,19.96875,34.625,53.09375,51.21875
2008-02-29,32.09375,22.1875,16.28125,13.8125,13.1875,11.21875,15.34375,25.8125,23.65625,24.125,48.75,83.625,78.84375,55.875,97.5625,121.34375,94.03125,82.9375,74.5,59.90625,41.9375,30.15625,24.71875,21.96875,19.21875,19.96875,34.625,53.09375,51.21875,45.875
2008-03-01,22.1875,16.28125,13.8125,13.1875,11.21875,15.34375,25.8125,23.65625,24.125,48.75,83.625,78.84375,55.875,97.5625,121.34375,94.03125,82.9375,74.5,59.90625,41.9375,30.15625,24.71875,21.96875,19.21875,19.96875,34.625,53.09375,51.21875,45.875,41.375
2008-03-02,16.28125,13.8125,13.1875,11.21875,15.34375,25.8125,23.65625,24.125,48.75,83.625,78.84375,55.875,97.5625,121.34375,94.03125,82.9375,74.5,59.90625,41.9375,30.15625,24.71875,21.96875,19.21875,19.96875,34.625,53.09375,51.21875,45.875,41.375,41.40625
2008-03-03,13.8125,13.1875,11.21875,15.34375,25.8125,23.65625,24.125,48.75,83.625,78.84375,55.875,97.5625,121.34375,94.03125,82.9375,74.5,59.90625,41.9375,30.15625,24.71875,21.96875,19.21875,19.96875,34.625,53.09375,51.21875,45.875,41.375,41.40625,46.9375
2008-03-04,11.46875,10.0625,8.84375,16.375,38.4375,42.1875,33.5625,27.0625,22.46875,32.9375,50.75,43.375,30.375,21.5,17.125,14.96875,29.96875,78.09375,85.40625,59.34375,42.9375,32.96875,33.6875,44.125,43.625,52.15625,61.28125,49.84375,37.8125,31.5625
2008-03-05,10.0625,8.84375,16.375,38.4375,42.1875,33.5625,27.0625,22.46875,32.9375,50.75,43.375,30.375,21.5,17.125,14.96875,29.96875,78.09375,85.40625,59.34375,42.9375,32.96875,33.6875,44.125,43.625,52.15625,61.28125,49.84375,37.8125,31.5625,32.15625
2008-03-06,8.84375,16.375,38.4375,42.1875,33.5625,27.0625,22.46875,32.9375,50.75,43.375,30.375,21.5,17.125,14.96875,29.96875,78.09375,85.40625,59.34375,42.9375,32.96875,33.6875,44.125,43.625,52.15625,61.28125,49.84375,37.8125,31.5625,32.15625,33.9375
2008-03-07,252.6875,248.28125,129.8125,76.34375,52.78125,40.34375,36.4375,37.40625,35.71875,32.84375,27.375,27.15625,42.46875,48.625,38.21875,27.78125,31.75,141.65625,308.0625,247.71875,150.03125,108.53125,85.03125,81.125,92.5625,186.65625,205.625,163.4375,137.9375,105.125
2008-03-08,248.28125,129.8125,76.34375,52.78125,40.34375,36.4375,37.40625,35.71875,32.84375,27.375,27.15625,42.46875,48.625,38.21875,27.78125,31.75,141.65625,308.0625,247.71875,150.03125,108.53125,85.03125,81.125,92.5625,186.65625,205.625,163.4375,137.9375,105.125,79.875
2008-03-09,129.8125,76.34375,52.78125,40.34375,36.4375,37.40625,35.71875,32.84375,27.375,27.15625,42.46875,48.625,38.21875,27.78125,31.75,141.65625,308.0625,247.71875,150.03125,108.53125,85.03125,81.125,92.5625,186.65625,205.625,163.4375,137.9375,105.125,79.875,67.09375
2008-03-10,76.34375,52.78125,40.34375,36.4375,37.40625,35.71875,32.84375,27.375,27.15625,42.46875,48.625,38.21875,27.78125,31.75,141.65625,308.0625,247.71875,150.03125,108.53125,85.03125,81.125,92.5625,186.65625,205.625,163.4375,137.9375,105.125,79.875,67.09375,59.65625
2008-03-11,35.96875,28.28125,26.5625,32.53125,38.0,34.0625,30.8125,76.5625,117.90625,94.03125,66.84375,49.21875,39.0,40.15625,66.0,68.28125,45.90625,31.8125,24.59375,21.78125,22.78125,21.34375,23.09375,28.96875,25.1875,19.21875,15.53125,18.3125,36.4375,44.28125
2008-03-12,28.28125,26.5625,32.53125,38.0,34.0625,30.8125,76.5625,117.90625,94.03125,66.84375,49.21875,39.0,40.15625,66.0,68.28125,45.90625,31.8125,24.59375,21.78125,22.78125,21.34375,23.09375,28.96875,25.1875,19.21875,15.53125,18.3125,36.4375,44.28125,38.5625
2008-03-13,26.5625,32.53125,38.0,34.0625,30.8125,76.5625,117.90625,94.03125,66.84375,49.21875,39.0,40.15625,66.0,68.28125,45.90625,31.8125,24.59375,21.78125,22.78125,21.34375,23.09375,28.96875,25.1875,19.21875,15.53125,18.3125,36.4375,44.28125,38.5625,41.78125
2008-03-14,29.28125,26.71875,24.90625,25.875,34.375,40.59375,52.125,84.59375,84.40625,62.34375,61.59375,57.1875,40.28125,40.0,216.96875,244.9375,149.5,94.875,64.65625,47.9375,40.0,37.21875,35.125,33.90625,33.96875,26.78125,28.75,48.59375,55.78125,46.6875
2008-03-15,26.71875,24.90625,25.875,34.375,40.59375,52.125,84.59375,84.40625,62.34375,61.59375,57.1875,40.28125,40.0,216.96875,244.9375,149.5,94.875,64.65625,47.9375,40.0,37.21875,35.125,33.90625,33.96875,26.78125,28.75,48.59375,55.78125,46.6875,40.1875
2008-03-16,24.90625,25.875,34.375,40.59375,52.125,84.59375,84.40625,62.34375,61.59375,57.1875,40.28125,40.0,216.96875,244.9375,149.5,94.875,64.65625,47.9375,40.0,37.21875,35.125,33.90625,33.96875,26.78125,28.75,48.59375,55.78125,46.6875,40.1875,36.5
2008-03-17,25.875,34.375,40.59375,52.125,84.59375,84.40625,62.34375,61.59375,57.1875,40.28125,40.0,216.96875,244.9375,149.5,94.875,64.65625,47.9375,40.0,37.21875,35.125,33.90625,33.96875,26.78125,28.75,48.59375,55.78125,46.6875,40.1875,36.5,32.46875
2008-03-18,16.5625,35.46875,71.9375,72.1875,70.25,74.78125,73.21875,67.9375,70.65625,81.625,82.1875,67.0625,50.1875,39.53125,37.0625,44.5625,44.09375,43.125,49.5,46.75,36.6875,27.34375,21.03125,17.3125,17.59375,29.40625,40.25,40.71875,40.28125,49.28125
2008-03-19,35.46875,71.9375,72.1875,70.25,74.78125,73.21875,67.9375,70.65625,81.625,82.1875,67.0625,50.1875,39.53125,37.0625,44.5625,44.09375,43.125,49.5,46.75,36.6875,27.34375,21.03125,17.3125,17.59375,29.40625,40.25,40.71875,40.28125,49.28125,75.375
2008-03-20,71.9375,72.1875,70.25,74.78125,73.21875,67.9375,70.65625,81.625,82.1875,67.0625,50.1875,39.53125,37.0625,44.5625,44.09375,43.125,49.5,46.75,36.6875,27.34375,21.03125,17.3125,17.59375,29.40625,40.25,40.71875,40.28125,49.28125,75.375,75.75
2008-03-21,124.15625,115.53125,94.15625,67.15625,49.125,35.25,31.15625,38.125,45.65625,47.1875,41.71875,57.15625,70.90625,51.0,35.28125,27.03125,21.5625,18.375,17.25,17.40625,23.875,38.1875,40.125,32.53125,26.4375,23.3125,21.34375,18.375,16.0,15.40625
2008-03-22,115.53125,94.15625,67.15625,49.125,35.25,31.15625,38.125,45.65625,47.1875,41.71875,57.15625,70.90625,51.0,35.28125,27.03125,21.5625,18.375,17.25,17.40625,23.875,38.1875,40.125,32.53125,26.4375,23.3125,21.34375,18.375,16.0,15.40625,17.375
2008-03-23,94.15625,67.15625,49.125,35.25,31.15625,38.125,45.65625,47.1875,41.71875,57.15625,70.90625,51.0,35.28125,27.03125,21.5625,18.375,17.25,17.40625,23.875,38.1875,40.125,32.53125,26.4375,23.3125,21.34375,18.375,16.0,15.40625,17.375,20.5625
2008-03-24,67.15625,49.125,35.25,31.15625,38.125,45.65625,47.1875,41.71875,57.15625,70.90625,51.0,35.28125,27.03125,21.5625,18.375,17.25,17.40625,23.875,38.1875,40.125,32.53125,26.4375,23.3125,21.34375,18.375,16.0,15.40625,17.375,20.5625,25.78125
2008-03-25,72.78125,55.5,48.71875,39.65625,32.5,34.375,39.9375,36.78125,35.8125,35.1875,43.21875,71.96875,74.34375,50.875,38.625,33.5,31.3125,39.4375,46.5625,45.28125,40.03125,45.875,62.6875,76.96875,86.8125,90.0625,96.6875,90.25,73.5,55.8125
2008-03-26,55.5,48.71875,39.65625,32.5,34.375,39.9375,36.78125,35.8125,35.1875,43.21875,71.96875,74.34375,50.875,38.625,33.5,31.3125,39.4375,46.5625,45.28125,40.03125,45.875,62.6875,76.96875,86.8125,90.0625,96.6875,90.25,73.5,55.8125,44.625
2008-03-27,48.71875,39.65625,32.5,34.375,39.9375,36.78125,35.8125,35.1875,43.21875,71.96875,74.34375,50.875,38.625,33.5,31.3125,39.4375,46.5625,45.28125,40.03125,45.875,62.6875,76.96875,86.8125,90.0625,96.6875,90.25,73.5,55.8125,44.625,50.84375
2008-03-28,64.09375,46.0625,52.125,72.40625,100.15625,106.21875,74.875,64.59375,67.5,58.28125,44.15625,33.75,27.96875,26.8125,27.3125,26.8125,31.53125,35.875,38.65625,39.90625,50.4375,62.59375,57.03125,49.84375,57.71875,64.0,55.5625,48.6875,47.375,47.5625
2008-03-29,46.0625,52.125,72.40625,100.15625,106.21875,74.875,64.59375,67.5,58.28125,44.15625,33.75,27.96875,26.8125,27.3125,26.8125,31.53125,35.875,38.65625,39.90625,50.4375,62.59375,57.03125,49.84375,57.71875,64.0,55.5625,48.6875,47.375,47.5625,56.15625
2008-03-30,52.125,72.40625,100.15625,106.21875,74.875,64.59375,67.5,58.28125,44.15625,33.75,27.96875,26.8125,27.3125,26.8125,31.53125,35.875,38.65625,39.90625,50.4375,62.59375,57.03125,49.84375,57.71875,64.0,55.5625,48.6875,47.375,47.5625,56.15625,89.5625
2008-03-31,72.40625,100.15625,106.21875,74.875,64.59375,67.5,58.28125,44.15625,33.75,27.96875,26.8125,27.3125,26.8125,31.53125,35.875,38.65625,39.90625,50.4375,62.59375,57.03125,49.84375,57.71875,64.0,55.5625,48.6875,47.375,47.5625,56.15625,89.5625,116.0625
2008-04-01,40.8125,49.625,49.78125,41.03125,36.9375,38.5625,32.65625,29.34375,35.40625,45.375,49.6875,52.5,55.6875,77.34375,81.375,56.78125,59.125,74.53125,68.0,62.8125,75.03125,86.90625,78.90625,67.3125,129.59375,181.84375,152.6875,142.15625,135.40625,101.90625
2008-04-02,49.625,49.78125,41.03125,36.9375,38.5625,32.65625,29.34375,35.40625,45.375,49.6875,52.5,55.6875,77.34375,81.375,56.78125,59.125,74.53125,68.0,62.8125,75.03125,86.90625,78.90625,67.3125,129.59375,181.84375,152.6875,142.15625,135.40625,101.90625,67.25
2008-04-03,49.78125,41.03125,36.9375,38.5625,32.65625,29.34375,35.40625,45.375,49.6875,52.5,55.6875,77.34375,81.375,56.78125,59.125,74.53125,68.0,62.8125,75.03125,86.90625,78.90625,67.3125,129.59375,181.84375,152.6875,142.15625,135.40625,101.90625,67.25,47.3125
2008-04-04,82.25,138.65625,176.53125,137.34375,87.9375,56.375,38.65625,34.28125,39.46875,48.03125,54.8125,46.8125,39.4375,42.03125,42.84375,41.78125,48.40625,45.21875,37.65625,57.125,125.4375,147.03125,142.3125,148.75,119.625,95.09375,93.40625,90.71875,87.03125,108.46875
2008-04-05,138.65625,176.53125,137.34375,87.9375,56.375,38.65625,34.28125,39.46875,48.03125,54.8125,46.8125,39.4375,42.03125,42.84375,41.78125,48.40625,45.21875,37.65625,57.125,125.4375,147.03125,142.3125,148.75,119.625,95.09375,93.40625,90.71875,87.03125,108.46875,135.8125
2008-04-06,176.53125,137.34375,87.9375,56.375,38.65625,34.28125,39.46875,48.03125,54.8125,46.8125,39.4375,42.03125,42.84375,41.78125,48.40625,45.21875,37.65625,57.125,125.4375,147.03125,142.3125,148.75,119.625,95.09375,93.40625,90.71875,87.03125,108.46875,135.8125,124.125
2008-04-07,137.34375,87.9375,56.375,38.65625,34.28125,39.46875,48.03125,54.8125,46.8125,39.4375,42.03125,42.84375,41.78125,48.40625,45.21875,37.65625,57.125,125.4375,147.03125,142.3125,148.75,119.625,95.09375,93.40625,90.71875,87.03125,108.46875,135.8125,124.125,124.9375
2008-04-08,74.9375,52.90625,42.40625,35.4375,35.5625,36.03125,27.375,21.03125,31.5625,74.5625,84.96875,66.96875,58.09375,52.625,65.71875,71.90625,70.3125,77.78125,100.71875,117.46875,135.21875,166.65625,159.9375,127.53125,89.8125,66.9375,71.125,83.53125,105.34375,161.78125
2008-04-09,52.90625,42.40625,35.4375,35.5625,36.03125,27.375,21.03125,31.5625,74.5625,84.96875,66.96875,58.09375,52.625,65.71875,71.90625,70.3125,77.78125,100.71875,117.46875,135.21875,166.65625,159.9375,127.53125,89.8125,66.9375,71.125,83.53125,105.34375,161.78125,219.0625
2008-04-10,42.40625,35.4375,35.5625,36.03125,27.375,21.03125,31.5625,74.5625,84.96875,66.96875,58.09375,52.625,65.71875,71.90625,70.3125,77.78125,100.71875,117.46875,135.21875,166.65625,159.9375,127.53125,89.8125,66.9375,71.125,83.53125,105.34375,161.78125,219.0625,232.84375
2008-04-11,30.21875,27.6875,69.625,93.625,63.25,47.8125,56.5625,93.59375,102.0,91.875,77.5,64.09375,72.625,66.65625,45.9375,31.875,39.96875,60.0,55.5625,57.53125,67.75,76.71875,100.71875,119.25,119.15625,125.4375,122.75,105.625,99.71875,93.75
2008-04-12,27.6875,69.625,93.625,63.25,47.8125,56.5625,93.59375,102.0,91.875,77.5,64.09375,72.625,66.65625,45.9375,31.875,39.96875,60.0,55.5625,57.53125,67.75,76.71875,100.71875,119.25,119.15625,125.4375,122.75,105.625,99.71875,93.75,76.96875
2008-04-13,69.625,93.625,63.25,47.8125,56.5625,93.59375,102.0,91.875,77.5,64.09375,72.625,66.65625,45.9375,31.875,39.96875,60.0,55.5625,57.53125,67.75,76.71875,100.71875,119.25,119.15625,125.4375,122.75,105.625,99.71875,93.75,76.96875,67.1875
2008-04-14,93.625,63.25,47.8125,56.5625,93.59375,102.0,91.875,77.5,64.09375,72.625,66.65625,45.9375,31.875,39.96875,60.0,55.5625,57.53125,67.75,76.71875,100.71875,119.25,119.15625,125.4375,122.75,105.625,99.71875,93.75,76.96875,67.1875,60.0625
2008-04-15,62.71875,82.75,70.6875,55.75,46.84375,43.375,52.21875,73.125,93.96875,111.03125,107.71875,84.9375,71.46875,104.9375,156.84375,128.34375,90.5,76.4375,65.78125,62.6875,60.09375,64.875,73.25,92.40625,186.03125,228.71875,262.84375,258.65625,224.96875,182.28125
2008-04-16,82.75,70.6875,55.75,46.84375,43.375,52.21875,73.125,93.96875,111.03125,107.71875,84.9375,71.46875,104.9375,156.84375,128.34375,90.5,76.4375,65.78125,62.6875,60.09375,64.875,73.25,92.40625,186.03125,228.71875,262.84375,258.65625,224.96875,182.28125,126.75
2008-04-17,70.6875,55.75,46.84375,43.375,52.21875,73.125,93.96875,111.03125,107.71875,84.9375,71.46875,104.9375,156.84375,128.34375,90.5,76.4375,65.78125,62.6875,60.09375,64.875,73.25,92.40625,186.03125,228.71875,262.84375,258.65625,224.96875,182.28125,126.75,98.5
2008-04-18,72.59375,66.75,56.53125,54.78125,55.34375,45.71875,38.4375,42.0625,56.5,75.0,95.0625,107.8125,97.78125,86.65625,78.8125,78.28125,96.34375,132.71875,144.28125,144.40625,219.375,299.625,223.75,136.0,100.3125,75.46875,64.28125,87.78125,102.875,83.46875
2008-04-19,66.75,56.53125,54.78125,55.34375,45.71875,38.4375,42.0625,56.5,75.0,95.0625,107.8125,97.78125,86.65625,78.8125,78.28125,96.34375,132.71875,144.28125,144.40625,219.375,299.625,223.75,136.0,100.3125,75.46875,64.28125,87.78125,102.875,83.46875,61.0625
2008-04-20,56.53125,54.78125,55.34375,45.71875,38.4375,42.0625,56.5,75.0,95.0625,107.8125,97.78125,86.65625,78.8125,78.28125,96.34375,132.71875,144.28125,144.40625,219.375,299.625,223.75,136.0,100.3125,75.46875,64.28125,87.78125,102.875,83.46875,61.0625,48.78125
2008-04-21,54.78125,55.34375,45.71875,38.4375,42.0625,56.5,75.0,95.0625,107.8125,97.78125,86.65625,78.8125,78.28125,96.34375,132.71875,144.28125,144.40625,219.375,299.625,223.75,136.0,100.3125,75.46875,64.28125,87.78125,102.875,83.46875,61.0625,48.78125,48.4375
2008-04-22,90.625,64.0625,73.21875,82.875,75.4375,84.625,107.84375,123.96875,173.59375,158.84375,103.4375,82.46875,81.0625,78.53125,85.34375,131.65625,134.5625,95.78125,73.1875,67.75,62.65625,79.59375,113.40625,102.28125,76.28125,106.5625,327.71875,350.78125,224.96875,170.21875
2008-04-23,64.0625,73.21875,82.875,75.4375,84.625,107.84375,123.96875,173.59375,158.84375,103.4375,82.46875,81.0625,78.53125,85.34375,131.65625,134.5625,95.78125,73.1875,67.75,62.65625,79.59375,113.40625,102.28125,76.28125,106.5625,327.71875,350.78125,224.96875,170.21875,180.75
2008-04-24,73.21875,82.875,75.4375,84.625,107.84375,123.96875,173.59375,158.84375,103.4375,82.46875,81.0625,78.53125,85.34375,131.65625,134.5625,95.78125,73.1875,67.75,62.65625,79.59375,113.40625,102.28125,76.28125,106.5625,327.71875,350.78125,224.96875,170.21875,180.75,156.15625
2008-04-25,36.34375,97.4375,171.40625,185.09375,151.84375,107.03125,83.8125,72.0625,76.59375,102.4375,103.03125,93.75,89.625,75.6875,64.65625,72.0625,182.125,482.5,537.96875,377.6875,247.1875,178.75,149.84375,117.46875,82.9375,61.46875,51.875,51.53125,54.71875,54.3125
2008-04-26,97.4375,171.40625,185.09375,151.84375,107.03125,83.8125,72.0625,76.59375,102.4375,103.03125,93.75,89.625,75.6875,64.65625,72.0625,182.125,482.5,537.96875,377.6875,247.1875,178.75,149.84375,117.46875,82.9375,61.46875,51.875,51.53125,54.71875,54.3125,62.46875
2008-04-27,171.40625,185.09375,151.84375,107.03125,83.8125,72.0625,76.59375,102.4375,103.03125,93.75,89.625,75.6875,64.65625,72.0625,182.125,482.5,537.96875,377.6875,247.1875,178.75,149.84375,117.46875,82.9375,61.46875,51.875,51.53125,54.71875,54.3125,62.46875,105.90625
2008-04-28,185.09375,151.84375,107.03125,83.8125,72.0625,76.59375,102.4375,103.03125,93.75,89.625,75.6875,64.65625,72.0625,182.125,482.5,537.96875,377.6875,247.1875,178.75,149.84375,117.46875,82.9375,61.46875,51.875,51.53125,54.71875,54.3125,62.46875,105.90625,128.75
2008-04-29,154.5625,139.15625,124.03125,97.46875,131.90625,134.84375,101.9375,85.78125,107.28125,114.375,96.0,119.59375,154.71875,149.96875,148.75,136.375,100.0625,76.9375,68.5,58.84375,58.53125,67.90625,71.5625,67.375,56.03125,45.28125,46.1875,72.75,91.84375,86.46875
2008-04-30,139.15625,124.03125,97.46875,131.90625,134.84375,101.9375,85.78125,107.28125,114.375,96.0,119.59375,154.71875,149.96875,148.75,136.375,100.0625,76.9375,68.5,58.84375,58.53125,67.90625,71.5625,67.375,56.03125,45.28125,46.1875,72.75,91.84375,86.46875,77.28125
2008-05-01,124.03125,97.46875,131.90625,134.84375,101.9375,85.78125,107.28125,114.375,96.0,119.59375,154.71875,149.96875,148.75,136.375,100.0625,76.9375,68.5,58.84375,58.53125,67.90625,71.5625,67.375,56.03125,45.28125,46.1875,72.75,91.84375,86.46875,77.28125,66.90625
2008-05-02,141.53125,126.78125,178.8125,176.78125,132.0,127.21875,117.0,83.4375,62.8125,75.0,111.84375,128.78125,174.46875,192.78125,148.25,101.90625,74.34375,65.15625,65.4375,60.53125,48.03125,38.3125,36.8125,39.71875,47.0,63.65625,86.9375,90.875,89.53125,98.9375
2008-05-03,126.78125,178.8125,176.78125,132.0,127.21875,117.0,83.4375,62.8125,75.0,111.84375,128.78125,174.46875,192.78125,148.25,101.90625,74.34375,65.15625,65.4375,60.53125,48.03125,38.3125,36.8125,39.71875,47.0,63.65625,86.9375,90.875,89.53125,98.9375,95.96875
2008-05-04,178.8125,176.78125,132.0,127.21875,117.0,83.4375,62.8125,75.0,111.84375,128.78125,174.46875,192.78125,148.25,101.90625,74.34375,65.15625,65.4375,60.53125,48.03125,38.3125,36.8125,39.71875,47.0,63.65625,86.9375,90.875,89.53125,98.9375,95.96875,79.125
2008-05-05,176.78125,132.0,127.21875,117.0,83.4375,62.8125,75.0,111.84375,128.78125,174.46875,192.78125,148.25,101.90625,74.34375,65.15625,65.4375,60.53125,48.03125,38.3125,36.8125,39.71875,47.0,63.65625,86.9375,90.875,89.53125,98.9375,95.96875,79.125,64.84375
2008-05-06,116.21875,91.1875,74.3125,83.59375,189.6875,422.5,488.3125,474.875,369.71875,232.25,143.625,98.59375,72.46875,69.0625,66.0625,59.875,67.03125,69.78125,61.8125,49.8125,45.71875,47.75,41.09375,39.8125,63.0,78.875,96.0625,124.90625,126.15625,117.9375
2008-05-07,91.1875,74.3125,83.59375,189.6875,422.5,488.3125,474.875,369.71875,232.25,143.625,98.59375,72.46875,69.0625,66.0625,59.875,67.03125,69.78125,61.8125,49.8125,45.71875,47.75,41.09375,39.8125,63.0,78.875,96.0625,124.90625,126.15625,117.9375,104.78125
2008-05-08,74.3125,83.59375,189.6875,422.5,488.3125,474.875,369.71875,232.25,143.625,98.59375,72.46875,69.0625,66.0625,59.875,67.03125,69.78125,61.8125,49.8125,45.71875,47.75,41.09375,39.8125,63.0,78.875,96.0625,124.90625,126.15625,117.9375,104.78125,95.90625
2008-05-09,47.75,57.03125,105.875,132.0625,140.59375,157.375,240.125,285.96875,274.96875,197.1875,123.65625,79.53125,55.84375,48.125,137.8125,166.625,131.1875,109.84375,84.34375,62.59375,62.4375,81.34375,89.46875,80.15625,63.03125,52.6875,63.9375,75.34375,76.8125,89.15625
2008-05-10,57.03125,105.875,132.0625,140.59375,157.375,240.125,285.96875,274.96875,197.1875,123.65625,79.53125,55.84375,48.125,137.8125,166.625,131.1875,109.84375,84.34375,62.59375,62.4375,81.34375,89.46875,80.15625,63.03125,52.6875,63.9375,75.34375,76.8125,89.15625,86.21875
2008-05-11,105.875,132.0625,140.59375,157.375,240.125,285.96875,274.96875,197.1875,123.65625,79.53125,55.84375,48.125,137.8125,166.625,131.1875,109.84375,84.34375,62.59375,62.4375,81.34375,89.46875,80.15625,63.03125,52.6875,63.9375,75.34375,76.8125,89.15625,86.21875,82.3125
2008-05-12,132.0625,140.59375,157.375,240.125,285.96875,274.96875,197.1875,123.65625,79.53125,55.84375,48.125,137.8125,166.625,131.1875,109.84375,84.34375,62.59375,62.4375,81.34375,89.46875,80.15625,63.03125,52.6875,63.9375,75.34375,76.8125,89.15625,86.21875,82.3125,87.375
2008-05-13,360.625,296.46875,222.4375,172.25,156.09375,137.4375,112.375,82.53125,76.5,71.75,83.25,90.15625,75.40625,67.4375,65.5625,57.0,44.8125,36.65625,28.625,29.9375,53.15625,66.1875,68.46875,68.0625,57.96875,56.46875,58.1875,52.21875,43.71875,37.1875
2008-05-14,296.46875,222.4375,172.25,156.09375,137.4375,112.375,82.53125,76.5,71.75,83.25,90.15625,75.40625,67.4375,65.5625,57.0,44.8125,36.65625,28.625,29.9375,53.15625,66.1875,68.46875,68.0625,57.96875,56.46875,58.1875,52.21875,43.71875,37.1875,37.03125
2008-05-15,222.4375,172.25,156.09375,137.4375,112.375,82.53125,76.5,71.75,83.25,90.15625,75.40625,67.4375,65.5625,57.0,44.8125,36.65625,28.625,29.9375,53.15625,66.1875,68.46875,68.0625,57.96875,56.46875,58.1875,52.21875,43.71875,37.1875,37.03125,45.125
2008-05-16,130.1875,106.4375,106.53125,99.65625,85.84375,73.78125,65.78125,62.34375,111.21875,145.59375,116.46875,81.125,62.84375,51.375,44.21875,37.84375,29.1875,27.75,41.15625,62.46875,63.53125,47.90625,37.5,35.0625,35.5625,31.875,27.21875,22.0,17.90625,17.5
2008-05-17,106.4375,106.53125,99.65625,85.84375,73.78125,65.78125,62.34375,111.21875,145.59375,116.46875,81.125,62.84375,51.375,44.21875,37.84375,29.1875,27.75,41.15625,62.46875,63.53125,47.90625,37.5,35.0625,35.5625,31.875,27.21875,22.0,17.90625,17.5,22.65625
2008-05-18,106.53125,99.65625,85.84375,73.78125,65.78125,62.34375,111.21875,145.59375,116.46875,81.125,62.84375,51.375,44.21875,37.84375,29.1875,27.75,41.15625,62.46875,63.53125,47.90625,37.5,35.0625,35.5625,31.875,27.21875,22.0,17.90625,17.5,22.65625,53.96875
2008-05-19,99.65625,85.84375,73.78125,65.78125,62.34375,111.21875,145.59375,116.46875,81.125,62.84375,51.375,44.21875,37.84375,29.1875,27.75,41.15625,62.46875,63.53125,47.90625,37.5,35.0625,35.5625,31.875,27.21875,22.0,17.90625,17.5,22.65625,53.96875,78.234375
2008-05-20,92.9375,82.21875,67.53125,61.8125,64.0,62.84375,56.3125,58.03125,60.03125,54.71875,46.53125,39.4375,37.9375,41.0,43.46875,54.1875,63.46875,52.53125,41.96875,31.53125,25.9375,36.09375,51.0625,47.15625,51.4375,72.375,92.75,85.125,67.9375,69.5625
2008-05-21,82.21875,67.53125,61.8125,64.0,62.84375,56.3125,58.03125,60.03125,54.71875,46.53125,39.4375,37.9375,41.0,43.46875,54.1875,63.46875,52.53125,41.96875,31.53125,25.9375,36.09375,51.0625,47.15625,51.4375,72.375,92.75,85.125,67.9375,69.5625,76.125
2008-05-22,67.53125,61.8125,64.0,62.84375,56.3125,58.03125,60.03125,54.71875,46.53125,39.4375,37.9375,41.0,43.46875,54.1875,63.46875,52.53125,41.96875,31.53125,25.9375,36.09375,51.0625,47.15625,51.4375,72.375,92.75,85.125,67.9375,69.5625,76.125,85.0625
2008-05-23,112.375,107.8125,100.3125,99.9375,78.28125,54.4375,50.1875,54.25,53.71875,50.125,50.9375,89.84375,103.09375,76.4375,54.9375,49.46875,51.9375,70.84375,120.40625,116.75,94.0625,92.28125,86.0,75.28125,69.46875,148.75,171.375,116.5,83.34375,64.46875
2008-05-24,107.8125,100.3125,99.9375,78.28125,54.4375,50.1875,54.25,53.71875,50.125,50.9375,89.84375,103.09375,76.4375,54.9375,49.46875,51.9375,70.84375,120.40625,116.75,94.0625,92.28125,86.0,75.28125,69.46875,148.75,171.375,116.5,83.34375,64.46875,63.34375
2008-05-25,100.3125,99.9375,78.28125,54.4375,50.1875,54.25,53.71875,50.125,50.9375,89.84375,103.09375,76.4375,54.9375,49.46875,51.9375,70.84375,120.40625,116.75,94.0625,92.28125,86.0,75.28125,69.46875,148.75,171.375,116.5,83.34375,64.46875,63.34375,74.0
2008-05-26,99.9375,78.28125,54.4375,50.1875,54.25,53.71875,50.125,50.9375,89.84375,103.09375,76.4375,54.9375,49.46875,51.9375,70.84375,120.40625,116.75,94.0625,92.28125,86.0,75.28125,69.46875,148.75,171.375,116.5,83.34375,64.46875,63.34375,74.0,77.375
2008-05-27,91.03125,93.90625,100.03125,104.5625,90.46875,70.5625,65.5625,67.3125,78.1875,82.65625,70.0,58.03125,76.625,117.84375,104.90625,82.71875,104.59375,129.65625,118.34375,117.90625,105.8125,99.25,97.84375,74.84375,52.5625,85.40625,139.28125,155.4375,137.65625,135.375
2008-05-28,93.90625,100.03125,104.5625,90.46875,70.5625,65.5625,67.3125,78.1875,82.65625,70.0,58.03125,76.625,117.84375,104.90625,82.71875,104.59375,129.65625,118.34375,117.90625,105.8125,99.25,97.84375,74.84375,52.5625,85.40625,139.28125,155.4375,137.65625,135.375,178.046875
2008-05-29,100.03125,104.5625,90.46875,70.5625,65.5625,67.3125,78.1875,82.65625,70.0,58.03125,76.625,117.84375,104.90625,82.71875,104.59375,129.65625,118.34375,117.90625,105.8125,99.25,97.84375,74.84375,52.5625,85.40625,139.28125,155.4375,137.65625,135.375,178.046875,208.484375
2008-05-30,78.71875,60.6875,47.21875,45.65625,46.21875,46.40625,75.90625,99.4375,102.84375,100.625,102.0,115.21875,133.1875,145.78125,163.21875,204.34375,235.84375,184.5,123.53125,91.625,89.15625,95.46875,81.34375,76.75,88.71875,95.75,103.3125,132.84375,147.765625,126.171875
2008-05-31,60.6875,47.21875,45.65625,46.21875,46.40625,75.90625,99.4375,102.84375,100.625,102.0,115.21875,133.1875,145.78125,163.21875,204.34375,235.84375,184.5,123.53125,91.625,89.15625,95.46875,81.34375,76.75,88.71875,95.75,103.3125,132.84375,147.765625,126.171875,104.390625
2008-06-01,47.21875,45.65625,46.21875,46.40625,75.90625,99.4375,102.84375,100.625,102.0,115.21875,133.1875,145.78125,163.21875,204.34375,235.84375,184.5,123.53125,91.625,89.15625,95.46875,81.34375,76.75,88.71875,95.75,103.3125,132.84375,147.765625,126.171875,104.390625,80.6875
2008-06-02,45.65625,46.21875,46.40625,75.90625,99.4375,102.84375,100.625,102.0,115.21875,133.1875,145.78125,163.21875,204.34375,235.84375,184.5,123.53125,91.625,89.15625,95.46875,81.34375,76.75,88.71875,95.75,103.3125,132.84375,147.765625,126.171875,104.390625,80.6875,62.5625
2008-06-03,42.84375,46.875,42.59375,54.40625,93.0,106.09375,106.5625,109.46875,123.40625,112.125,93.28125,88.53125,93.78125,100.40625,88.28125,93.59375,103.71875,123.78125,125.78125,102.21875,86.4375,68.15625,62.53125,80.3125,98.53125,240.625,328.625,247.21875,161.140625,141.6875
2008-06-04,46.875,42.59375,54.40625,93.0,106.09375,106.5625,109.46875,123.40625,112.125,93.28125,88.53125,93.78125,100.40625,88.28125,93.59375,103.71875,123.78125,125.78125,102.21875,86.4375,68.15625,62.53125,80.3125,98.53125,240.625,328.625,247.21875,161.140625,141.6875,130.859375
2008-06-05,42.59375,54.40625,93.0,106.09375,106.5625,109.46875,123.40625,112.125,93.28125,88.53125,93.78125,100.40625,88.28125,93.59375,103.71875,123.78125,125.78125,102.21875,86.4375,68.15625,62.53125,80.3125,98.53125,240.625,328.625,247.21875,161.140625,141.6875,130.859375,114.859375
2008-06-06,64.34375,104.1875,99.6875,79.1875,193.34375,294.25,240.6875,169.78125,117.34375,86.1875,70.90625,62.28125,75.46875,101.03125,126.78125,174.34375,191.90625,178.65625,218.875,245.34375,272.4375,428.375,608.78125,611.0625,452.125,315.53125,267.4375,239.890625,223.03125,244.6875
2008-06-07,104.1875,99.6875,79.1875,193.34375,294.25,240.6875,169.78125,117.34375,86.1875,70.90625,62.28125,75.46875,101.03125,126.78125,174.34375,191.90625,178.65625,218.875,245.34375,272.4375,428.375,608.78125,611.0625,452.125,315.53125,267.4375,239.890625,223.03125,244.6875,428.171875
2008-06-08,99.6875,79.1875,193.34375,294.25,240.6875,169.78125,117.34375,86.1875,70.90625,62.28125,75.46875,101.03125,126.78125,174.34375,191.90625,178.65625,218.875,245.34375,272.4375,428.375,608.78125,611.0625,452.125,315.53125,267.4375,239.890625,223.03125,244.6875,428.171875,509.125
2008-06-09,79.1875,193.34375,294.25,240.6875,169.78125,117.34375,86.1875,70.90625,62.28125,75.46875,101.03125,126.78125,174.34375,191.90625,178.65625,218.875,245.34375,272.4375,428.375,608.78125,611.0625,452.125,315.53125,267.4375,239.890625,223.03125,244.6875,428.171875,509.125,516.453125
2008-06-10,170.03125,398.3125,411.875,303.25,205.21875,154.375,133.78125,113.0625,120.875,128.78125,156.40625,170.125,174.28125,196.53125,199.0,197.5,220.09375,226.96875,266.5,265.71875,197.59375,140.625,126.5625,128.0625,134.265625,137.390625,149.546875,235.796875,242.53125,189.09375
2008-06-11,398.3125,411.875,303.25,205.21875,154.375,133.78125,113.0625,120.875,128.78125,156.40625,170.125,174.28125,196.53125,199.0,197.5,220.09375,226.96875,266.5,265.71875,197.59375,140.625,126.5625,128.0625,134.265625,137.390625,149.546875,235.796875,242.53125,189.09375,158.125
2008-06-12,411.875,303.25,205.21875,154.375,133.78125,113.0625,120.875,128.78125,156.40625,170.125,174.28125,196.53125,199.0,197.5,220.09375,226.96875,266.5,265.71875,197.59375,140.625,126.5625,128.0625,134.265625,137.390625,149.546875,235.796875,242.53125,189.09375,158.125,140.28125
2008-06-13,257.5,206.9375,149.5,120.3125,122.6875,111.25,87.03125,67.96875,65.25,77.09375,83.5,93.78125,96.1875,84.96875,84.625,128.28125,141.9375,107.21875,93.09375,118.15625,228.921875,244.921875,181.890625,139.4375,119.234375,125.515625,133.4375,122.859375,151.25,214.359375
2008-06-14,206.9375,149.5,120.3125,122.6875,111.25,87.03125,67.96875,65.25,77.09375,83.5,93.78125,96.1875,84.96875,84.625,128.28125,141.9375,107.21875,93.09375,118.15625,228.921875,244.921875,181.890625,139.4375,119.234375,125.515625,133.4375,122.859375,151.25,214.359375,247.59375
2008-06-15,149.5,120.3125,122.6875,111.25,87.03125,67.96875,65.25,77.09375,83.5,93.78125,96.1875,84.96875,84.625,128.28125,141.9375,107.21875,93.09375,118.15625,228.921875,244.921875,181.890625,139.4375,119.234375,125.515625,133.4375,122.859375,151.25,214.359375,247.59375,215.375
2008-06-16,120.3125,122.6875,111.25,87.03125,67.96875,65.25,77.09375,83.5,93.78125,96.1875,84.96875,84.625,128.28125,141.9375,107.21875,93.09375,118.15625,228.921875,244.921875,181.890625,139.4375,119.234375,125.515625,133.4375,122.859375,151.25,214.359375,247.59375,215.375,181.40625
2008-06-17,96.71875,87.40625,74.875,60.84375,54.625,68.1875,96.96875,168.96875,289.75,275.5,194.25,135.75,104.40625,107.96875,110.375,107.59375,115.203125,118.546875,113.015625,95.921875,74.125,58.25,57.140625,63.8125,68.53125,110.265625,124.65625,99.859375,92.4375,96.59375
2008-06-18,87.40625,74.875,60.84375,54.625,68.1875,96.96875,168.96875,289.75,275.5,194.25,135.75,104.40625,107.96875,110.375,107.59375,115.203125,118.546875,113.015625,95.921875,74.125,58.25,57.140625,63.8125,68.53125,110.265625,124.65625,99.859375,92.4375,96.59375,114.703125
2008-06-19,74.875,60.84375,54.625,68.1875,96.96875,168.96875,289.75,275.5,194.25,135.75,104.40625,107.96875,110.375,107.59375,115.203125,118.546875,113.015625,95.921875,74.125,58.25,57.140625,63.8125,68.53125,110.265625,124.65625,99.859375,92.4375,96.59375,114.703125,121.109375
2008-06-20,77.40625,67.125,67.75,79.40625,116.4375,145.9375,140.65625,119.90625,92.8125,68.9375,59.3125,64.0,67.625,68.71875,89.28125,110.3125,181.578125,264.8125,212.75,136.609375,93.84375,69.625,58.578125,53.828125,49.3125,46.5,52.25,79.703125,105.59375,134.046875
2008-06-21,67.125,67.75,79.40625,116.4375,145.9375,140.65625,119.90625,92.8125,68.9375,59.3125,64.0,67.625,68.71875,89.28125,110.3125,181.578125,264.8125,212.75,136.609375,93.84375,69.625,58.578125,53.828125,49.3125,46.5,52.25,79.703125,105.59375,134.046875,132.71875
2008-06-22,67.75,79.40625,116.4375,145.9375,140.65625,119.90625,92.8125,68.9375,59.3125,64.0,67.625,68.71875,89.28125,110.3125,181.578125,264.8125,212.75,136.609375,93.84375,69.625,58.578125,53.828125,49.3125,46.5,52.25,79.703125,105.59375,134.046875,132.71875,101.53125
2008-06-23,79.40625,116.4375,145.9375,140.65625,119.90625,92.8125,68.9375,59.3125,64.0,67.625,68.71875,89.28125,110.3125,181.578125,264.8125,212.75,136.609375,93.84375,69.625,58.578125,53.828125,49.3125,46.5,52.25,79.703125,105.59375,134.046875,132.71875,101.53125,78.125
2008-06-24,96.28125,109.875,143.46875,134.5,98.34375,74.65625,64.28125,73.28125,77.53125,73.78125,71.28125,67.0,75.15625,82.75,85.953125,77.765625,65.53125,67.578125,66.828125,54.5625,48.453125,49.3125,49.6875,49.609375,52.546875,53.890625,50.25,76.359375,129.984375,241.578125
2008-06-25,109.875,143.46875,134.5,98.34375,74.65625,64.28125,73.28125,77.53125,73.78125,71.28125,67.0,75.15625,82.75,85.953125,77.765625,65.53125,67.578125,66.828125,54.5625,48.453125,49.3125,49.6875,49.609375,52.546875,53.890625,50.25,76.359375,129.984375,241.578125,276.109375
2008-06-26,143.46875,134.5,98.34375,74.65625,64.28125,73.28125,77.53125,73.78125,71.28125,67.0,75.15625,82.75,85.953125,77.765625,65.53125,67.578125,66.828125,54.5625,48.453125,49.3125,49.6875,49.609375,52.546875,53.890625,50.25,76.359375,129.984375,241.578125,276.109375,265.703125
2008-06-27,96.65625,86.15625,68.6875,68.3125,71.46875,70.75,98.5625,110.3125,87.53125,73.34375,66.515625,64.28125,74.6875,75.359375,80.53125,101.609375,130.609375,152.375,161.46875,145.546875,112.5,84.4375,72.984375,116.140625,217.25,209.96875,152.59375,126.734375,172.765625,243.140625
2008-06-28,86.15625,68.6875,68.3125,71.46875,70.75,98.5625,110.3125,87.53125,73.34375,66.515625,64.28125,74.6875,75.359375,80.53125,101.609375,130.609375,152.375,161.46875,145.546875,112.5,84.4375,72.984375,116.140625,217.25,209.96875,152.59375,126.734375,172.765625,243.140625,219.3125
2008-06-29,68.6875,68.3125,71.46875,70.75,98.5625,110.3125,87.53125,73.34375,66.515625,64.28125,74.6875,75.359375,80.53125,101.609375,130.609375,152.375,161.46875,145.546875,112.5,84.4375,72.984375,116.140625,217.25,209.96875,152.59375,126.734375,172.765625,243.140625,219.3125,158.765625
2008-06-30,68.3125,71.46875,70.75,98.5625,110.3125,87.53125,73.34375,66.515625,64.28125,74.6875,75.359375,80.53125,101.609375,130.609375,152.375,161.46875,145.546875,112.5,84.4375,72.984375,116.140625,217.25,209.96875,152.59375,126.734375,172.765625,243.140625,219.3125,158.765625,144.0625
2008-07-01,61.40625,84.75,98.34375,88.34375,92.53125,96.78125,105.953125,170.546875,204.640625,181.4375,174.78125,135.078125,102.84375,88.03125,77.09375,92.859375,114.984375,121.921875,144.421875,164.203125,151.671875,129.140625,106.390625,102.328125,103.4375,94.0625,103.0,118.875,118.390625,160.09375
2008-07-02,84.75,98.34375,88.34375,92.53125,96.78125,105.953125,170.546875,204.640625,181.4375,174.78125,135.078125,102.84375,88.03125,77.09375,92.859375,114.984375,121.921875,144.421875,164.203125,151.671875,129.140625,106.390625,102.328125,103.4375,94.0625,103.0,118.875,118.390625,160.09375,222.359375
2008-07-03,98.34375,88.34375,92.53125,96.78125,105.953125,170.546875,204.640625,181.4375,174.78125,135.078125,102.84375,88.03125,77.09375,92.859375,114.984375,121.921875,144.421875,164.203125,151.671875,129.140625,106.390625,102.328125,103.4375,94.0625,103.0,118.875,118.390625,160.09375,222.359375,328.15625
2008-07-04,67.46875,76.171875,77.609375,84.296875,89.234375,86.734375,73.25,70.046875,73.890625,74.21875,69.53125,57.578125,48.765625,43.171875,38.453125,34.28125,32.328125,32.078125,32.46875,32.34375,30.578125,29.015625,29.15625,29.734375,28.6875,36.046875,99.09375,138.3125,107.796875,92.5625
2008-07-05,76.171875,77.609375,84.296875,89.234375,86.734375,73.25,70.046875,73.890625,74.21875,69.53125,57.578125,48.765625,43.171875,38.453125,34.28125,32.328125,32.078125,32.46875,32.34375,30.578125,29.015625,29.15625,29.734375,28.6875,36.046875,99.09375,138.3125,107.796875,92.5625,113.0
2008-07-06,77.609375,84.296875,89.234375,86.734375,73.25,70.046875,73.890625,74.21875,69.53125,57.578125,48.765625,43.171875,38.453125,34.28125,32.328125,32.078125,32.46875,32.34375,30.578125,29.015625,29.15625,29.734375,28.6875,36.046875,99.09375,138.3125,107.796875,92.5625,113.0,162.875
2008-07-07,84.296875,89.234375,86.734375,73.25,70.046875,73.890625,74.21875,69.53125,57.578125,48.765625,43.171875,38.453125,34.28125,32.328125,32.078125,32.46875,32.34375,30.578125,29.015625,29.15625,29.734375,28.6875,36.046875,99.09375,138.3125,107.796875,92.5625,113.0,162.875,179.984375
2008-07-08,78.578125,90.328125,91.9375,84.25,78.0,63.4375,50.0,40.671875,35.921875,35.140625,38.75,40.328125,39.53125,42.8125,44.078125,42.328125,48.875,84.515625,136.5625,143.234375,147.90625,196.171875,214.671875,442.1875,564.640625,635.359375,473.4375,300.8125,210.671875,170.078125
2008-07-09,90.328125,91.9375,84.25,78.0,63.4375,50.0,40.671875,35.921875,35.140625,38.75,40.328125,39.53125,42.8125,44.078125,42.328125,48.875,84.515625,136.5625,143.234375,147.90625,196.171875,214.671875,442.1875,564.640625,635.359375,473.4375,300.8125,210.671875,170.078125,139.484375
2008-07-10,91.9375,84.25,78.0,63.4375,50.0,40.671875,35.921875,35.140625,38.75,40.328125,39.53125,42.8125,44.078125,42.328125,48.875,84.515625,136.5625,143.234375,147.90625,196.171875,214.671875,442.1875,564.640625,635.359375,473.4375,300.8125,210.671875,170.078125,139.484375,112.4375
2008-07-11,98.171875,77.546875,71.203125,74.0,72.203125,67.5625,67.75,69.8125,76.625,82.84375,80.28125,83.71875,88.515625,89.953125,116.09375,130.125,110.578125,86.421875,89.3125,109.984375,173.078125,182.09375,146.203125,132.890625,122.171875,100.1875,80.09375,77.359375,87.03125,102.21875
2008-07-12,77.546875,71.203125,74.0,72.203125,67.5625,67.75,69.8125,76.625,82.84375,80.28125,83.71875,88.515625,89.953125,116.09375,130.125,110.578125,86.421875,89.3125,109.984375,173.078125,182.09375,146.203125,132.890625,122.171875,100.1875,80.09375,77.359375,87.03125,102.21875,106.671875
2008-07-13,71.203125,74.0,72.203125,67.5625,67.75,69.8125,76.625,82.84375,80.28125,83.71875,88.515625,89.953125,116.09375,130.125,110.578125,86.421875,89.3125,109.984375,173.078125,182.09375,146.203125,132.890625,122.171875,100.1875,80.09375,77.359375,87.03125,102.21875,106.671875,87.703125
2008-07-14,74.0,72.203125,67.5625,67.75,69.8125,76.625,82.84375,80.28125,83.71875,88.515625,89.953125,116.09375,130.125,110.578125,86.421875,89.3125,109.984375,173.078125,182.09375,146.203125,132.890625,122.171875,100.1875,80.09375,77.359375,87.03125,102.21875,106.671875,87.703125,67.75
2008-07-15,58.265625,61.53125,74.421875,81.109375,75.78125,94.453125,125.15625,117.84375,156.578125,195.828125,154.15625,114.65625,91.796875,79.09375,102.75,130.03125,128.65625,114.75,92.390625,74.703125,80.125,120.0,156.140625,185.34375,179.40625,213.78125,245.5625,194.3125,149.0625,147.453125
2008-07-16,61.53125,74.421875,81.109375,75.78125,94.453125,125.15625,117.84375,156.578125,195.828125,154.15625,114.65625,91.796875,79.09375,102.75,130.03125,128.65625,114.75,92.390625,74.703125,80.125,120.0,156.140625,185.34375,179.40625,213.78125,245.5625,194.3125,149.0625,147.453125,167.046875
2008-07-17,74.421875,81.109375,75.78125,94.453125,125.15625,117.84375,156.578125,195.828125,154.15625,114.65625,91.796875,79.09375,102.75,130.03125,128.65625,114.75,92.390625,74.703125,80.125,120.0,156.140625,185.34375,179.40625,213.78125,245.5625,194.3125,149.0625,147.453125,167.046875,165.0625
2008-07-18,74.125,76.734375,83.703125,84.953125,79.078125,93.015625,93.078125,81.5,120.609375,577.75,546.671875,375.875,261.171875,187.375,154.90625,137.59375,125.75,116.875,108.6875,109.03125,115.234375,137.9375,181.171875,272.9375,292.96875,227.59375,175.109375,148.859375,179.390625,425.75
2008-07-19,76.734375,83.703125,84.953125,79.078125,93.015625,93.078125,81.5,120.609375,577.75,546.671875,375.875,261.171875,187.375,154.90625,137.59375,125.75,116.875,108.6875,109.03125,115.234375,137.9375,181.171875,272.9375,292.96875,227.59375,175.109375,148.859375,179.390625,425.75,512.8125
2008-07-20,83.703125,84.953125,79.078125,93.015625,93.078125,81.5,120.609375,577.75,546.671875,375.875,261.171875,187.375,154.90625,137.59375,125.75,116.875,108.6875,109.03125,115.234375,137.9375,181.171875,272.9375,292.96875,227.59375,175.109375,148.859375,179.390625,425.75,512.8125,375.890625
2008-07-21,84.953125,79.078125,93.015625,93.078125,81.5,120.609375,577.75,546.671875,375.875,261.171875,187.375,154.90625,137.59375,125.75,116.875,108.6875,109.03125,115.234375,137.9375,181.171875,272.9375,292.96875,227.59375,175.109375,148.859375,179.390625,425.75,512.8125,375.890625,260.328125
2008-07-22,62.59375,51.84375,57.578125,65.453125,63.984375,109.125,123.734375,87.484375,63.21875,51.40625,49.953125,53.515625,66.734375,85.28125,99.578125,89.328125,62.984375,45.125,35.84375,38.3125,46.359375,50.875,52.015625,45.796875,44.703125,61.578125,100.5,127.421875,140.4375,127.359375
2008-07-23,51.84375,57.578125,65.453125,63.984375,109.125,123.734375,87.484375,63.21875,51.40625,49.953125,53.515625,66.734375,85.28125,99.578125,89.328125,62.984375,45.125,35.84375,38.3125,46.359375,50.875,52.015625,45.796875,44.703125,61.578125,100.5,127.421875,140.4375,127.359375,94.390625
2008-07-24,57.578125,65.453125,63.984375,109.125,123.734375,87.484375,63.21875,51.40625,49.953125,53.515625,66.734375,85.28125,99.578125,89.328125,62.984375,45.125,35.84375,38.3125,46.359375,50.875,52.015625,45.796875,44.703125,61.578125,100.5,127.421875,140.4375,127.359375,94.390625,82.109375
2008-07-25,50.421875,48.0625,58.734375,63.96875,65.4375,66.578125,67.921875,73.109375,72.671875,81.3125,92.765625,97.6875,109.171875,176.46875,389.65625,426.09375,302.78125,198.015625,225.9375,247.953125,191.921875,143.75,120.15625,102.0625,95.546875,93.703125,102.625,118.015625,113.5625,95.40625
2008-07-26,48.0625,58.734375,63.96875,65.4375,66.578125,67.921875,73.109375,72.671875,81.3125,92.765625,97.6875,109.171875,176.46875,389.65625,426.09375,302.78125,198.015625,225.9375,247.953125,191.921875,143.75,120.15625,102.0625,95.546875,93.703125,102.625,118.015625,113.5625,95.40625,78.234375
2008-07-27,58.734375,63.96875,65.4375,66.578125,67.921875,73.109375,72.671875,81.3125,92.765625,97.6875,109.171875,176.46875,389.65625,426.09375,302.78125,198.015625,225.9375,247.953125,191.921875,143.75,120.15625,102.0625,95.546875,93.703125,102.625,118.015625,113.5625,95.40625,78.234375,66.28125
2008-07-28,63.96875,65.4375,66.578125,67.921875,73.109375,72.671875,81.3125,92.765625,97.6875,109.171875,176.46875,389.65625,426.09375,302.78125,198.015625,225.9375,247.953125,191.921875,143.75,120.15625,102.0625,95.546875,93.703125,102.625,118.015625,113.5625,95.40625,78.234375,66.28125,58.875
2008-07-29,122.609375,97.578125,84.640625,79.25,83.15625,101.625,129.59375,132.828125,123.15625,128.640625,134.453125,192.25,215.6875,180.34375,141.671875,110.90625,93.90625,103.953125,139.6875,258.421875,419.359375,419.734375,314.15625,221.546875,168.828125,162.0625,148.484375,130.28125,140.375,134.515625
2008-07-30,97.578125,84.640625,79.25,83.15625,101.625,129.59375,132.828125,123.15625,128.640625,134.453125,192.25,215.6875,180.34375,141.671875,110.90625,93.90625,103.953125,139.6875,258.421875,419.359375,419.734375,314.15625,221.546875,168.828125,162.0625,148.484375,130.28125,140.375,134.515625,120.25
2008-07-31,84.640625,79.25,83.15625,101.625,129.59375,132.828125,123.15625,128.640625,134.453125,192.25,215.6875,180.34375,141.671875,110.90625,93.90625,103.953125,139.6875,258.421875,419.359375,419.734375,314.15625,221.546875,168.828125,162.0625,148.484375,130.28125,140.375,134.515625,120.25,147.546875
2008-08-01,166.765625,156.859375,115.140625,169.609375,239.1875,247.265625,253.828125,203.8125,147.375,118.265625,109.921875,104.34375,97.234375,112.609375,128.0,127.265625,115.25,103.734375,107.609375,120.34375,215.21875,307.375,298.0,250.453125,200.484375,264.546875,388.109375,320.0625,221.609375,165.9375
2008-08-02,156.859375,115.140625,169.609375,239.1875,247.265625,253.828125,203.8125,147.375,118.265625,109.921875,104.34375,97.234375,112.609375,128.0,127.265625,115.25,103.734375,107.609375,120.34375,215.21875,307.375,298.0,250.453125,200.484375,264.546875,388.109375,320.0625,221.609375,165.9375,131.90625
2008-08-03,115.140625,169.609375,239.1875,247.265625,253.828125,203.8125,147.375,118.265625,109.921875,104.34375,97.234375,112.609375,128.0,127.265625,115.25,103.734375,107.609375,120.34375,215.21875,307.375,298.0,250.453125,200.484375,264.546875,388.109375,320.0625,221.609375,165.9375,131.90625,124.46875
2008-08-04,169.609375,239.1875,247.265625,253.828125,203.8125,147.375,118.265625,109.921875,104.34375,97.234375,112.609375,128.0,127.265625,115.25,103.734375,107.609375,120.34375,215.21875,307.375,298.0,250.453125,200.484375,264.546875,388.109375,320.0625,221.609375,165.9375,131.90625,124.46875,161.625
2008-08-05,149.75,158.5,478.09375,472.15625,310.921875,218.40625,182.765625,170.171875,175.84375,189.5625,220.578125,230.84375,207.453125,190.65625,184.78125,172.0,159.234375,141.921875,129.796875,125.796875,128.9375,143.765625,185.5625,191.09375,154.859375,121.0625,107.640625,117.359375,130.859375,140.90625
2008-08-06,158.5,478.09375,472.15625,310.921875,218.40625,182.765625,170.171875,175.84375,189.5625,220.578125,230.84375,207.453125,190.65625,184.78125,172.0,159.234375,141.921875,129.796875,125.796875,128.9375,143.765625,185.5625,191.09375,154.859375,121.0625,107.640625,117.359375,130.859375,140.90625,174.375
2008-08-07,478.09375,472.15625,310.921875,218.40625,182.765625,170.171875,175.84375,189.5625,220.578125,230.84375,207.453125,190.65625,184.78125,172.0,159.234375,141.921875,129.796875,125.796875,128.9375,143.765625,185.5625,191.09375,154.859375,121.0625,107.640625,117.359375,130.859375,140.90625,174.375,210.46875
2008-08-08,171.59375,140.421875,132.96875,129.921875,132.796875,134.8125,115.125,95.328125,85.5625,73.59375,66.734375,71.34375,80.65625,96.0,104.078125,98.09375,87.390625,83.953125,80.390625,66.125,54.1875,46.78125,41.859375,46.359375,66.84375,102.859375,128.390625,141.984375,140.40625,139.609375
2008-08-09,140.421875,132.96875,129.921875,132.796875,134.8125,115.125,95.328125,85.5625,73.59375,66.734375,71.34375,80.65625,96.0,104.078125,98.09375,87.390625,83.953125,80.390625,66.125,54.1875,46.78125,41.859375,46.359375,66.84375,102.859375,128.390625,141.984375,140.40625,139.609375,192.859375
2008-08-10,132.96875,129.921875,132.796875,134.8125,115.125,95.328125,85.5625,73.59375,66.734375,71.34375,80.65625,96.0,104.078125,98.09375,87.390625,83.953125,80.390625,66.125,54.1875,46.78125,41.859375,46.359375,66.84375,102.859375,128.390625,141.984375,140.40625,139.609375,192.859375,292.9453125
2008-08-11,129.921875,132.796875,134.8125,115.125,95.328125,85.5625,73.59375,66.734375,71.34375,80.65625,96.0,104.078125,98.09375,87.390625,83.953125,80.390625,66.125,54.1875,46.78125,41.859375,46.359375,66.84375,102.859375,128.390625,141.984375,140.40625,139.609375,192.859375,292.9453125,297.1171875
2008-08-12,101.9375,120.8125,110.90625,93.703125,92.484375,96.140625,94.59375,99.875,135.953125,144.46875,124.734375,105.296875,102.421875,129.203125,136.890625,118.796875,100.265625,95.78125,117.09375,141.1875,161.515625,141.234375,122.625,118.8125,130.796875,159.53125,351.15625,406.703125,334.671875,232.59375
2008-08-13,120.8125,110.90625,93.703125,92.484375,96.140625,94.59375,99.875,135.953125,144.46875,124.734375,105.296875,102.421875,129.203125,136.890625,118.796875,100.265625,95.78125,117.09375,141.1875,161.515625,141.234375,122.625,118.8125,130.796875,159.53125,351.15625,406.703125,334.671875,232.59375,165.546875
2008-08-14,110.90625,93.703125,92.484375,96.140625,94.59375,99.875,135.953125,144.46875,124.734375,105.296875,102.421875,129.203125,136.890625,118.796875,100.265625,95.78125,117.09375,141.1875,161.515625,141.234375,122.625,118.8125,130.796875,159.53125,351.15625,406.703125,334.671875,232.59375,165.546875,236.96875
2008-08-15,80.3125,66.546875,60.75,67.296875,115.375,130.359375,112.453125,100.375,92.296875,83.71875,69.78125,57.609375,57.609375,68.015625,73.6875,76.28125,88.40625,104.78125,107.84375,104.453125,122.890625,144.6875,247.359375,280.171875,214.9375,155.890625,181.0625,233.3125,216.0625,174.203125
2008-08-16,66.546875,60.75,67.296875,115.375,130.359375,112.453125,100.375,92.296875,83.71875,69.78125,57.609375,57.609375,68.015625,73.6875,76.28125,88.40625,104.78125,107.84375,104.453125,122.890625,144.6875,247.359375,280.171875,214.9375,155.890625,181.0625,233.3125,216.0625,174.203125,138.390625
2008-08-17,60.75,67.296875,115.375,130.359375,112.453125,100.375,92.296875,83.71875,69.78125,57.609375,57.609375,68.015625,73.6875,76.28125,88.40625,104.78125,107.84375,104.453125,122.890625,144.6875,247.359375,280.171875,214.9375,155.890625,181.0625,233.3125,216.0625,174.203125,138.390625,115.9609375
2008-08-18,67.296875,115.375,130.359375,112.453125,100.375,92.296875,83.71875,69.78125,57.609375,57.609375,68.015625,73.6875,76.28125,88.40625,104.78125,107.84375,104.453125,122.890625,144.6875,247.359375,280.171875,214.9375,155.890625,181.0625,233.3125,216.0625,174.203125,138.390625,115.9609375,107.296875
2008-08-19,97.625,98.921875,139.390625,144.0625,120.546875,161.984375,170.046875,160.609375,159.40625,145.375,121.390625,111.765625,109.28125,127.359375,174.671875,169.3125,139.34375,107.703125,81.8125,71.890625,84.3125,115.421875,152.4140625,176.703125,210.53125,320.6953125,291.0703125,193.0546875,152.4921875,140.4375
2008-08-20,98.921875,139.390625,144.0625,120.546875,161.984375,170.046875,160.609375,159.40625,145.375,121.390625,111.765625,109.28125,127.359375,174.671875,169.3125,139.34375,107.703125,81.8125,71.890625,84.3125,115.421875,152.4140625,176.703125,210.53125,320.6953125,291.0703125,193.0546875,152.4921875,140.4375,127.9375
2008-08-21,139.390625,144.0625,120.546875,161.984375,170.046875,160.609375,159.40625,145.375,121.390625,111.765625,109.28125,127.359375,174.671875,169.3125,139.34375,107.703125,81.8125,71.890625,84.3125,115.421875,152.4140625,176.703125,210.53125,320.6953125,291.0703125,193.0546875,152.4921875,140.4375,127.9375,122.421875
2008-08-22,151.140625,145.578125,124.75,102.6875,99.25,153.984375,156.921875,112.859375,100.6875,93.9375,77.6875,74.375,83.671875,94.796875,99.765625,89.921875,72.6875,59.875,53.125,50.796875,49.296875,48.296875,57.4140625,63.5625,56.0390625,57.6171875,71.546875,81.609375,117.1328125,152.125
2008-08-23,145.578125,124.75,102.6875,99.25,153.984375,156.921875,112.859375,100.6875,93.9375,77.6875,74.375,83.671875,94.796875,99.765625,89.921875,72.6875,59.875,53.125,50.796875,49.296875,48.296875,57.4140625,63.5625,56.0390625,57.6171875,71.546875,81.609375,117.1328125,152.125,133.046875
2008-08-24,124.75,102.6875,99.25,153.984375,156.921875,112.859375,100.6875,93.9375,77.6875,74.375,83.671875,94.796875,99.765625,89.921875,72.6875,59.875,53.125,50.796875,49.296875,48.296875,57.4140625,63.5625,56.0390625,57.6171875,71.546875,81.609375,117.1328125,152.125,133.046875,106.0
2008-08-25,102.6875,99.25,153.984375,156.921875,112.859375,100.6875,93.9375,77.6875,74.375,83.671875,94.796875,99.765625,89.921875,72.6875,59.875,53.125,50.796875,49.296875,48.296875,57.4140625,63.5625,56.0390625,57.6171875,71.546875,81.609375,117.1328125,152.125,133.046875,106.0,100.9609375
2008-08-26,125.296875,132.953125,103.296875,101.078125,92.40625,86.15625,130.546875,159.375,151.046875,124.15625,118.6875,144.34375,164.625,175.34375,160.125,154.53125,151.71875,140.046875,172.3203125,194.5,171.765625,213.46875,263.7421875,237.3828125,197.5390625,198.78125,178.40625,146.15625,130.6328125,125.203125
2008-08-27,132.953125,103.296875,101.078125,92.40625,86.15625,130.546875,159.375,151.046875,124.15625,118.6875,144.34375,164.625,175.34375,160.125,154.53125,151.71875,140.046875,172.3203125,194.5,171.765625,213.46875,263.7421875,237.3828125,197.5390625,198.78125,178.40625,146.15625,130.6328125,125.203125,128.2109375
2008-08-28,103.296875,101.078125,92.40625,86.15625,130.546875,159.375,151.046875,124.15625,118.6875,144.34375,164.625,175.34375,160.125,154.53125,151.71875,140.046875,172.3203125,194.5,171.765625,213.46875,263.7421875,237.3828125,197.5390625,198.78125,178.40625,146.15625,130.6328125,125.203125,128.2109375,129.0703125
2008-08-29,173.015625,151.109375,109.390625,86.71875,87.40625,106.125,157.0625,184.90625,167.75,142.234375,126.015625,130.515625,132.84375,139.515625,137.828125,123.1953125,109.796875,93.421875,77.28125,94.8125,121.3828125,118.515625,114.203125,118.9140625,147.203125,179.015625,186.59375,177.984375,153.140625,132.09375
2008-08-30,151.109375,109.390625,86.71875,87.40625,106.125,157.0625,184.90625,167.75,142.234375,126.015625,130.515625,132.84375,139.515625,137.828125,123.1953125,109.796875,93.421875,77.28125,94.8125,121.3828125,118.515625,114.203125,118.9140625,147.203125,179.015625,186.59375,177.984375,153.140625,132.09375,136.1796875
2008-08-31,109.390625,86.71875,87.40625,106.125,157.0625,184.90625,167.75,142.234375,126.015625,130.515625,132.84375,139.515625,137.828125,123.1953125,109.796875,93.421875,77.28125,94.8125,121.3828125,118.515625,114.203125,118.9140625,147.203125,179.015625,186.59375,177.984375,153.140625,132.09375,136.1796875,144.109375
2008-09-01,86.71875,87.40625,106.125,157.0625,184.90625,167.75,142.234375,126.015625,130.515625,132.84375,139.515625,137.828125,123.1953125,109.796875,93.421875,77.28125,94.8125,121.3828125,118.515625,114.203125,118.9140625,147.203125,179.015625,186.59375,177.984375,153.140625,132.09375,136.1796875,144.109375,162.1484375
2008-09-02,165.84375,165.34375,197.171875,203.390625,165.546875,131.359375,132.421875,144.796875,137.0625,123.4375,126.328125,126.4921875,123.5,149.109375,163.671875,135.5703125,110.1328125,113.296875,106.578125,97.3828125,114.328125,114.84375,98.4375,120.0390625,175.2578125,342.96875,353.96875,363.96875,491.828125,430.2734375
2008-09-03,165.34375,197.171875,203.390625,165.546875,131.359375,132.421875,144.796875,137.0625,123.4375,126.328125,126.4921875,123.5,149.109375,163.671875,135.5703125,110.1328125,113.296875,106.578125,97.3828125,114.328125,114.84375,98.4375,120.0390625,175.2578125,342.96875,353.96875,363.96875,491.828125,430.2734375,298.0703125
2008-09-04,197.171875,203.390625,165.546875,131.359375,132.421875,144.796875,137.0625,123.4375,126.328125,126.4921875,123.5,149.109375,163.671875,135.5703125,110.1328125,113.296875,106.578125,97.3828125,114.328125,114.84375,98.4375,120.0390625,175.2578125,342.96875,353.96875,363.96875,491.828125,430.2734375,298.0703125,240.921875
2008-09-05,161.203125,166.3125,173.78125,164.0,134.9375,116.046875,121.9609375,124.734375,103.546875,85.09375,83.5,127.1328125,178.453125,292.734375,428.375,400.546875,327.4921875,260.9765625,219.59375,208.59375,310.1875,330.625,268.03125,316.0,329.71875,258.9296875,208.1171875,173.8203125,156.6875,150.9453125
2008-09-06,166.3125,173.78125,164.0,134.9375,116.046875,121.9609375,124.734375,103.546875,85.09375,83.5,127.1328125,178.453125,292.734375,428.375,400.546875,327.4921875,260.9765625,219.59375,208.59375,310.1875,330.625,268.03125,316.0,329.71875,258.9296875,208.1171875,173.8203125,156.6875,150.9453125,165.5
2008-09-07,173.78125,164.0,134.9375,116.046875,121.9609375,124.734375,103.546875,85.09375,83.5,127.1328125,178.453125,292.734375,428.375,400.546875,327.4921875,260.9765625,219.59375,208.59375,310.1875,330.625,268.03125,316.0,329.71875,258.9296875,208.1171875,173.8203125,156.6875,150.9453125,165.5,177.7734375
2008-09-08,164.0,134.9375,116.046875,121.9609375,124.734375,103.546875,85.09375,83.5,127.1328125,178.453125,292.734375,428.375,400.546875,327.4921875,260.9765625,219.59375,208.59375,310.1875,330.625,268.03125,316.0,329.71875,258.9296875,208.1171875,173.8203125,156.6875,150.9453125,165.5,177.7734375,176.6015625
2008-09-09,508.046875,471.265625,365.5234375,278.9921875,206.59375,155.3828125,131.25,147.640625,172.4296875,236.375,227.484375,180.3203125,161.15625,154.4765625,147.296875,138.703125,130.9140625,146.6796875,189.09375,183.9296875,199.640625,214.078125,275.203125,293.75,241.6640625,197.3828125,171.421875,154.109375,159.546875,151.234375
2008-09-10,471.265625,365.5234375,278.9921875,206.59375,155.3828125,131.25,147.640625,172.4296875,236.375,227.484375,180.3203125,161.15625,154.4765625,147.296875,138.703125,130.9140625,146.6796875,189.09375,183.9296875,199.640625,214.078125,275.203125,293.75,241.6640625,197.3828125,171.421875,154.109375,159.546875,151.234375,132.7734375
2008-09-11,365.5234375,278.9921875,206.59375,155.3828125,131.25,147.640625,172.4296875,236.375,227.484375,180.3203125,161.15625,154.4765625,147.296875,138.703125,130.9140625,146.6796875,189.09375,183.9296875,199.640625,214.078125,275.203125,293.75,241.6640625,197.3828125,171.421875,154.109375,159.546875,151.234375,132.7734375,118.2265625
2008-09-12,314.390625,223.0078125,184.7578125,167.125,179.015625,232.2265625,207.6875,158.15625,129.6484375,116.453125,116.453125,110.7421875,100.828125,95.8125,99.03125,106.546875,128.0625,149.0234375,136.7265625,217.4765625,246.6640625,208.6640625,170.8046875,144.90625,131.6875,136.328125,136.390625,121.71875,127.546875,187.5859375
2008-09-13,223.0078125,184.7578125,167.125,179.015625,232.2265625,207.6875,158.15625,129.6484375,116.453125,116.453125,110.7421875,100.828125,95.8125,99.03125,106.546875,128.0625,149.0234375,136.7265625,217.4765625,246.6640625,208.6640625,170.8046875,144.90625,131.6875,136.328125,136.390625,121.71875,127.546875,187.5859375,206.15625
2008-09-14,184.7578125,167.125,179.015625,232.2265625,207.6875,158.15625,129.6484375,116.453125,116.453125,110.7421875,100.828125,95.8125,99.03125,106.546875,128.0625,149.0234375,136.7265625,217.4765625,246.6640625,208.6640625,170.8046875,144.90625,131.6875,136.328125,136.390625,121.71875,127.546875,187.5859375,206.15625,165.75
2008-09-15,167.125,179.015625,232.2265625,207.6875,158.15625,129.6484375,116.453125,116.453125,110.7421875,100.828125,95.8125,99.03125,106.546875,128.0625,149.0234375,136.7265625,217.4765625,246.6640625,208.6640625,170.8046875,144.90625,131.6875,136.328125,136.390625,121.71875,127.546875,187.5859375,206.15625,165.75,125.453125
2008-09-16,319.140625,301.328125,235.7265625,177.296875,136.9921875,113.6484375,100.0234375,91.953125,89.5078125,89.3828125,93.015625,108.4765625,116.5234375,107.5546875,96.3125,96.34375,99.5625,90.1015625,78.859375,72.3203125,66.28125,86.6796875,103.2109375,87.84375,87.0859375,96.421875,88.0,71.90625,78.0703125,88.8671875
2008-09-17,301.328125,235.7265625,177.296875,136.9921875,113.6484375,100.0234375,91.953125,89.5078125,89.3828125,93.015625,108.4765625,116.5234375,107.5546875,96.3125,96.34375,99.5625,90.1015625,78.859375,72.3203125,66.28125,86.6796875,103.2109375,87.84375,87.0859375,96.421875,88.0,71.90625,78.0703125,88.8671875,89.4609375
2008-09-18,235.7265625,177.296875,136.9921875,113.6484375,100.0234375,91.953125,89.5078125,89.3828125,93.015625,108.4765625,116.5234375,107.5546875,96.3125,96.34375,99.5625,90.1015625,78.859375,72.3203125,66.28125,86.6796875,103.2109375,87.84375,87.0859375,96.421875,88.0,71.90625,78.0703125,88.8671875,89.4609375,189.25
2008-09-19,201.6875,175.1328125,149.2109375,127.3828125,111.3125,101.25,105.2578125,108.1015625,103.53125,102.6796875,105.34375,113.3203125,115.2578125,109.546875,112.0859375,188.25,215.859375,162.421875,128.609375,117.5390625,110.3125,96.125,77.96875,71.7890625,70.875,64.4375,65.2578125,64.625,54.2109375,44.6328125
2008-09-20,175.1328125,149.2109375,127.3828125,111.3125,101.25,105.2578125,108.1015625,103.53125,102.6796875,105.34375,113.3203125,115.2578125,109.546875,112.0859375,188.25,215.859375,162.421875,128.609375,117.5390625,110.3125,96.125,77.96875,71.7890625,70.875,64.4375,65.2578125,64.625,54.2109375,44.6328125,37.8359375
2008-09-21,149.2109375,127.3828125,111.3125,101.25,105.2578125,108.1015625,103.53125,102.6796875,105.34375,113.3203125,115.2578125,109.546875,112.0859375,188.25,215.859375,162.421875,128.609375,117.5390625,110.3125,96.125,77.96875,71.7890625,70.875,64.4375,65.2578125,64.625,54.2109375,44.6328125,37.8359375,33.796875
2008-09-22,127.3828125,111.3125,101.25,105.2578125,108.1015625,103.53125,102.6796875,105.34375,113.3203125,115.2578125,109.546875,112.0859375,188.25,215.859375,162.421875,128.609375,117.5390625,110.3125,96.125,77.96875,71.7890625,70.875,64.4375,65.2578125,64.625,54.2109375,44.6328125,37.8359375,33.796875,33.4140625
2008-09-23,122.046875,141.6796875,155.7109375,146.125,136.515625,181.765625,198.9921875,173.28125,157.625,148.3125,127.3359375,108.625,106.8046875,115.390625,105.859375,93.6875,103.5546875,115.9375,132.0390625,124.09375,99.3046875,84.3515625,73.8203125,73.34375,78.0390625,100.8359375,139.4140625,149.0234375,129.5390625,109.4296875
2008-09-24,141.6796875,155.7109375,146.125,136.515625,181.765625,198.9921875,173.28125,157.625,148.3125,127.3359375,108.625,106.8046875,115.390625,105.859375,93.6875,103.5546875,115.9375,132.0390625,124.09375,99.3046875,84.3515625,73.8203125,73.34375,78.0390625,100.8359375,139.4140625,149.0234375,129.5390625,109.4296875,105.8671875
2008-09-25,155.7109375,146.125,136.515625,181.765625,198.9921875,173.28125,157.625,148.3125,127.3359375,108.625,106.8046875,115.390625,105.859375,93.6875,103.5546875,115.9375,132.0390625,124.09375,99.3046875,84.3515625,73.8203125,73.34375,78.0390625,100.8359375,139.4140625,149.0234375,129.5390625,109.4296875,105.8671875,101.7734375
2008-09-26,146.0,138.1015625,153.6171875,195.859375,200.4140625,175.09375,150.390625,133.2734375,113.2265625,99.515625,97.515625,98.015625,104.484375,120.375,117.5625,149.078125,255.015625,249.234375,196.140625,156.4140625,220.7578125,253.90625,197.75,188.1484375,180.640625,138.515625,164.328125,176.7109375,142.7578125,132.6015625
2008-09-27,138.1015625,153.6171875,195.859375,200.4140625,175.09375,150.390625,133.2734375,113.2265625,99.515625,97.515625,98.015625,104.484375,120.375,117.5625,149.078125,255.015625,249.234375,196.140625,156.4140625,220.7578125,253.90625,197.75,188.1484375,180.640625,138.515625,164.328125,176.7109375,142.7578125,132.6015625,140.0625
2008-09-28,153.6171875,195.859375,200.4140625,175.09375,150.390625,133.2734375,113.2265625,99.515625,97.515625,98.015625,104.484375,120.375,117.5625,149.078125,255.015625,249.234375,196.140625,156.4140625,220.7578125,253.90625,197.75,188.1484375,180.640625,138.515625,164.328125,176.7109375,142.7578125,132.6015625,140.0625,126.1953125
2008-09-29,195.859375,200.4140625,175.09375,150.390625,133.2734375,113.2265625,99.515625,97.515625,98.015625,104.484375,120.375,117.5625,149.078125,255.015625,249.234375,196.140625,156.4140625,220.7578125,253.90625,197.75,188.1484375,180.640625,138.515625,164.328125,176.7109375,142.7578125,132.6015625,140.0625,126.1953125,107.6015625
2008-09-30,216.6953125,165.359375,134.8671875,112.5390625,91.2265625,76.28125,67.2421875,61.2109375,69.984375,98.359375,102.859375,87.8359375,80.5703125,78.53125,78.390625,83.234375,85.125,84.140625,86.3828125,94.4765625,98.0546875,90.8125,73.7421875,56.890625,46.7109375,39.078125,34.453125,31.6875,30.6484375,30.296875
2008-10-01,165.359375,134.8671875,112.5390625,91.2265625,76.28125,67.2421875,61.2109375,69.984375,98.359375,102.859375,87.8359375,80.5703125,78.53125,78.390625,83.234375,85.125,84.140625,86.3828125,94.4765625,98.0546875,90.8125,73.7421875,56.890625,46.7109375,39.078125,34.453125,31.6875,30.6484375,30.296875,26.484375
2008-10-02,134.8671875,112.5390625,91.2265625,76.28125,67.2421875,61.2109375,69.984375,98.359375,102.859375,87.8359375,80.5703125,78.53125,78.390625,83.234375,85.125,84.140625,86.3828125,94.4765625,98.0546875,90.8125,73.7421875,56.890625,46.7109375,39.078125,34.453125,31.6875,30.6484375,30.296875,26.484375,25.8125
2008-10-03,141.265625,115.5859375,102.125,94.0,92.8515625,104.0234375,106.7890625,93.6953125,90.109375,89.9140625,94.90625,105.3671875,153.2734375,168.453125,143.296875,138.46875,130.8046875,137.3125,129.4296875,101.8046875,84.8515625,76.3515625,93.0,99.0234375,89.4140625,86.921875,73.890625,98.09375,128.53125,153.65625
2008-10-04,115.5859375,102.125,94.0,92.8515625,104.0234375,106.7890625,93.6953125,90.109375,89.9140625,94.90625,105.3671875,153.2734375,168.453125,143.296875,138.46875,130.8046875,137.3125,129.4296875,101.8046875,84.8515625,76.3515625,93.0,99.0234375,89.4140625,86.921875,73.890625,98.09375,128.53125,153.65625,152.28125
2008-10-05,102.125,94.0,92.8515625,104.0234375,106.7890625,93.6953125,90.109375,89.9140625,94.90625,105.3671875,153.2734375,168.453125,143.296875,138.46875,130.8046875,137.3125,129.4296875,101.8046875,84.8515625,76.3515625,93.0,99.0234375,89.4140625,86.921875,73.890625,98.09375,128.53125,153.65625,152.28125,152.171875
2008-10-06,94.0,92.8515625,104.0234375,106.7890625,93.6953125,90.109375,89.9140625,94.90625,105.3671875,153.2734375,168.453125,143.296875,138.46875,130.8046875,137.3125,129.4296875,101.8046875,84.8515625,76.3515625,93.0,99.0234375,89.4140625,86.921875,73.890625,98.09375,128.53125,153.65625,152.28125,152.171875,166.234375
2008-10-07,108.84375,140.078125,168.0546875,169.1171875,142.703125,111.5546875,97.875,87.78125,83.828125,111.2421875,147.1015625,144.375,127.75,123.5078125,123.28125,104.6875,84.4296875,71.9609375,62.0390625,59.2109375,77.4375,87.0546875,82.0625,77.84375,79.1484375,82.140625,96.8046875,99.4609375,73.5859375,54.0
2008-10-08,140.078125,168.0546875,169.1171875,142.703125,111.5546875,97.875,87.78125,83.828125,111.2421875,147.1015625,144.375,127.75,123.5078125,123.28125,104.6875,84.4296875,71.9609375,62.0390625,59.2109375,77.4375,87.0546875,82.0625,77.84375,79.1484375,82.140625,96.8046875,99.4609375,73.5859375,54.0,41.734375
2008-10-09,168.0546875,169.1171875,142.703125,111.5546875,97.875,87.78125,83.828125,111.2421875,147.1015625,144.375,127.75,123.5078125,123.28125,104.6875,84.4296875,71.9609375,62.0390625,59.2109375,77.4375,87.0546875,82.0625,77.84375,79.1484375,82.140625,96.8046875,99.4609375,73.5859375,54.0,41.734375,34.5703125
2008-10-10,122.6953125,98.5703125,84.375,81.8515625,97.5390625,105.0859375,109.7890625,128.8359375,127.5,112.3046875,115.578125,152.1796875,154.6953125,133.8125,148.0390625,144.546875,151.6875,176.25,162.671875,120.359375,93.15625,80.28125,65.3046875,52.6875,44.703125,40.5,38.5,36.59375,34.75,33.0859375
2008-10-11,98.5703125,84.375,81.8515625,97.5390625,105.0859375,109.7890625,128.8359375,127.5,112.3046875,115.578125,152.1796875,154.6953125,133.8125,148.0390625,144.546875,151.6875,176.25,162.671875,120.359375,93.15625,80.28125,65.3046875,52.6875,44.703125,40.5,38.5,36.59375,34.75,33.0859375,32.953125
2008-10-12,84.375,81.8515625,97.5390625,105.0859375,109.7890625,128.8359375,127.5,112.3046875,115.578125,152.1796875,154.6953125,133.8125,148.0390625,144.546875,151.6875,176.25,162.671875,120.359375,93.15625,80.28125,65.3046875,52.6875,44.703125,40.5,38.5,36.59375,34.75,33.0859375,32.953125,34.4296875
2008-10-13,81.8515625,97.5390625,105.0859375,109.7890625,128.8359375,127.5,112.3046875,115.578125,152.1796875,154.6953125,133.8125,148.0390625,144.546875,151.6875,176.25,162.671875,120.359375,93.15625,80.28125,65.3046875,52.6875,44.703125,40.5,38.5,36.59375,34.75,33.0859375,32.953125,34.4296875,46.8828125
2008-10-14,140.7265625,124.625,118.6328125,191.984375,187.234375,143.296875,147.953125,159.0859375,162.9140625,163.625,167.2421875,153.7265625,137.2890625,131.6171875,152.0625,356.734375,350.6171875,270.0546875,281.2890625,242.71875,179.7890625,144.109375,124.640625,118.7109375,122.5546875,136.8203125,159.1328125,161.875,146.1875,127.703125
2008-10-15,124.625,118.6328125,191.984375,187.234375,143.296875,147.953125,159.0859375,162.9140625,163.625,167.2421875,153.7265625,137.2890625,131.6171875,152.0625,356.734375,350.6171875,270.0546875,281.2890625,242.71875,179.7890625,144.109375,124.640625,118.7109375,122.5546875,136.8203125,159.1328125,161.875,146.1875,127.703125,125.8671875
2008-10-16,118.6328125,191.984375,187.234375,143.296875,147.953125,159.0859375,162.9140625,163.625,167.2421875,153.7265625,137.2890625,131.6171875,152.0625,356.734375,350.6171875,270.0546875,281.2890625,242.71875,179.7890625,144.109375,124.640625,118.7109375,122.5546875,136.8203125,159.1328125,161.875,146.1875,127.703125,125.8671875,121.359375
2008-10-17,278.1640625,244.59375,182.15625,179.2109375,151.3515625,112.609375,111.8984375,109.7890625,117.390625,124.3203125,105.09375,132.2421875,157.3671875,150.2421875,221.734375,262.09375,211.2421875,149.3984375,109.1875,89.0078125,87.34375,85.5703125,74.421875,65.78125,60.0859375,57.46875,61.3671875,66.609375,65.75,70.9140625
2008-10-18,244.59375,182.15625,179.2109375,151.3515625,112.609375,111.8984375,109.7890625,117.390625,124.3203125,105.09375,132.2421875,157.3671875,150.2421875,221.734375,262.09375,211.2421875,149.3984375,109.1875,89.0078125,87.34375,85.5703125,74.421875,65.78125,60.0859375,57.46875,61.3671875,66.609375,65.75,70.9140625,75.40625
2008-10-19,182.15625,179.2109375,151.3515625,112.609375,111.8984375,109.7890625,117.390625,124.3203125,105.09375,132.2421875,157.3671875,150.2421875,221.734375,262.09375,211.2421875,149.3984375,109.1875,89.0078125,87.34375,85.5703125,74.421875,65.78125,60.0859375,57.46875,61.3671875,66.609375,65.75,70.9140625,75.40625,68.4375
2008-10-20,179.2109375,151.3515625,112.609375,111.8984375,109.7890625,117.390625,124.3203125,105.09375,132.2421875,157.3671875,150.2421875,221.734375,262.09375,211.2421875,149.3984375,109.1875,89.0078125,87.34375,85.5703125,74.421875,65.78125,60.0859375,57.46875,61.3671875,66.609375,65.75,70.9140625,75.40625,68.4375,60.8828125
2008-10-21,115.78125,131.453125,166.0390625,198.671875,246.3203125,201.734375,160.4453125,138.390625,163.5703125,204.3203125,313.5078125,315.5,258.296875,250.4453125,226.875,182.234375,150.296875,133.3125,122.84375,117.3359375,113.15625,107.8671875,110.4765625,107.3046875,97.5,89.3046875,83.109375,85.734375,84.6015625,76.2890625
2008-10-22,131.453125,166.0390625,198.671875,246.3203125,201.734375,160.4453125,138.390625,163.5703125,204.3203125,313.5078125,315.5,258.296875,250.4453125,226.875,182.234375,150.296875,133.3125,122.84375,117.3359375,113.15625,107.8671875,110.4765625,107.3046875,97.5,89.3046875,83.109375,85.734375,84.6015625,76.2890625,73.015625
2008-10-23,166.0390625,198.671875,246.3203125,201.734375,160.4453125,138.390625,163.5703125,204.3203125,313.5078125,315.5,258.296875,250.4453125,226.875,182.234375,150.296875,133.3125,122.84375,117.3359375,113.15625,107.8671875,110.4765625,107.3046875,97.5,89.3046875,83.109375,85.734375,84.6015625,76.2890625,73.015625,70.4453125
2008-10-24,704.3828125,609.6015625,445.3984375,324.0625,226.40625,215.859375,213.1796875,194.53125,180.796875,176.546875,227.828125,219.6875,170.6328125,134.625,114.078125,101.7890625,94.8828125,88.859375,83.9375,79.609375,75.3671875,77.046875,78.8828125,73.6015625,67.53125,62.3125,58.046875,59.8671875,64.6640625,60.7109375
2008-10-25,609.6015625,445.3984375,324.0625,226.40625,215.859375,213.1796875,194.53125,180.796875,176.546875,227.828125,219.6875,170.6328125,134.625,114.078125,101.7890625,94.8828125,88.859375,83.9375,79.609375,75.3671875,77.046875,78.8828125,73.6015625,67.53125,62.3125,58.046875,59.8671875,64.6640625,60.7109375,54.2109375
2008-10-26,445.3984375,324.0625,226.40625,215.859375,213.1796875,194.53125,180.796875,176.546875,227.828125,219.6875,170.6328125,134.625,114.078125,101.7890625,94.8828125,88.859375,83.9375,79.609375,75.3671875,77.046875,78.8828125,73.6015625,67.53125,62.3125,58.046875,59.8671875,64.6640625,60.7109375,54.2109375,48.8515625
2008-10-27,324.0625,226.40625,215.859375,213.1796875,194.53125,180.796875,176.546875,227.828125,219.6875,170.6328125,134.625,114.078125,101.7890625,94.8828125,88.859375,83.9375,79.609375,75.3671875,77.046875,78.8828125,73.6015625,67.53125,62.3125,58.046875,59.8671875,64.6640625,60.7109375,54.2109375,48.8515625,45.6796875
2008-10-28,228.5546875,183.8203125,178.7421875,176.0,175.1953125,161.59375,199.6015625,234.0234375,221.6171875,203.75,203.4375,174.1015625,140.21875,416.7109375,572.3125,490.546875,371.28125,272.2734375,215.4296875,182.8828125,161.8125,157.5,154.0546875,142.3515625,157.6953125,193.265625,178.7265625,141.5703125,118.21875,112.0546875
2008-10-29,183.8203125,178.7421875,176.0,175.1953125,161.59375,199.6015625,234.0234375,221.6171875,203.75,203.4375,174.1015625,140.21875,416.7109375,572.3125,490.546875,371.28125,272.2734375,215.4296875,182.8828125,161.8125,157.5,154.0546875,142.3515625,157.6953125,193.265625,178.7265625,141.5703125,118.21875,112.0546875,106.1796875
2008-10-30,178.7421875,176.0,175.1953125,161.59375,199.6015625,234.0234375,221.6171875,203.75,203.4375,174.1015625,140.21875,416.7109375,572.3125,490.546875,371.28125,272.2734375,215.4296875,182.8828125,161.8125,157.5,154.0546875,142.3515625,157.6953125,193.265625,178.7265625,141.5703125,118.21875,112.0546875,106.1796875,93.640625
2008-10-31,213.796875,180.9296875,174.0078125,177.109375,185.5390625,176.2890625,172.3359375,157.359375,170.2578125,195.4609375,204.9921875,191.4375,157.75,127.25,108.8203125,98.421875,95.28125,110.796875,123.5546875,111.75,95.1171875,83.75,75.0,68.265625,63.6015625,65.5859375,67.4609375,62.7421875,56.9375,52.28125
2008-11-01,180.9296875,174.0078125,177.109375,185.5390625,176.2890625,172.3359375,157.359375,170.2578125,195.4609375,204.9921875,191.4375,157.75,127.25,108.8203125,98.421875,95.28125,110.796875,123.5546875,111.75,95.1171875,83.75,75.0,68.265625,63.6015625,65.5859375,67.4609375,62.7421875,56.9375,52.28125,47.9609375
2008-11-02,174.0078125,177.109375,185.5390625,176.2890625,172.3359375,157.359375,170.2578125,195.4609375,204.9921875,191.4375,157.75,127.25,108.8203125,98.421875,95.28125,110.796875,123.5546875,111.75,95.1171875,83.75,75.0,68.265625,63.6015625,65.5859375,67.4609375,62.7421875,56.9375,52.28125,47.9609375,44.921875
2008-11-03,177.109375,185.5390625,176.2890625,172.3359375,157.359375,170.2578125,195.4609375,204.9921875,191.4375,157.75,127.25,108.8203125,98.421875,95.28125,110.796875,123.5546875,111.75,95.1171875,83.75,75.0,68.265625,63.6015625,65.5859375,67.4609375,62.7421875,56.9375,52.28125,47.9609375,44.921875,41.8671875
2008-11-04,126.1484375,122.7265625,129.4296875,140.640625,150.15625,153.75,139.03125,118.0,112.0,163.234375,180.1484375,150.1953125,136.4765625,118.0078125,138.375,201.4375,207.5703125,162.8515625,121.5859375,93.453125,76.65625,75.6171875,81.9296875,76.2578125,67.7421875,62.8046875,64.0078125,64.1484375,55.890625,52.0703125
2008-11-05,122.7265625,129.4296875,140.640625,150.15625,153.75,139.03125,118.0,112.0,163.234375,180.1484375,150.1953125,136.4765625,118.0078125,138.375,201.4375,207.5703125,162.8515625,121.5859375,93.453125,76.65625,75.6171875,81.9296875,76.2578125,67.7421875,62.8046875,64.0078125,64.1484375,55.890625,52.0703125,51.1796875
2008-11-06,129.4296875,140.640625,150.15625,153.75,139.03125,118.0,112.0,163.234375,180.1484375,150.1953125,136.4765625,118.0078125,138.375,201.4375,207.5703125,162.8515625,121.5859375,93.453125,76.65625,75.6171875,81.9296875,76.2578125,67.7421875,62.8046875,64.0078125,64.1484375,55.890625,52.0703125,51.1796875,46.0546875
2008-11-07,174.3828125,187.8515625,202.9765625,176.3671875,134.171875,112.0078125,97.75,86.984375,85.8671875,102.9765625,105.46875,345.3984375,706.0859375,548.234375,395.8203125,289.5390625,213.2890625,172.40625,148.375,131.8984375,119.515625,109.6796875,110.8671875,109.0703125,98.40625,89.0859375,80.8984375,74.78125,69.2734375,64.890625
2008-11-08,187.8515625,202.9765625,176.3671875,134.171875,112.0078125,97.75,86.984375,85.8671875,102.9765625,105.46875,345.3984375,706.0859375,548.234375,395.8203125,289.5390625,213.2890625,172.40625,148.375,131.8984375,119.515625,109.6796875,110.8671875,109.0703125,98.40625,89.0859375,80.8984375,74.78125,69.2734375,64.890625,59.84375
2008-11-09,202.9765625,176.3671875,134.171875,112.0078125,97.75,86.984375,85.8671875,102.9765625,105.46875,345.3984375,706.0859375,548.234375,395.8203125,289.5390625,213.2890625,172.40625,148.375,131.8984375,119.515625,109.6796875,110.8671875,109.0703125,98.40625,89.0859375,80.8984375,74.78125,69.2734375,64.890625,59.84375,55.7265625
2008-11-10,176.3671875,134.171875,112.0078125,97.75,86.984375,85.8671875,102.9765625,105.46875,345.3984375,706.0859375,548.234375,395.8203125,289.5390625,213.2890625,172.40625,148.375,131.8984375,119.515625,109.6796875,110.8671875,109.0703125,98.40625,89.0859375,80.8984375,74.78125,69.2734375,64.890625,59.84375,55.7265625,52.046875
2008-11-11,157.8515625,125.3203125,106.3125,97.7109375,96.125,92.1796875,84.1953125,76.671875,78.625,148.4140625,164.21875,119.6796875,91.4296875,75.90625,67.3359375,66.4140625,75.9765625,79.9609375,75.6875,92.328125,98.7265625,77.5546875,60.265625,49.671875,42.1328125,37.1328125,33.5390625,30.8828125,29.3203125,28.015625
2008-11-12,125.3203125,106.3125,97.7109375,96.125,92.1796875,84.1953125,76.671875,78.625,148.4140625,164.21875,119.6796875,91.4296875,75.90625,67.3359375,66.4140625,75.9765625,79.9609375,75.6875,92.328125,98.7265625,77.5546875,60.265625,49.671875,42.1328125,37.1328125,33.5390625,30.8828125,29.3203125,28.015625,26.3125
2008-11-13,106.3125,97.7109375,96.125,92.1796875,84.1953125,76.671875,78.625,148.4140625,164.21875,119.6796875,91.4296875,75.90625,67.3359375,66.4140625,75.9765625,79.9609375,75.6875,92.328125,98.7265625,77.5546875,60.265625,49.671875,42.1328125,37.1328125,33.5390625,30.8828125,29.3203125,28.015625,26.3125,24.453125
2008-11-14,99.4296875,98.75,99.359375,147.7734375,183.484375,149.6796875,110.625,91.734375,83.453125,84.7578125,272.5703125,328.296875,224.453125,147.7578125,107.9921875,86.6484375,73.90625,64.78125,59.875,59.390625,63.2578125,67.5859375,67.0078125,66.109375,63.796875,55.515625,48.890625,44.03125,41.21875,40.515625
2008-11-15,98.75,99.359375,147.7734375,183.484375,149.6796875,110.625,91.734375,83.453125,84.7578125,272.5703125,328.296875,224.453125,147.7578125,107.9921875,86.6484375,73.90625,64.78125,59.875,59.390625,63.2578125,67.5859375,67.0078125,66.109375,63.796875,55.515625,48.890625,44.03125,41.21875,40.515625,38.8984375
2008-11-16,99.359375,147.7734375,183.484375,149.6796875,110.625,91.734375,83.453125,84.7578125,272.5703125,328.296875,224.453125,147.7578125,107.9921875,86.6484375,73.90625,64.78125,59.875,59.390625,63.2578125,67.5859375,67.0078125,66.109375,63.796875,55.515625,48.890625,44.03125,41.21875,40.515625,38.8984375,36.2734375
2008-11-17,147.7734375,183.484375,149.6796875,110.625,91.734375,83.453125,84.7578125,272.5703125,328.296875,224.453125,147.7578125,107.9921875,86.6484375,73.90625,64.78125,59.875,59.390625,63.2578125,67.5859375,67.0078125,66.109375,63.796875,55.515625,48.890625,44.03125,41.21875,40.515625,38.8984375,36.2734375,34.015625
2008-11-18,102.3828125,105.359375,95.0859375,83.7109375,73.2734375,68.015625,70.0625,70.6796875,64.1796875,57.3515625,52.84375,47.7734375,43.8515625,41.6953125,37.578125,34.6328125,32.171875,30.4609375,28.71875,27.0234375,25.1171875,23.8984375,22.828125,36.765625,60.7421875,55.9375,67.828125,92.234375,92.9296875,81.84375
2008-11-19,105.359375,95.0859375,83.7109375,73.2734375,68.015625,70.0625,70.6796875,64.1796875,57.3515625,52.84375,47.7734375,43.8515625,41.6953125,37.578125,34.6328125,32.171875,30.4609375,28.71875,27.0234375,25.1171875,23.8984375,22.828125,36.765625,60.7421875,55.9375,67.828125,92.234375,92.9296875,81.84375,62.6796875
2008-11-20,95.0859375,83.7109375,73.2734375,68.015625,70.0625,70.6796875,64.1796875,57.3515625,52.84375,47.7734375,43.8515625,41.6953125,37.578125,34.6328125,32.171875,30.4609375,28.71875,27.0234375,25.1171875,23.8984375,22.828125,36.765625,60.7421875,55.9375,67.828125,92.234375,92.9296875,81.84375,62.6796875,47.8046875
2008-11-21,90.6015625,86.2109375,94.453125,98.3828125,100.8203125,91.78125,73.765625,61.5078125,53.53125,48.390625,43.9296875,40.390625,37.40625,35.03125,32.8671875,31.390625,28.6875,26.5625,24.59375,26.7109375,30.59375,28.765625,26.78125,23.609375,21.828125,20.0234375,18.421875,17.1953125,54.8125,100.7890625
2008-11-22,86.2109375,94.453125,98.3828125,100.8203125,91.78125,73.765625,61.5078125,53.53125,48.390625,43.9296875,40.390625,37.40625,35.03125,32.8671875,31.390625,28.6875,26.5625,24.59375,26.7109375,30.59375,28.765625,26.78125,23.609375,21.828125,20.0234375,18.421875,17.1953125,54.8125,100.7890625,84.3515625
2008-11-23,94.453125,98.3828125,100.8203125,91.78125,73.765625,61.5078125,53.53125,48.390625,43.9296875,40.390625,37.40625,35.03125,32.8671875,31.390625,28.6875,26.5625,24.59375,26.7109375,30.59375,28.765625,26.78125,23.609375,21.828125,20.0234375,18.421875,17.1953125,54.8125,100.7890625,84.3515625,65.6171875
2008-11-24,98.3828125,100.8203125,91.78125,73.765625,61.5078125,53.53125,48.390625,43.9296875,40.390625,37.40625,35.03125,32.8671875,31.390625,28.6875,26.5625,24.59375,26.7109375,30.59375,28.765625,26.78125,23.609375,21.828125,20.0234375,18.421875,17.1953125,54.8125,100.7890625,84.3515625,65.6171875,47.09375
2008-11-25,111.2109375,94.0546875,75.65625,63.3671875,54.46875,48.34375,43.9296875,40.3515625,37.4609375,34.59375,32.3828125,30.453125,28.4140625,30.7109375,41.296875,49.53125,60.4296875,66.6953125,50.75,38.6328125,30.9609375,25.8125,21.8125,19.3671875,17.6171875,15.7890625,15.21875,15.5234375,15.0234375,15.5234375
2008-11-26,94.0546875,75.65625,63.3671875,54.46875,48.34375,43.9296875,40.3515625,37.4609375,34.59375,32.3828125,30.453125,28.4140625,30.7109375,41.296875,49.53125,60.4296875,66.6953125,50.75,38.6328125,30.9609375,25.8125,21.8125,19.3671875,17.6171875,15.7890625,15.21875,15.5234375,15.0234375,15.5234375,17.3125
2008-11-27,75.65625,63.3671875,54.46875,48.34375,43.9296875,40.3515625,37.4609375,34.59375,32.3828125,30.453125,28.4140625,30.7109375,41.296875,49.53125,60.4296875,66.6953125,50.75,38.6328125,30.9609375,25.8125,21.8125,19.3671875,17.6171875,15.7890625,15.21875,15.5234375,15.0234375,15.5234375,17.3125,17.640625
2008-11-28,65.4140625,57.875,52.3046875,47.75,44.796875,41.5078125,37.5625,34.2734375,31.9140625,29.4921875,27.40625,26.015625,24.6484375,22.9140625,21.5390625,20.0625,19.2109375,17.640625,16.3359375,15.2578125,14.1875,13.125,12.5234375,11.7734375,11.3359375,11.1953125,10.765625,9.96875,9.3203125,9.1640625
2008-11-29,57.875,52.3046875,47.75,44.796875,41.5078125,37.5625,34.2734375,31.9140625,29.4921875,27.40625,26.015625,24.6484375,22.9140625,21.5390625,20.0625,19.2109375,17.640625,16.3359375,15.2578125,14.1875,13.125,12.5234375,11.7734375,11.3359375,11.1953125,10.765625,9.96875,9.3203125,9.1640625,9.9296875
2008-11-30,52.3046875,47.75,44.796875,41.5078125,37.5625,34.2734375,31.9140625,29.4921875,27.40625,26.015625,24.6484375,22.9140625,21.5390625,20.0625,19.2109375,17.640625,16.3359375,15.2578125,14.1875,13.125,12.5234375,11.7734375,11.3359375,11.1953125,10.765625,9.96875,9.3203125,9.1640625,9.9296875,10.5546875
2008-12-01,47.75,44.796875,41.5078125,37.5625,34.2734375,31.9140625,29.4921875,27.40625,26.015625,24.6484375,22.9140625,21.5390625,20.0625,19.2109375,17.640625,16.3359375,15.2578125,14.1875,13.125,12.5234375,11.7734375,11.3359375,11.1953125,10.765625,9.96875,9.3203125,9.1640625,9.9296875,10.5546875,12.1015625
2008-12-02,47.5546875,43.1484375,39.0703125,37.0234375,35.1875,32.265625,29.7109375,27.875,25.96875,24.2578125,22.4609375,21.2421875,20.125,18.953125,17.859375,16.3046875,15.2734375,14.328125,13.5078125,12.15625,12.2890625,18.28125,24.5859375,22.4765625,18.84375,16.0625,17.0859375,26.671875,34.046875,28.09375
2008-12-03,43.1484375,39.0703125,37.0234375,35.1875,32.265625,29.7109375,27.875,25.96875,24.2578125,22.4609375,21.2421875,20.125,18.953125,17.859375,16.3046875,15.2734375,14.328125,13.5078125,12.15625,12.2890625,18.28125,24.5859375,22.4765625,18.84375,16.0625,17.0859375,26.671875,34.046875,28.09375,21.515625
2008-12-04,39.0703125,37.0234375,35.1875,32.265625,29.7109375,27.875,25.96875,24.2578125,22.4609375,21.2421875,20.125,18.953125,17.859375,16.3046875,15.2734375,14.328125,13.5078125,12.15625,12.2890625,18.28125,24.5859375,22.4765625,18.84375,16.0625,17.0859375,26.671875,34.046875,28.09375,21.515625,16.734375
2008-12-05,35.8671875,34.3203125,31.7109375,29.40625,27.6328125,25.90625,24.2734375,22.6484375,21.015625,19.6015625,18.4609375,17.484375,16.46875,15.8203125,16.09375,26.0703125,105.8515625,147.9765625,105.671875,73.1875,51.609375,36.9921875,28.0859375,22.2578125,18.171875,14.984375,13.2109375,11.703125,10.65625,9.6015625
2008-12-06,34.3203125,31.7109375,29.40625,27.6328125,25.90625,24.2734375,22.6484375,21.015625,19.6015625,18.4609375,17.484375,16.46875,15.8203125,16.09375,26.0703125,105.8515625,147.9765625,105.671875,73.1875,51.609375,36.9921875,28.0859375,22.2578125,18.171875,14.984375,13.2109375,11.703125,10.65625,9.6015625,8.6875
2008-12-07,31.7109375,29.40625,27.6328125,25.90625,24.2734375,22.6484375,21.015625,19.6015625,18.4609375,17.484375,16.46875,15.8203125,16.09375,26.0703125,105.8515625,147.9765625,105.671875,73.1875,51.609375,36.9921875,28.0859375,22.2578125,18.171875,14.984375,13.2109375,11.703125,10.65625,9.6015625,8.6875,7.8984375
2008-12-08,29.40625,27.6328125,25.90625,24.2734375,22.6484375,21.015625,19.6015625,18.4609375,17.484375,16.46875,15.8203125,16.09375,26.0703125,105.8515625,147.9765625,105.671875,73.1875,51.609375,36.9921875,28.0859375,22.2578125,18.171875,14.984375,13.2109375,11.703125,10.65625,9.6015625,8.6875,7.8984375,7.1328125
2008-12-09,29.515625,27.859375,25.890625,24.265625,22.203125,20.5703125,19.25,17.6484375,16.71875,16.0078125,15.0,14.0390625,13.0078125,12.1171875,11.28125,10.6015625,9.5703125,9.296875,9.078125,9.1484375,9.8125,9.671875,8.34375,7.578125,7.0078125,6.53125,6.96875,8.796875,14.046875,27.1015625
2008-12-10,27.859375,25.890625,24.265625,22.203125,20.5703125,19.25,17.6484375,16.71875,16.0078125,15.0,14.0390625,13.0078125,12.1171875,11.28125,10.6015625,9.5703125,9.296875,9.078125,9.1484375,9.8125,9.671875,8.34375,7.578125,7.0078125,6.53125,6.96875,8.796875,14.046875,27.1015625,40.46875
2008-12-11,25.890625,24.265625,22.203125,20.5703125,19.25,17.6484375,16.71875,16.0078125,15.0,14.0390625,13.0078125,12.1171875,11.28125,10.6015625,9.5703125,9.296875,9.078125,9.1484375,9.8125,9.671875,8.34375,7.578125,7.0078125,6.53125,6.96875,8.796875,14.046875,27.1015625,40.46875,39.140625
2008-12-12,24.8828125,23.5234375,21.8828125,20.296875,18.9375,17.6484375,16.5390625,15.3671875,14.5859375,13.640625,12.8515625,20.0078125,54.0390625,92.75,89.0546875,64.4375,45.7265625,33.5859375,26.5390625,21.125,17.609375,14.546875,11.9140625,9.640625,8.6171875,8.21875,7.90625,7.6015625,7.390625,6.8046875
2008-12-13,23.5234375,21.8828125,20.296875,18.9375,17.6484375,16.5390625,15.3671875,14.5859375,13.640625,12.8515625,20.0078125,54.0390625,92.75,89.0546875,64.4375,45.7265625,33.5859375,26.5390625,21.125,17.609375,14.546875,11.9140625,9.640625,8.6171875,8.21875,7.90625,7.6015625,7.390625,6.8046875,7.65625
2008-12-14,21.8828125,20.296875,18.9375,17.6484375,16.5390625,15.3671875,14.5859375,13.640625,12.8515625,20.0078125,54.0390625,92.75,89.0546875,64.4375,45.7265625,33.5859375,26.5390625,21.125,17.609375,14.546875,11.9140625,9.640625,8.6171875,8.21875,7.90625,7.6015625,7.390625,6.8046875,7.65625,11.0
2008-12-15,20.296875,18.9375,17.6484375,16.5390625,15.3671875,14.5859375,13.640625,12.8515625,20.0078125,54.0390625,92.75,89.0546875,64.4375,45.7265625,33.5859375,26.5390625,21.125,17.609375,14.546875,11.9140625,9.640625,8.6171875,8.21875,7.90625,7.6015625,7.390625,6.8046875,7.65625,11.0,21.6875
2008-12-16,19.9140625,18.8828125,17.515625,16.5234375,15.4375,14.2109375,13.0625,11.8515625,11.0078125,10.4140625,9.8515625,10.984375,16.984375,42.4296875,64.375,72.5390625,71.3671875,49.0625,34.1484375,26.296875,23.4375,21.5234375,18.359375,15.1484375,12.453125,10.59375,8.84375,7.34375,6.71875,6.296875
2008-12-17,18.8828125,17.515625,16.5234375,15.4375,14.2109375,13.0625,11.8515625,11.0078125,10.4140625,9.8515625,10.984375,16.984375,42.4296875,64.375,72.5390625,71.3671875,49.0625,34.1484375,26.296875,23.4375,21.5234375,18.359375,15.1484375,12.453125,10.59375,8.84375,7.34375,6.71875,6.296875,5.390625
2008-12-18,17.515625,16.5234375,15.4375,14.2109375,13.0625,11.8515625,11.0078125,10.4140625,9.8515625,10.984375,16.984375,42.4296875,64.375,72.5390625,71.3671875,49.0625,34.1484375,26.296875,23.4375,21.5234375,18.359375,15.1484375,12.453125,10.59375,8.84375,7.34375,6.71875,6.296875,5.390625,4.5
2008-12-19,16.8515625,16.171875,15.3046875,13.875,12.640625,11.65625,11.1015625,10.25,12.34375,20.9375,25.953125,23.265625,20.03125,16.6328125,13.8046875,11.578125,9.9140625,8.96875,10.9921875,20.859375,29.6328125,33.84375,32.59375,25.734375,19.390625,14.953125,11.984375,9.96875,8.6875,7.75
2008-12-20,16.171875,15.3046875,13.875,12.640625,11.65625,11.1015625,10.25,12.34375,20.9375,25.953125,23.265625,20.03125,16.6328125,13.8046875,11.578125,9.9140625,8.96875,10.9921875,20.859375,29.6328125,33.84375,32.59375,25.734375,19.390625,14.953125,11.984375,9.96875,8.6875,7.75,7.6875
2008-12-21,15.3046875,13.875,12.640625,11.65625,11.1015625,10.25,12.34375,20.9375,25.953125,23.265625,20.03125,16.6328125,13.8046875,11.578125,9.9140625,8.96875,10.9921875,20.859375,29.6328125,33.84375,32.59375,25.734375,19.390625,14.953125,11.984375,9.96875,8.6875,7.75,7.6875,9.46875
2008-12-22,13.875,12.640625,11.65625,11.1015625,10.25,12.34375,20.9375,25.953125,23.265625,20.03125,16.6328125,13.8046875,11.578125,9.9140625,8.96875,10.9921875,20.859375,29.6328125,33.84375,32.59375,25.734375,19.390625,14.953125,11.984375,9.96875,8.6875,7.75,7.6875,9.46875,10.640625
2008-12-23,13.421875,12.953125,12.5078125,13.703125,14.0859375,15.8125,19.9921875,22.671875,20.1640625,17.1953125,14.984375,12.7578125,11.40625,10.53125,9.46875,8.796875,9.359375,17.546875,33.34375,32.09375,25.8125,24.640625,40.625,52.703125,40.828125,33.265625,46.90625,117.5,131.546875,82.390625
2008-12-24,12.953125,12.5078125,13.703125,14.0859375,15.8125,19.9921875,22.671875,20.1640625,17.1953125,14.984375,12.7578125,11.40625,10.53125,9.46875,8.796875,9.359375,17.546875,33.34375,32.09375,25.8125,24.640625,40.625,52.703125,40.828125,33.265625,46.90625,117.5,131.546875,82.390625,50.875
2008-12-25,12.5078125,13.703125,14.0859375,15.8125,19.9921875,22.671875,20.1640625,17.1953125,14.984375,12.7578125,11.40625,10.53125,9.46875,8.796875,9.359375,17.546875,33.34375,32.09375,25.8125,24.640625,40.625,52.703125,40.828125,33.265625,46.90625,117.5,131.546875,82.390625,50.875,33.828125
2008-12-26,24.796875,80.8828125,123.953125,129.4140625,128.015625,111.9921875,86.5625,57.0234375,38.7890625,28.828125,23.1875,19.5234375,16.3125,13.40625,10.84375,9.78125,8.921875,7.484375,6.90625,6.75,5.9375,5.328125,5.015625,5.59375,11.328125,21.8125,24.265625,19.953125,15.46875,12.078125
2008-12-27,80.8828125,123.953125,129.4140625,128.015625,111.9921875,86.5625,57.0234375,38.7890625,28.828125,23.1875,19.5234375,16.3125,13.40625,10.84375,9.78125,8.921875,7.484375,6.90625,6.75,5.9375,5.328125,5.015625,5.59375,11.328125,21.8125,24.265625,19.953125,15.46875,12.078125,9.828125
2008-12-28,123.953125,129.4140625,128.015625,111.9921875,86.5625,57.0234375,38.7890625,28.828125,23.1875,19.5234375,16.3125,13.40625,10.84375,9.78125,8.921875,7.484375,6.90625,6.75,5.9375,5.328125,5.015625,5.59375,11.328125,21.8125,24.265625,19.953125,15.46875,12.078125,9.828125,8.03125
2008-12-29,129.4140625,128.015625,111.9921875,86.5625,57.0234375,38.7890625,28.828125,23.1875,19.5234375,16.3125,13.40625,10.84375,9.78125,8.921875,7.484375,6.90625,6.75,5.9375,5.328125,5.015625,5.59375,11.328125,21.8125,24.265625,19.953125,15.46875,12.078125,9.828125,8.03125,7.0
2008-12-30,68.5859375,54.203125,41.0546875,29.640625,22.3046875,17.609375,14.2890625,11.9921875,9.921875,9.3125,9.15625,8.46875,7.90625,7.0,6.359375,5.578125,5.046875,4.671875,4.5625,4.703125,4.890625,4.734375,4.984375,5.5,5.453125,5.515625,5.6875,5.859375,6.09375,5.890625
2008-12-31,54.203125,41.0546875,29.640625,22.3046875,17.609375,14.2890625,11.9921875,9.921875,9.3125,9.15625,8.46875,7.90625,7.0,6.359375,5.578125,5.046875,4.671875,4.5625,4.703125,4.890625,4.734375,4.984375,5.5,5.453125,5.515625,5.6875,5.859375,6.09375,5.890625,5.53125
2009-01-01,41.0546875,29.640625,22.3046875,17.609375,14.2890625,11.9921875,9.921875,9.3125,9.15625,8.46875,7.90625,7.0,6.359375,5.578125,5.046875,4.671875,4.5625,4.703125,4.890625,4.734375,4.984375,5.5,5.453125,5.515625,5.6875,5.859375,6.09375,5.890625,5.53125,6.09375
2009-01-02,29.640625,22.3046875,17.609375,14.2890625,11.9921875,9.921875,9.3125,9.15625,8.46875,7.90625,7.0,6.359375,5.578125,5.046875,4.671875,4.5625,4.703125,4.890625,4.734375,4.984375,5.5,5.453125,5.515625,5.6875,5.859375,6.09375,5.890625,5.53125,6.09375,7.53125
2009-01-03,35.15625,28.0,21.65625,17.3515625,14.4140625,12.3984375,10.28125,9.921875,8.59375,8.296875,11.671875,18.65625,18.28125,15.921875,13.265625,11.140625,9.34375,7.921875,7.703125,10.875,18.515625,19.046875,19.796875,23.203125,21.40625,16.921875,13.53125,11.046875,9.390625,7.703125
2009-01-04,28.0,21.65625,17.3515625,14.4140625,12.3984375,10.28125,9.921875,8.59375,8.296875,11.671875,18.65625,18.28125,15.921875,13.265625,11.140625,9.34375,7.921875,7.703125,10.875,18.515625,19.046875,19.796875,23.203125,21.40625,16.921875,13.53125,11.046875,9.390625,7.703125,6.9375
2009-01-05,21.65625,17.3515625,14.4140625,12.3984375,10.28125,9.921875,8.59375,8.296875,11.671875,18.65625,18.28125,15.921875,13.265625,11.140625,9.34375,7.921875,7.703125,10.875,18.515625,19.046875,19.796875,23.203125,21.40625,16.921875,13.53125,11.046875,9.390625,7.703125,6.9375,6.515625
2009-01-06,17.3515625,14.4140625,12.3984375,10.28125,9.921875,8.59375,8.296875,11.671875,18.65625,18.28125,15.921875,13.265625,11.140625,9.34375,7.921875,7.703125,10.875,18.515625,19.046875,19.796875,23.203125,21.40625,16.921875,13.53125,11.046875,9.390625,7.703125,6.9375,6.515625,6.046875
2009-01-07,13.0546875,10.9296875,9.671875,8.546875,7.703125,6.828125,6.359375,5.984375,5.703125,5.8125,6.03125,6.03125,5.78125,5.328125,6.21875,8.4375,9.609375,9.578125,8.90625,13.859375,25.21875,28.203125,31.3125,27.5,23.953125,24.375,28.296875,24.9375,21.109375,18.84375
2009-01-08,10.9296875,9.671875,8.546875,7.703125,6.828125,6.359375,5.984375,5.703125,5.8125,6.03125,6.03125,5.78125,5.328125,6.21875,8.4375,9.609375,9.578125,8.90625,13.859375,25.21875,28.203125,31.3125,27.5,23.953125,24.375,28.296875,24.9375,21.109375,18.84375,17.875
2009-01-09,9.671875,8.546875,7.703125,6.828125,6.359375,5.984375,5.703125,5.8125,6.03125,6.03125,5.78125,5.328125,6.21875,8.4375,9.609375,9.578125,8.90625,13.859375,25.21875,28.203125,31.3125,27.5,23.953125,24.375,28.296875,24.9375,21.109375,18.84375,17.875,15.375
2009-01-10,8.546875,7.625,7.296875,7.984375,8.0625,7.71875,7.296875,6.875,6.703125,6.796875,6.59375,6.828125,7.421875,7.515625,7.015625,7.421875,9.4375,11.328125,12.375,12.484375,12.15625,11.25,11.859375,13.15625,12.390625,10.9375,9.421875,9.125,10.78125,12.796875
2009-01-11,7.625,7.296875,7.984375,8.0625,7.71875,7.296875,6.875,6.703125,6.796875,6.59375,6.828125,7.421875,7.515625,7.015625,7.421875,9.4375,11.328125,12.375,12.484375,12.15625,11.25,11.859375,13.15625,12.390625,10.9375,9.421875,9.125,10.78125,12.796875,13.25
2009-01-12,7.296875,7.984375,8.0625,7.71875,7.296875,6.875,6.703125,6.796875,6.59375,6.828125,7.421875,7.515625,7.015625,7.421875,9.4375,11.328125,12.375,12.484375,12.15625,11.25,11.859375,13.15625,12.390625,10.9375,9.421875,9.125,10.78125,12.796875,13.25,11.828125
2009-01-13,7.984375,8.0625,7.71875,7.296875,6.875,6.703125,6.796875,6.59375,6.828125,7.421875,7.515625,7.015625,7.421875,9.4375,11.328125,12.375,12.484375,12.15625,11.25,11.859375,13.15625,12.390625,10.9375,9.421875,9.125,10.78125,12.796875,13.25,11.828125,10.296875
2009-01-14,5.34375,5.046875,4.921875,4.953125,5.015625,5.03125,4.9375,4.6875,4.59375,4.8125,5.3125,6.03125,8.6875,16.953125,22.421875,19.390625,15.703125,12.796875,10.84375,9.328125,8.359375,7.5625,7.234375,7.375,8.421875,10.5625,9.5,8.265625,7.046875,6.53125
2009-01-15,5.046875,4.921875,4.953125,5.015625,5.03125,4.9375,4.6875,4.59375,4.8125,5.3125,6.03125,8.6875,16.953125,22.421875,19.390625,15.703125,12.796875,10.84375,9.328125,8.359375,7.5625,7.234375,7.375,8.421875,10.5625,9.5,8.265625,7.046875,6.53125,6.15625
2009-01-16,4.921875,4.953125,5.015625,5.03125,4.9375,4.6875,4.59375,4.8125,5.3125,6.03125,8.6875,16.953125,22.421875,19.390625,15.703125,12.796875,10.84375,9.328125,8.359375,7.5625,7.234375,7.375,8.421875,10.5625,9.5,8.265625,7.046875,6.53125,6.15625,5.28125
2009-01-17,4.4375,4.515625,4.6875,4.765625,4.59375,5.125,6.390625,7.90625,8.40625,8.421875,8.25,8.921875,10.109375,9.890625,9.0,8.46875,8.734375,11.03125,15.28125,18.265625,17.5,16.828125,17.03125,16.671875,14.421875,12.078125,9.984375,8.765625,7.703125,6.515625
2009-01-18,4.515625,4.6875,4.765625,4.59375,5.125,6.390625,7.90625,8.40625,8.421875,8.25,8.921875,10.109375,9.890625,9.0,8.46875,8.734375,11.03125,15.28125,18.265625,17.5,16.828125,17.03125,16.671875,14.421875,12.078125,9.984375,8.765625,7.703125,6.515625,6.0625
2009-01-19,4.6875,4.765625,4.59375,5.125,6.390625,7.90625,8.40625,8.421875,8.25,8.921875,10.109375,9.890625,9.0,8.46875,8.734375,11.03125,15.28125,18.265625,17.5,16.828125,17.03125,16.671875,14.421875,12.078125,9.984375,8.765625,7.703125,6.515625,6.0625,6.078125
2009-01-20,4.765625,4.59375,5.125,6.390625,7.90625,8.40625,8.421875,8.25,8.921875,10.109375,9.890625,9.0,8.46875,8.734375,11.03125,15.28125,18.265625,17.5,16.828125,17.03125,16.671875,14.421875,12.078125,9.984375,8.765625,7.703125,6.515625,6.0625,6.078125,6.328125
2009-01-21,4.625,4.6875,4.4375,3.96875,4.078125,4.21875,4.140625,4.109375,4.25,4.3125,4.1875,4.21875,4.28125,6.609375,14.703125,21.234375,22.796875,21.578125,22.15625,25.578125,36.484375,52.75,48.921875,56.53125,83.796875,76.609375,51.984375,36.734375,31.671875,30.890625
2009-01-22,4.6875,4.4375,3.96875,4.078125,4.21875,4.140625,4.109375,4.25,4.3125,4.1875,4.21875,4.28125,6.609375,14.703125,21.234375,22.796875,21.578125,22.15625,25.578125,36.484375,52.75,48.921875,56.53125,83.796875,76.609375,51.984375,36.734375,31.671875,30.890625,26.40625
2009-01-23,4.4375,3.96875,4.078125,4.21875,4.140625,4.109375,4.25,4.3125,4.1875,4.21875,4.28125,6.609375,14.703125,21.234375,22.796875,21.578125,22.15625,25.578125,36.484375,52.75,48.921875,56.53125,83.796875,76.609375,51.984375,36.734375,31.671875,30.890625,26.40625,21.015625
2009-01-24,9.984375,22.359375,22.265625,18.375,14.890625,12.734375,11.109375,9.828125,8.734375,8.015625,6.875,6.21875,6.359375,7.21875,8.28125,9.515625,9.84375,9.078125,8.046875,6.828125,6.296875,5.828125,5.546875,5.890625,7.703125,9.203125,11.671875,16.703125,20.84375,21.6875
2009-01-25,22.359375,22.265625,18.375,14.890625,12.734375,11.109375,9.828125,8.734375,8.015625,6.875,6.21875,6.359375,7.21875,8.28125,9.515625,9.84375,9.078125,8.046875,6.828125,6.296875,5.828125,5.546875,5.890625,7.703125,9.203125,11.671875,16.703125,20.84375,21.6875,18.03125
2009-01-26,22.265625,18.375,14.890625,12.734375,11.109375,9.828125,8.734375,8.015625,6.875,6.21875,6.359375,7.21875,8.28125,9.515625,9.84375,9.078125,8.046875,6.828125,6.296875,5.828125,5.546875,5.890625,7.703125,9.203125,11.671875,16.703125,20.84375,21.6875,18.03125,15.4375
2009-01-27,18.375,14.890625,12.734375,11.109375,9.828125,8.734375,8.015625,6.875,6.21875,6.359375,7.21875,8.28125,9.515625,9.84375,9.078125,8.046875,6.828125,6.296875,5.828125,5.546875,5.890625,7.703125,9.203125,11.671875,16.703125,20.84375,21.6875,18.03125,15.4375,18.3125
2009-01-28,17.484375,14.1875,11.6875,10.046875,8.46875,7.578125,6.703125,6.0625,5.875,5.4375,5.296875,5.109375,4.875,4.640625,4.359375,4.359375,4.59375,5.5,8.9375,12.1875,12.875,11.46875,9.03125,7.34375,6.75,6.09375,5.96875,5.65625,8.46875,32.28125
2009-01-29,14.1875,11.6875,10.046875,8.46875,7.578125,6.703125,6.0625,5.875,5.4375,5.296875,5.109375,4.875,4.640625,4.359375,4.359375,4.59375,5.5,8.9375,12.1875,12.875,11.46875,9.03125,7.34375,6.75,6.09375,5.96875,5.65625,8.46875,32.28125,59.0
2009-01-30,11.6875,10.046875,8.46875,7.578125,6.703125,6.0625,5.875,5.4375,5.296875,5.109375,4.875,4.640625,4.359375,4.359375,4.59375,5.5,8.9375,12.1875,12.875,11.46875,9.03125,7.34375,6.75,6.09375,5.96875,5.65625,8.46875,32.28125,59.0,61.5
2009-01-31,12.0625,10.75,9.21875,8.171875,7.59375,7.828125,8.296875,10.421875,16.484375,22.390625,38.4375,47.0,35.515625,25.5625,18.703125,14.484375,12.59375,12.140625,11.78125,10.71875,12.53125,17.375,18.40625,16.5,14.375,12.625,11.0,10.0625,9.34375,10.125
2009-02-01,10.75,9.21875,8.171875,7.59375,7.828125,8.296875,10.421875,16.484375,22.390625,38.4375,47.0,35.515625,25.5625,18.703125,14.484375,12.59375,12.140625,11.78125,10.71875,12.53125,17.375,18.40625,16.5,14.375,12.625,11.0,10.0625,9.34375,10.125,15.34375
2009-02-02,9.21875,8.171875,7.59375,7.828125,8.296875,10.421875,16.484375,22.390625,38.4375,47.0,35.515625,25.5625,18.703125,14.484375,12.59375,12.140625,11.78125,10.71875,12.53125,17.375,18.40625,16.5,14.375,12.625,11.0,10.0625,9.34375,10.125,15.34375,17.625
2009-02-03,8.171875,7.59375,7.828125,8.296875,10.421875,16.484375,22.390625,38.4375,47.0,35.515625,25.5625,18.703125,14.484375,12.59375,12.140625,11.78125,10.71875,12.53125,17.375,18.40625,16.5,14.375,12.625,11.0,10.0625,9.34375,10.125,15.34375,17.625,15.375
2009-02-04,10.09375,9.4375,9.265625,10.28125,10.203125,10.0625,65.734375,116.171875,86.875,65.421875,48.03125,43.828125,82.46875,110.03125,92.296875,72.140625,59.984375,49.390625,37.625,29.34375,22.875,21.71875,40.5625,57.46875,44.28125,31.59375,24.75,20.78125,18.65625,20.84375
2009-02-05,9.4375,9.265625,10.28125,10.203125,10.0625,65.734375,116.171875,86.875,65.421875,48.03125,43.828125,82.46875,110.03125,92.296875,72.140625,59.984375,49.390625,37.625,29.34375,22.875,21.71875,40.5625,57.46875,44.28125,31.59375,24.75,20.78125,18.65625,20.84375,21.59375
2009-02-06,9.265625,10.28125,10.203125,10.0625,65.734375,116.171875,86.875,65.421875,48.03125,43.828125,82.46875,110.03125,92.296875,72.140625,59.984375,49.390625,37.625,29.34375,22.875,21.71875,40.5625,57.46875,44.28125,31.59375,24.75,20.78125,18.65625,20.84375,21.59375,19.59375
2009-02-07,10.921875,10.234375,8.734375,7.90625,11.390625,62.09375,166.46875,146.609375,85.65625,52.984375,36.75,40.21875,52.1875,50.96875,43.65625,31.375,25.28125,24.59375,24.1875,26.875,42.0,47.46875,34.875,26.03125,21.78125,20.0625,18.40625,15.84375,13.6875,12.65625
2009-02-08,10.234375,8.734375,7.90625,11.390625,62.09375,166.46875,146.609375,85.65625,52.984375,36.75,40.21875,52.1875,50.96875,43.65625,31.375,25.28125,24.59375,24.1875,26.875,42.0,47.46875,34.875,26.03125,21.78125,20.0625,18.40625,15.84375,13.6875,12.65625,12.0625
2009-02-09,8.734375,7.90625,11.390625,62.09375,166.46875,146.609375,85.65625,52.984375,36.75,40.21875,52.1875,50.96875,43.65625,31.375,25.28125,24.59375,24.1875,26.875,42.0,47.46875,34.875,26.03125,21.78125,20.0625,18.40625,15.84375,13.6875,12.65625,12.0625,12.0
2009-02-10,7.90625,11.390625,62.09375,166.46875,146.609375,85.65625,52.984375,36.75,40.21875,52.1875,50.96875,43.65625,31.375,25.28125,24.59375,24.1875,26.875,42.0,47.46875,34.875,26.03125,21.78125,20.0625,18.40625,15.84375,13.6875,12.65625,12.0625,12.0,13.28125
2009-02-11,9.109375,28.96875,48.5,44.03125,41.59375,46.0625,50.875,46.625,60.78125,61.40625,44.0,31.46875,22.4375,16.875,13.3125,10.90625,11.59375,18.375,22.46875,22.8125,19.65625,16.25,14.53125,15.3125,18.5625,19.375,25.28125,42.1875,53.03125,45.90625
2009-02-12,28.96875,48.5,44.03125,41.59375,46.0625,50.875,46.625,60.78125,61.40625,44.0,31.46875,22.4375,16.875,13.3125,10.90625,11.59375,18.375,22.46875,22.8125,19.65625,16.25,14.53125,15.3125,18.5625,19.375,25.28125,42.1875,53.03125,45.90625,43.25
2009-02-13,48.5,44.03125,41.59375,46.0625,50.875,46.625,60.78125,61.40625,44.0,31.46875,22.4375,16.875,13.3125,10.90625,11.59375,18.375,22.46875,22.8125,19.65625,16.25,14.53125,15.3125,18.5625,19.375,25.28125,42.1875,53.03125,45.90625,43.25,59.375
2009-02-14,17.90625,17.4375,17.390625,22.375,29.875,26.15625,21.1875,17.5,15.375,15.8125,16.09375,19.59375,34.84375,44.9375,37.78125,28.53125,27.96875,27.65625,21.75,16.90625,13.71875,11.21875,9.375,7.875,6.96875,6.84375,7.03125,10.3125,18.9375,22.625
2009-02-15,17.4375,17.390625,22.375,29.875,26.15625,21.1875,17.5,15.375,15.8125,16.09375,19.59375,34.84375,44.9375,37.78125,28.53125,27.96875,27.65625,21.75,16.90625,13.71875,11.21875,9.375,7.875,6.96875,6.84375,7.03125,10.3125,18.9375,22.625,37.03125
2009-02-16,17.390625,22.375,29.875,26.15625,21.1875,17.5,15.375,15.8125,16.09375,19.59375,34.84375,44.9375,37.78125,28.53125,27.96875,27.65625,21.75,16.90625,13.71875,11.21875,9.375,7.875,6.96875,6.84375,7.03125,10.3125,18.9375,22.625,37.03125,54.75
2009-02-17,22.375,29.875,26.15625,21.1875,17.5,15.375,15.8125,16.09375,19.59375,34.84375,44.9375,37.78125,28.53125,27.96875,27.65625,21.75,16.90625,13.71875,11.21875,9.375,7.875,6.96875,6.84375,7.03125,10.3125,18.9375,22.625,37.03125,54.75,61.375
2009-02-18,78.71875,60.125,51.40625,65.84375,63.0625,42.9375,30.40625,24.1875,20.96875,30.84375,61.71875,64.40625,45.65625,31.8125,23.40625,31.5,56.5,58.8125,82.40625,106.0,87.03125,62.59375,42.40625,29.90625,21.53125,16.1875,12.6875,10.15625,8.4375,7.15625
2009-02-19,60.125,51.40625,65.84375,63.0625,42.9375,30.40625,24.1875,20.96875,30.84375,61.71875,64.40625,45.65625,31.8125,23.40625,31.5,56.5,58.8125,82.40625,106.0,87.03125,62.59375,42.40625,29.90625,21.53125,16.1875,12.6875,10.15625,8.4375,7.15625,6.75
2009-02-20,51.40625,65.84375,63.0625,42.9375,30.40625,24.1875,20.96875,30.84375,61.71875,64.40625,45.65625,31.8125,23.40625,31.5,56.5,58.8125,82.40625,106.0,87.03125,62.59375,42.40625,29.90625,21.53125,16.1875,12.6875,10.15625,8.4375,7.15625,6.75,7.46875
2009-02-21,38.96875,30.34375,25.71875,23.375,19.46875,16.28125,16.46875,24.09375,32.71875,30.5625,40.28125,61.125,63.8125,53.25,40.03125,30.5,26.15625,22.625,19.21875,16.0625,13.3125,10.40625,8.5,9.65625,14.0,15.90625,15.875,14.125,11.46875,9.125
2009-02-22,30.34375,25.71875,23.375,19.46875,16.28125,16.46875,24.09375,32.71875,30.5625,40.28125,61.125,63.8125,53.25,40.03125,30.5,26.15625,22.625,19.21875,16.0625,13.3125,10.40625,8.5,9.65625,14.0,15.90625,15.875,14.125,11.46875,9.125,8.125
2009-02-23,25.71875,23.375,19.46875,16.28125,16.46875,24.09375,32.71875,30.5625,40.28125,61.125,63.8125,53.25,40.03125,30.5,26.15625,22.625,19.21875,16.0625,13.3125,10.40625,8.5,9.65625,14.0,15.90625,15.875,14.125,11.46875,9.125,8.125,8.5
2009-02-24,23.375,19.46875,16.28125,16.46875,24.09375,32.71875,30.5625,40.28125,61.125,63.8125,53.25,40.03125,30.5,26.15625,22.625,19.21875,16.0625,13.3125,10.40625,8.5,9.65625,14.0,15.90625,15.875,14.125,11.46875,9.125,8.125,8.5,9.0
2009-02-25,16.90625,14.09375,20.65625,102.84375,130.0625,80.5,49.46875,35.0625,31.4375,28.0625,24.46875,25.625,24.96875,21.5625,29.5625,42.0625,33.71875,25.25,20.15625,15.65625,11.9375,10.28125,9.40625,9.0,9.4375,73.25,122.75,76.875,54.0625,89.71875
2009-02-26,14.09375,20.65625,102.84375,130.0625,80.5,49.46875,35.0625,31.4375,28.0625,24.46875,25.625,24.96875,21.5625,29.5625,42.0625,33.71875,25.25,20.15625,15.65625,11.9375,10.28125,9.40625,9.0,9.4375,73.25,122.75,76.875,54.0625,89.71875,108.84375
2009-02-27,20.65625,102.84375,130.0625,80.5,49.46875,35.0625,31.4375,28.0625,24.46875,25.625,24.96875,21.5625,29.5625,42.0625,33.71875,25.25,20.15625,15.65625,11.9375,10.28125,9.40625,9.0,9.4375,73.25,122.75,76.875,54.0625,89.71875,108.84375,79.71875
2009-02-28,52.9375,83.6875,56.71875,40.28125,36.90625,48.625,62.09375,65.28125,59.5625,47.71875,35.90625,27.6875,22.84375,19.8125,18.28125,15.5,12.65625,10.3125,8.34375,7.03125,16.25,45.53125,64.5,75.03125,66.46875,46.125,36.3125,37.03125,35.375,41.28125
2009-03-01,83.6875,56.71875,40.28125,36.90625,48.625,62.09375,65.28125,59.5625,47.71875,35.90625,27.6875,22.84375,19.8125,18.28125,15.5,12.65625,10.3125,8.34375,7.03125,16.25,45.53125,64.5,75.03125,66.46875,46.125,36.3125,37.03125,35.375,41.28125,57.5
2009-03-02,56.71875,40.28125,36.90625,48.625,62.09375,65.28125,59.5625,47.71875,35.90625,27.6875,22.84375,19.8125,18.28125,15.5,12.65625,10.3125,8.34375,7.03125,16.25,45.53125,64.5,75.03125,66.46875,46.125,36.3125,37.03125,35.375,41.28125,57.5,66.125
2009-03-03,40.28125,36.90625,48.625,62.09375,65.28125,59.5625,47.71875,35.90625,27.6875,22.84375,19.8125,18.28125,15.5,12.65625,10.3125,8.34375,7.03125,16.25,45.53125,64.5,75.03125,66.46875,46.125,36.3125,37.03125,35.375,41.28125,57.5,66.125,64.21875
2009-03-04,28.90625,37.5,37.5625,50.0,71.40625,105.21875,115.0,87.15625,59.09375,38.875,27.15625,21.0,17.34375,17.90625,26.375,31.5625,28.34375,25.9375,24.96875,20.15625,15.8125,12.8125,10.3125,10.78125,14.75,16.0,17.1875,19.59375,31.375,42.34375
2009-03-05,37.5,37.5625,50.0,71.40625,105.21875,115.0,87.15625,59.09375,38.875,27.15625,21.0,17.34375,17.90625,26.375,31.5625,28.34375,25.9375,24.96875,20.15625,15.8125,12.8125,10.3125,10.78125,14.75,16.0,17.1875,19.59375,31.375,42.34375,40.59375
2009-03-06,37.5625,50.0,71.40625,105.21875,115.0,87.15625,59.09375,38.875,27.15625,21.0,17.34375,17.90625,26.375,31.5625,28.34375,25.9375,24.96875,20.15625,15.8125,12.8125,10.3125,10.78125,14.75,16.0,17.1875,19.59375,31.375,42.34375,40.59375,38.875
2009-03-07,63.875,77.9375,81.125,77.90625,60.34375,40.5625,32.90625,33.53125,30.78125,25.125,20.71875,26.53125,57.0625,82.875,108.90625,118.40625,128.5,113.90625,76.28125,52.8125,39.5,30.625,23.25,19.46875,17.5,17.4375,21.53125,26.875,33.84375,41.3125
2009-03-08,77.9375,81.125,77.90625,60.34375,40.5625,32.90625,33.53125,30.78125,25.125,20.71875,26.53125,57.0625,82.875,108.90625,118.40625,128.5,113.90625,76.28125,52.8125,39.5,30.625,23.25,19.46875,17.5,17.4375,21.53125,26.875,33.84375,41.3125,52.0
2009-03-09,81.125,77.90625,60.34375,40.5625,32.90625,33.53125,30.78125,25.125,20.71875,26.53125,57.0625,82.875,108.90625,118.40625,128.5,113.90625,76.28125,52.8125,39.5,30.625,23.25,19.46875,17.5,17.4375,21.53125,26.875,33.84375,41.3125,52.0,72.25
2009-03-10,77.90625,60.34375,40.5625,32.90625,33.53125,30.78125,25.125,20.71875,26.53125,57.0625,82.875,108.90625,118.40625,128.5,113.90625,76.28125,52.8125,39.5,30.625,23.25,19.46875,17.5,17.4375,21.53125,26.875,33.84375,41.3125,52.0,72.25,75.0625
2009-03-11,75.90625,58.25,52.0,43.53125,32.15625,23.125,18.03125,54.21875,100.28125,102.65625,98.8125,82.875,65.75,51.75,44.0625,40.15625,35.84375,46.28125,54.40625,53.5625,59.625,55.78125,67.28125,84.625,90.59375,81.3125,59.25,41.03125,31.21875,26.1875
2009-03-12,58.25,52.0,43.53125,32.15625,23.125,18.03125,54.21875,100.28125,102.65625,98.8125,82.875,65.75,51.75,44.0625,40.15625,35.84375,46.28125,54.40625,53.5625,59.625,55.78125,67.28125,84.625,90.59375,81.3125,59.25,41.03125,31.21875,26.1875,22.8125
2009-03-13,52.0,43.53125,32.15625,23.125,18.03125,54.21875,100.28125,102.65625,98.8125,82.875,65.75,51.75,44.0625,40.15625,35.84375,46.28125,54.40625,53.5625,59.625,55.78125,67.28125,84.625,90.59375,81.3125,59.25,41.03125,31.21875,26.1875,22.8125,24.4375
2009-03-14,56.46875,46.09375,57.96875,105.9375,121.4375,114.84375,93.75,69.03125,59.09375,65.75,68.40625,61.34375,48.53125,33.5625,23.59375,17.875,15.46875,14.625,13.59375,12.75,12.46875,11.28125,10.25,12.8125,23.84375,40.75,48.0,36.34375,31.46875,40.15625
2009-03-15,46.09375,57.96875,105.9375,121.4375,114.84375,93.75,69.03125,59.09375,65.75,68.40625,61.34375,48.53125,33.5625,23.59375,17.875,15.46875,14.625,13.59375,12.75,12.46875,11.28125,10.25,12.8125,23.84375,40.75,48.0,36.34375,31.46875,40.15625,57.0625
2009-03-16,57.96875,105.9375,121.4375,114.84375,93.75,69.03125,59.09375,65.75,68.40625,61.34375,48.53125,33.5625,23.59375,17.875,15.46875,14.625,13.59375,12.75,12.46875,11.28125,10.25,12.8125,23.84375,40.75,48.0,36.34375,31.46875,40.15625,57.0625,59.3125
2009-03-17,105.9375,121.4375,114.84375,93.75,69.03125,59.09375,65.75,68.40625,61.34375,48.53125,33.5625,23.59375,17.875,15.46875,14.625,13.59375,12.75,12.46875,11.28125,10.25,12.8125,23.84375,40.75,48.0,36.34375,31.46875,40.15625,57.0625,59.3125,47.15625
2009-03-18,142.5,114.03125,82.71875,59.03125,40.1875,36.53125,42.90625,38.8125,32.8125,32.3125,31.21875,30.46875,27.90625,22.90625,26.5,38.625,46.96875,44.125,45.90625,68.0,75.78125,66.65625,56.9375,44.75,35.4375,28.46875,35.625,59.71875,68.78125,61.375
2009-03-19,114.03125,82.71875,59.03125,40.1875,36.53125,42.90625,38.8125,32.8125,32.3125,31.21875,30.46875,27.90625,22.90625,26.5,38.625,46.96875,44.125,45.90625,68.0,75.78125,66.65625,56.9375,44.75,35.4375,28.46875,35.625,59.71875,68.78125,61.375,53.90625
2009-03-20,82.71875,59.03125,40.1875,36.53125,42.90625,38.8125,32.8125,32.3125,31.21875,30.46875,27.90625,22.90625,26.5,38.625,46.96875,44.125,45.90625,68.0,75.78125,66.65625,56.9375,44.75,35.4375,28.46875,35.625,59.71875,68.78125,61.375,53.90625,80.84375
2009-03-21,78.5625,56.34375,45.8125,41.3125,43.5625,47.25,38.03125,27.21875,21.28125,19.71875,21.0625,28.6875,35.25,33.71875,28.53125,22.96875,22.65625,28.4375,31.90625,31.78125,29.65625,39.0625,52.28125,45.5,43.09375,35.40625,27.40625,21.96875,17.78125,16.71875
2009-03-22,56.34375,45.8125,41.3125,43.5625,47.25,38.03125,27.21875,21.28125,19.71875,21.0625,28.6875,35.25,33.71875,28.53125,22.96875,22.65625,28.4375,31.90625,31.78125,29.65625,39.0625,52.28125,45.5,43.09375,35.40625,27.40625,21.96875,17.78125,16.71875,18.84375
2009-03-23,45.8125,41.3125,43.5625,47.25,38.03125,27.21875,21.28125,19.71875,21.0625,28.6875,35.25,33.71875,28.53125,22.96875,22.65625,28.4375,31.90625,31.78125,29.65625,39.0625,52.28125,45.5,43.09375,35.40625,27.40625,21.96875,17.78125,16.71875,18.84375,16.8125
2009-03-24,41.3125,43.5625,47.25,38.03125,27.21875,21.28125,19.71875,21.0625,28.6875,35.25,33.71875,28.53125,22.96875,22.65625,28.4375,31.90625,31.78125,29.65625,39.0625,52.28125,45.5,43.09375,35.40625,27.40625,21.96875,17.78125,16.71875,18.84375,16.8125,17.15625
2009-03-25,30.8125,27.46875,24.3125,19.5,15.0,13.21875,16.15625,18.0,16.4375,22.71875,41.0,44.3125,35.625,30.40625,29.375,24.0,19.0625,18.9375,21.28125,18.6875,18.03125,20.96875,21.0625,21.15625,24.6875,34.875,47.28125,58.8125,85.65625,120.46875
2009-03-26,27.46875,24.3125,19.5,15.0,13.21875,16.15625,18.0,16.4375,22.71875,41.0,44.3125,35.625,30.40625,29.375,24.0,19.0625,18.9375,21.28125,18.6875,18.03125,20.96875,21.0625,21.15625,24.6875,34.875,47.28125,58.8125,85.65625,120.46875,117.1875
2009-03-27,24.3125,19.5,15.0,13.21875,16.15625,18.0,16.4375,22.71875,41.0,44.3125,35.625,30.40625,29.375,24.0,19.0625,18.9375,21.28125,18.6875,18.03125,20.96875,21.0625,21.15625,24.6875,34.875,47.28125,58.8125,85.65625,120.46875,117.1875,83.1875
2009-03-28,26.6875,27.96875,41.375,44.5625,37.21875,36.8125,36.71875,29.65625,28.0625,58.40625,95.84375,104.5625,114.28125,119.4375,111.375,98.03125,81.75,68.65625,77.625,90.5625,85.3125,67.9375,58.6875,54.15625,48.53125,47.96875,42.78125,41.21875,53.9375,64.96875
2009-03-29,27.96875,41.375,44.5625,37.21875,36.8125,36.71875,29.65625,28.0625,58.40625,95.84375,104.5625,114.28125,119.4375,111.375,98.03125,81.75,68.65625,77.625,90.5625,85.3125,67.9375,58.6875,54.15625,48.53125,47.96875,42.78125,41.21875,53.9375,64.96875,61.71875
2009-03-30,41.375,44.5625,37.21875,36.8125,36.71875,29.65625,28.0625,58.40625,95.84375,104.5625,114.28125,119.4375,111.375,98.03125,81.75,68.65625,77.625,90.5625,85.3125,67.9375,58.6875,54.15625,48.53125,47.96875,42.78125,41.21875,53.9375,64.96875,61.71875,48.09375
2009-03-31,44.5625,37.21875,36.8125,36.71875,29.65625,28.0625,58.40625,95.84375,104.5625,114.28125,119.4375,111.375,98.03125,81.75,68.65625,77.625,90.5625,85.3125,67.9375,58.6875,54.15625,48.53125,47.96875,42.78125,41.21875,53.9375,64.96875,61.71875,48.09375,37.84375
2009-04-01,117.4375,83.0,60.0,55.0625,68.9375,96.875,98.09375,74.5625,55.3125,40.125,34.875,40.6875,46.125,41.5625,31.75,23.1875,18.375,17.25,19.0,24.9375,47.0,58.25,47.09375,39.875,33.0625,30.65625,35.15625,45.4375,57.375,59.59375
2009-04-02,83.0,60.0,55.0625,68.9375,96.875,98.09375,74.5625,55.3125,40.125,34.875,40.6875,46.125,41.5625,31.75,23.1875,18.375,17.25,19.0,24.9375,47.0,58.25,47.09375,39.875,33.0625,30.65625,35.15625,45.4375,57.375,59.59375,55.125
2009-04-03,60.0,55.0625,68.9375,96.875,98.09375,74.5625,55.3125,40.125,34.875,40.6875,46.125,41.5625,31.75,23.1875,18.375,17.25,19.0,24.9375,47.0,58.25,47.09375,39.875,33.0625,30.65625,35.15625,45.4375,57.375,59.59375,55.125,49.5
2009-04-04,68.78125,59.75,93.1875,106.28125,77.15625,66.71875,71.625,71.40625,60.0,61.4375,66.375,84.71875,96.28125,77.25,55.8125,43.53125,41.09375,63.0,102.6875,103.21875,80.21875,75.625,77.21875,69.5625,61.34375,52.90625,51.09375,53.84375,55.9375,56.28125
2009-04-05,59.75,93.1875,106.28125,77.15625,66.71875,71.625,71.40625,60.0,61.4375,66.375,84.71875,96.28125,77.25,55.8125,43.53125,41.09375,63.0,102.6875,103.21875,80.21875,75.625,77.21875,69.5625,61.34375,52.90625,51.09375,53.84375,55.9375,56.28125,74.6875
2009-04-06,93.1875,106.28125,77.15625,66.71875,71.625,71.40625,60.0,61.4375,66.375,84.71875,96.28125,77.25,55.8125,43.53125,41.09375,63.0,102.6875,103.21875,80.21875,75.625,77.21875,69.5625,61.34375,52.90625,51.09375,53.84375,55.9375,56.28125,74.6875,123.25
2009-04-07,106.28125,77.15625,66.71875,71.625,71.40625,60.0,61.4375,66.375,84.71875,96.28125,77.25,55.8125,43.53125,41.09375,63.0,102.6875,103.21875,80.21875,75.625,77.21875,69.5625,61.34375,52.90625,51.09375,53.84375,55.9375,56.28125,74.6875,123.25,130.46875
2009-04-08,120.53125,85.21875,91.65625,99.71875,84.46875,66.4375,62.21875,72.21875,79.28125,91.53125,93.96875,92.125,115.96875,171.3125,210.96875,195.5625,153.125,108.59375,78.53125,63.34375,54.21875,50.21875,44.625,34.625,29.78125,27.09375,27.46875,30.53125,33.875,40.375
2009-04-09,85.21875,91.65625,99.71875,84.46875,66.4375,62.21875,72.21875,79.28125,91.53125,93.96875,92.125,115.96875,171.3125,210.96875,195.5625,153.125,108.59375,78.53125,63.34375,54.21875,50.21875,44.625,34.625,29.78125,27.09375,27.46875,30.53125,33.875,40.375,44.46875
2009-04-10,91.65625,99.71875,84.46875,66.4375,62.21875,72.21875,79.28125,91.53125,93.96875,92.125,115.96875,171.3125,210.96875,195.5625,153.125,108.59375,78.53125,63.34375,54.21875,50.21875,44.625,34.625,29.78125,27.09375,27.46875,30.53125,33.875,40.375,44.46875,86.65625
2009-04-11,60.03125,61.625,56.71875,49.75,43.1875,42.625,37.53125,34.875,111.46875,142.40625,106.5,111.4375,134.4375,141.34375,129.875,150.875,140.84375,109.25,108.09375,142.3125,143.1875,110.78125,81.71875,64.375,56.0625,64.3125,93.78125,114.5,111.71875,97.90625
2009-04-12,61.625,56.71875,49.75,43.1875,42.625,37.53125,34.875,111.46875,142.40625,106.5,111.4375,134.4375,141.34375,129.875,150.875,140.84375,109.25,108.09375,142.3125,143.1875,110.78125,81.71875,64.375,56.0625,64.3125,93.78125,114.5,111.71875,97.90625,97.59375
2009-04-13,56.71875,49.75,43.1875,42.625,37.53125,34.875,111.46875,142.40625,106.5,111.4375,134.4375,141.34375,129.875,150.875,140.84375,109.25,108.09375,142.3125,143.1875,110.78125,81.71875,64.375,56.0625,64.3125,93.78125,114.5,111.71875,97.90625,97.59375,98.125
2009-04-14,49.75,43.1875,42.625,37.53125,34.875,111.46875,142.40625,106.5,111.4375,134.4375,141.34375,129.875,150.875,140.84375,109.25,108.09375,142.3125,143.1875,110.78125,81.71875,64.375,56.0625,64.3125,93.78125,114.5,111.71875,97.90625,97.59375,98.125,90.15625
2009-04-15,67.78125,60.5,45.75,46.75,48.21875,43.71875,46.71875,44.0,32.5625,24.6875,25.4375,36.65625,55.40625,82.3125,97.8125,83.09375,69.875,70.9375,89.78125,103.40625,120.0625,128.53125,132.71875,151.6875,128.53125,87.59375,66.1875,61.5625,59.46875,66.25
2009-04-16,60.5,45.75,46.75,48.21875,43.71875,46.71875,44.0,32.5625,24.6875,25.4375,36.65625,55.40625,82.3125,97.8125,83.09375,69.875,70.9375,89.78125,103.40625,120.0625,128.53125,132.71875,151.6875,128.53125,87.59375,66.1875,61.5625,59.46875,66.25,75.28125
2009-04-17,45.75,46.75,48.21875,43.71875,46.71875,44.0,32.5625,24.6875,25.4375,36.65625,55.40625,82.3125,97.8125,83.09375,69.875,70.9375,89.78125,103.40625,120.0625,128.53125,132.71875,151.6875,128.53125,87.59375,66.1875,61.5625,59.46875,66.25,75.28125,67.59375
2009-04-18,33.71875,29.375,36.5,40.6875,35.75,35.21875,61.0,119.5625,162.4375,136.5625,91.15625,62.375,43.6875,42.3125,52.9375,66.4375,102.78125,125.84375,126.84375,132.25,117.6875,90.34375,66.34375,55.21875,65.90625,67.84375,58.15625,52.34375,48.0,47.6875
2009-04-19,29.375,36.5,40.6875,35.75,35.21875,61.0,119.5625,162.4375,136.5625,91.15625,62.375,43.6875,42.3125,52.9375,66.4375,102.78125,125.84375,126.84375,132.25,117.6875,90.34375,66.34375,55.21875,65.90625,67.84375,58.15625,52.34375,48.0,47.6875,47.28125
2009-04-20,36.5,40.6875,35.75,35.21875,61.0,119.5625,162.4375,136.5625,91.15625,62.375,43.6875,42.3125,52.9375,66.4375,102.78125,125.84375,126.84375,132.25,117.6875,90.34375,66.34375,55.21875,65.90625,67.84375,58.15625,52.34375,48.0,47.6875,47.28125,53.21875
2009-04-21,40.6875,35.75,35.21875,61.0,119.5625,162.4375,136.5625,91.15625,62.375,43.6875,42.3125,52.9375,66.4375,102.78125,125.84375,126.84375,132.25,117.6875,90.34375,66.34375,55.21875,65.90625,67.84375,58.15625,52.34375,48.0,47.6875,47.28125,53.21875,85.75
2009-04-22,33.21875,29.125,25.1875,26.90625,49.71875,98.125,150.15625,159.0625,148.875,134.125,109.84375,94.21875,89.25,96.625,106.21875,108.21875,107.03125,115.21875,123.84375,123.15625,119.28125,148.0625,147.28125,128.375,122.25,99.40625,79.625,95.15625,116.0,114.84375
2009-04-23,29.125,25.1875,26.90625,49.71875,98.125,150.15625,159.0625,148.875,134.125,109.84375,94.21875,89.25,96.625,106.21875,108.21875,107.03125,115.21875,123.84375,123.15625,119.28125,148.0625,147.28125,128.375,122.25,99.40625,79.625,95.15625,116.0,114.84375,96.28125
2009-04-24,25.1875,26.90625,49.71875,98.125,150.15625,159.0625,148.875,134.125,109.84375,94.21875,89.25,96.625,106.21875,108.21875,107.03125,115.21875,123.84375,123.15625,119.28125,148.0625,147.28125,128.375,122.25,99.40625,79.625,95.15625,116.0,114.84375,96.28125,74.1875
2009-04-25,36.5625,75.3125,113.5,131.71875,119.5,94.21875,102.21875,132.6875,133.90625,113.90625,122.96875,133.53125,111.28125,83.125,61.09375,44.3125,33.75,27.75,23.59375,21.34375,20.53125,33.1875,67.28125,73.40625,69.96875,76.75,79.65625,79.875,70.125,53.3125
2009-04-26,75.3125,113.5,131.71875,119.5,94.21875,102.21875,132.6875,133.90625,113.90625,122.96875,133.53125,111.28125,83.125,61.09375,44.3125,33.75,27.75,23.59375,21.34375,20.53125,33.1875,67.28125,73.40625,69.96875,76.75,79.65625,79.875,70.125,53.3125,63.53125
2009-04-27,113.5,131.71875,119.5,94.21875,102.21875,132.6875,133.90625,113.90625,122.96875,133.53125,111.28125,83.125,61.09375,44.3125,33.75,27.75,23.59375,21.34375,20.53125,33.1875,67.28125,73.40625,69.96875,76.75,79.65625,79.875,70.125,53.3125,63.53125,89.5
2009-04-28,131.71875,119.5,94.21875,102.21875,132.6875,133.90625,113.90625,122.96875,133.53125,111.28125,83.125,61.09375,44.3125,33.75,27.75,23.59375,21.34375,20.53125,33.1875,67.28125,73.40625,69.96875,76.75,79.65625,79.875,70.125,53.3125,63.53125,89.5,111.15625
2009-04-29,112.25,94.40625,85.59375,77.5,106.34375,112.375,85.28125,63.46875,45.25,49.15625,64.75,123.03125,177.6875,154.8125,116.625,86.90625,69.21875,57.625,47.59375,50.90625,102.8125,146.3125,120.625,92.875,84.1875,93.375,97.96875,107.875,104.625,83.4375
2009-04-30,94.40625,85.59375,77.5,106.34375,112.375,85.28125,63.46875,45.25,49.15625,64.75,123.03125,177.6875,154.8125,116.625,86.90625,69.21875,57.625,47.59375,50.90625,102.8125,146.3125,120.625,92.875,84.1875,93.375,97.96875,107.875,104.625,83.4375,80.9375
2009-05-01,85.59375,77.5,106.34375,112.375,85.28125,63.46875,45.25,49.15625,64.75,123.03125,177.6875,154.8125,116.625,86.90625,69.21875,57.625,47.59375,50.90625,102.8125,146.3125,120.625,92.875,84.1875,93.375,97.96875,107.875,104.625,83.4375,80.9375,72.1875
2009-05-02,80.90625,72.3125,50.8125,47.6875,65.78125,84.6875,84.28125,103.46875,102.90625,86.96875,93.53125,109.90625,120.15625,99.75,67.65625,54.8125,71.0625,96.75,97.71875,80.1875,77.34375,109.65625,115.1875,91.875,85.34375,80.4375,77.5,117.46875,153.34375,160.9375
2009-05-03,72.3125,50.8125,47.6875,65.78125,84.6875,84.28125,103.46875,102.90625,86.96875,93.53125,109.90625,120.15625,99.75,67.65625,54.8125,71.0625,96.75,97.71875,80.1875,77.34375,109.65625,115.1875,91.875,85.34375,80.4375,77.5,117.46875,153.34375,160.9375,146.96875
2009-05-04,50.8125,47.6875,65.78125,84.6875,84.28125,103.46875,102.90625,86.96875,93.53125,109.90625,120.15625,99.75,67.65625,54.8125,71.0625,96.75,97.71875,80.1875,77.34375,109.65625,115.1875,91.875,85.34375,80.4375,77.5,117.46875,153.34375,160.9375,146.96875,116.5625
2009-05-05,47.6875,65.78125,84.6875,84.28125,103.46875,102.90625,86.96875,93.53125,109.90625,120.15625,99.75,67.65625,54.8125,71.0625,96.75,97.71875,80.1875,77.34375,109.65625,115.1875,91.875,85.34375,80.4375,77.5,117.46875,153.34375,160.9375,146.96875,116.5625,135.09375
2009-05-06,112.125,89.90625,74.09375,79.6875,95.625,104.34375,111.90625,127.46875,123.875,137.84375,164.8125,158.25,119.46875,108.40625,97.5625,84.40625,96.28125,95.09375,74.3125,70.09375,110.65625,286.8125,358.90625,261.03125,169.6875,129.875,101.53125,78.46875,67.0625,58.625
2009-05-07,89.90625,74.09375,79.6875,95.625,104.34375,111.90625,127.46875,123.875,137.84375,164.8125,158.25,119.46875,108.40625,97.5625,84.40625,96.28125,95.09375,74.3125,70.09375,110.65625,286.8125,358.90625,261.03125,169.6875,129.875,101.53125,78.46875,67.0625,58.625,60.90625
2009-05-08,74.09375,79.6875,95.625,104.34375,111.90625,127.46875,123.875,137.84375,164.8125,158.25,119.46875,108.40625,97.5625,84.40625,96.28125,95.09375,74.3125,70.09375,110.65625,286.8125,358.90625,261.03125,169.6875,129.875,101.53125,78.46875,67.0625,58.625,60.90625,66.625
2009-05-09,91.625,92.90625,148.125,170.84375,134.625,113.03125,95.34375,73.90625,65.4375,61.40625,63.875,75.53125,103.03125,127.28125,141.96875,127.90625,119.5,125.125,130.53125,109.0625,81.03125,64.21875,68.375,77.0,64.65625,60.4375,81.5625,119.875,169.125,186.125
2009-05-10,92.90625,148.125,170.84375,134.625,113.03125,95.34375,73.90625,65.4375,61.40625,63.875,75.53125,103.03125,127.28125,141.96875,127.90625,119.5,125.125,130.53125,109.0625,81.03125,64.21875,68.375,77.0,64.65625,60.4375,81.5625,119.875,169.125,186.125,155.40625
2009-05-11,148.125,170.84375,134.625,113.03125,95.34375,73.90625,65.4375,61.40625,63.875,75.53125,103.03125,127.28125,141.96875,127.90625,119.5,125.125,130.53125,109.0625,81.03125,64.21875,68.375,77.0,64.65625,60.4375,81.5625,119.875,169.125,186.125,155.40625,124.78125
2009-05-12,170.84375,134.625,113.03125,95.34375,73.90625,65.4375,61.40625,63.875,75.53125,103.03125,127.28125,141.96875,127.90625,119.5,125.125,130.53125,109.0625,81.03125,64.21875,68.375,77.0,64.65625,60.4375,81.5625,119.875,169.125,186.125,155.40625,124.78125,109.125
2009-05-13,158.5,119.125,99.0625,109.21875,107.8125,86.25,71.96875,59.78125,46.15625,39.8125,50.84375,84.40625,115.1875,105.875,75.3125,68.5625,74.1875,90.15625,89.5,67.125,53.0,58.75,79.65625,106.0,121.875,113.4375,103.6875,120.9375,127.65625,99.46875
2009-05-14,119.125,99.0625,109.21875,107.8125,86.25,71.96875,59.78125,46.15625,39.8125,50.84375,84.40625,115.1875,105.875,75.3125,68.5625,74.1875,90.15625,89.5,67.125,53.0,58.75,79.65625,106.0,121.875,113.4375,103.6875,120.9375,127.65625,99.46875,74.5625
2009-05-15,99.0625,109.21875,107.8125,86.25,71.96875,59.78125,46.15625,39.8125,50.84375,84.40625,115.1875,105.875,75.3125,68.5625,74.1875,90.15625,89.5,67.125,53.0,58.75,79.65625,106.0,121.875,113.4375,103.6875,120.9375,127.65625,99.46875,74.5625,58.21875
2009-05-16,160.3125,169.6875,161.53125,144.0625,100.625,73.28125,128.4375,144.25,115.125,120.3125,101.6875,77.40625,81.9375,85.375,94.6875,105.90625,153.96875,208.375,174.03125,126.59375,115.375,110.75,127.09375,153.34375,176.125,317.625,426.65625,353.03125,235.75,168.65625
2009-05-17,169.6875,161.53125,144.0625,100.625,73.28125,128.4375,144.25,115.125,120.3125,101.6875,77.40625,81.9375,85.375,94.6875,105.90625,153.96875,208.375,174.03125,126.59375,115.375,110.75,127.09375,153.34375,176.125,317.625,426.65625,353.03125,235.75,168.65625,151.21875
2009-05-18,161.53125,144.0625,100.625,73.28125,128.4375,144.25,115.125,120.3125,101.6875,77.40625,81.9375,85.375,94.6875,105.90625,153.96875,208.375,174.03125,126.59375,115.375,110.75,127.09375,153.34375,176.125,317.625,426.65625,353.03125,235.75,168.65625,151.21875,139.03125
2009-05-19,144.0625,100.625,73.28125,128.4375,144.25,115.125,120.3125,101.6875,77.40625,81.9375,85.375,94.6875,105.90625,153.96875,208.375,174.03125,126.59375,115.375,110.75,127.09375,153.34375,176.125,317.625,426.65625,353.03125,235.75,168.65625,151.21875,139.03125,138.3125
2009-05-20,61.875,51.6875,52.34375,155.0625,399.34375,480.875,438.625,325.78125,238.0625,216.90625,200.25,188.0,201.40625,199.0,199.71875,176.75,188.25,188.09375,164.40625,140.40625,135.0625,129.84375,136.15625,147.3125,152.5,147.6875,129.125,109.125,92.375,82.125
2009-05-21,51.6875,52.34375,155.0625,399.34375,480.875,438.625,325.78125,238.0625,216.90625,200.25,188.0,201.40625,199.0,199.71875,176.75,188.25,188.09375,164.40625,140.40625,135.0625,129.84375,136.15625,147.3125,152.5,147.6875,129.125,109.125,92.375,82.125,74.53125
2009-05-22,52.34375,155.0625,399.34375,480.875,438.625,325.78125,238.0625,216.90625,200.25,188.0,201.40625,199.0,199.71875,176.75,188.25,188.09375,164.40625,140.40625,135.0625,129.84375,136.15625,147.3125,152.5,147.6875,129.125,109.125,92.375,82.125,74.53125,71.4375
2009-05-23,95.65625,85.0625,139.0625,174.53125,135.5625,112.4375,107.6875,103.78125,91.84375,82.625,74.21875,66.875,105.0,144.8125,132.71875,114.53125,121.53125,141.75,158.625,266.96875,273.34375,233.1875,187.78125,133.1875,98.53125,83.8125,77.75,74.84375,77.09375,86.6875
2009-05-24,85.0625,139.0625,174.53125,135.5625,112.4375,107.6875,103.78125,91.84375,82.625,74.21875,66.875,105.0,144.8125,132.71875,114.53125,121.53125,141.75,158.625,266.96875,273.34375,233.1875,187.78125,133.1875,98.53125,83.8125,77.75,74.84375,77.09375,86.6875,134.5
2009-05-25,139.0625,174.53125,135.5625,112.4375,107.6875,103.78125,91.84375,82.625,74.21875,66.875,105.0,144.8125,132.71875,114.53125,121.53125,141.75,158.625,266.96875,273.34375,233.1875,187.78125,133.1875,98.53125,83.8125,77.75,74.84375,77.09375,86.6875,134.5,179.84375
2009-05-26,174.53125,135.5625,112.4375,107.6875,103.78125,91.84375,82.625,74.21875,66.875,105.0,144.8125,132.71875,114.53125,121.53125,141.75,158.625,266.96875,273.34375,233.1875,187.78125,133.1875,98.53125,83.8125,77.75,74.84375,77.09375,86.6875,134.5,179.84375,158.0
2009-05-27,123.34375,203.1875,165.25,116.75,94.84375,90.0625,100.8125,100.28125,84.375,68.625,56.90625,50.625,60.40625,79.5625,90.6875,88.40625,81.84375,77.125,81.96875,79.71875,64.71875,52.125,45.46875,43.0625,45.875,56.84375,66.46875,68.0625,81.0,109.8125
2009-05-28,203.1875,165.25,116.75,94.84375,90.0625,100.8125,100.28125,84.375,68.625,56.90625,50.625,60.40625,79.5625,90.6875,88.40625,81.84375,77.125,81.96875,79.71875,64.71875,52.125,45.46875,43.0625,45.875,56.84375,66.46875,68.0625,81.0,109.8125,148.625
2009-05-29,165.25,116.75,94.84375,90.0625,100.8125,100.28125,84.375,68.625,56.90625,50.625,60.40625,79.5625,90.6875,88.40625,81.84375,77.125,81.96875,79.71875,64.71875,52.125,45.46875,43.0625,45.875,56.84375,66.46875,68.0625,81.0,109.8125,148.625,134.3125
2009-05-30,80.21875,70.875,84.0625,87.3125,85.4375,87.5,96.125,109.875,107.8125,99.21875,111.375,140.59375,150.4375,133.4375,116.90625,104.40625,107.96875,133.15625,141.78125,141.75,125.71875,98.40625,87.1875,89.875,102.8125,98.1875,78.9375,63.8125,58.65625,56.15625
2009-05-31,70.875,84.0625,87.3125,85.4375,87.5,96.125,109.875,107.8125,99.21875,111.375,140.59375,150.4375,133.4375,116.90625,104.40625,107.96875,133.15625,141.78125,141.75,125.71875,98.40625,87.1875,89.875,102.8125,98.1875,78.9375,63.8125,58.65625,56.15625,61.625
2009-06-01,84.0625,87.3125,85.4375,87.5,96.125,109.875,107.8125,99.21875,111.375,140.59375,150.4375,133.4375,116.90625,104.40625,107.96875,133.15625,141.78125,141.75,125.71875,98.40625,87.1875,89.875,102.8125,98.1875,78.9375,63.8125,58.65625,56.15625,61.625,82.0
2009-06-02,87.3125,85.4375,87.5,96.125,109.875,107.8125,99.21875,111.375,140.59375,150.4375,133.4375,116.90625,104.40625,107.96875,133.15625,141.78125,141.75,125.71875,98.40625,87.1875,89.875,102.8125,98.1875,78.9375,63.8125,58.65625,56.15625,61.625,82.0,102.1875
2009-06-03,167.59375,188.84375,170.3125,146.75,126.4375,104.71875,95.4375,101.65625,108.5,105.65625,95.25,82.625,80.84375,94.3125,112.0,115.71875,102.71875,92.59375,89.71875,93.84375,98.21875,88.625,78.84375,73.40625,67.75,70.46875,97.03125,144.46875,171.84375,156.40625
2009-06-04,188.84375,170.3125,146.75,126.4375,104.71875,95.4375,101.65625,108.5,105.65625,95.25,82.625,80.84375,94.3125,112.0,115.71875,102.71875,92.59375,89.71875,93.84375,98.21875,88.625,78.84375,73.40625,67.75,70.46875,97.03125,144.46875,171.84375,156.40625,125.3125
2009-06-05,170.3125,146.75,126.4375,104.71875,95.4375,101.65625,108.5,105.65625,95.25,82.625,80.84375,94.3125,112.0,115.71875,102.71875,92.59375,89.71875,93.84375,98.21875,88.625,78.84375,73.40625,67.75,70.46875,97.03125,144.46875,171.84375,156.40625,125.3125,109.125
2009-06-06,101.84375,85.25,82.65625,85.6875,89.1875,84.21875,75.71875,69.75,76.96875,97.84375,127.0625,220.53125,315.6875,282.28125,203.25,151.1875,116.4375,90.40625,78.46875,73.0,69.09375,85.34375,100.125,95.21875,92.375,87.71875,85.9375,90.625,92.78125,88.0
2009-06-07,85.25,82.65625,85.6875,89.1875,84.21875,75.71875,69.75,76.96875,97.84375,127.0625,220.53125,315.6875,282.28125,203.25,151.1875,116.4375,90.40625,78.46875,73.0,69.09375,85.34375,100.125,95.21875,92.375,87.71875,85.9375,90.625,92.78125,88.0,79.015625
2009-06-08,82.65625,85.6875,89.1875,84.21875,75.71875,69.75,76.96875,97.84375,127.0625,220.53125,315.6875,282.28125,203.25,151.1875,116.4375,90.40625,78.46875,73.0,69.09375,85.34375,100.125,95.21875,92.375,87.71875,85.9375,90.625,92.78125,88.0,79.015625,72.703125
2009-06-09,85.6875,89.1875,84.21875,75.71875,69.75,76.96875,97.84375,127.0625,220.53125,315.6875,282.28125,203.25,151.1875,116.4375,90.40625,78.46875,73.0,69.09375,85.34375,100.125,95.21875,92.375,87.71875,85.9375,90.625,92.78125,88.0,79.015625,72.703125,67.46875
2009-06-10,67.71875,78.75,73.90625,75.65625,90.84375,127.71875,153.5625,143.375,134.84375,134.9375,124.6875,114.53125,153.15625,155.96875,116.75,96.1875,123.03125,139.625,139.9375,140.90625,167.28125,157.71875,133.1875,111.65625,86.09375,69.4375,74.875,112.40625,125.8125,130.3125
2009-06-11,78.75,73.90625,75.65625,90.84375,127.71875,153.5625,143.375,134.84375,134.9375,124.6875,114.53125,153.15625,155.96875,116.75,96.1875,123.03125,139.625,139.9375,140.90625,167.28125,157.71875,133.1875,111.65625,86.09375,69.4375,74.875,112.40625,125.8125,130.3125,137.640625
2009-06-12,73.90625,75.65625,90.84375,127.71875,153.5625,143.375,134.84375,134.9375,124.6875,114.53125,153.15625,155.96875,116.75,96.1875,123.03125,139.625,139.9375,140.90625,167.28125,157.71875,133.1875,111.65625,86.09375,69.4375,74.875,112.40625,125.8125,130.3125,137.640625,153.078125
2009-06-13,38.6875,40.5,56.9375,100.8125,109.25,83.125,64.78125,59.59375,58.46875,57.5625,54.46875,62.0,73.90625,75.125,80.90625,83.625,80.34375,92.09375,150.375,202.4375,228.875,238.75,305.8125,280.0625,184.6875,121.28125,95.34375,107.46875,144.9375,167.40625
2009-06-14,40.5,56.9375,100.8125,109.25,83.125,64.78125,59.59375,58.46875,57.5625,54.46875,62.0,73.90625,75.125,80.90625,83.625,80.34375,92.09375,150.375,202.4375,228.875,238.75,305.8125,280.0625,184.6875,121.28125,95.34375,107.46875,144.9375,167.40625,169.0
2009-06-15,56.9375,100.8125,109.25,83.125,64.78125,59.59375,58.46875,57.5625,54.46875,62.0,73.90625,75.125,80.90625,83.625,80.34375,92.09375,150.375,202.4375,228.875,238.75,305.8125,280.0625,184.6875,121.28125,95.34375,107.46875,144.9375,167.40625,169.0,147.015625
2009-06-16,100.8125,109.25,83.125,64.78125,59.59375,58.46875,57.5625,54.46875,62.0,73.90625,75.125,80.90625,83.625,80.34375,92.09375,150.375,202.4375,228.875,238.75,305.8125,280.0625,184.6875,121.28125,95.34375,107.46875,144.9375,167.40625,169.0,147.015625,113.046875
2009-06-17,96.40625,85.9375,91.40625,104.46875,107.09375,91.6875,74.4375,58.6875,53.09375,59.59375,59.25,58.28125,73.5,76.9375,65.09375,52.78125,38.71875,31.15625,29.84375,31.03125,35.40625,46.5,55.625,52.65625,63.875,83.03125,67.859375,46.640625,54.125,105.78125
2009-06-18,85.9375,91.40625,104.46875,107.09375,91.6875,74.4375,58.6875,53.09375,59.59375,59.25,58.28125,73.5,76.9375,65.09375,52.78125,38.71875,31.15625,29.84375,31.03125,35.40625,46.5,55.625,52.65625,63.875,83.03125,67.859375,46.640625,54.125,105.78125,137.671875
2009-06-19,91.40625,104.46875,107.09375,91.6875,74.4375,58.6875,53.09375,59.59375,59.25,58.28125,73.5,76.9375,65.09375,52.78125,38.71875,31.15625,29.84375,31.03125,35.40625,46.5,55.625,52.65625,63.875,83.03125,67.859375,46.640625,54.125,105.78125,137.671875,157.609375
2009-06-20,104.1875,100.9375,87.71875,70.78125,59.25,62.6875,70.75,66.375,55.625,58.53125,62.9375,50.875,41.8125,41.09375,45.5625,43.09375,41.8125,67.0,99.8125,97.71875,166.03125,269.9375,260.71875,188.96875,142.90625,210.5625,234.375,208.53125,199.359375,274.859375
2009-06-21,100.9375,87.71875,70.78125,59.25,62.6875,70.75,66.375,55.625,58.53125,62.9375,50.875,41.8125,41.09375,45.5625,43.09375,41.8125,67.0,99.8125,97.71875,166.03125,269.9375,260.71875,188.96875,142.90625,210.5625,234.375,208.53125,199.359375,274.859375,244.546875
2009-06-22,87.71875,70.78125,59.25,62.6875,70.75,66.375,55.625,58.53125,62.9375,50.875,41.8125,41.09375,45.5625,43.09375,41.8125,67.0,99.8125,97.71875,166.03125,269.9375,260.71875,188.96875,142.90625,210.5625,234.375,208.53125,199.359375,274.859375,244.546875,159.546875
2009-06-23,70.78125,59.25,62.6875,70.75,66.375,55.625,58.53125,62.9375,50.875,41.8125,41.09375,45.5625,43.09375,41.8125,67.0,99.8125,97.71875,166.03125,269.9375,260.71875,188.96875,142.90625,210.5625,234.375,208.53125,199.359375,274.859375,244.546875,159.546875,122.671875
2009-06-24,65.90625,52.96875,42.46875,43.125,51.625,54.25,76.59375,102.4375,89.3125,66.46875,55.21875,59.5,69.125,66.4375,64.0,79.71875,88.59375,72.03125,53.71875,51.1875,52.0625,44.65625,36.625,36.46875,42.8125,47.171875,58.21875,64.921875,69.125,86.578125
2009-06-25,52.96875,42.46875,43.125,51.625,54.25,76.59375,102.4375,89.3125,66.46875,55.21875,59.5,69.125,66.4375,64.0,79.71875,88.59375,72.03125,53.71875,51.1875,52.0625,44.65625,36.625,36.46875,42.8125,47.171875,58.21875,64.921875,69.125,86.578125,106.296875
2009-06-26,42.46875,43.125,51.625,54.25,76.59375,102.4375,89.3125,66.46875,55.21875,59.5,69.125,66.4375,64.0,79.71875,88.59375,72.03125,53.71875,51.1875,52.0625,44.65625,36.625,36.46875,42.8125,47.171875,58.21875,64.921875,69.125,86.578125,106.296875,157.890625
2009-06-27,54.96875,56.1875,55.5625,56.34375,83.40625,104.90625,90.9375,75.375,73.65625,81.21875,83.625,70.65625,51.71875,47.59375,51.09375,46.15625,47.65625,56.890625,71.3125,100.09375,120.09375,122.578125,150.375,135.59375,89.125,92.859375,207.09375,228.9375,191.1875,204.890625
2009-06-28,56.1875,55.5625,56.34375,83.40625,104.90625,90.9375,75.375,73.65625,81.21875,83.625,70.65625,51.71875,47.59375,51.09375,46.15625,47.65625,56.890625,71.3125,100.09375,120.09375,122.578125,150.375,135.59375,89.125,92.859375,207.09375,228.9375,191.1875,204.890625,199.40625
2009-06-29,55.5625,56.34375,83.40625,104.90625,90.9375,75.375,73.65625,81.21875,83.625,70.65625,51.71875,47.59375,51.09375,46.15625,47.65625,56.890625,71.3125,100.09375,120.09375,122.578125,150.375,135.59375,89.125,92.859375,207.09375,228.9375,191.1875,204.890625,199.40625,254.03125
2009-06-30,56.34375,83.40625,104.90625,90.9375,75.375,73.65625,81.21875,83.625,70.65625,51.71875,47.59375,51.09375,46.15625,47.65625,56.890625,71.3125,100.09375,120.09375,122.578125,150.375,135.59375,89.125,92.859375,207.09375,228.9375,191.1875,204.890625,199.40625,254.03125,290.59375
2009-07-01,133.4375,131.25,97.5625,71.5625,68.28125,77.5,88.71875,100.125,88.625,66.15625,52.375,49.375,68.53125,89.609375,112.0625,188.0625,217.34375,159.015625,103.25,84.484375,82.703125,86.28125,93.828125,85.46875,91.0,126.625,127.234375,116.8125,279.34375,361.625
2009-07-02,131.25,97.5625,71.5625,68.28125,77.5,88.71875,100.125,88.625,66.15625,52.375,49.375,68.53125,89.609375,112.0625,188.0625,217.34375,159.015625,103.25,84.484375,82.703125,86.28125,93.828125,85.46875,91.0,126.625,127.234375,116.8125,279.34375,361.625,259.109375
2009-07-03,97.5625,71.5625,68.28125,77.5,88.71875,100.125,88.625,66.15625,52.375,49.375,68.53125,89.609375,112.0625,188.0625,217.34375,159.015625,103.25,84.484375,82.703125,86.28125,93.828125,85.46875,91.0,126.625,127.234375,116.8125,279.34375,361.625,259.109375,158.359375
2009-07-04,70.90625,67.5625,63.125,55.875,66.4375,69.5625,62.65625,70.25,80.9375,88.25,97.6875,99.90625,113.3125,118.5,114.96875,108.171875,112.875,157.1875,171.734375,156.34375,152.4375,141.21875,227.171875,264.421875,189.640625,134.28125,122.859375,116.953125,121.96875,139.21875
2009-07-05,67.5625,63.125,55.875,66.4375,69.5625,62.65625,70.25,80.9375,88.25,97.6875,99.90625,113.3125,118.5,114.96875,108.171875,112.875,157.1875,171.734375,156.34375,152.4375,141.21875,227.171875,264.421875,189.640625,134.28125,122.859375,116.953125,121.96875,139.21875,140.953125
2009-07-06,63.125,55.875,66.4375,69.5625,62.65625,70.25,80.9375,88.25,97.6875,99.90625,113.3125,118.5,114.96875,108.171875,112.875,157.1875,171.734375,156.34375,152.4375,141.21875,227.171875,264.421875,189.640625,134.28125,122.859375,116.953125,121.96875,139.21875,140.953125,121.875
2009-07-07,55.875,66.4375,69.5625,62.65625,70.25,80.9375,88.25,97.6875,99.90625,113.3125,118.5,114.96875,108.171875,112.875,157.1875,171.734375,156.34375,152.4375,141.21875,227.171875,264.421875,189.640625,134.28125,122.859375,116.953125,121.96875,139.21875,140.953125,121.875,99.34375
2009-07-08,60.0625,53.46875,60.1875,167.8125,427.15625,399.375,274.890625,204.203125,170.0,147.25,182.28125,213.53125,191.46875,165.984375,134.0,114.8125,112.5,101.3125,93.390625,102.5625,131.1875,130.796875,102.390625,98.109375,101.671875,116.6875,128.546875,136.546875,154.046875,161.359375
2009-07-09,53.46875,60.1875,167.8125,427.15625,399.375,274.890625,204.203125,170.0,147.25,182.28125,213.53125,191.46875,165.984375,134.0,114.8125,112.5,101.3125,93.390625,102.5625,131.1875,130.796875,102.390625,98.109375,101.671875,116.6875,128.546875,136.546875,154.046875,161.359375,143.53125
2009-07-10,60.1875,167.8125,427.15625,399.375,274.890625,204.203125,170.0,147.25,182.28125,213.53125,191.46875,165.984375,134.0,114.8125,112.5,101.3125,93.390625,102.5625,131.1875,130.796875,102.390625,98.109375,101.671875,116.6875,128.546875,136.546875,154.046875,161.359375,143.53125,111.140625
2009-07-11,78.28125,161.90625,227.03125,212.015625,201.4375,467.734375,459.015625,288.734375,176.484375,134.03125,118.703125,100.921875,94.953125,89.703125,79.390625,68.9375,56.171875,46.484375,40.71875,44.234375,50.3125,51.34375,59.390625,74.890625,121.390625,201.859375,184.015625,135.015625,139.921875,179.5625
2009-07-12,161.90625,227.03125,212.015625,201.4375,467.734375,459.015625,288.734375,176.484375,134.03125,118.703125,100.921875,94.953125,89.703125,79.390625,68.9375,56.171875,46.484375,40.71875,44.234375,50.3125,51.34375,59.390625,74.890625,121.390625,201.859375,184.015625,135.015625,139.921875,179.5625,153.84375
2009-07-13,227.03125,212.015625,201.4375,467.734375,459.015625,288.734375,176.484375,134.03125,118.703125,100.921875,94.953125,89.703125,79.390625,68.9375,56.171875,46.484375,40.71875,44.234375,50.3125,51.34375,59.390625,74.890625,121.390625,201.859375,184.015625,135.015625,139.921875,179.5625,153.84375,97.921875
2009-07-14,212.015625,201.4375,467.734375,459.015625,288.734375,176.484375,134.03125,118.703125,100.921875,94.953125,89.703125,79.390625,68.9375,56.171875,46.484375,40.71875,44.234375,50.3125,51.34375,59.390625,74.890625,121.390625,201.859375,184.015625,135.015625,139.921875,179.5625,153.84375,97.921875,73.5
2009-07-15,191.296875,198.296875,188.84375,145.203125,126.703125,126.8125,114.375,105.375,107.9375,95.328125,70.1875,54.390625,50.5625,53.15625,52.4375,55.21875,62.96875,70.015625,72.96875,69.921875,66.59375,78.609375,119.625,123.71875,95.65625,86.796875,81.234375,68.15625,64.21875,58.5625
2009-07-16,198.296875,188.84375,145.203125,126.703125,126.8125,114.375,105.375,107.9375,95.328125,70.1875,54.390625,50.5625,53.15625,52.4375,55.21875,62.96875,70.015625,72.96875,69.921875,66.59375,78.609375,119.625,123.71875,95.65625,86.796875,81.234375,68.15625,64.21875,58.5625,46.6875
2009-07-17,188.84375,145.203125,126.703125,126.8125,114.375,105.375,107.9375,95.328125,70.1875,54.390625,50.5625,53.15625,52.4375,55.21875,62.96875,70.015625,72.96875,69.921875,66.59375,78.609375,119.625,123.71875,95.65625,86.796875,81.234375,68.15625,64.21875,58.5625,46.6875,41.15625
2009-07-18,264.40625,167.765625,128.84375,116.234375,99.703125,84.453125,76.5625,72.25,77.90625,79.515625,74.765625,71.6875,68.90625,63.25,70.640625,131.015625,164.671875,142.375,131.75,119.515625,107.171875,102.28125,107.703125,119.8125,108.03125,81.5625,69.421875,86.0625,95.609375,81.953125
2009-07-19,167.765625,128.84375,116.234375,99.703125,84.453125,76.5625,72.25,77.90625,79.515625,74.765625,71.6875,68.90625,63.25,70.640625,131.015625,164.671875,142.375,131.75,119.515625,107.171875,102.28125,107.703125,119.8125,108.03125,81.5625,69.421875,86.0625,95.609375,81.953125,66.828125
2009-07-20,128.84375,116.234375,99.703125,84.453125,76.5625,72.25,77.90625,79.515625,74.765625,71.6875,68.90625,63.25,70.640625,131.015625,164.671875,142.375,131.75,119.515625,107.171875,102.28125,107.703125,119.8125,108.03125,81.5625,69.421875,86.0625,95.609375,81.953125,66.828125,56.078125
2009-07-21,116.234375,99.703125,84.453125,76.5625,72.25,77.90625,79.515625,74.765625,71.6875,68.90625,63.25,70.640625,131.015625,164.671875,142.375,131.75,119.515625,107.171875,102.28125,107.703125,119.8125,108.03125,81.5625,69.421875,86.0625,95.609375,81.953125,66.828125,56.078125,51.171875
2009-07-22,258.53125,218.015625,165.40625,134.09375,114.21875,104.765625,96.0,85.8125,76.359375,71.125,68.734375,67.484375,68.1875,72.671875,79.265625,83.421875,104.4375,136.84375,308.921875,451.25,374.46875,280.265625,287.984375,268.09375,209.984375,177.34375,160.40625,144.375,124.46875,121.390625
2009-07-23,218.015625,165.40625,134.09375,114.21875,104.765625,96.0,85.8125,76.359375,71.125,68.734375,67.484375,68.1875,72.671875,79.265625,83.421875,104.4375,136.84375,308.921875,451.25,374.46875,280.265625,287.984375,268.09375,209.984375,177.34375,160.40625,144.375,124.46875,121.390625,128.96875
2009-07-24,165.40625,134.09375,114.21875,104.765625,96.0,85.8125,76.359375,71.125,68.734375,67.484375,68.1875,72.671875,79.265625,83.421875,104.4375,136.84375,308.921875,451.25,374.46875,280.265625,287.984375,268.09375,209.984375,177.34375,160.40625,144.375,124.46875,121.390625,128.96875,122.8125
2009-07-25,160.171875,140.96875,126.375,139.140625,161.921875,144.640625,111.9375,87.59375,76.21875,82.28125,90.875,103.40625,109.359375,124.484375,153.765625,151.5,119.796875,85.875,69.03125,73.109375,83.25,87.203125,86.515625,86.484375,95.765625,108.09375,114.765625,146.703125,147.5,109.359375
2009-07-26,140.96875,126.375,139.140625,161.921875,144.640625,111.9375,87.59375,76.21875,82.28125,90.875,103.40625,109.359375,124.484375,153.765625,151.5,119.796875,85.875,69.03125,73.109375,83.25,87.203125,86.515625,86.484375,95.765625,108.09375,114.765625,146.703125,147.5,109.359375,86.984375
2009-07-27,126.375,139.140625,161.921875,144.640625,111.9375,87.59375,76.21875,82.28125,90.875,103.40625,109.359375,124.484375,153.765625,151.5,119.796875,85.875,69.03125,73.109375,83.25,87.203125,86.515625,86.484375,95.765625,108.09375,114.765625,146.703125,147.5,109.359375,86.984375,84.421875
2009-07-28,139.140625,161.921875,144.640625,111.9375,87.59375,76.21875,82.28125,90.875,103.40625,109.359375,124.484375,153.765625,151.5,119.796875,85.875,69.03125,73.109375,83.25,87.203125,86.515625,86.484375,95.765625,108.09375,114.765625,146.703125,147.5,109.359375,86.984375,84.421875,127.859375
2009-07-29,156.484375,150.265625,143.109375,136.015625,133.046875,135.546875,129.015625,129.015625,140.328125,134.171875,112.328125,94.125,77.140625,63.578125,60.375,57.109375,49.28125,50.734375,72.28125,89.640625,81.828125,80.515625,100.5,119.953125,121.90625,110.3125,89.46875,95.96875,116.21875,114.25
2009-07-30,150.265625,143.109375,136.015625,133.046875,135.546875,129.015625,129.015625,140.328125,134.171875,112.328125,94.125,77.140625,63.578125,60.375,57.109375,49.28125,50.734375,72.28125,89.640625,81.828125,80.515625,100.5,119.953125,121.90625,110.3125,89.46875,95.96875,116.21875,114.25,115.515625
2009-07-31,143.109375,136.015625,133.046875,135.546875,129.015625,129.015625,140.328125,134.171875,112.328125,94.125,77.140625,63.578125,60.375,57.109375,49.28125,50.734375,72.28125,89.640625,81.828125,80.515625,100.5,119.953125,121.90625,110.3125,89.46875,95.96875,116.21875,114.25,115.515625,114.609375
2009-08-01,152.5625,153.5625,180.890625,228.59375,215.015625,176.65625,155.125,155.21875,153.03125,141.703125,139.40625,129.6875,110.96875,94.6875,81.59375,86.46875,94.390625,82.9375,67.484375,55.859375,47.125,46.5625,51.859375,60.84375,72.1875,69.34375,59.03125,48.921875,43.9375,40.421875
2009-08-02,153.5625,180.890625,228.59375,215.015625,176.65625,155.125,155.21875,153.03125,141.703125,139.40625,129.6875,110.96875,94.6875,81.59375,86.46875,94.390625,82.9375,67.484375,55.859375,47.125,46.5625,51.859375,60.84375,72.1875,69.34375,59.03125,48.921875,43.9375,40.421875,46.671875
2009-08-03,180.890625,228.59375,215.015625,176.65625,155.125,155.21875,153.03125,141.703125,139.40625,129.6875,110.96875,94.6875,81.59375,86.46875,94.390625,82.9375,67.484375,55.859375,47.125,46.5625,51.859375,60.84375,72.1875,69.34375,59.03125,48.921875,43.9375,40.421875,46.671875,54.796875
2009-08-04,228.59375,215.015625,176.65625,155.125,155.21875,153.03125,141.703125,139.40625,129.6875,110.96875,94.6875,81.59375,86.46875,94.390625,82.9375,67.484375,55.859375,47.125,46.5625,51.859375,60.84375,72.1875,69.34375,59.03125,48.921875,43.9375,40.421875,46.671875,54.796875,49.03125
2009-08-05,137.484375,140.65625,154.625,162.90625,154.953125,138.671875,120.0,102.234375,87.640625,85.015625,86.15625,79.203125,72.828125,72.796875,89.484375,93.6875,84.359375,78.6875,75.21875,77.390625,81.265625,74.21875,68.828125,86.984375,98.21875,93.796875,79.28125,82.5625,139.171875,184.265625
2009-08-06,140.65625,154.625,162.90625,154.953125,138.671875,120.0,102.234375,87.640625,85.015625,86.15625,79.203125,72.828125,72.796875,89.484375,93.6875,84.359375,78.6875,75.21875,77.390625,81.265625,74.21875,68.828125,86.984375,98.21875,93.796875,79.28125,82.5625,139.171875,184.265625,166.28125
2009-08-07,154.625,162.90625,154.953125,138.671875,120.0,102.234375,87.640625,85.015625,86.15625,79.203125,72.828125,72.796875,89.484375,93.6875,84.359375,78.6875,75.21875,77.390625,81.265625,74.21875,68.828125,86.984375,98.21875,93.796875,79.28125,82.5625,139.171875,184.265625,166.28125,117.375
2009-08-08,126.96875,125.640625,117.515625,106.125,97.671875,98.828125,100.765625,126.4375,126.5,102.390625,83.078125,67.015625,56.046875,48.484375,46.578125,46.484375,44.078125,42.78125,51.078125,59.1875,60.90625,59.875,59.0625,77.5,83.765625,64.234375,50.625,48.8125,51.609375,50.453125
2009-08-09,125.640625,117.515625,106.125,97.671875,98.828125,100.765625,126.4375,126.5,102.390625,83.078125,67.015625,56.046875,48.484375,46.578125,46.484375,44.078125,42.78125,51.078125,59.1875,60.90625,59.875,59.0625,77.5,83.765625,64.234375,50.625,48.8125,51.609375,50.453125,51.28125
2009-08-10,117.515625,106.125,97.671875,98.828125,100.765625,126.4375,126.5,102.390625,83.078125,67.015625,56.046875,48.484375,46.578125,46.484375,44.078125,42.78125,51.078125,59.1875,60.90625,59.875,59.0625,77.5,83.765625,64.234375,50.625,48.8125,51.609375,50.453125,51.28125,74.703125
2009-08-11,106.125,97.671875,98.828125,100.765625,126.4375,126.5,102.390625,83.078125,67.015625,56.046875,48.484375,46.578125,46.484375,44.078125,42.78125,51.078125,59.1875,60.90625,59.875,59.0625,77.5,83.765625,64.234375,50.625,48.8125,51.609375,50.453125,51.28125,74.703125,102.96875
2009-08-12,85.546875,76.9375,71.4375,64.4375,58.8125,54.828125,51.671875,48.28125,42.3125,38.015625,37.625,39.28125,43.0,52.921875,59.640625,68.125,75.4375,135.359375,174.296875,139.734375,106.9375,91.796875,83.546875,99.90625,120.21875,100.203125,71.21875,55.890625,54.484375,65.0
2009-08-13,76.9375,71.4375,64.4375,58.8125,54.828125,51.671875,48.28125,42.3125,38.015625,37.625,39.28125,43.0,52.921875,59.640625,68.125,75.4375,135.359375,174.296875,139.734375,106.9375,91.796875,83.546875,99.90625,120.21875,100.203125,71.21875,55.890625,54.484375,65.0,70.125
2009-08-14,71.4375,64.4375,58.8125,54.828125,51.671875,48.28125,42.3125,38.015625,37.625,39.28125,43.0,52.921875,59.640625,68.125,75.4375,135.359375,174.296875,139.734375,106.9375,91.796875,83.546875,99.90625,120.21875,100.203125,71.21875,55.890625,54.484375,65.0,70.125,79.6796875
2009-08-15,89.21875,83.78125,78.8125,80.15625,79.359375,77.453125,71.75,62.046875,58.265625,59.859375,69.71875,73.203125,73.875,83.34375,79.78125,94.859375,136.953125,165.265625,264.578125,302.46875,237.484375,171.984375,138.5,129.875,124.9375,150.0625,180.90625,164.9453125,133.6484375,116.03125
2009-08-16,83.78125,78.8125,80.15625,79.359375,77.453125,71.75,62.046875,58.265625,59.859375,69.71875,73.203125,73.875,83.34375,79.78125,94.859375,136.953125,165.265625,264.578125,302.46875,237.484375,171.984375,138.5,129.875,124.9375,150.0625,180.90625,164.9453125,133.6484375,116.03125,107.8984375
2009-08-17,78.8125,80.15625,79.359375,77.453125,71.75,62.046875,58.265625,59.859375,69.71875,73.203125,73.875,83.34375,79.78125,94.859375,136.953125,165.265625,264.578125,302.46875,237.484375,171.984375,138.5,129.875,124.9375,150.0625,180.90625,164.9453125,133.6484375,116.03125,107.8984375,319.4296875
2009-08-18,80.15625,79.359375,77.453125,71.75,62.046875,58.265625,59.859375,69.71875,73.203125,73.875,83.34375,79.78125,94.859375,136.953125,165.265625,264.578125,302.46875,237.484375,171.984375,138.5,129.875,124.9375,150.0625,180.90625,164.9453125,133.6484375,116.03125,107.8984375,319.4296875,318.09375
2009-08-19,121.046875,98.9375,77.46875,78.078125,85.421875,83.671875,79.796875,86.6875,95.53125,113.6875,135.90625,140.609375,162.53125,195.015625,410.234375,524.53125,541.21875,420.453125,333.4375,260.640625,191.609375,144.015625,126.609375,122.921875,124.5234375,133.8203125,135.140625,136.046875,145.5546875,166.078125
2009-08-20,98.9375,77.46875,78.078125,85.421875,83.671875,79.796875,86.6875,95.53125,113.6875,135.90625,140.609375,162.53125,195.015625,410.234375,524.53125,541.21875,420.453125,333.4375,260.640625,191.609375,144.015625,126.609375,122.921875,124.5234375,133.8203125,135.140625,136.046875,145.5546875,166.078125,174.4453125
2009-08-21,77.46875,78.078125,85.421875,83.671875,79.796875,86.6875,95.53125,113.6875,135.90625,140.609375,162.53125,195.015625,410.234375,524.53125,541.21875,420.453125,333.4375,260.640625,191.609375,144.015625,126.609375,122.921875,124.5234375,133.8203125,135.140625,136.046875,145.5546875,166.078125,174.4453125,168.2734375
2009-08-22,138.296875,130.015625,124.4375,138.515625,151.125,156.0,154.0625,146.90625,155.40625,128.0625,112.953125,117.140625,217.625,461.8125,464.890625,369.90625,326.890625,295.953125,243.453125,200.7890625,211.734375,193.6328125,157.5546875,151.109375,227.421875,297.5,274.2265625,295.7734375,308.578125,331.8359375
2009-08-23,130.015625,124.4375,138.515625,151.125,156.0,154.0625,146.90625,155.40625,128.0625,112.953125,117.140625,217.625,461.8125,464.890625,369.90625,326.890625,295.953125,243.453125,200.7890625,211.734375,193.6328125,157.5546875,151.109375,227.421875,297.5,274.2265625,295.7734375,308.578125,331.8359375,445.421875
2009-08-24,124.4375,138.515625,151.125,156.0,154.0625,146.90625,155.40625,128.0625,112.953125,117.140625,217.625,461.8125,464.890625,369.90625,326.890625,295.953125,243.453125,200.7890625,211.734375,193.6328125,157.5546875,151.109375,227.421875,297.5,274.2265625,295.7734375,308.578125,331.8359375,445.421875,409.9453125
2009-08-25,138.515625,151.125,156.0,154.0625,146.90625,155.40625,128.0625,112.953125,117.140625,217.625,461.8125,464.890625,369.90625,326.890625,295.953125,243.453125,200.7890625,211.734375,193.6328125,157.5546875,151.109375,227.421875,297.5,274.2265625,295.7734375,308.578125,331.8359375,445.421875,409.9453125,290.75
2009-08-26,167.84375,148.609375,134.40625,218.640625,266.515625,239.984375,200.875,165.8125,137.078125,112.71875,102.734375,110.109375,120.140625,104.5,122.828125,142.46875,119.8828125,94.46875,107.9296875,154.203125,176.21875,176.078125,168.6796875,140.9765625,114.4375,97.4453125,85.5625,89.2421875,99.6953125,106.8828125
2009-08-27,148.609375,134.40625,218.640625,266.515625,239.984375,200.875,165.8125,137.078125,112.71875,102.734375,110.109375,120.140625,104.5,122.828125,142.46875,119.8828125,94.46875,107.9296875,154.203125,176.21875,176.078125,168.6796875,140.9765625,114.4375,97.4453125,85.5625,89.2421875,99.6953125,106.8828125,104.984375
2009-08-28,134.40625,218.640625,266.515625,239.984375,200.875,165.8125,137.078125,112.71875,102.734375,110.109375,120.140625,104.5,122.828125,142.46875,119.8828125,94.46875,107.9296875,154.203125,176.21875,176.078125,168.6796875,140.9765625,114.4375,97.4453125,85.5625,89.2421875,99.6953125,106.8828125,104.984375,91.9765625
2009-08-29,242.46875,182.4375,142.15625,138.328125,147.25,138.359375,120.796875,108.09375,105.140625,111.734375,105.703125,93.0625,77.828125,71.171875,133.15625,215.90625,452.7734375,458.4609375,294.4375,185.8125,191.9765625,174.4765625,168.0078125,183.7578125,160.8515625,139.828125,234.125,244.5546875,181.1640625,143.15625
2009-08-30,182.4375,142.15625,138.328125,147.25,138.359375,120.796875,108.09375,105.140625,111.734375,105.703125,93.0625,77.828125,71.171875,133.15625,215.90625,452.7734375,458.4609375,294.4375,185.8125,191.9765625,174.4765625,168.0078125,183.7578125,160.8515625,139.828125,234.125,244.5546875,181.1640625,143.15625,136.7109375
2009-08-31,142.15625,138.328125,147.25,138.359375,120.796875,108.09375,105.140625,111.734375,105.703125,93.0625,77.828125,71.171875,133.15625,215.90625,452.7734375,458.4609375,294.4375,185.8125,191.9765625,174.4765625,168.0078125,183.7578125,160.8515625,139.828125,234.125,244.5546875,181.1640625,143.15625,136.7109375,122.8046875
2009-09-01,138.328125,147.25,138.359375,120.796875,108.09375,105.140625,111.734375,105.703125,93.0625,77.828125,71.171875,133.15625,215.90625,452.7734375,458.4609375,294.4375,185.8125,191.9765625,174.4765625,168.0078125,183.7578125,160.8515625,139.828125,234.125,244.5546875,181.1640625,143.15625,136.7109375,122.8046875,108.5546875
2009-09-02,178.453125,150.046875,244.8125,326.15625,267.84375,193.140625,146.703125,125.390625,114.140625,106.6171875,103.25,125.328125,133.1953125,118.5625,120.53125,112.34375,92.25,89.140625,93.40625,102.4921875,109.796875,105.296875,116.6328125,157.78125,172.4921875,148.9296875,118.96875,113.640625,150.1484375,141.3046875
2009-09-03,150.046875,244.8125,326.15625,267.84375,193.140625,146.703125,125.390625,114.140625,106.6171875,103.25,125.328125,133.1953125,118.5625,120.53125,112.34375,92.25,89.140625,93.40625,102.4921875,109.796875,105.296875,116.6328125,157.78125,172.4921875,148.9296875,118.96875,113.640625,150.1484375,141.3046875,159.46875
2009-09-04,244.8125,326.15625,267.84375,193.140625,146.703125,125.390625,114.140625,106.6171875,103.25,125.328125,133.1953125,118.5625,120.53125,112.34375,92.25,89.140625,93.40625,102.4921875,109.796875,105.296875,116.6328125,157.78125,172.4921875,148.9296875,118.96875,113.640625,150.1484375,141.3046875,159.46875,219.6484375
2009-09-05,245.21875,249.046875,268.6875,266.375,233.09375,226.484375,198.2578125,167.9609375,149.8046875,144.96875,136.5859375,123.09375,124.90625,132.5078125,137.6953125,130.09375,125.8828125,131.84375,218.828125,290.171875,301.234375,509.2578125,517.4921875,374.0,326.1015625,290.3515625,237.546875,233.9921875,267.3671875,265.3984375
2009-09-06,249.046875,268.6875,266.375,233.09375,226.484375,198.2578125,167.9609375,149.8046875,144.96875,136.5859375,123.09375,124.90625,132.5078125,137.6953125,130.09375,125.8828125,131.84375,218.828125,290.171875,301.234375,509.2578125,517.4921875,374.0,326.1015625,290.3515625,237.546875,233.9921875,267.3671875,265.3984375,270.21875
2009-09-07,268.6875,266.375,233.09375,226.484375,198.2578125,167.9609375,149.8046875,144.96875,136.5859375,123.09375,124.90625,132.5078125,137.6953125,130.09375,125.8828125,131.84375,218.828125,290.171875,301.234375,509.2578125,517.4921875,374.0,326.1015625,290.3515625,237.546875,233.9921875,267.3671875,265.3984375,270.21875,464.109375
2009-09-08,266.375,233.09375,226.484375,198.2578125,167.9609375,149.8046875,144.96875,136.5859375,123.09375,124.90625,132.5078125,137.6953125,130.09375,125.8828125,131.84375,218.828125,290.171875,301.234375,509.2578125,517.4921875,374.0,326.1015625,290.3515625,237.546875,233.9921875,267.3671875,265.3984375,270.21875,464.109375,730.4609375
2009-09-09,290.390625,228.53125,221.3671875,217.3046875,206.6953125,240.34375,231.71875,186.6484375,189.4609375,202.8671875,265.203125,290.84375,311.09375,291.875,284.59375,243.2734375,191.375,182.6328125,166.3359375,134.4375,113.09375,105.453125,120.8828125,128.7578125,112.8828125,96.2265625,88.6484375,83.4375,77.2265625,74.015625
2009-09-10,228.53125,221.3671875,217.3046875,206.6953125,240.34375,231.71875,186.6484375,189.4609375,202.8671875,265.203125,290.84375,311.09375,291.875,284.59375,243.2734375,191.375,182.6328125,166.3359375,134.4375,113.09375,105.453125,120.8828125,128.7578125,112.8828125,96.2265625,88.6484375,83.4375,77.2265625,74.015625,71.46875
2009-09-11,221.3671875,217.3046875,206.6953125,240.34375,231.71875,186.6484375,189.4609375,202.8671875,265.203125,290.84375,311.09375,291.875,284.59375,243.2734375,191.375,182.6328125,166.3359375,134.4375,113.09375,105.453125,120.8828125,128.7578125,112.8828125,96.2265625,88.6484375,83.4375,77.2265625,74.015625,71.46875,68.1328125
2009-09-12,250.359375,294.7265625,289.25,248.8203125,223.0234375,192.3125,163.6640625,153.1796875,143.40625,127.984375,125.078125,135.140625,284.8046875,284.9765625,208.0,195.59375,236.796875,258.1015625,237.671875,229.9296875,270.8671875,248.3203125,198.0078125,176.203125,151.9140625,144.9921875,166.3671875,220.5625,231.9140625,240.03125
2009-09-13,294.7265625,289.25,248.8203125,223.0234375,192.3125,163.6640625,153.1796875,143.40625,127.984375,125.078125,135.140625,284.8046875,284.9765625,208.0,195.59375,236.796875,258.1015625,237.671875,229.9296875,270.8671875,248.3203125,198.0078125,176.203125,151.9140625,144.9921875,166.3671875,220.5625,231.9140625,240.03125,200.6171875
2009-09-14,289.25,248.8203125,223.0234375,192.3125,163.6640625,153.1796875,143.40625,127.984375,125.078125,135.140625,284.8046875,284.9765625,208.0,195.59375,236.796875,258.1015625,237.671875,229.9296875,270.8671875,248.3203125,198.0078125,176.203125,151.9140625,144.9921875,166.3671875,220.5625,231.9140625,240.03125,200.6171875,145.8359375
2009-09-15,248.8203125,223.0234375,192.3125,163.6640625,153.1796875,143.40625,127.984375,125.078125,135.140625,284.8046875,284.9765625,208.0,195.59375,236.796875,258.1015625,237.671875,229.9296875,270.8671875,248.3203125,198.0078125,176.203125,151.9140625,144.9921875,166.3671875,220.5625,231.9140625,240.03125,200.6171875,145.8359375,161.9921875
2009-09-16,257.734375,210.4609375,173.2265625,148.6328125,134.171875,137.5859375,131.4296875,114.546875,139.015625,152.25,177.1953125,247.2890625,314.21875,347.3515625,272.7578125,203.7109375,206.3515625,189.84375,186.9609375,189.3671875,187.734375,166.125,135.921875,117.6015625,107.28125,100.9453125,106.6953125,152.625,213.3046875,208.2578125
2009-09-17,210.4609375,173.2265625,148.6328125,134.171875,137.5859375,131.4296875,114.546875,139.015625,152.25,177.1953125,247.2890625,314.21875,347.3515625,272.7578125,203.7109375,206.3515625,189.84375,186.9609375,189.3671875,187.734375,166.125,135.921875,117.6015625,107.28125,100.9453125,106.6953125,152.625,213.3046875,208.2578125,182.671875
2009-09-18,173.2265625,148.6328125,134.171875,137.5859375,131.4296875,114.546875,139.015625,152.25,177.1953125,247.2890625,314.21875,347.3515625,272.7578125,203.7109375,206.3515625,189.84375,186.9609375,189.3671875,187.734375,166.125,135.921875,117.6015625,107.28125,100.9453125,106.6953125,152.625,213.3046875,208.2578125,182.671875,200.6484375
2009-09-19,193.875,169.328125,143.40625,123.859375,108.9453125,102.0,97.296875,99.78125,123.1328125,137.5625,156.140625,166.5078125,148.2109375,130.078125,121.765625,133.1484375,134.921875,109.3046875,82.609375,63.71875,52.2109375,44.6484375,42.46875,78.3203125,139.0625,152.7734375,121.9375,90.1796875,73.84375,59.3203125
2009-09-20,169.328125,143.40625,123.859375,108.9453125,102.0,97.296875,99.78125,123.1328125,137.5625,156.140625,166.5078125,148.2109375,130.078125,121.765625,133.1484375,134.921875,109.3046875,82.609375,63.71875,52.2109375,44.6484375,42.46875,78.3203125,139.0625,152.7734375,121.9375,90.1796875,73.84375,59.3203125,66.65625
2009-09-21,143.40625,123.859375,108.9453125,102.0,97.296875,99.78125,123.1328125,137.5625,156.140625,166.5078125,148.2109375,130.078125,121.765625,133.1484375,134.921875,109.3046875,82.609375,63.71875,52.2109375,44.6484375,42.46875,78.3203125,139.0625,152.7734375,121.9375,90.1796875,73.84375,59.3203125,66.65625,94.9921875
2009-09-22,123.859375,108.9453125,102.0,97.296875,99.78125,123.1328125,137.5625,156.140625,166.5078125,148.2109375,130.078125,121.765625,133.1484375,134.921875,109.3046875,82.609375,63.71875,52.2109375,44.6484375,42.46875,78.3203125,139.0625,152.7734375,121.9375,90.1796875,73.84375,59.3203125,66.65625,94.9921875,111.5
2009-09-23,142.0625,162.09375,180.875,186.34375,255.1953125,247.3359375,258.015625,269.8046875,247.4453125,202.53125,158.203125,139.109375,138.7109375,184.7265625,248.859375,232.8671875,191.7109375,177.4375,173.703125,188.0078125,172.296875,138.078125,120.890625,109.0625,93.8984375,79.1796875,66.796875,58.5859375,53.953125,66.5390625
2009-09-24,162.09375,180.875,186.34375,255.1953125,247.3359375,258.015625,269.8046875,247.4453125,202.53125,158.203125,139.109375,138.7109375,184.7265625,248.859375,232.8671875,191.7109375,177.4375,173.703125,188.0078125,172.296875,138.078125,120.890625,109.0625,93.8984375,79.1796875,66.796875,58.5859375,53.953125,66.5390625,82.484375
2009-09-25,180.875,186.34375,255.1953125,247.3359375,258.015625,269.8046875,247.4453125,202.53125,158.203125,139.109375,138.7109375,184.7265625,248.859375,232.8671875,191.7109375,177.4375,173.703125,188.0078125,172.296875,138.078125,120.890625,109.0625,93.8984375,79.1796875,66.796875,58.5859375,53.953125,66.5390625,82.484375,88.1015625
2009-09-26,372.25,372.25,372.25,372.25,372.25,372.25,372.25,372.25,372.25,372.25,372.25,372.25,372.25,372.25,372.25,372.25,372.25,372.25,372.25,372.25,372.25,372.25,372.25,372.25,372.25,372.25,372.25,372.25,372.25,372.25
2009-09-27,372.25,372.25,372.25,372.25,372.25,372.25,372.25,372.25,372.25,372.25,372.25,372.25,372.25,372.25,372.25,372.25,372.25,372.25,372.25,372.25,372.25,372.25,372.25,372.25,372.25,372.25,372.25,372.25,372.25,372.25
2009-09-28,372.25,372.25,372.25,372.25,372.25,372.25,372.25,372.25,372.25,372.25,372.25,372.25,372.25,372.25,372.25,372.25,372.25,372.25,372.25,372.25,372.25,372.25,372.25,372.25,372.25,372.25,372.25,372.25,372.25,372.25
2009-09-29,372.25,372.25,372.25,372.25,372.25,372.25,372.25,372.25,372.25,372.25,372.25,372.25,372.25,372.25,372.25,372.25,372.25,372.25,372.25,372.25,372.25,372.25,372.25,372.25,372.25,372.25,372.25,372.25,372.25,372.25
2009-09-30,149.9375,174.9609375,175.5390625,162.515625,139.75,150.171875,163.6875,245.5625,354.21875,292.6640625,196.375,145.1328125,118.7578125,111.0625,124.5625,129.078125,136.3125,156.1484375,168.390625,147.4375,133.2890625,143.15625,157.40625,146.0625,114.9375,118.2734375,127.7734375,109.796875,84.421875,116.6328125
2009-10-01,174.9609375,175.5390625,162.515625,139.75,150.171875,163.6875,245.5625,354.21875,292.6640625,196.375,145.1328125,118.7578125,111.0625,124.5625,129.078125,136.3125,156.1484375,168.390625,147.4375,133.2890625,143.15625,157.40625,146.0625,114.9375,118.2734375,127.7734375,109.796875,84.421875,116.6328125,132.828125
2009-10-02,175.5390625,162.515625,139.75,150.171875,163.6875,245.5625,354.21875,292.6640625,196.375,145.1328125,118.7578125,111.0625,124.5625,129.078125,136.3125,156.1484375,168.390625,147.4375,133.2890625,143.15625,157.40625,146.0625,114.9375,118.2734375,127.7734375,109.796875,84.421875,116.6328125,132.828125,105.1015625
2009-10-03,174.15625,175.3046875,184.9765625,205.9921875,236.8984375,252.015625,293.1015625,293.3515625,367.03125,323.734375,231.609375,182.3125,180.625,178.8671875,164.34375,160.8359375,167.8046875,162.8203125,147.4453125,135.1484375,124.9609375,139.5703125,157.59375,170.0546875,151.6484375,127.703125,197.7109375,206.671875,199.875,177.5625
2009-10-04,175.3046875,184.9765625,205.9921875,236.8984375,252.015625,293.1015625,293.3515625,367.03125,323.734375,231.609375,182.3125,180.625,178.8671875,164.34375,160.8359375,167.8046875,162.8203125,147.4453125,135.1484375,124.9609375,139.5703125,157.59375,170.0546875,151.6484375,127.703125,197.7109375,206.671875,199.875,177.5625,137.8984375
2009-10-05,184.9765625,205.9921875,236.8984375,252.015625,293.1015625,293.3515625,367.03125,323.734375,231.609375,182.3125,180.625,178.8671875,164.34375,160.8359375,167.8046875,162.8203125,147.4453125,135.1484375,124.9609375,139.5703125,157.59375,170.0546875,151.6484375,127.703125,197.7109375,206.671875,199.875,177.5625,137.8984375,119.125
2009-10-06,205.9921875,236.8984375,252.015625,293.1015625,293.3515625,367.03125,323.734375,231.609375,182.3125,180.625,178.8671875,164.34375,160.8359375,167.8046875,162.8203125,147.4453125,135.1484375,124.9609375,139.5703125,157.59375,170.0546875,151.6484375,127.703125,197.7109375,206.671875,199.875,177.5625,137.8984375,119.125,103.4375
2009-10-07,250.0859375,198.2578125,163.6015625,195.578125,211.078125,178.0625,146.609375,121.640625,130.78125,158.9765625,156.65625,143.4296875,136.671875,139.671875,144.4453125,140.0234375,128.375,111.203125,120.1484375,142.78125,166.890625,218.53125,274.4453125,274.2421875,248.765625,211.9375,262.203125,275.765625,214.8125,189.125
2009-10-08,198.2578125,163.6015625,195.578125,211.078125,178.0625,146.609375,121.640625,130.78125,158.9765625,156.65625,143.4296875,136.671875,139.671875,144.4453125,140.0234375,128.375,111.203125,120.1484375,142.78125,166.890625,218.53125,274.4453125,274.2421875,248.765625,211.9375,262.203125,275.765625,214.8125,189.125,203.8203125
2009-10-09,163.6015625,195.578125,211.078125,178.0625,146.609375,121.640625,130.78125,158.9765625,156.65625,143.4296875,136.671875,139.671875,144.4453125,140.0234375,128.375,111.203125,120.1484375,142.78125,166.890625,218.53125,274.4453125,274.2421875,248.765625,211.9375,262.203125,275.765625,214.8125,189.125,203.8203125,194.1796875
2009-10-10,334.6796875,324.4921875,264.9375,198.4921875,170.4296875,162.8046875,156.5078125,188.6015625,221.5234375,233.8203125,211.46875,201.7734375,224.6171875,199.0,154.078125,146.5078125,148.9375,128.5,104.5625,89.0234375,78.859375,71.2890625,66.078125,61.453125,57.5859375,54.4296875,52.2578125,49.734375,46.921875,109.75
2009-10-11,324.4921875,264.9375,198.4921875,170.4296875,162.8046875,156.5078125,188.6015625,221.5234375,233.8203125,211.46875,201.7734375,224.6171875,199.0,154.078125,146.5078125,148.9375,128.5,104.5625,89.0234375,78.859375,71.2890625,66.078125,61.453125,57.5859375,54.4296875,52.2578125,49.734375,46.921875,109.75,147.0625
2009-10-12,264.9375,198.4921875,170.4296875,162.8046875,156.5078125,188.6015625,221.5234375,233.8203125,211.46875,201.7734375,224.6171875,199.0,154.078125,146.5078125,148.9375,128.5,104.5625,89.0234375,78.859375,71.2890625,66.078125,61.453125,57.5859375,54.4296875,52.2578125,49.734375,46.921875,109.75,147.0625,103.2421875
2009-10-13,198.4921875,170.4296875,162.8046875,156.5078125,188.6015625,221.5234375,233.8203125,211.46875,201.7734375,224.6171875,199.0,154.078125,146.5078125,148.9375,128.5,104.5625,89.0234375,78.859375,71.2890625,66.078125,61.453125,57.5859375,54.4296875,52.2578125,49.734375,46.921875,109.75,147.0625,103.2421875,86.9453125
2009-10-14,166.515625,149.703125,140.9375,128.203125,116.6484375,111.8046875,106.0625,98.375,96.78125,104.4296875,107.0078125,104.1640625,102.8359375,100.1875,93.6328125,83.890625,72.171875,62.3828125,68.2890625,83.4453125,78.3046875,63.578125,56.7265625,54.671875,49.6484375,46.0703125,54.96875,61.1796875,79.5703125,97.6640625
2009-10-15,149.703125,140.9375,128.203125,116.6484375,111.8046875,106.0625,98.375,96.78125,104.4296875,107.0078125,104.1640625,102.8359375,100.1875,93.6328125,83.890625,72.171875,62.3828125,68.2890625,83.4453125,78.3046875,63.578125,56.7265625,54.671875,49.6484375,46.0703125,54.96875,61.1796875,79.5703125,97.6640625,75.3125
2009-10-16,140.9375,128.203125,116.6484375,111.8046875,106.0625,98.375,96.78125,104.4296875,107.0078125,104.1640625,102.8359375,100.1875,93.6328125,83.890625,72.171875,62.3828125,68.2890625,83.4453125,78.3046875,63.578125,56.7265625,54.671875,49.6484375,46.0703125,54.96875,61.1796875,79.5703125,97.6640625,75.3125,54.4140625
2009-10-17,158.984375,166.765625,158.25,137.6171875,127.2421875,127.15625,139.1015625,154.6796875,145.7734375,117.9609375,94.984375,80.578125,70.46875,63.375,59.3828125,84.9921875,100.5390625,79.578125,64.2578125,54.3515625,46.7734375,41.203125,36.703125,33.1953125,30.328125,28.0703125,25.7890625,23.734375,22.140625,20.7890625
2009-10-18,166.765625,158.25,137.6171875,127.2421875,127.15625,139.1015625,154.6796875,145.7734375,117.9609375,94.984375,80.578125,70.46875,63.375,59.3828125,84.9921875,100.5390625,79.578125,64.2578125,54.3515625,46.7734375,41.203125,36.703125,33.1953125,30.328125,28.0703125,25.7890625,23.734375,22.140625,20.7890625,19.265625
2009-10-19,158.25,137.6171875,127.2421875,127.15625,139.1015625,154.6796875,145.7734375,117.9609375,94.984375,80.578125,70.46875,63.375,59.3828125,84.9921875,100.5390625,79.578125,64.2578125,54.3515625,46.7734375,41.203125,36.703125,33.1953125,30.328125,28.0703125,25.7890625,23.734375,22.140625,20.7890625,19.265625,17.7265625
2009-10-20,137.6171875,127.2421875,127.15625,139.1015625,154.6796875,145.7734375,117.9609375,94.984375,80.578125,70.46875,63.375,59.3828125,84.9921875,100.5390625,79.578125,64.2578125,54.3515625,46.7734375,41.203125,36.703125,33.1953125,30.328125,28.0703125,25.7890625,23.734375,22.140625,20.7890625,19.265625,17.7265625,16.640625
2009-10-21,151.6953125,130.2109375,115.8046875,109.65625,149.3671875,164.8828125,136.0390625,110.7109375,92.1484375,78.875,80.25,82.8671875,73.421875,62.9765625,56.1015625,50.3359375,44.9140625,41.171875,60.8984375,84.296875,73.4765625,58.6796875,52.34375,46.3515625,106.21875,141.0625,131.9453125,120.890625,88.5859375,66.1484375
2009-10-22,130.2109375,115.8046875,109.65625,149.3671875,164.8828125,136.0390625,110.7109375,92.1484375,78.875,80.25,82.8671875,73.421875,62.9765625,56.1015625,50.3359375,44.9140625,41.171875,60.8984375,84.296875,73.4765625,58.6796875,52.34375,46.3515625,106.21875,141.0625,131.9453125,120.890625,88.5859375,66.1484375,58.6484375
2009-10-23,115.8046875,109.65625,149.3671875,164.8828125,136.0390625,110.7109375,92.1484375,78.875,80.25,82.8671875,73.421875,62.9765625,56.1015625,50.3359375,44.9140625,41.171875,60.8984375,84.296875,73.4765625,58.6796875,52.34375,46.3515625,106.21875,141.0625,131.9453125,120.890625,88.5859375,66.1484375,58.6484375,56.3203125
2009-10-24,114.8515625,123.875,127.9140625,109.1953125,89.8515625,78.1953125,70.0078125,64.0546875,58.8359375,94.7890625,138.6015625,131.7109375,103.453125,86.4296875,79.6875,67.8671875,55.3671875,47.5859375,43.8984375,51.0625,73.125,88.546875,89.15625,77.0078125,61.3671875,63.6328125,67.0703125,58.796875,51.2421875,41.515625
2009-10-25,123.875,127.9140625,109.1953125,89.8515625,78.1953125,70.0078125,64.0546875,58.8359375,94.7890625,138.6015625,131.7109375,103.453125,86.4296875,79.6875,67.8671875,55.3671875,47.5859375,43.8984375,51.0625,73.125,88.546875,89.15625,77.0078125,61.3671875,63.6328125,67.0703125,58.796875,51.2421875,41.515625,37.0078125
2009-10-26,127.9140625,109.1953125,89.8515625,78.1953125,70.0078125,64.0546875,58.8359375,94.7890625,138.6015625,131.7109375,103.453125,86.4296875,79.6875,67.8671875,55.3671875,47.5859375,43.8984375,51.0625,73.125,88.546875,89.15625,77.0078125,61.3671875,63.6328125,67.0703125,58.796875,51.2421875,41.515625,37.0078125,30.7734375
2009-10-27,109.1953125,89.8515625,78.1953125,70.0078125,64.0546875,58.8359375,94.7890625,138.6015625,131.7109375,103.453125,86.4296875,79.6875,67.8671875,55.3671875,47.5859375,43.8984375,51.0625,73.125,88.546875,89.15625,77.0078125,61.3671875,63.6328125,67.0703125,58.796875,51.2421875,41.515625,37.0078125,30.7734375,25.6171875
2009-10-28,132.53125,106.5234375,87.765625,75.859375,67.796875,61.2734375,56.6796875,53.6953125,52.234375,96.1015625,124.75,126.7734375,112.8359375,94.4296875,86.453125,74.796875,65.9453125,56.734375,47.1015625,39.859375,35.3125,32.5078125,57.46875,82.53125,71.265625,57.8671875,44.765625,35.78125,31.59375,27.1328125
2009-10-29,106.5234375,87.765625,75.859375,67.796875,61.2734375,56.6796875,53.6953125,52.234375,96.1015625,124.75,126.7734375,112.8359375,94.4296875,86.453125,74.796875,65.9453125,56.734375,47.1015625,39.859375,35.3125,32.5078125,57.46875,82.53125,71.265625,57.8671875,44.765625,35.78125,31.59375,27.1328125,23.453125
2009-10-30,87.765625,75.859375,67.796875,61.2734375,56.6796875,53.6953125,52.234375,96.1015625,124.75,126.7734375,112.8359375,94.4296875,86.453125,74.796875,65.9453125,56.734375,47.1015625,39.859375,35.3125,32.5078125,57.46875,82.53125,71.265625,57.8671875,44.765625,35.78125,31.59375,27.1328125,23.453125,21.2109375
2009-10-31,76.296875,68.6328125,63.0859375,72.1796875,87.1875,86.5546875,90.7421875,89.515625,81.8046875,75.9609375,75.5234375,82.8671875,79.8515625,65.9375,55.1015625,47.5546875,40.6015625,35.1171875,32.2109375,57.3046875,78.9140625,74.671875,91.4921875,90.828125,85.4453125,150.578125,157.609375,101.40625,77.5625,65.7109375
2009-11-01,68.6328125,63.0859375,72.1796875,87.1875,86.5546875,90.7421875,89.515625,81.8046875,75.9609375,75.5234375,82.8671875,79.8515625,65.9375,55.1015625,47.5546875,40.6015625,35.1171875,32.2109375,57.3046875,78.9140625,74.671875,91.4921875,90.828125,85.4453125,150.578125,157.609375,101.40625,77.5625,65.7109375,60.54296875
2009-11-02,63.0859375,72.1796875,87.1875,86.5546875,90.7421875,89.515625,81.8046875,75.9609375,75.5234375,82.8671875,79.8515625,65.9375,55.1015625,47.5546875,40.6015625,35.1171875,32.2109375,57.3046875,78.9140625,74.671875,91.4921875,90.828125,85.4453125,150.578125,157.609375,101.40625,77.5625,65.7109375,60.54296875,64.6796875
2009-11-03,72.1796875,87.1875,86.5546875,90.7421875,89.515625,81.8046875,75.9609375,75.5234375,82.8671875,79.8515625,65.9375,55.1015625,47.5546875,40.6015625,35.1171875,32.2109375,57.3046875,78.9140625,74.671875,91.4921875,90.828125,85.4453125,150.578125,157.609375,101.40625,77.5625,65.7109375,60.54296875,64.6796875,100.375
2009-11-04,72.28125,63.6640625,62.078125,71.2265625,73.4140625,66.09375,56.203125,49.0,47.8984375,47.0546875,44.4375,41.109375,36.578125,32.8828125,29.921875,27.0703125,26.3359375,27.8203125,40.03125,51.5390625,56.125,52.734375,40.6328125,32.1328125,25.7578125,21.25,18.2265625,15.88671875,16.3984375,17.28515625
2009-11-05,63.6640625,62.078125,71.2265625,73.4140625,66.09375,56.203125,49.0,47.8984375,47.0546875,44.4375,41.109375,36.578125,32.8828125,29.921875,27.0703125,26.3359375,27.8203125,40.03125,51.5390625,56.125,52.734375,40.6328125,32.1328125,25.7578125,21.25,18.2265625,15.88671875,16.3984375,17.28515625,17.44921875
2009-11-06,62.078125,71.2265625,73.4140625,66.09375,56.203125,49.0,47.8984375,47.0546875,44.4375,41.109375,36.578125,32.8828125,29.921875,27.0703125,26.3359375,27.8203125,40.03125,51.5390625,56.125,52.734375,40.6328125,32.1328125,25.7578125,21.25,18.2265625,15.88671875,16.3984375,17.28515625,17.44921875,18.078125
2009-11-07,59.875,62.140625,56.5859375,51.6640625,56.1796875,63.1796875,61.1484375,53.3984375,44.8125,38.4453125,39.859375,42.765625,37.515625,32.203125,28.640625,25.9609375,24.65625,24.03125,31.921875,45.8125,44.578125,41.13671875,38.765625,46.8671875,70.921875,88.72265625,78.00390625,53.66015625,37.90625,28.51953125
2009-11-08,62.140625,56.5859375,51.6640625,56.1796875,63.1796875,61.1484375,53.3984375,44.8125,38.4453125,39.859375,42.765625,37.515625,32.203125,28.640625,25.9609375,24.65625,24.03125,31.921875,45.8125,44.578125,41.13671875,38.765625,46.8671875,70.921875,88.72265625,78.00390625,53.66015625,37.90625,28.51953125,21.984375
2009-11-09,56.5859375,51.6640625,56.1796875,63.1796875,61.1484375,53.3984375,44.8125,38.4453125,39.859375,42.765625,37.515625,32.203125,28.640625,25.9609375,24.65625,24.03125,31.921875,45.8125,44.578125,41.13671875,38.765625,46.8671875,70.921875,88.72265625,78.00390625,53.66015625,37.90625,28.51953125,21.984375,18.5078125
2009-11-10,51.6640625,56.1796875,63.1796875,61.1484375,53.3984375,44.8125,38.4453125,39.859375,42.765625,37.515625,32.203125,28.640625,25.9609375,24.65625,24.03125,31.921875,45.8125,44.578125,41.13671875,38.765625,46.8671875,70.921875,88.72265625,78.00390625,53.66015625,37.90625,28.51953125,21.984375,18.5078125,23.03515625
2009-11-11,61.390625,62.328125,53.9296875,45.4609375,39.4453125,35.4453125,31.46875,28.4296875,26.34375,25.5078125,28.53125,57.2265625,76.046875,66.2578125,54.4921875,64.96875,77.609375,59.5,42.90625,32.12109375,25.484375,21.04296875,18.1484375,16.015625,14.12890625,12.52734375,11.33984375,10.1953125,9.77734375,9.5703125
2009-11-12,62.328125,53.9296875,45.4609375,39.4453125,35.4453125,31.46875,28.4296875,26.34375,25.5078125,28.53125,57.2265625,76.046875,66.2578125,54.4921875,64.96875,77.609375,59.5,42.90625,32.12109375,25.484375,21.04296875,18.1484375,16.015625,14.12890625,12.52734375,11.33984375,10.1953125,9.77734375,9.5703125,8.96484375
2009-11-13,53.9296875,45.4609375,39.4453125,35.4453125,31.46875,28.4296875,26.34375,25.5078125,28.53125,57.2265625,76.046875,66.2578125,54.4921875,64.96875,77.609375,59.5,42.90625,32.12109375,25.484375,21.04296875,18.1484375,16.015625,14.12890625,12.52734375,11.33984375,10.1953125,9.77734375,9.5703125,8.96484375,8.1953125
2009-11-14,52.96875,56.0703125,59.0390625,59.296875,48.9296875,40.5703125,33.359375,29.1484375,25.890625,23.84375,25.765625,225.0703125,287.5546875,177.15625,108.6484375,106.125,118.80859375,103.10546875,90.61328125,82.40234375,74.51953125,70.859375,79.1953125,75.9921875,64.8125,54.3828125,43.21875,33.3828125,26.1328125,22.5546875
2009-11-15,56.0703125,59.0390625,59.296875,48.9296875,40.5703125,33.359375,29.1484375,25.890625,23.84375,25.765625,225.0703125,287.5546875,177.15625,108.6484375,106.125,118.80859375,103.10546875,90.61328125,82.40234375,74.51953125,70.859375,79.1953125,75.9921875,64.8125,54.3828125,43.21875,33.3828125,26.1328125,22.5546875,18.8203125
2009-11-16,59.0390625,59.296875,48.9296875,40.5703125,33.359375,29.1484375,25.890625,23.84375,25.765625,225.0703125,287.5546875,177.15625,108.6484375,106.125,118.80859375,103.10546875,90.61328125,82.40234375,74.51953125,70.859375,79.1953125,75.9921875,64.8125,54.3828125,43.21875,33.3828125,26.1328125,22.5546875,18.8203125,15.8203125
2009-11-17,59.296875,48.9296875,40.5703125,33.359375,29.1484375,25.890625,23.84375,25.765625,225.0703125,287.5546875,177.15625,108.6484375,106.125,118.80859375,103.10546875,90.61328125,82.40234375,74.51953125,70.859375,79.1953125,75.9921875,64.8125,54.3828125,43.21875,33.3828125,26.1328125,22.5546875,18.8203125,15.8203125,13.8828125
2009-11-18,43.78125,37.34375,32.5546875,28.4765625,25.4921875,23.109375,21.5703125,20.890625,20.0078125,21.0546875,23.921875,24.55859375,22.46484375,19.73828125,17.34765625,15.23046875,13.5,12.69921875,12.4375,11.87890625,10.2578125,9.703125,9.7578125,8.703125,10.359375,25.6015625,50.875,56.09375,40.2578125,28.515625
2009-11-19,37.34375,32.5546875,28.4765625,25.4921875,23.109375,21.5703125,20.890625,20.0078125,21.0546875,23.921875,24.55859375,22.46484375,19.73828125,17.34765625,15.23046875,13.5,12.69921875,12.4375,11.87890625,10.2578125,9.703125,9.7578125,8.703125,10.359375,25.6015625,50.875,56.09375,40.2578125,28.515625,20.921875
2009-11-20,32.5546875,28.4765625,25.4921875,23.109375,21.5703125,20.890625,20.0078125,21.0546875,23.921875,24.55859375,22.46484375,19.73828125,17.34765625,15.23046875,13.5,12.69921875,12.4375,11.87890625,10.2578125,9.703125,9.7578125,8.703125,10.359375,25.6015625,50.875,56.09375,40.2578125,28.515625,20.921875,16.2109375
2009-11-21,27.6796875,24.9609375,23.0859375,22.140625,24.296875,28.1796875,28.3125,27.1328125,25.76953125,30.91796875,33.00390625,27.578125,22.9453125,20.46484375,17.64453125,14.75,12.5546875,10.77734375,9.55078125,8.8828125,8.4296875,7.84375,8.984375,12.5625,17.015625,21.0078125,21.625,18.125,15.6796875,15.875
2009-11-22,24.9609375,23.0859375,22.140625,24.296875,28.1796875,28.3125,27.1328125,25.76953125,30.91796875,33.00390625,27.578125,22.9453125,20.46484375,17.64453125,14.75,12.5546875,10.77734375,9.55078125,8.8828125,8.4296875,7.84375,8.984375,12.5625,17.015625,21.0078125,21.625,18.125,15.6796875,15.875,23.1953125
2009-11-23,23.0859375,22.140625,24.296875,28.1796875,28.3125,27.1328125,25.76953125,30.91796875,33.00390625,27.578125,22.9453125,20.46484375,17.64453125,14.75,12.5546875,10.77734375,9.55078125,8.8828125,8.4296875,7.84375,8.984375,12.5625,17.015625,21.0078125,21.625,18.125,15.6796875,15.875,23.1953125,52.0546875
2009-11-24,22.140625,24.296875,28.1796875,28.3125,27.1328125,25.76953125,30.91796875,33.00390625,27.578125,22.9453125,20.46484375,17.64453125,14.75,12.5546875,10.77734375,9.55078125,8.8828125,8.4296875,7.84375,8.984375,12.5625,17.015625,21.0078125,21.625,18.125,15.6796875,15.875,23.1953125,52.0546875,68.671875
2009-11-25,21.7109375,19.7890625,17.984375,16.35546875,15.046875,14.4296875,13.41796875,12.515625,11.3671875,10.6796875,9.78125,9.86328125,8.640625,8.91796875,10.16796875,11.65625,13.77734375,17.91796875,20.44921875,20.15234375,18.35546875,16.03515625,15.1640625,16.05859375,16.82421875,14.99609375,13.3984375,11.90234375,11.12890625,10.29296875
2009-11-26,19.7890625,17.984375,16.35546875,15.046875,14.4296875,13.41796875,12.515625,11.3671875,10.6796875,9.78125,9.86328125,8.640625,8.91796875,10.16796875,11.65625,13.77734375,17.91796875,20.44921875,20.15234375,18.35546875,16.03515625,15.1640625,16.05859375,16.82421875,14.99609375,13.3984375,11.90234375,11.12890625,10.29296875,9.359375
2009-11-27,17.984375,16.35546875,15.046875,14.4296875,13.41796875,12.515625,11.3671875,10.6796875,9.78125,9.86328125,8.640625,8.91796875,10.16796875,11.65625,13.77734375,17.91796875,20.44921875,20.15234375,18.35546875,16.03515625,15.1640625,16.05859375,16.82421875,14.99609375,13.3984375,11.90234375,11.12890625,10.29296875,9.359375,8.77734375
2009-11-28,16.9609375,15.66015625,14.3671875,13.52734375,12.890625,12.0703125,11.33984375,10.60546875,9.828125,9.52734375,8.8515625,8.2265625,7.6484375,7.92578125,8.8203125,9.94140625,10.5078125,10.9375,11.4765625,11.140625,9.296875,7.8984375,7.3203125,7.0859375,6.7421875,5.9140625,5.53125,4.96875,4.625,4.3515625
2009-11-29,15.66015625,14.3671875,13.52734375,12.890625,12.0703125,11.33984375,10.60546875,9.828125,9.52734375,8.8515625,8.2265625,7.6484375,7.92578125,8.8203125,9.94140625,10.5078125,10.9375,11.4765625,11.140625,9.296875,7.8984375,7.3203125,7.0859375,6.7421875,5.9140625,5.53125,4.96875,4.625,4.3515625,3.8359375
2009-11-30,14.3671875,13.52734375,12.890625,12.0703125,11.33984375,10.60546875,9.828125,9.52734375,8.8515625,8.2265625,7.6484375,7.92578125,8.8203125,9.94140625,10.5078125,10.9375,11.4765625,11.140625,9.296875,7.8984375,7.3203125,7.0859375,6.7421875,5.9140625,5.53125,4.96875,4.625,4.3515625,3.8359375,3.640625
2009-12-01,13.52734375,12.890625,12.0703125,11.33984375,10.60546875,9.828125,9.52734375,8.8515625,8.2265625,7.6484375,7.92578125,8.8203125,9.94140625,10.5078125,10.9375,11.4765625,11.140625,9.296875,7.8984375,7.3203125,7.0859375,6.7421875,5.9140625,5.53125,4.96875,4.625,4.3515625,3.8359375,3.640625,3.578125
2009-12-02,12.55078125,11.94921875,11.22265625,10.6953125,10.22265625,9.7734375,9.32421875,8.83203125,8.32421875,7.8828125,7.28515625,6.7578125,6.09765625,5.08984375,5.0390625,5.66796875,5.7890625,7.9921875,15.09375,23.7734375,32.6875,27.90625,20.8828125,15.5,11.8828125,9.609375,8.9453125,9.484375,9.2734375,11.4140625
2009-12-03,11.94921875,11.22265625,10.6953125,10.22265625,9.7734375,9.32421875,8.83203125,8.32421875,7.8828125,7.28515625,6.7578125,6.09765625,5.08984375,5.0390625,5.66796875,5.7890625,7.9921875,15.09375,23.7734375,32.6875,27.90625,20.8828125,15.5,11.8828125,9.609375,8.9453125,9.484375,9.2734375,11.4140625,19.40625
2009-12-04,11.22265625,10.6953125,10.22265625,9.7734375,9.32421875,8.83203125,8.32421875,7.8828125,7.28515625,6.7578125,6.09765625,5.08984375,5.0390625,5.66796875,5.7890625,7.9921875,15.09375,23.7734375,32.6875,27.90625,20.8828125,15.5,11.8828125,9.609375,8.9453125,9.484375,9.2734375,11.4140625,19.40625,29.0859375
2009-12-05,10.73046875,10.4375,10.1875,11.00390625,12.828125,12.72265625,11.64453125,10.3828125,9.39453125,8.4609375,8.87890625,20.078125,40.5703125,38.63671875,29.5859375,21.9765625,17.453125,14.0546875,11.09375,8.6953125,7.796875,9.3984375,12.5625,12.5546875,10.8203125,8.78125,7.1953125,6.1796875,6.0703125,6.859375
2009-12-06,10.4375,10.1875,11.00390625,12.828125,12.72265625,11.64453125,10.3828125,9.39453125,8.4609375,8.87890625,20.078125,40.5703125,38.63671875,29.5859375,21.9765625,17.453125,14.0546875,11.09375,8.6953125,7.796875,9.3984375,12.5625,12.5546875,10.8203125,8.78125,7.1953125,6.1796875,6.0703125,6.859375,9.5703125
2009-12-07,10.1875,11.00390625,12.828125,12.72265625,11.64453125,10.3828125,9.39453125,8.4609375,8.87890625,20.078125,40.5703125,38.63671875,29.5859375,21.9765625,17.453125,14.0546875,11.09375,8.6953125,7.796875,9.3984375,12.5625,12.5546875,10.8203125,8.78125,7.1953125,6.1796875,6.0703125,6.859375,9.5703125,12.078125
2009-12-08,11.00390625,12.828125,12.72265625,11.64453125,10.3828125,9.39453125,8.4609375,8.87890625,20.078125,40.5703125,38.63671875,29.5859375,21.9765625,17.453125,14.0546875,11.09375,8.6953125,7.796875,9.3984375,12.5625,12.5546875,10.8203125,8.78125,7.1953125,6.1796875,6.0703125,6.859375,9.5703125,12.078125,11.1171875
2009-12-09,10.37109375,9.7890625,9.07421875,8.3359375,7.8984375,8.45703125,9.828125,15.76171875,37.07421875,47.91796875,36.26171875,26.09375,19.5546875,15.7421875,13.5078125,12.109375,12.5078125,14.3984375,15.5859375,16.4140625,15.390625,14.8828125,16.8203125,17.5859375,15.21875,12.21875,9.7578125,8.0078125,6.8671875,6.15625
2009-12-10,9.7890625,9.07421875,8.3359375,7.8984375,8.45703125,9.828125,15.76171875,37.07421875,47.91796875,36.26171875,26.09375,19.5546875,15.7421875,13.5078125,12.109375,12.5078125,14.3984375,15.5859375,16.4140625,15.390625,14.8828125,16.8203125,17.5859375,15.21875,12.21875,9.7578125,8.0078125,6.8671875,6.15625,5.4296875
2009-12-11,9.07421875,8.3359375,7.8984375,8.45703125,9.828125,15.76171875,37.07421875,47.91796875,36.26171875,26.09375,19.5546875,15.7421875,13.5078125,12.109375,12.5078125,14.3984375,15.5859375,16.4140625,15.390625,14.8828125,16.8203125,17.5859375,15.21875,12.21875,9.7578125,8.0078125,6.8671875,6.15625,5.4296875,4.9140625
2009-12-12,8.59375,8.19140625,7.6484375,7.33984375,8.140625,9.390625,13.29296875,19.78125,19.171875,15.6640625,12.7890625,12.3671875,15.78125,16.3515625,16.3984375,16.0546875,18.25,19.40625,17.5703125,15.9140625,14.390625,20.09375,31.03125,26.5390625,20.5234375,16.375,13.2109375,11.1328125,9.171875,7.2734375
2009-12-13,8.19140625,7.6484375,7.33984375,8.140625,9.390625,13.29296875,19.78125,19.171875,15.6640625,12.7890625,12.3671875,15.78125,16.3515625,16.3984375,16.0546875,18.25,19.40625,17.5703125,15.9140625,14.390625,20.09375,31.03125,26.5390625,20.5234375,16.375,13.2109375,11.1328125,9.171875,7.2734375,6.1796875
2009-12-14,7.6484375,7.33984375,8.140625,9.390625,13.29296875,19.78125,19.171875,15.6640625,12.7890625,12.3671875,15.78125,16.3515625,16.3984375,16.0546875,18.25,19.40625,17.5703125,15.9140625,14.390625,20.09375,31.03125,26.5390625,20.5234375,16.375,13.2109375,11.1328125,9.171875,7.2734375,6.1796875,5.7578125
2009-12-15,7.33984375,8.140625,9.390625,13.29296875,19.78125,19.171875,15.6640625,12.7890625,12.3671875,15.78125,16.3515625,16.3984375,16.0546875,18.25,19.40625,17.5703125,15.9140625,14.390625,20.09375,31.03125,26.5390625,20.5234375,16.375,13.2109375,11.1328125,9.171875,7.2734375,6.1796875,5.7578125,5.328125
2009-12-16,14.53515625,21.34375,20.7734375,18.28125,15.8828125,13.1875,11.1953125,9.6015625,8.6640625,7.8125,9.1171875,19.5546875,35.765625,36.9140625,30.21875,22.0078125,16.4140625,12.890625,10.6171875,9.3359375,8.3671875,8.4453125,8.34375,9.421875,9.296875,8.4296875,7.5546875,6.609375,6.375,6.21875
2009-12-17,21.34375,20.7734375,18.28125,15.8828125,13.1875,11.1953125,9.6015625,8.6640625,7.8125,9.1171875,19.5546875,35.765625,36.9140625,30.21875,22.0078125,16.4140625,12.890625,10.6171875,9.3359375,8.3671875,8.4453125,8.34375,9.421875,9.296875,8.4296875,7.5546875,6.609375,6.375,6.21875,7.5859375
2009-12-18,20.7734375,18.28125,15.8828125,13.1875,11.1953125,9.6015625,8.6640625,7.8125,9.1171875,19.5546875,35.765625,36.9140625,30.21875,22.0078125,16.4140625,12.890625,10.6171875,9.3359375,8.3671875,8.4453125,8.34375,9.421875,9.296875,8.4296875,7.5546875,6.609375,6.375,6.21875,7.5859375,11.59375
2009-12-19,36.484375,29.140625,21.2890625,16.2265625,12.984375,10.765625,9.7421875,10.2109375,11.2890625,11.1484375,9.953125,8.828125,8.234375,8.3828125,8.21875,8.046875,8.1875,8.0859375,7.4453125,6.4921875,6.1640625,5.96875,5.8984375,6.203125,5.5703125,4.6640625,4.5234375,5.0,5.84375,5.390625
2009-12-20,29.140625,21.2890625,16.2265625,12.984375,10.765625,9.7421875,10.2109375,11.2890625,11.1484375,9.953125,8.828125,8.234375,8.3828125,8.21875,8.046875,8.1875,8.0859375,7.4453125,6.4921875,6.1640625,5.96875,5.8984375,6.203125,5.5703125,4.6640625,4.5234375,5.0,5.84375,5.390625,4.6171875
2009-12-21,21.2890625,16.2265625,12.984375,10.765625,9.7421875,10.2109375,11.2890625,11.1484375,9.953125,8.828125,8.234375,8.3828125,8.21875,8.046875,8.1875,8.0859375,7.4453125,6.4921875,6.1640625,5.96875,5.8984375,6.203125,5.5703125,4.6640625,4.5234375,5.0,5.84375,5.390625,4.6171875,4.4453125
2009-12-22,16.2265625,12.984375,10.765625,9.7421875,10.2109375,11.2890625,11.1484375,9.953125,8.828125,8.234375,8.3828125,8.21875,8.046875,8.1875,8.0859375,7.4453125,6.4921875,6.1640625,5.96875,5.8984375,6.203125,5.5703125,4.6640625,4.5234375,5.0,5.84375,5.390625,4.6171875,4.4453125,4.4140625
2009-12-23,13.453125,10.921875,9.5078125,8.1484375,7.09375,6.625,6.3515625,5.8359375,5.484375,5.21875,4.8203125,4.53125,4.7734375,5.46875,5.6796875,5.484375,4.4296875,4.0546875,4.140625,4.5546875,4.7421875,4.390625,3.5625,3.3046875,3.265625,3.203125,3.421875,3.328125,3.390625,4.234375
2009-12-24,10.921875,9.5078125,8.1484375,7.09375,6.625,6.3515625,5.8359375,5.484375,5.21875,4.8203125,4.53125,4.7734375,5.46875,5.6796875,5.484375,4.4296875,4.0546875,4.140625,4.5546875,4.7421875,4.390625,3.5625,3.3046875,3.265625,3.203125,3.421875,3.328125,3.390625,4.234375,5.0234375
2009-12-25,9.5078125,8.1484375,7.09375,6.625,6.3515625,5.8359375,5.484375,5.21875,4.8203125,4.53125,4.7734375,5.46875,5.6796875,5.484375,4.4296875,4.0546875,4.140625,4.5546875,4.7421875,4.390625,3.5625,3.3046875,3.265625,3.203125,3.421875,3.328125,3.390625,4.234375,5.0234375,5.3125
2009-12-26,9.34375,9.0859375,8.7109375,8.1015625,7.765625,7.8359375,10.8359375,17.53125,18.28125,15.421875,13.4921875,13.625,13.6171875,12.1328125,10.203125,8.421875,7.0234375,5.625,4.796875,4.6484375,4.1015625,3.7734375,3.84375,3.59375,3.65625,3.7890625,3.984375,3.65625,3.5234375,3.7578125
2009-12-27,9.0859375,8.7109375,8.1015625,7.765625,7.8359375,10.8359375,17.53125,18.28125,15.421875,13.4921875,13.625,13.6171875,12.1328125,10.203125,8.421875,7.0234375,5.625,4.796875,4.6484375,4.1015625,3.7734375,3.84375,3.59375,3.65625,3.7890625,3.984375,3.65625,3.5234375,3.7578125,3.75
2009-12-28,8.7109375,8.1015625,7.765625,7.8359375,10.8359375,17.53125,18.28125,15.421875,13.4921875,13.625,13.6171875,12.1328125,10.203125,8.421875,7.0234375,5.625,4.796875,4.6484375,4.1015625,3.7734375,3.84375,3.59375,3.65625,3.7890625,3.984375,3.65625,3.5234375,3.7578125,3.75,3.921875
2009-12-29,8.1015625,7.765625,7.8359375,10.8359375,17.53125,18.28125,15.421875,13.4921875,13.625,13.6171875,12.1328125,10.203125,8.421875,7.0234375,5.625,4.796875,4.6484375,4.1015625,3.7734375,3.84375,3.59375,3.65625,3.7890625,3.984375,3.65625,3.5234375,3.7578125,3.75,3.921875,4.5546875
2009-12-30,10.7890625,9.6015625,8.46875,7.46875,6.640625,6.25,6.234375,6.75,7.1953125,7.1171875,6.3828125,5.7890625,5.3046875,4.7421875,4.859375,4.59375,4.453125,3.6796875,3.3828125,3.34375,3.3671875,3.5546875,3.65625,3.8671875,3.9765625,4.4921875,5.6875,5.6953125,6.0625,5.4921875
2009-12-31,9.6015625,8.46875,7.46875,6.640625,6.25,6.234375,6.75,7.1953125,7.1171875,6.3828125,5.7890625,5.3046875,4.7421875,4.859375,4.59375,4.453125,3.6796875,3.3828125,3.34375,3.3671875,3.5546875,3.65625,3.8671875,3.9765625,4.4921875,5.6875,5.6953125,6.0625,5.4921875,4.9375
2010-01-01,8.46875,7.46875,6.640625,6.25,6.234375,6.75,7.1953125,7.1171875,6.3828125,5.7890625,5.3046875,4.7421875,4.859375,4.59375,4.453125,3.6796875,3.3828125,3.34375,3.3671875,3.5546875,3.65625,3.8671875,3.9765625,4.4921875,5.6875,5.6953125,6.0625,5.4921875,4.9375,5.109375
2010-01-02,7.46875,6.640625,6.25,6.234375,6.75,7.1953125,7.1171875,6.3828125,5.7890625,5.3046875,4.7421875,4.859375,4.59375,4.453125,3.6796875,3.3828125,3.34375,3.3671875,3.5546875,3.65625,3.8671875,3.9765625,4.4921875,5.6875,5.6953125,6.0625,5.4921875,4.9375,5.109375,4.78125
2010-01-03,6.5703125,6.53125,6.3203125,6.0703125,5.6640625,5.3125,5.2421875,5.4140625,5.453125,99.2890625,163.5703125,100.0859375,59.578125,38.65625,26.9140625,19.7109375,15.265625,11.65625,9.7734375,8.71875,7.4140625,6.9140625,6.4765625,6.109375,5.84375,5.71875,5.578125,5.171875,4.796875,4.609375
2010-01-04,6.53125,6.3203125,6.0703125,5.6640625,5.3125,5.2421875,5.4140625,5.453125,99.2890625,163.5703125,100.0859375,59.578125,38.65625,26.9140625,19.7109375,15.265625,11.65625,9.7734375,8.71875,7.4140625,6.9140625,6.4765625,6.109375,5.84375,5.71875,5.578125,5.171875,4.796875,4.609375,4.25
2010-01-05,6.3203125,6.0703125,5.6640625,5.3125,5.2421875,5.4140625,5.453125,99.2890625,163.5703125,100.0859375,59.578125,38.65625,26.9140625,19.7109375,15.265625,11.65625,9.7734375,8.71875,7.4140625,6.9140625,6.4765625,6.109375,5.84375,5.71875,5.578125,5.171875,4.796875,4.609375,4.25,4.359375
2010-01-06,6.0703125,5.6640625,5.3125,5.2421875,5.4140625,5.453125,99.2890625,163.5703125,100.0859375,59.578125,38.65625,26.9140625,19.7109375,15.265625,11.65625,9.7734375,8.71875,7.4140625,6.9140625,6.4765625,6.109375,5.84375,5.71875,5.578125,5.171875,4.796875,4.609375,4.25,4.359375,4.3125
2010-01-07,5.703125,5.71875,5.8125,5.828125,6.5234375,8.6953125,11.3359375,11.828125,10.984375,9.28125,7.9921875,7.0703125,6.359375,5.7578125,5.3203125,5.4765625,6.796875,7.875,8.796875,10.390625,23.3125,41.640625,36.171875,25.84375,18.484375,13.59375,10.609375,8.328125,6.78125,5.84375
2010-01-08,5.71875,5.8125,5.828125,6.5234375,8.6953125,11.3359375,11.828125,10.984375,9.28125,7.9921875,7.0703125,6.359375,5.7578125,5.3203125,5.4765625,6.796875,7.875,8.796875,10.390625,23.3125,41.640625,36.171875,25.84375,18.484375,13.59375,10.609375,8.328125,6.78125,5.84375,5.390625
2010-01-09,5.8125,5.828125,6.5234375,8.6953125,11.3359375,11.828125,10.984375,9.28125,7.9921875,7.0703125,6.359375,5.7578125,5.3203125,5.4765625,6.796875,7.875,8.796875,10.390625,23.3125,41.640625,36.171875,25.84375,18.484375,13.59375,10.609375,8.328125,6.78125,5.84375,5.390625,5.25
2010-01-10,14.0546875,14.7734375,19.0859375,24.2734375,20.5390625,16.703125,13.0,10.2734375,8.734375,8.515625,7.8359375,6.90625,7.6796875,10.8046875,10.859375,9.4609375,8.59375,8.359375,9.234375,11.078125,12.84375,12.796875,12.703125,13.484375,14.203125,15.34375,13.359375,10.671875,8.9375,7.59375
2010-01-11,14.7734375,19.0859375,24.2734375,20.5390625,16.703125,13.0,10.2734375,8.734375,8.515625,7.8359375,6.90625,7.6796875,10.8046875,10.859375,9.4609375,8.59375,8.359375,9.234375,11.078125,12.84375,12.796875,12.703125,13.484375,14.203125,15.34375,13.359375,10.671875,8.9375,7.59375,6.375
2010-01-12,19.0859375,24.2734375,20.5390625,16.703125,13.0,10.2734375,8.734375,8.515625,7.8359375,6.90625,7.6796875,10.8046875,10.859375,9.4609375,8.59375,8.359375,9.234375,11.078125,12.84375,12.796875,12.703125,13.484375,14.203125,15.34375,13.359375,10.671875,8.9375,7.59375,6.375,5.375
2010-01-13,24.2734375,20.5390625,16.703125,13.0,10.2734375,8.734375,8.515625,7.8359375,6.90625,7.6796875,10.8046875,10.859375,9.4609375,8.59375,8.359375,9.234375,11.078125,12.84375,12.796875,12.703125,13.484375,14.203125,15.34375,13.359375,10.671875,8.9375,7.59375,6.375,5.375,4.859375
2010-01-14,16.3671875,13.796875,11.3828125,9.2265625,7.671875,7.0625,6.9765625,7.859375,14.8671875,24.75,22.515625,20.5234375,19.40625,15.953125,12.921875,10.796875,10.71875,10.53125,10.03125,8.625,7.796875,6.796875,7.109375,10.15625,13.703125,24.125,44.640625,45.3125,35.234375,27.25
2010-01-15,13.796875,11.3828125,9.2265625,7.671875,7.0625,6.9765625,7.859375,14.8671875,24.75,22.515625,20.5234375,19.40625,15.953125,12.921875,10.796875,10.71875,10.53125,10.03125,8.625,7.796875,6.796875,7.109375,10.15625,13.703125,24.125,44.640625,45.3125,35.234375,27.25,20.859375
2010-01-16,11.3828125,9.2265625,7.671875,7.0625,6.9765625,7.859375,14.8671875,24.75,22.515625,20.5234375,19.40625,15.953125,12.921875,10.796875,10.71875,10.53125,10.03125,8.625,7.796875,6.796875,7.109375,10.15625,13.703125,24.125,44.640625,45.3125,35.234375,27.25,20.859375,17.8125
2010-01-17,9.1796875,7.8046875,36.390625,75.4140625,58.0546875,42.1015625,32.3203125,23.53125,17.5859375,14.265625,11.578125,9.59375,8.296875,7.71875,7.015625,12.625,35.203125,41.625,33.90625,27.296875,20.796875,16.0625,14.265625,16.078125,19.203125,19.0625,17.28125,15.5625,14.703125,13.21875
2010-01-18,7.8046875,36.390625,75.4140625,58.0546875,42.1015625,32.3203125,23.53125,17.5859375,14.265625,11.578125,9.59375,8.296875,7.71875,7.015625,12.625,35.203125,41.625,33.90625,27.296875,20.796875,16.0625,14.265625,16.078125,19.203125,19.0625,17.28125,15.5625,14.703125,13.21875,12.0
2010-01-19,36.390625,75.4140625,58.0546875,42.1015625,32.3203125,23.53125,17.5859375,14.265625,11.578125,9.59375,8.296875,7.71875,7.015625,12.625,35.203125,41.625,33.90625,27.296875,20.796875,16.0625,14.265625,16.078125,19.203125,19.0625,17.28125,15.5625,14.703125,13.21875,12.0,10.703125
2010-01-20,75.4140625,58.0546875,42.1015625,32.3203125,23.53125,17.5859375,14.265625,11.578125,9.59375,8.296875,7.71875,7.015625,12.625,35.203125,41.625,33.90625,27.296875,20.796875,16.0625,14.265625,16.078125,19.203125,19.0625,17.28125,15.5625,14.703125,13.21875,12.0,10.703125,10.109375
2010-01-21,104.5234375,75.9609375,53.734375,40.5234375,35.203125,27.03125,20.0,15.359375,13.78125,16.671875,23.109375,25.234375,28.234375,26.140625,20.84375,18.25,30.578125,46.78125,40.6875,34.765625,33.921875,27.75,21.296875,17.046875,13.890625,11.375,12.421875,18.109375,19.59375,20.359375
2010-01-22,75.9609375,53.734375,40.5234375,35.203125,27.03125,20.0,15.359375,13.78125,16.671875,23.109375,25.234375,28.234375,26.140625,20.84375,18.25,30.578125,46.78125,40.6875,34.765625,33.921875,27.75,21.296875,17.046875,13.890625,11.375,12.421875,18.109375,19.59375,20.359375,29.703125
2010-01-23,53.734375,40.5234375,35.203125,27.03125,20.0,15.359375,13.78125,16.671875,23.109375,25.234375,28.234375,26.140625,20.84375,18.25,30.578125,46.78125,40.6875,34.765625,33.921875,27.75,21.296875,17.046875,13.890625,11.375,12.421875,18.109375,19.59375,20.359375,29.703125,40.484375
2010-01-24,42.71875,31.90625,23.328125,17.578125,13.765625,11.78125,12.421875,13.9375,13.296875,11.5625,9.90625,8.578125,7.828125,7.25,6.5625,5.40625,4.609375,4.203125,4.0625,4.0,4.046875,4.296875,4.890625,6.4375,8.46875,8.90625,8.375,8.046875,7.640625,6.703125
2010-01-25,31.90625,23.328125,17.578125,13.765625,11.78125,12.421875,13.9375,13.296875,11.5625,9.90625,8.578125,7.828125,7.25,6.5625,5.40625,4.609375,4.203125,4.0625,4.0,4.046875,4.296875,4.890625,6.4375,8.46875,8.90625,8.375,8.046875,7.640625,6.703125,5.65625
2010-01-26,23.328125,17.578125,13.765625,11.78125,12.421875,13.9375,13.296875,11.5625,9.90625,8.578125,7.828125,7.25,6.5625,5.40625,4.609375,4.203125,4.0625,4.0,4.046875,4.296875,4.890625,6.4375,8.46875,8.90625,8.375,8.046875,7.640625,6.703125,5.65625,5.109375
2010-01-27,17.578125,13.765625,11.78125,12.421875,13.9375,13.296875,11.5625,9.90625,8.578125,7.828125,7.25,6.5625,5.40625,4.609375,4.203125,4.0625,4.0,4.046875,4.296875,4.890625,6.4375,8.46875,8.90625,8.375,8.046875,7.640625,6.703125,5.65625,5.109375,5.953125
2010-01-28,21.0625,17.109375,14.53125,12.46875,12.03125,12.6875,13.65625,12.59375,10.84375,9.265625,8.078125,7.9375,7.703125,6.953125,6.609375,6.6875,6.859375,7.375,8.84375,11.21875,15.09375,17.234375,16.75,15.296875,13.65625,13.140625,12.28125,10.703125,9.75,9.15625
2010-01-29,17.109375,14.53125,12.46875,12.03125,12.6875,13.65625,12.59375,10.84375,9.265625,8.078125,7.9375,7.703125,6.953125,6.609375,6.6875,6.859375,7.375,8.84375,11.21875,15.09375,17.234375,16.75,15.296875,13.65625,13.140625,12.28125,10.703125,9.75,9.15625,8.375
2010-01-30,14.53125,12.46875,12.03125,12.6875,13.65625,12.59375,10.84375,9.265625,8.078125,7.9375,7.703125,6.953125,6.609375,6.6875,6.859375,7.375,8.84375,11.21875,15.09375,17.234375,16.75,15.296875,13.65625,13.140625,12.28125,10.703125,9.75,9.15625,8.375,7.75
2010-01-31,12.546875,10.796875,9.796875,8.75,8.46875,7.984375,7.984375,8.1875,7.859375,7.0625,6.65625,5.890625,5.359375,5.109375,4.875,4.125,3.65625,3.640625,3.828125,3.890625,4.03125,4.09375,4.1875,4.828125,5.3125,5.515625,5.578125,5.890625,5.328125,4.640625
2010-02-01,10.796875,9.796875,8.75,8.46875,7.984375,7.984375,8.1875,7.859375,7.0625,6.65625,5.890625,5.359375,5.109375,4.875,4.125,3.65625,3.640625,3.828125,3.890625,4.03125,4.09375,4.1875,4.828125,5.3125,5.515625,5.578125,5.890625,5.328125,4.640625,4.140625
2010-02-02,9.796875,8.75,8.46875,7.984375,7.984375,8.1875,7.859375,7.0625,6.65625,5.890625,5.359375,5.109375,4.875,4.125,3.65625,3.640625,3.828125,3.890625,4.03125,4.09375,4.1875,4.828125,5.3125,5.515625,5.578125,5.890625,5.328125,4.640625,4.140625,4.625
2010-02-03,8.75,8.46875,7.984375,7.984375,8.1875,7.859375,7.0625,6.65625,5.890625,5.359375,5.109375,4.875,4.125,3.65625,3.640625,3.828125,3.890625,4.03125,4.09375,4.1875,4.828125,5.3125,5.515625,5.578125,5.890625,5.328125,4.640625,4.140625,4.625,6.875
2010-02-04,12.671875,12.953125,11.28125,9.34375,7.984375,6.90625,6.171875,5.796875,5.4375,5.125,5.15625,5.1875,5.015625,6.640625,22.09375,53.03125,60.65625,47.90625,36.203125,27.65625,20.09375,14.796875,11.265625,8.765625,7.265625,6.1875,5.421875,4.953125,4.53125,4.1875
2010-02-05,12.953125,11.28125,9.34375,7.984375,6.90625,6.171875,5.796875,5.4375,5.125,5.15625,5.1875,5.015625,6.640625,22.09375,53.03125,60.65625,47.90625,36.203125,27.65625,20.09375,14.796875,11.265625,8.765625,7.265625,6.1875,5.421875,4.953125,4.53125,4.1875,4.484375
2010-02-06,11.28125,9.34375,7.984375,6.90625,6.171875,5.796875,5.4375,5.125,5.15625,5.1875,5.015625,6.640625,22.09375,53.03125,60.65625,47.90625,36.203125,27.65625,20.09375,14.796875,11.265625,8.765625,7.265625,6.1875,5.421875,4.953125,4.53125,4.1875,4.484375,5.984375
2010-02-07,8.5,7.453125,6.296875,5.453125,5.046875,4.65625,4.484375,4.234375,4.015625,3.8125,3.734375,3.65625,3.96875,4.28125,4.46875,5.578125,6.4375,6.15625,6.359375,7.96875,8.421875,9.625,12.453125,12.9375,12.796875,11.28125,9.421875,7.90625,6.5625,5.9375
2010-02-08,7.453125,6.296875,5.453125,5.046875,4.65625,4.484375,4.234375,4.015625,3.8125,3.734375,3.65625,3.96875,4.28125,4.46875,5.578125,6.4375,6.15625,6.359375,7.96875,8.421875,9.625,12.453125,12.9375,12.796875,11.28125,9.421875,7.90625,6.5625,5.9375,5.71875
2010-02-09,6.296875,5.453125,5.046875,4.65625,4.484375,4.234375,4.015625,3.8125,3.734375,3.65625,3.96875,4.28125,4.46875,5.578125,6.4375,6.15625,6.359375,7.96875,8.421875,9.625,12.453125,12.9375,12.796875,11.28125,9.421875,7.90625,6.5625,5.9375,5.71875,5.34375
2010-02-10,5.453125,5.046875,4.65625,4.484375,4.234375,4.015625,3.8125,3.734375,3.65625,3.96875,4.28125,4.46875,5.578125,6.4375,6.15625,6.359375,7.96875,8.421875,9.625,12.453125,12.9375,12.796875,11.28125,9.421875,7.90625,6.5625,5.9375,5.71875,5.34375,4.703125
2010-02-11,5.4375,4.859375,4.796875,5.328125,5.96875,5.921875,6.09375,10.171875,19.890625,25.953125,27.375,26.53125,31.515625,37.96875,30.890625,26.609375,26.15625,20.625,16.140625,13.890625,12.0,9.8125,7.46875,6.046875,5.296875,4.609375,4.40625,4.46875,4.4375,5.46875
2010-02-12,4.859375,4.796875,5.328125,5.96875,5.921875,6.09375,10.171875,19.890625,25.953125,27.375,26.53125,31.515625,37.96875,30.890625,26.609375,26.15625,20.625,16.140625,13.890625,12.0,9.8125,7.46875,6.046875,5.296875,4.609375,4.40625,4.46875,4.4375,5.46875,6.59375
2010-02-13,4.796875,5.328125,5.96875,5.921875,6.09375,10.171875,19.890625,25.953125,27.375,26.53125,31.515625,37.96875,30.890625,26.609375,26.15625,20.625,16.140625,13.890625,12.0,9.8125,7.46875,6.046875,5.296875,4.609375,4.40625,4.46875,4.4375,5.46875,6.59375,7.96875
2010-02-14,4.421875,4.890625,4.796875,4.421875,4.28125,5.25,7.96875,11.9375,17.171875,19.5625,17.921875,15.78125,15.203125,17.09375,17.109375,14.875,12.734375,11.46875,12.0,15.609375,18.671875,16.453125,13.203125,11.296875,10.328125,10.859375,11.46875,11.234375,12.15625,13.9375
2010-02-15,4.890625,4.796875,4.421875,4.28125,5.25,7.96875,11.9375,17.171875,19.5625,17.921875,15.78125,15.203125,17.09375,17.109375,14.875,12.734375,11.46875,12.0,15.609375,18.671875,16.453125,13.203125,11.296875,10.328125,10.859375,11.46875,11.234375,12.15625,13.9375,13.296875
2010-02-16,4.796875,4.421875,4.28125,5.25,7.96875,11.9375,17.171875,19.5625,17.921875,15.78125,15.203125,17.09375,17.109375,14.875,12.734375,11.46875,12.0,15.609375,18.671875,16.453125,13.203125,11.296875,10.328125,10.859375,11.46875,11.234375,12.15625,13.9375,13.296875,13.015625
2010-02-17,4.421875,4.28125,5.25,7.96875,11.9375,17.171875,19.5625,17.921875,15.78125,15.203125,17.09375,17.109375,14.875,12.734375,11.46875,12.0,15.609375,18.671875,16.453125,13.203125,11.296875,10.328125,10.859375,11.46875,11.234375,12.15625,13.9375,13.296875,13.015625,12.875
2010-02-18,4.46875,5.0,4.875,5.34375,9.875,18.765625,22.1875,20.390625,16.390625,12.5,9.90625,8.125,7.03125,6.3125,5.296875,4.453125,3.953125,4.84375,6.390625,6.734375,5.984375,5.359375,6.40625,9.125,10.484375,9.375,15.484375,59.921875,78.390625,55.1875
2010-02-19,5.0,4.875,5.34375,9.875,18.765625,22.1875,20.390625,16.390625,12.5,9.90625,8.125,7.03125,6.3125,5.296875,4.453125,3.953125,4.84375,6.390625,6.734375,5.984375,5.359375,6.40625,9.125,10.484375,9.375,15.484375,59.921875,78.390625,55.1875,39.65625
2010-02-20,4.875,5.34375,9.875,18.765625,22.1875,20.390625,16.390625,12.5,9.90625,8.125,7.03125,6.3125,5.296875,4.453125,3.953125,4.84375,6.390625,6.734375,5.984375,5.359375,6.40625,9.125,10.484375,9.375,15.484375,59.921875,78.390625,55.1875,39.65625,29.9375
2010-02-21,17.671875,18.796875,19.921875,19.703125,16.609375,13.859375,11.546875,9.390625,7.5625,7.265625,8.796875,10.5,12.765625,16.140625,17.875,14.828125,12.546875,12.421875,11.8125,11.359375,11.0625,11.671875,16.171875,26.046875,32.140625,27.28125,23.40625,22.984375,23.03125,23.96875
2010-02-22,18.796875,19.921875,19.703125,16.609375,13.859375,11.546875,9.390625,7.5625,7.265625,8.796875,10.5,12.765625,16.140625,17.875,14.828125,12.546875,12.421875,11.8125,11.359375,11.0625,11.671875,16.171875,26.046875,32.140625,27.28125,23.40625,22.984375,23.03125,23.96875,19.109375
2010-02-23,19.921875,19.703125,16.609375,13.859375,11.546875,9.390625,7.5625,7.265625,8.796875,10.5,12.765625,16.140625,17.875,14.828125,12.546875,12.421875,11.8125,11.359375,11.0625,11.671875,16.171875,26.046875,32.140625,27.28125,23.40625,22.984375,23.03125,23.96875,19.109375,14.140625
2010-02-24,19.703125,16.609375,13.859375,11.546875,9.390625,7.5625,7.265625,8.796875,10.5,12.765625,16.140625,17.875,14.828125,12.546875,12.421875,11.8125,11.359375,11.0625,11.671875,16.171875,26.046875,32.140625,27.28125,23.40625,22.984375,23.03125,23.96875,19.109375,14.140625,12.15625
2010-02-25,19.515625,19.15625,21.453125,22.71875,18.9375,15.75,12.59375,10.015625,8.734375,8.09375,8.25,8.75,10.234375,12.765625,13.828125,12.078125,10.0,10.046875,15.046875,20.03125,18.015625,14.328125,11.109375,9.546875,8.5625,8.328125,8.234375,8.4375,9.8125,12.3125
2010-02-26,19.15625,21.453125,22.71875,18.9375,15.75,12.59375,10.015625,8.734375,8.09375,8.25,8.75,10.234375,12.765625,13.828125,12.078125,10.0,10.046875,15.046875,20.03125,18.015625,14.328125,11.109375,9.546875,8.5625,8.328125,8.234375,8.4375,9.8125,12.3125,12.3125
2010-02-27,21.453125,22.71875,18.9375,15.75,12.59375,10.015625,8.734375,8.09375,8.25,8.75,10.234375,12.765625,13.828125,12.078125,10.0,10.046875,15.046875,20.03125,18.015625,14.328125,11.109375,9.546875,8.5625,8.328125,8.234375,8.4375,9.8125,12.3125,12.3125,10.6875
2010-02-28,9.0625,7.953125,6.84375,6.03125,5.921875,5.75,5.34375,5.015625,6.21875,20.5625,39.3125,31.421875,23.5625,19.21875,23.4375,31.09375,30.15625,28.578125,24.703125,28.203125,47.65625,55.46875,49.3125,46.9375,37.546875,27.640625,24.328125,25.25,23.703125,22.640625
2010-03-01,7.953125,6.84375,6.03125,5.921875,5.75,5.34375,5.015625,6.21875,20.5625,39.3125,31.421875,23.5625,19.21875,23.4375,31.09375,30.15625,28.578125,24.703125,28.203125,47.65625,55.46875,49.3125,46.9375,37.546875,27.640625,24.328125,25.25,23.703125,22.640625,20.140625
2010-03-02,6.84375,6.03125,5.921875,5.75,5.34375,5.015625,6.21875,20.5625,39.3125,31.421875,23.5625,19.21875,23.4375,31.09375,30.15625,28.578125,24.703125,28.203125,47.65625,55.46875,49.3125,46.9375,37.546875,27.640625,24.328125,25.25,23.703125,22.640625,20.140625,19.859375
2010-03-03,6.03125,5.921875,5.75,5.34375,5.015625,6.21875,20.5625,39.3125,31.421875,23.5625,19.21875,23.4375,31.09375,30.15625,28.578125,24.703125,28.203125,47.65625,55.46875,49.3125,46.9375,37.546875,27.640625,24.328125,25.25,23.703125,22.640625,20.140625,19.859375,21.703125
2010-03-04,6.1875,5.671875,6.328125,8.71875,20.21875,38.765625,34.515625,24.984375,17.625,13.78125,12.703125,11.625,11.609375,11.390625,11.140625,9.71875,8.5625,7.75,6.921875,6.546875,6.0,9.75,34.609375,59.171875,123.09375,147.546875,98.859375,71.40625,63.046875,51.96875
2010-03-05,5.671875,6.328125,8.71875,20.21875,38.765625,34.515625,24.984375,17.625,13.78125,12.703125,11.625,11.609375,11.390625,11.140625,9.71875,8.5625,7.75,6.921875,6.546875,6.0,9.75,34.609375,59.171875,123.09375,147.546875,98.859375,71.40625,63.046875,51.96875,36.78125
2010-03-06,6.328125,8.71875,20.21875,38.765625,34.515625,24.984375,17.625,13.78125,12.703125,11.625,11.609375,11.390625,11.140625,9.71875,8.5625,7.75,6.921875,6.546875,6.0,9.75,34.609375,59.171875,123.09375,147.546875,98.859375,71.40625,63.046875,51.96875,36.78125,61.96875
2010-03-07,5.203125,6.734375,12.296875,18.875,17.78125,14.125,11.328125,9.84375,9.125,9.3125,9.4375,8.734375,8.15625,7.90625,9.359375,10.03125,9.015625,7.359375,6.609375,6.421875,6.578125,9.390625,30.328125,52.515625,39.84375,27.46875,23.859375,25.953125,27.234375,29.125
2010-03-08,6.734375,12.296875,18.875,17.78125,14.125,11.328125,9.84375,9.125,9.3125,9.4375,8.734375,8.15625,7.90625,9.359375,10.03125,9.015625,7.359375,6.609375,6.421875,6.578125,9.390625,30.328125,52.515625,39.84375,27.46875,23.859375,25.953125,27.234375,29.125,29.171875
2010-03-09,12.296875,18.875,17.78125,14.125,11.328125,9.84375,9.125,9.3125,9.4375,8.734375,8.15625,7.90625,9.359375,10.03125,9.015625,7.359375,6.609375,6.421875,6.578125,9.390625,30.328125,52.515625,39.84375,27.46875,23.859375,25.953125,27.234375,29.125,29.171875,30.859375
2010-03-10,18.875,17.78125,14.125,11.328125,9.84375,9.125,9.3125,9.4375,8.734375,8.15625,7.90625,9.359375,10.03125,9.015625,7.359375,6.609375,6.421875,6.578125,9.390625,30.328125,52.515625,39.84375,27.46875,23.859375,25.953125,27.234375,29.125,29.171875,30.859375,26.34375
2010-03-11,9.046875,8.359375,7.46875,7.78125,9.84375,10.875,9.984375,8.921875,10.390625,13.75,14.75,13.703125,14.171875,19.125,113.5625,162.203125,104.578125,63.28125,42.96875,32.703125,26.984375,27.765625,64.171875,88.65625,61.5,40.671875,31.5625,26.03125,24.453125,25.875
2010-03-12,8.359375,7.46875,7.78125,9.84375,10.875,9.984375,8.921875,10.390625,13.75,14.75,13.703125,14.171875,19.125,113.5625,162.203125,104.578125,63.28125,42.96875,32.703125,26.984375,27.765625,64.171875,88.65625,61.5,40.671875,31.5625,26.03125,24.453125,25.875,26.703125
2010-03-13,7.46875,7.78125,9.84375,10.875,9.984375,8.921875,10.390625,13.75,14.75,13.703125,14.171875,19.125,113.5625,162.203125,104.578125,63.28125,42.96875,32.703125,26.984375,27.765625,64.171875,88.65625,61.5,40.671875,31.5625,26.03125,24.453125,25.875,26.703125,30.890625
2010-03-14,8.1875,9.78125,10.984375,10.046875,8.3125,7.0,6.859375,8.171875,8.84375,8.234375,8.078125,8.5625,8.765625,9.75,10.421875,16.59375,28.9375,30.078125,29.5625,29.890625,29.65625,36.796875,59.46875,58.875,41.6875,33.453125,29.0,21.625,44.953125,75.078125
2010-03-15,9.78125,10.984375,10.046875,8.3125,7.0,6.859375,8.171875,8.84375,8.234375,8.078125,8.5625,8.765625,9.75,10.421875,16.59375,28.9375,30.078125,29.5625,29.890625,29.65625,36.796875,59.46875,58.875,41.6875,33.453125,29.0,21.625,44.953125,75.078125,59.328125
2010-03-16,10.984375,10.046875,8.3125,7.0,6.859375,8.171875,8.84375,8.234375,8.078125,8.5625,8.765625,9.75,10.421875,16.59375,28.9375,30.078125,29.5625,29.890625,29.65625,36.796875,59.46875,58.875,41.6875,33.453125,29.0,21.625,44.953125,75.078125,59.328125,44.859375
2010-03-17,10.046875,8.3125,7.0,6.859375,8.171875,8.84375,8.234375,8.078125,8.5625,8.765625,9.75,10.421875,16.59375,28.9375,30.078125,29.5625,29.890625,29.65625,36.796875,59.46875,58.875,41.6875,33.453125,29.0,21.625,44.953125,75.078125,59.328125,44.859375,34.109375
2010-03-18,7.015625,6.046875,5.640625,8.390625,14.6875,16.296875,17.109375,47.203125,71.609375,58.0625,65.125,61.96875,42.984375,28.890625,24.265625,28.859375,37.53125,39.9375,36.203125,30.015625,23.890625,19.421875,15.015625,17.640625,31.421875,35.234375,28.375,28.828125,51.25,62.4375
2010-03-19,6.046875,5.640625,8.390625,14.6875,16.296875,17.109375,47.203125,71.609375,58.0625,65.125,61.96875,42.984375,28.890625,24.265625,28.859375,37.53125,39.9375,36.203125,30.015625,23.890625,19.421875,15.015625,17.640625,31.421875,35.234375,28.375,28.828125,51.25,62.4375,66.375
2010-03-20,5.640625,8.390625,14.6875,16.296875,17.109375,47.203125,71.609375,58.0625,65.125,61.96875,42.984375,28.890625,24.265625,28.859375,37.53125,39.9375,36.203125,30.015625,23.890625,19.421875,15.015625,17.640625,31.421875,35.234375,28.375,28.828125,51.25,62.4375,66.375,68.328125
2010-03-21,6.21875,9.703125,12.46875,12.078125,21.234375,42.84375,41.6875,38.125,37.109375,28.265625,20.15625,15.515625,13.390625,11.046875,9.28125,8.8125,10.34375,13.140625,14.5625,16.125,19.28125,36.171875,51.796875,56.78125,47.296875,32.640625,24.515625,24.4375,44.265625,69.671875
2010-03-22,9.703125,12.46875,12.078125,21.234375,42.84375,41.6875,38.125,37.109375,28.265625,20.15625,15.515625,13.390625,11.046875,9.28125,8.8125,10.34375,13.140625,14.5625,16.125,19.28125,36.171875,51.796875,56.78125,47.296875,32.640625,24.515625,24.4375,44.265625,69.671875,64.9375
2010-03-23,12.46875,12.078125,21.234375,42.84375,41.6875,38.125,37.109375,28.265625,20.15625,15.515625,13.390625,11.046875,9.28125,8.8125,10.34375,13.140625,14.5625,16.125,19.28125,36.171875,51.796875,56.78125,47.296875,32.640625,24.515625,24.4375,44.265625,69.671875,64.9375,52.21875
2010-03-24,12.078125,21.234375,42.84375,41.6875,38.125,37.109375,28.265625,20.15625,15.515625,13.390625,11.046875,9.28125,8.8125,10.34375,13.140625,14.5625,16.125,19.28125,36.171875,51.796875,56.78125,47.296875,32.640625,24.515625,24.4375,44.265625,69.671875,64.9375,52.21875,40.6875
2010-03-25,88.140625,346.796875,279.765625,151.21875,93.671875,62.03125,45.390625,39.78125,42.28125,44.75,46.9375,43.5,32.171875,23.359375,17.609375,14.171875,12.125,10.25,8.9375,9.8125,18.078125,25.8125,25.671875,24.21875,22.640625,21.6875,22.953125,25.296875,33.6875,51.421875
2010-03-26,346.796875,279.765625,151.21875,93.671875,62.03125,45.390625,39.78125,42.28125,44.75,46.9375,43.5,32.171875,23.359375,17.609375,14.171875,12.125,10.25,8.9375,9.8125,18.078125,25.8125,25.671875,24.21875,22.640625,21.6875,22.953125,25.296875,33.6875,51.421875,68.203125
2010-03-27,279.765625,151.21875,93.671875,62.03125,45.390625,39.78125,42.28125,44.75,46.9375,43.5,32.171875,23.359375,17.609375,14.171875,12.125,10.25,8.9375,9.8125,18.078125,25.8125,25.671875,24.21875,22.640625,21.6875,22.953125,25.296875,33.6875,51.421875,68.203125,73.8125
2010-03-28,224.328125,128.3125,84.375,64.921875,48.71875,36.953125,41.828125,56.484375,57.171875,47.953125,37.875,36.375,44.53125,42.40625,31.390625,26.296875,28.1875,33.046875,30.96875,26.5625,26.203125,29.109375,25.46875,20.015625,15.375,12.21875,13.296875,17.359375,19.40625,23.96875
2010-03-29,128.3125,84.375,64.921875,48.71875,36.953125,41.828125,56.484375,57.171875,47.953125,37.875,36.375,44.53125,42.40625,31.390625,26.296875,28.1875,33.046875,30.96875,26.5625,26.203125,29.109375,25.46875,20.015625,15.375,12.21875,13.296875,17.359375,19.40625,23.96875,30.328125
2010-03-30,84.375,64.921875,48.71875,36.953125,41.828125,56.484375,57.171875,47.953125,37.875,36.375,44.53125,42.40625,31.390625,26.296875,28.1875,33.046875,30.96875,26.5625,26.203125,29.109375,25.46875,20.015625,15.375,12.21875,13.296875,17.359375,19.40625,23.96875,30.328125,28.296875
2010-03-31,64.921875,48.71875,36.953125,41.828125,56.484375,57.171875,47.953125,37.875,36.375,44.53125,42.40625,31.390625,26.296875,28.1875,33.046875,30.96875,26.5625,26.203125,29.109375,25.46875,20.015625,15.375,12.21875,13.296875,17.359375,19.40625,23.96875,30.328125,28.296875,24.8125
2010-04-01,105.828125,97.046875,85.265625,62.359375,45.546875,36.171875,34.390625,32.609375,29.296875,22.765625,17.5625,15.25,15.359375,16.0625,16.078125,15.640625,13.796875,12.421875,11.1875,10.703125,11.890625,12.59375,12.546875,11.53125,12.21875,22.765625,44.75,47.28125,38.8125,29.359375
2010-04-02,97.046875,85.265625,62.359375,45.546875,36.171875,34.390625,32.609375,29.296875,22.765625,17.5625,15.25,15.359375,16.0625,16.078125,15.640625,13.796875,12.421875,11.1875,10.703125,11.890625,12.59375,12.546875,11.53125,12.21875,22.765625,44.75,47.28125,38.8125,29.359375,23.203125
2010-04-03,85.265625,62.359375,45.546875,36.171875,34.390625,32.609375,29.296875,22.765625,17.5625,15.25,15.359375,16.0625,16.078125,15.640625,13.796875,12.421875,11.1875,10.703125,11.890625,12.59375,12.546875,11.53125,12.21875,22.765625,44.75,47.28125,38.8125,29.359375,23.203125,17.421875
2010-04-04,68.546875,48.515625,38.328125,35.453125,31.453125,24.96875,22.6875,26.1875,37.34375,47.59375,42.0625,31.46875,25.6875,22.25,17.25,13.65625,11.90625,14.1875,19.4375,18.8125,17.1875,15.4375,14.0,13.96875,13.15625,11.34375,9.875,8.5,7.46875,6.34375
2010-04-05,48.515625,38.328125,35.453125,31.453125,24.96875,22.6875,26.1875,37.34375,47.59375,42.0625,31.46875,25.6875,22.25,17.25,13.65625,11.90625,14.1875,19.4375,18.8125,17.1875,15.4375,14.0,13.96875,13.15625,11.34375,9.875,8.5,7.46875,6.34375,5.5
2010-04-06,38.328125,35.453125,31.453125,24.96875,22.6875,26.1875,37.34375,47.59375,42.0625,31.46875,25.6875,22.25,17.25,13.65625,11.90625,14.1875,19.4375,18.8125,17.1875,15.4375,14.0,13.96875,13.15625,11.34375,9.875,8.5,7.46875,6.34375,5.5,5.09375
2010-04-07,35.453125,31.453125,24.96875,22.6875,26.1875,37.34375,47.59375,42.0625,31.46875,25.6875,22.25,17.25,13.65625,11.90625,14.1875,19.4375,18.8125,17.1875,15.4375,14.0,13.96875,13.15625,11.34375,9.875,8.5,7.46875,6.34375,5.5,5.09375,5.109375
2010-04-08,24.328125,19.625,16.75,15.9375,15.3125,13.09375,14.75,28.0625,40.65625,63.25,102.28125,131.09375,151.8125,136.5625,105.0,79.78125,61.65625,58.5625,59.78125,55.34375,87.25,112.90625,102.34375,84.21875,60.1875,47.90625,68.703125,99.75,84.15625,68.921875
2010-04-09,19.625,16.75,15.9375,15.3125,13.09375,14.75,28.0625,40.65625,63.25,102.28125,131.09375,151.8125,136.5625,105.0,79.78125,61.65625,58.5625,59.78125,55.34375,87.25,112.90625,102.34375,84.21875,60.1875,47.90625,68.703125,99.75,84.15625,68.921875,82.640625
2010-04-10,16.75,15.9375,15.3125,13.09375,14.75,28.0625,40.65625,63.25,102.28125,131.09375,151.8125,136.5625,105.0,79.78125,61.65625,58.5625,59.78125,55.34375,87.25,112.90625,102.34375,84.21875,60.1875,47.90625,68.703125,99.75,84.15625,68.921875,82.640625,92.796875
2010-04-11,18.40625,16.5,16.0,15.875,19.90625,27.5,27.9375,26.59375,31.625,60.5,72.78125,56.1875,44.71875,45.53125,55.5625,52.09375,41.375,39.40625,38.09375,35.28125,36.75,54.25,68.0625,78.71875,79.03125,58.34375,52.734375,58.875,71.015625,74.21875
2010-04-12,16.5,16.0,15.875,19.90625,27.5,27.9375,26.59375,31.625,60.5,72.78125,56.1875,44.71875,45.53125,55.5625,52.09375,41.375,39.40625,38.09375,35.28125,36.75,54.25,68.0625,78.71875,79.03125,58.34375,52.734375,58.875,71.015625,74.21875,93.40625
2010-04-13,16.0,15.875,19.90625,27.5,27.9375,26.59375,31.625,60.5,72.78125,56.1875,44.71875,45.53125,55.5625,52.09375,41.375,39.40625,38.09375,35.28125,36.75,54.25,68.0625,78.71875,79.03125,58.34375,52.734375,58.875,71.015625,74.21875,93.40625,122.5625
2010-04-14,15.875,19.90625,27.5,27.9375,26.59375,31.625,60.5,72.78125,56.1875,44.71875,45.53125,55.5625,52.09375,41.375,39.40625,38.09375,35.28125,36.75,54.25,68.0625,78.71875,79.03125,58.34375,52.734375,58.875,71.015625,74.21875,93.40625,122.5625,114.578125
2010-04-15,8.84375,15.375,44.0625,58.96875,51.5,50.5625,68.71875,77.8125,77.96875,88.28125,115.34375,107.375,75.5625,55.9375,41.09375,34.9375,34.78125,32.71875,31.5625,32.9375,39.53125,48.75,40.84375,30.71875,25.484375,24.859375,23.21875,22.4375,25.0625,30.390625
2010-04-16,15.375,44.0625,58.96875,51.5,50.5625,68.71875,77.8125,77.96875,88.28125,115.34375,107.375,75.5625,55.9375,41.09375,34.9375,34.78125,32.71875,31.5625,32.9375,39.53125,48.75,40.84375,30.71875,25.484375,24.859375,23.21875,22.4375,25.0625,30.390625,35.328125
2010-04-17,44.0625,58.96875,51.5,50.5625,68.71875,77.8125,77.96875,88.28125,115.34375,107.375,75.5625,55.9375,41.09375,34.9375,34.78125,32.71875,31.5625,32.9375,39.53125,48.75,40.84375,30.71875,25.484375,24.859375,23.21875,22.4375,25.0625,30.390625,35.328125,41.96875
2010-04-18,25.15625,34.0625,56.375,78.65625,84.09375,100.625,156.625,140.84375,86.59375,55.3125,40.6875,33.4375,33.4375,39.375,38.96875,36.46875,32.09375,26.1875,21.28125,20.25,20.875,19.28125,20.3125,25.03125,32.09375,35.28125,40.46875,45.03125,45.5625,46.3125
2010-04-19,34.0625,56.375,78.65625,84.09375,100.625,156.625,140.84375,86.59375,55.3125,40.6875,33.4375,33.4375,39.375,38.96875,36.46875,32.09375,26.1875,21.28125,20.25,20.875,19.28125,20.3125,25.03125,32.09375,35.28125,40.46875,45.03125,45.5625,46.3125,49.3125
2010-04-20,56.375,78.65625,84.09375,100.625,156.625,140.84375,86.59375,55.3125,40.6875,33.4375,33.4375,39.375,38.96875,36.46875,32.09375,26.1875,21.28125,20.25,20.875,19.28125,20.3125,25.03125,32.09375,35.28125,40.46875,45.03125,45.5625,46.3125,49.3125,48.046875
2010-04-21,78.65625,84.09375,100.625,156.625,140.84375,86.59375,55.3125,40.6875,33.4375,33.4375,39.375,38.96875,36.46875,32.09375,26.1875,21.28125,20.25,20.875,19.28125,20.3125,25.03125,32.09375,35.28125,40.46875,45.03125,45.5625,46.3125,49.3125,48.046875,56.140625
2010-04-22,88.90625,105.59375,113.15625,79.625,60.21875,49.4375,54.40625,66.3125,70.84375,65.5,54.09375,42.875,30.375,23.40625,21.9375,23.03125,24.28125,33.125,38.8125,35.28125,30.875,26.25,24.96875,25.0,24.03125,19.9375,24.15625,33.3125,33.3125,45.6875
2010-04-23,105.59375,113.15625,79.625,60.21875,49.4375,54.40625,66.3125,70.84375,65.5,54.09375,42.875,30.375,23.40625,21.9375,23.03125,24.28125,33.125,38.8125,35.28125,30.875,26.25,24.96875,25.0,24.03125,19.9375,24.15625,33.3125,33.3125,45.6875,97.5625
2010-04-24,113.15625,79.625,60.21875,49.4375,54.40625,66.3125,70.84375,65.5,54.09375,42.875,30.375,23.40625,21.9375,23.03125,24.28125,33.125,38.8125,35.28125,30.875,26.25,24.96875,25.0,24.03125,19.9375,24.15625,33.3125,33.3125,45.6875,97.5625,133.40625
2010-04-25,73.21875,59.375,65.25,75.5625,78.125,61.40625,70.5,100.34375,101.84375,101.09375,91.84375,73.59375,60.84375,49.65625,44.1875,50.5,52.59375,41.375,39.46875,131.09375,162.84375,99.875,61.0625,41.75,34.4375,39.75,48.9375,49.5,51.84375,51.625
2010-04-26,59.375,65.25,75.5625,78.125,61.40625,70.5,100.34375,101.84375,101.09375,91.84375,73.59375,60.84375,49.65625,44.1875,50.5,52.59375,41.375,39.46875,131.09375,162.84375,99.875,61.0625,41.75,34.4375,39.75,48.9375,49.5,51.84375,51.625,45.90625
2010-04-27,65.25,75.5625,78.125,61.40625,70.5,100.34375,101.84375,101.09375,91.84375,73.59375,60.84375,49.65625,44.1875,50.5,52.59375,41.375,39.46875,131.09375,162.84375,99.875,61.0625,41.75,34.4375,39.75,48.9375,49.5,51.84375,51.625,45.90625,49.9375
2010-04-28,75.5625,78.125,61.40625,70.5,100.34375,101.84375,101.09375,91.84375,73.59375,60.84375,49.65625,44.1875,50.5,52.59375,41.375,39.46875,131.09375,162.84375,99.875,61.0625,41.75,34.4375,39.75,48.9375,49.5,51.84375,51.625,45.90625,49.9375,64.28125
2010-04-29,34.9375,55.03125,94.40625,101.0625,70.09375,47.21875,41.84375,40.03125,48.15625,77.3125,78.34375,63.40625,51.875,39.75,39.0625,48.90625,59.5625,56.0625,39.625,30.59375,134.5,267.03125,233.75,150.625,95.75,73.8125,75.21875,93.65625,139.84375,136.65625
2010-04-30,55.03125,94.40625,101.0625,70.09375,47.21875,41.84375,40.03125,48.15625,77.3125,78.34375,63.40625,51.875,39.75,39.0625,48.90625,59.5625,56.0625,39.625,30.59375,134.5,267.03125,233.75,150.625,95.75,73.8125,75.21875,93.65625,139.84375,136.65625,105.25
2010-05-01,94.40625,101.0625,70.09375,47.21875,41.84375,40.03125,48.15625,77.3125,78.34375,63.40625,51.875,39.75,39.0625,48.90625,59.5625,56.0625,39.625,30.59375,134.5,267.03125,233.75,150.625,95.75,73.8125,75.21875,93.65625,139.84375,136.65625,105.25,89.46875
2010-05-02,94.25,92.5,91.78125,82.78125,62.6875,45.28125,32.46875,23.4375,17.65625,28.6875,54.34375,62.5625,54.9375,37.59375,25.40625,18.46875,14.8125,12.6875,11.0625,11.875,26.0625,43.65625,56.0625,89.03125,145.90625,145.875,120.75,104.90625,105.34375,110.5
2010-05-03,92.5,91.78125,82.78125,62.6875,45.28125,32.46875,23.4375,17.65625,28.6875,54.34375,62.5625,54.9375,37.59375,25.40625,18.46875,14.8125,12.6875,11.0625,11.875,26.0625,43.65625,56.0625,89.03125,145.90625,145.875,120.75,104.90625,105.34375,110.5,126.09375
2010-05-04,91.78125,82.78125,62.6875,45.28125,32.46875,23.4375,17.65625,28.6875,54.34375,62.5625,54.9375,37.59375,25.40625,18.46875,14.8125,12.6875,11.0625,11.875,26.0625,43.65625,56.0625,89.03125,145.90625,145.875,120.75,104.90625,105.34375,110.5,126.09375,169.59375
2010-05-05,82.78125,62.6875,45.28125,32.46875,23.4375,17.65625,28.6875,54.34375,62.5625,54.9375,37.59375,25.40625,18.46875,14.8125,12.6875,11.0625,11.875,26.0625,43.65625,56.0625,89.03125,145.90625,145.875,120.75,104.90625,105.34375,110.5,126.09375,169.59375,192.265625
2010-05-06,96.03125,64.71875,45.1875,36.3125,41.25,55.65625,57.78125,51.46875,50.34375,60.375,65.375,91.6875,113.4375,97.25,71.9375,51.0625,47.53125,69.84375,81.59375,72.75,79.1875,75.875,67.03125,76.1875,74.0625,70.1875,77.96875,68.25,57.15625,59.90625
2010-05-07,64.71875,45.1875,36.3125,41.25,55.65625,57.78125,51.46875,50.34375,60.375,65.375,91.6875,113.4375,97.25,71.9375,51.0625,47.53125,69.84375,81.59375,72.75,79.1875,75.875,67.03125,76.1875,74.0625,70.1875,77.96875,68.25,57.15625,59.90625,87.03125
2010-05-08,45.1875,36.3125,41.25,55.65625,57.78125,51.46875,50.34375,60.375,65.375,91.6875,113.4375,97.25,71.9375,51.0625,47.53125,69.84375,81.59375,72.75,79.1875,75.875,67.03125,76.1875,74.0625,70.1875,77.96875,68.25,57.15625,59.90625,87.03125,135.8125
2010-05-09,33.375,27.34375,30.4375,33.5,36.0,41.03125,45.625,46.5,48.3125,55.15625,50.65625,39.78125,43.9375,56.1875,52.5,42.8125,37.96875,40.125,68.9375,181.34375,246.65625,244.59375,200.15625,140.5625,112.53125,88.40625,64.625,59.875,59.03125,65.0
2010-05-10,27.34375,30.4375,33.5,36.0,41.03125,45.625,46.5,48.3125,55.15625,50.65625,39.78125,43.9375,56.1875,52.5,42.8125,37.96875,40.125,68.9375,181.34375,246.65625,244.59375,200.15625,140.5625,112.53125,88.40625,64.625,59.875,59.03125,65.0,98.34375
2010-05-11,30.4375,33.5,36.0,41.03125,45.625,46.5,48.3125,55.15625,50.65625,39.78125,43.9375,56.1875,52.5,42.8125,37.96875,40.125,68.9375,181.34375,246.65625,244.59375,200.15625,140.5625,112.53125,88.40625,64.625,59.875,59.03125,65.0,98.34375,117.21875
2010-05-12,33.5,36.0,41.03125,45.625,46.5,48.3125,55.15625,50.65625,39.78125,43.9375,56.1875,52.5,42.8125,37.96875,40.125,68.9375,181.34375,246.65625,244.59375,200.15625,140.5625,112.53125,88.40625,64.625,59.875,59.03125,65.0,98.34375,117.21875,98.296875
2010-05-13,65.25,69.15625,72.53125,69.25,99.34375,112.375,86.96875,58.65625,41.78125,37.3125,36.625,34.875,44.25,52.6875,54.875,55.6875,46.3125,40.09375,46.15625,63.6875,96.0,126.03125,111.84375,82.3125,72.875,68.90625,78.71875,98.625,106.9375,133.09375
2010-05-14,69.15625,72.53125,69.25,99.34375,112.375,86.96875,58.65625,41.78125,37.3125,36.625,34.875,44.25,52.6875,54.875,55.6875,46.3125,40.09375,46.15625,63.6875,96.0,126.03125,111.84375,82.3125,72.875,68.90625,78.71875,98.625,106.9375,133.09375,128.78125
2010-05-15,72.53125,69.25,99.34375,112.375,86.96875,58.65625,41.78125,37.3125,36.625,34.875,44.25,52.6875,54.875,55.6875,46.3125,40.09375,46.15625,63.6875,96.0,126.03125,111.84375,82.3125,72.875,68.90625,78.71875,98.625,106.9375,133.09375,128.78125,100.0
2010-05-16,74.53125,51.75,53.625,74.78125,70.3125,55.46875,43.53125,32.96875,28.125,28.0,29.21875,33.375,34.78125,47.1875,63.0,57.28125,58.0,57.71875,53.1875,57.1875,56.34375,44.0,39.375,46.9375,67.34375,77.9375,65.40625,51.046875,52.640625,82.265625
2010-05-17,51.75,53.625,74.78125,70.3125,55.46875,43.53125,32.96875,28.125,28.0,29.21875,33.375,34.78125,47.1875,63.0,57.28125,58.0,57.71875,53.1875,57.1875,56.34375,44.0,39.375,46.9375,67.34375,77.9375,65.40625,51.046875,52.640625,82.265625,98.8125
2010-05-18,53.625,74.78125,70.3125,55.46875,43.53125,32.96875,28.125,28.0,29.21875,33.375,34.78125,47.1875,63.0,57.28125,58.0,57.71875,53.1875,57.1875,56.34375,44.0,39.375,46.9375,67.34375,77.9375,65.40625,51.046875,52.640625,82.265625,98.8125,87.390625
2010-05-19,74.78125,70.3125,55.46875,43.53125,32.96875,28.125,28.0,29.21875,33.375,34.78125,47.1875,63.0,57.28125,58.0,57.71875,53.1875,57.1875,56.34375,44.0,39.375,46.9375,67.34375,77.9375,65.40625,51.046875,52.640625,82.265625,98.8125,87.390625,93.578125
2010-05-20,69.78125,75.5625,136.5625,144.40625,101.09375,75.9375,69.84375,70.40625,67.65625,56.90625,74.78125,93.28125,79.84375,73.96875,75.9375,85.125,97.65625,98.96875,116.9375,138.75,144.125,174.40625,207.75,209.40625,261.4375,315.0,235.03125,134.984375,90.484375,150.265625
2010-05-21,75.5625,136.5625,144.40625,101.09375,75.9375,69.84375,70.40625,67.65625,56.90625,74.78125,93.28125,79.84375,73.96875,75.9375,85.125,97.65625,98.96875,116.9375,138.75,144.125,174.40625,207.75,209.40625,261.4375,315.0,235.03125,134.984375,90.484375,150.265625,310.703125
2010-05-22,136.5625,144.40625,101.09375,75.9375,69.84375,70.40625,67.65625,56.90625,74.78125,93.28125,79.84375,73.96875,75.9375,85.125,97.65625,98.96875,116.9375,138.75,144.125,174.40625,207.75,209.40625,261.4375,315.0,235.03125,134.984375,90.484375,150.265625,310.703125,300.71875
2010-05-23,172.09375,120.59375,87.46875,74.78125,79.78125,72.0,52.4375,40.96875,32.0625,28.34375,36.21875,94.5,196.0625,172.0625,122.5625,139.15625,297.46875,298.8125,207.53125,146.78125,101.28125,76.5625,91.5625,103.375,92.546875,78.6875,78.609375,79.640625,72.53125,73.625
2010-05-24,120.59375,87.46875,74.78125,79.78125,72.0,52.4375,40.96875,32.0625,28.34375,36.21875,94.5,196.0625,172.0625,122.5625,139.15625,297.46875,298.8125,207.53125,146.78125,101.28125,76.5625,91.5625,103.375,92.546875,78.6875,78.609375,79.640625,72.53125,73.625,68.046875
2010-05-25,87.46875,74.78125,79.78125,72.0,52.4375,40.96875,32.0625,28.34375,36.21875,94.5,196.0625,172.0625,122.5625,139.15625,297.46875,298.8125,207.53125,146.78125,101.28125,76.5625,91.5625,103.375,92.546875,78.6875,78.609375,79.640625,72.53125,73.625,68.046875,54.453125
2010-05-26,74.78125,79.78125,72.0,52.4375,40.96875,32.0625,28.34375,36.21875,94.5,196.0625,172.0625,122.5625,139.15625,297.46875,298.8125,207.53125,146.78125,101.28125,76.5625,91.5625,103.375,92.546875,78.6875,78.609375,79.640625,72.53125,73.625,68.046875,54.453125,41.65625
2010-05-27,132.84375,105.5,84.21875,72.84375,57.9375,51.1875,51.25,52.21875,51.03125,55.71875,59.3125,61.9375,63.0,59.40625,67.8125,63.8125,47.75,40.65625,47.0625,63.640625,75.828125,65.46875,46.4375,46.5,70.015625,84.71875,73.0625,62.03125,63.109375,60.953125
2010-05-28,105.5,84.21875,72.84375,57.9375,51.1875,51.25,52.21875,51.03125,55.71875,59.3125,61.9375,63.0,59.40625,67.8125,63.8125,47.75,40.65625,47.0625,63.640625,75.828125,65.46875,46.4375,46.5,70.015625,84.71875,73.0625,62.03125,63.109375,60.953125,47.78125
2010-05-29,84.21875,72.84375,57.9375,51.1875,51.25,52.21875,51.03125,55.71875,59.3125,61.9375,63.0,59.40625,67.8125,63.8125,47.75,40.65625,47.0625,63.640625,75.828125,65.46875,46.4375,46.5,70.015625,84.71875,73.0625,62.03125,63.109375,60.953125,47.78125,34.625
2010-05-30,79.0,67.53125,74.71875,72.28125,58.40625,48.53125,45.4375,50.4375,65.71875,72.90625,64.75,54.75,49.375,47.8125,56.90625,55.25,41.34375,44.53125,52.125,39.359375,34.109375,41.9375,50.171875,46.09375,38.65625,31.28125,26.0,140.125,310.71875,273.625
2010-05-31,67.53125,74.71875,72.28125,58.40625,48.53125,45.4375,50.4375,65.71875,72.90625,64.75,54.75,49.375,47.8125,56.90625,55.25,41.34375,44.53125,52.125,39.359375,34.109375,41.9375,50.171875,46.09375,38.65625,31.28125,26.0,140.125,310.71875,273.625,175.40625
2010-06-01,74.71875,72.28125,58.40625,48.53125,45.4375,50.4375,65.71875,72.90625,64.75,54.75,49.375,47.8125,56.90625,55.25,41.34375,44.53125,52.125,39.359375,34.109375,41.9375,50.171875,46.09375,38.65625,31.28125,26.0,140.125,310.71875,273.625,175.40625,106.3125
2010-06-02,72.28125,58.40625,48.53125,45.4375,50.4375,65.71875,72.90625,64.75,54.75,49.375,47.8125,56.90625,55.25,41.34375,44.53125,52.125,39.359375,34.109375,41.9375,50.171875,46.09375,38.65625,31.28125,26.0,140.125,310.71875,273.625,175.40625,106.3125,68.40625
2010-06-03,72.0,66.40625,58.21875,60.65625,88.75,107.09375,93.09375,110.53125,109.90625,77.9375,56.4375,52.125,53.1875,58.203125,69.9375,103.421875,122.828125,91.984375,62.15625,52.5,55.921875,171.3125,577.8125,743.859375,569.4375,435.546875,307.59375,205.3125,146.21875,107.609375
2010-06-04,66.40625,58.21875,60.65625,88.75,107.09375,93.09375,110.53125,109.90625,77.9375,56.4375,52.125,53.1875,58.203125,69.9375,103.421875,122.828125,91.984375,62.15625,52.5,55.921875,171.3125,577.8125,743.859375,569.4375,435.546875,307.59375,205.3125,146.21875,107.609375,96.828125
2010-06-05,58.21875,60.65625,88.75,107.09375,93.09375,110.53125,109.90625,77.9375,56.4375,52.125,53.1875,58.203125,69.9375,103.421875,122.828125,91.984375,62.15625,52.5,55.921875,171.3125,577.8125,743.859375,569.4375,435.546875,307.59375,205.3125,146.21875,107.609375,96.828125,132.5625
2010-06-06,89.0625,71.96875,55.0625,115.53125,140.96875,101.0,78.5,106.6875,107.375,100.75,105.859375,92.6875,104.921875,121.265625,104.375,81.28125,66.8125,60.65625,80.640625,147.265625,299.734375,260.78125,153.46875,99.9375,71.59375,58.9375,57.09375,49.40625,50.78125,104.21875
2010-06-07,71.96875,55.0625,115.53125,140.96875,101.0,78.5,106.6875,107.375,100.75,105.859375,92.6875,104.921875,121.265625,104.375,81.28125,66.8125,60.65625,80.640625,147.265625,299.734375,260.78125,153.46875,99.9375,71.59375,58.9375,57.09375,49.40625,50.78125,104.21875,125.1875
2010-06-08,55.0625,115.53125,140.96875,101.0,78.5,106.6875,107.375,100.75,105.859375,92.6875,104.921875,121.265625,104.375,81.28125,66.8125,60.65625,80.640625,147.265625,299.734375,260.78125,153.46875,99.9375,71.59375,58.9375,57.09375,49.40625,50.78125,104.21875,125.1875,90.53125
2010-06-09,115.53125,140.96875,101.0,78.5,106.6875,107.375,100.75,105.859375,92.6875,104.921875,121.265625,104.375,81.28125,66.8125,60.65625,80.640625,147.265625,299.734375,260.78125,153.46875,99.9375,71.59375,58.9375,57.09375,49.40625,50.78125,104.21875,125.1875,90.53125,63.65625
2010-06-10,100.1875,87.875,64.90625,74.09375,78.75,61.46875,46.5625,49.484375,63.734375,65.359375,75.96875,133.203125,186.203125,153.4375,104.90625,79.546875,68.1875,67.578125,75.375,68.28125,50.4375,62.3125,72.890625,61.59375,65.125,72.390625,63.59375,46.984375,42.3125,46.53125
2010-06-11,87.875,64.90625,74.09375,78.75,61.46875,46.5625,49.484375,63.734375,65.359375,75.96875,133.203125,186.203125,153.4375,104.90625,79.546875,68.1875,67.578125,75.375,68.28125,50.4375,62.3125,72.890625,61.59375,65.125,72.390625,63.59375,46.984375,42.3125,46.53125,64.78125
2010-06-12,64.90625,74.09375,78.75,61.46875,46.5625,49.484375,63.734375,65.359375,75.96875,133.203125,186.203125,153.4375,104.90625,79.546875,68.1875,67.578125,75.375,68.28125,50.4375,62.3125,72.890625,61.59375,65.125,72.390625,63.59375,46.984375,42.3125,46.53125,64.78125,149.3125
2010-06-13,66.90625,71.46875,73.15625,69.796875,68.890625,68.78125,72.625,63.5,70.640625,88.375,81.25,70.890625,101.515625,412.515625,474.890625,348.515625,229.78125,165.3125,157.234375,132.890625,96.375,84.140625,82.734375,72.8125,73.5625,193.828125,270.203125,215.40625,153.84375,106.171875
2010-06-14,71.46875,73.15625,69.796875,68.890625,68.78125,72.625,63.5,70.640625,88.375,81.25,70.890625,101.515625,412.515625,474.890625,348.515625,229.78125,165.3125,157.234375,132.890625,96.375,84.140625,82.734375,72.8125,73.5625,193.828125,270.203125,215.40625,153.84375,106.171875,95.578125
2010-06-15,73.15625,69.796875,68.890625,68.78125,72.625,63.5,70.640625,88.375,81.25,70.890625,101.515625,412.515625,474.890625,348.515625,229.78125,165.3125,157.234375,132.890625,96.375,84.140625,82.734375,72.8125,73.5625,193.828125,270.203125,215.40625,153.84375,106.171875,95.578125,132.875
2010-06-16,69.796875,68.890625,68.78125,72.625,63.5,70.640625,88.375,81.25,70.890625,101.515625,412.515625,474.890625,348.515625,229.78125,165.3125,157.234375,132.890625,96.375,84.140625,82.734375,72.8125,73.5625,193.828125,270.203125,215.40625,153.84375,106.171875,95.578125,132.875,136.09375
2010-06-17,141.28125,110.984375,92.6875,74.046875,81.109375,105.125,95.78125,75.359375,59.28125,60.40625,67.859375,100.140625,114.421875,90.390625,86.796875,87.390625,100.515625,135.78125,128.859375,112.53125,124.828125,121.671875,106.234375,88.265625,63.5,45.984375,43.15625,56.3125,59.8125,52.046875
2010-06-18,110.984375,92.6875,74.046875,81.109375,105.125,95.78125,75.359375,59.28125,60.40625,67.859375,100.140625,114.421875,90.390625,86.796875,87.390625,100.515625,135.78125,128.859375,112.53125,124.828125,121.671875,106.234375,88.265625,63.5,45.984375,43.15625,56.3125,59.8125,52.046875,68.625
2010-06-19,92.6875,74.046875,81.109375,105.125,95.78125,75.359375,59.28125,60.40625,67.859375,100.140625,114.421875,90.390625,86.796875,87.390625,100.515625,135.78125,128.859375,112.53125,124.828125,121.671875,106.234375,88.265625,63.5,45.984375,43.15625,56.3125,59.8125,52.046875,68.625,185.640625
2010-06-20,226.9375,237.625,220.28125,185.359375,139.890625,99.578125,68.09375,47.46875,45.453125,51.84375,50.296875,46.90625,51.875,79.359375,128.25,121.359375,85.328125,63.8125,50.03125,56.03125,66.71875,70.171875,74.4375,75.015625,86.09375,117.484375,143.1875,128.296875,140.5,320.46875
2010-06-21,237.625,220.28125,185.359375,139.890625,99.578125,68.09375,47.46875,45.453125,51.84375,50.296875,46.90625,51.875,79.359375,128.25,121.359375,85.328125,63.8125,50.03125,56.03125,66.71875,70.171875,74.4375,75.015625,86.09375,117.484375,143.1875,128.296875,140.5,320.46875,401.203125
2010-06-22,220.28125,185.359375,139.890625,99.578125,68.09375,47.46875,45.453125,51.84375,50.296875,46.90625,51.875,79.359375,128.25,121.359375,85.328125,63.8125,50.03125,56.03125,66.71875,70.171875,74.4375,75.015625,86.09375,117.484375,143.1875,128.296875,140.5,320.46875,401.203125,301.671875
2010-06-23,185.359375,139.890625,99.578125,68.09375,47.46875,45.453125,51.84375,50.296875,46.90625,51.875,79.359375,128.25,121.359375,85.328125,63.8125,50.03125,56.03125,66.71875,70.171875,74.4375,75.015625,86.09375,117.484375,143.1875,128.296875,140.5,320.46875,401.203125,301.671875,196.390625
2010-06-24,146.609375,124.171875,102.65625,83.703125,77.90625,92.375,94.109375,101.125,103.828125,146.578125,429.84375,412.359375,250.765625,159.046875,112.671875,89.625,94.046875,120.296875,130.46875,123.328125,102.671875,88.296875,77.609375,71.078125,82.4375,116.4375,148.640625,183.484375,205.703125,208.421875
2010-06-25,124.171875,102.65625,83.703125,77.90625,92.375,94.109375,101.125,103.828125,146.578125,429.84375,412.359375,250.765625,159.046875,112.671875,89.625,94.046875,120.296875,130.46875,123.328125,102.671875,88.296875,77.609375,71.078125,82.4375,116.4375,148.640625,183.484375,205.703125,208.421875,191.453125
2010-06-26,102.65625,83.703125,77.90625,92.375,94.109375,101.125,103.828125,146.578125,429.84375,412.359375,250.765625,159.046875,112.671875,89.625,94.046875,120.296875,130.46875,123.328125,102.671875,88.296875,77.609375,71.078125,82.4375,116.4375,148.640625,183.484375,205.703125,208.421875,191.453125,190.734375
2010-06-27,117.265625,114.03125,94.890625,83.3125,94.703125,89.9375,71.578125,67.703125,69.09375,60.6875,46.0625,40.546875,45.421875,45.53125,50.0,56.53125,74.140625,91.859375,84.265625,73.84375,85.21875,98.921875,125.421875,128.15625,89.921875,86.90625,95.859375,101.75,120.109375,215.640625
2010-06-28,114.03125,94.890625,83.3125,94.703125,89.9375,71.578125,67.703125,69.09375,60.6875,46.0625,40.546875,45.421875,45.53125,50.0,56.53125,74.140625,91.859375,84.265625,73.84375,85.21875,98.921875,125.421875,128.15625,89.921875,86.90625,95.859375,101.75,120.109375,215.640625,393.265625
2010-06-29,94.890625,83.3125,94.703125,89.9375,71.578125,67.703125,69.09375,60.6875,46.0625,40.546875,45.421875,45.53125,50.0,56.53125,74.140625,91.859375,84.265625,73.84375,85.21875,98.921875,125.421875,128.15625,89.921875,86.90625,95.859375,101.75,120.109375,215.640625,393.265625,439.609375
2010-06-30,83.3125,94.703125,89.9375,71.578125,67.703125,69.09375,60.6875,46.0625,40.546875,45.421875,45.53125,50.0,56.53125,74.140625,91.859375,84.265625,73.84375,85.21875,98.921875,125.421875,128.15625,89.921875,86.90625,95.859375,101.75,120.109375,215.640625,393.265625,439.609375,410.09375
2010-07-01,129.765625,118.0,90.015625,85.765625,78.1875,64.046875,58.75,55.6875,88.46875,136.796875,138.84375,103.625,68.265625,51.734375,57.21875,68.140625,61.859375,60.25,83.9375,112.234375,121.71875,121.0625,117.875,101.78125,108.796875,148.15625,298.78125,435.4375,358.25,238.140625
2010-07-02,118.0,90.015625,85.765625,78.1875,64.046875,58.75,55.6875,88.46875,136.796875,138.84375,103.625,68.265625,51.734375,57.21875,68.140625,61.859375,60.25,83.9375,112.234375,121.71875,121.0625,117.875,101.78125,108.796875,148.15625,298.78125,435.4375,358.25,238.140625,190.515625
2010-07-03,90.015625,85.765625,78.1875,64.046875,58.75,55.6875,88.46875,136.796875,138.84375,103.625,68.265625,51.734375,57.21875,68.140625,61.859375,60.25,83.9375,112.234375,121.71875,121.0625,117.875,101.78125,108.796875,148.15625,298.78125,435.4375,358.25,238.140625,190.515625,165.640625
2010-07-04,157.9375,119.859375,87.25,88.609375,85.859375,69.75,60.546875,52.1875,44.203125,37.90625,30.28125,30.59375,44.375,62.984375,84.75,113.796875,146.078125,143.71875,109.046875,95.28125,137.421875,179.09375,180.03125,158.90625,224.90625,238.78125,258.296875,308.046875,241.453125,178.65625
2010-07-05,119.859375,87.25,88.609375,85.859375,69.75,60.546875,52.1875,44.203125,37.90625,30.28125,30.59375,44.375,62.984375,84.75,113.796875,146.078125,143.71875,109.046875,95.28125,137.421875,179.09375,180.03125,158.90625,224.90625,238.78125,258.296875,308.046875,241.453125,178.65625,152.53125
2010-07-06,87.25,88.609375,85.859375,69.75,60.546875,52.1875,44.203125,37.90625,30.28125,30.59375,44.375,62.984375,84.75,113.796875,146.078125,143.71875,109.046875,95.28125,137.421875,179.09375,180.03125,158.90625,224.90625,238.78125,258.296875,308.046875,241.453125,178.65625,152.53125,163.203125
2010-07-07,88.609375,85.859375,69.75,60.546875,52.1875,44.203125,37.90625,30.28125,30.59375,44.375,62.984375,84.75,113.796875,146.078125,143.71875,109.046875,95.28125,137.421875,179.09375,180.03125,158.90625,224.90625,238.78125,258.296875,308.046875,241.453125,178.65625,152.53125,163.203125,148.328125
2010-07-08,74.453125,62.546875,54.875,52.375,46.6875,45.578125,47.890625,45.5,44.578125,43.359375,41.46875,45.484375,49.75,62.765625,79.296875,89.59375,90.296875,71.328125,52.015625,70.46875,140.140625,427.734375,500.859375,425.0,353.265625,269.28125,194.453125,157.75,131.859375,119.125
2010-07-09,62.546875,54.875,52.375,46.6875,45.578125,47.890625,45.5,44.578125,43.359375,41.46875,45.484375,49.75,62.765625,79.296875,89.59375,90.296875,71.328125,52.015625,70.46875,140.140625,427.734375,500.859375,425.0,353.265625,269.28125,194.453125,157.75,131.859375,119.125,138.578125
2010-07-10,54.875,52.375,46.6875,45.578125,47.890625,45.5,44.578125,43.359375,41.46875,45.484375,49.75,62.765625,79.296875,89.59375,90.296875,71.328125,52.015625,70.46875,140.140625,427.734375,500.859375,425.0,353.265625,269.28125,194.453125,157.75,131.859375,119.125,138.578125,149.859375
2010-07-11,107.125,110.84375,104.578125,103.03125,99.390625,84.65625,67.609375,59.984375,79.875,91.046875,82.53125,69.65625,55.25,48.1875,40.625,33.046875,27.8125,31.25,42.078125,51.90625,59.328125,61.765625,67.40625,66.9375,72.3125,78.1875,71.984375,90.625,97.171875,78.703125
2010-07-12,110.84375,104.578125,103.03125,99.390625,84.65625,67.609375,59.984375,79.875,91.046875,82.53125,69.65625,55.25,48.1875,40.625,33.046875,27.8125,31.25,42.078125,51.90625,59.328125,61.765625,67.40625,66.9375,72.3125,78.1875,71.984375,90.625,97.171875,78.703125,78.25
2010-07-13,104.578125,103.03125,99.390625,84.65625,67.609375,59.984375,79.875,91.046875,82.53125,69.65625,55.25,48.1875,40.625,33.046875,27.8125,31.25,42.078125,51.90625,59.328125,61.765625,67.40625,66.9375,72.3125,78.1875,71.984375,90.625,97.171875,78.703125,78.25,90.484375
2010-07-14,103.03125,99.390625,84.65625,67.609375,59.984375,79.875,91.046875,82.53125,69.65625,55.25,48.1875,40.625,33.046875,27.8125,31.25,42.078125,51.90625,59.328125,61.765625,67.40625,66.9375,72.3125,78.1875,71.984375,90.625,97.171875,78.703125,78.25,90.484375,97.75
2010-07-15,169.109375,212.078125,188.515625,133.484375,94.671875,72.84375,57.140625,46.671875,48.296875,63.625,122.65625,166.125,185.4375,149.890625,108.703125,131.171875,172.421875,187.359375,156.34375,116.078125,105.3125,113.390625,185.9375,331.734375,272.359375,188.71875,177.890625,175.25,172.234375,148.515625
2010-07-16,212.078125,188.515625,133.484375,94.671875,72.84375,57.140625,46.671875,48.296875,63.625,122.65625,166.125,185.4375,149.890625,108.703125,131.171875,172.421875,187.359375,156.34375,116.078125,105.3125,113.390625,185.9375,331.734375,272.359375,188.71875,177.890625,175.25,172.234375,148.515625,179.8125
2010-07-17,188.515625,133.484375,94.671875,72.84375,57.140625,46.671875,48.296875,63.625,122.65625,166.125,185.4375,149.890625,108.703125,131.171875,172.421875,187.359375,156.34375,116.078125,105.3125,113.390625,185.9375,331.734375,272.359375,188.71875,177.890625,175.25,172.234375,148.515625,179.8125,240.3125
2010-07-18,163.796875,129.6875,97.5,81.84375,81.1875,79.953125,71.5625,72.765625,160.1875,332.578125,297.4375,193.8125,165.28125,141.96875,116.40625,93.453125,69.28125,56.125,56.015625,68.46875,81.84375,93.171875,93.6875,85.6875,74.40625,70.5,77.78125,88.9375,93.84375,81.984375
2010-07-19,129.6875,97.5,81.84375,81.1875,79.953125,71.5625,72.765625,160.1875,332.578125,297.4375,193.8125,165.28125,141.96875,116.40625,93.453125,69.28125,56.125,56.015625,68.46875,81.84375,93.171875,93.6875,85.6875,74.40625,70.5,77.78125,88.9375,93.84375,81.984375,68.078125
2010-07-20,97.5,81.84375,81.1875,79.953125,71.5625,72.765625,160.1875,332.578125,297.4375,193.8125,165.28125,141.96875,116.40625,93.453125,69.28125,56.125,56.015625,68.46875,81.84375,93.171875,93.6875,85.6875,74.40625,70.5,77.78125,88.9375,93.84375,81.984375,68.078125,72.1875
2010-07-21,81.84375,81.1875,79.953125,71.5625,72.765625,160.1875,332.578125,297.4375,193.8125,165.28125,141.96875,116.40625,93.453125,69.28125,56.125,56.015625,68.46875,81.84375,93.171875,93.6875,85.6875,74.40625,70.5,77.78125,88.9375,93.84375,81.984375,68.078125,72.1875,124.359375
2010-07-22,95.078125,87.796875,78.328125,68.421875,61.546875,59.4375,72.375,86.0,75.59375,66.578125,77.96875,84.296875,80.53125,68.296875,60.21875,90.625,116.453125,122.46875,130.046875,130.75,131.09375,119.4375,116.265625,127.484375,170.140625,195.609375,175.0,153.5,126.046875,120.328125
2010-07-23,87.796875,78.328125,68.421875,61.546875,59.4375,72.375,86.0,75.59375,66.578125,77.96875,84.296875,80.53125,68.296875,60.21875,90.625,116.453125,122.46875,130.046875,130.75,131.09375,119.4375,116.265625,127.484375,170.140625,195.609375,175.0,153.5,126.046875,120.328125,191.46875
2010-07-24,78.328125,68.421875,61.546875,59.4375,72.375,86.0,75.59375,66.578125,77.96875,84.296875,80.53125,68.296875,60.21875,90.625,116.453125,122.46875,130.046875,130.75,131.09375,119.4375,116.265625,127.484375,170.140625,195.609375,175.0,153.5,126.046875,120.328125,191.46875,315.375
2010-07-25,132.0625,126.0,108.515625,106.828125,127.40625,120.234375,115.53125,144.015625,136.46875,118.6875,128.921875,116.671875,115.65625,132.71875,144.328125,131.640625,102.53125,99.125,136.828125,207.421875,257.125,216.09375,150.09375,116.96875,96.140625,77.453125,68.09375,65.765625,62.3125,56.953125
2010-07-26,126.0,108.515625,106.828125,127.40625,120.234375,115.53125,144.015625,136.46875,118.6875,128.921875,116.671875,115.65625,132.71875,144.328125,131.640625,102.53125,99.125,136.828125,207.421875,257.125,216.09375,150.09375,116.96875,96.140625,77.453125,68.09375,65.765625,62.3125,56.953125,55.765625
2010-07-27,108.515625,106.828125,127.40625,120.234375,115.53125,144.015625,136.46875,118.6875,128.921875,116.671875,115.65625,132.71875,144.328125,131.640625,102.53125,99.125,136.828125,207.421875,257.125,216.09375,150.09375,116.96875,96.140625,77.453125,68.09375,65.765625,62.3125,56.953125,55.765625,78.515625
2010-07-28,106.828125,127.40625,120.234375,115.53125,144.015625,136.46875,118.6875,128.921875,116.671875,115.65625,132.71875,144.328125,131.640625,102.53125,99.125,136.828125,207.421875,257.125,216.09375,150.09375,116.96875,96.140625,77.453125,68.09375,65.765625,62.3125,56.953125,55.765625,78.515625,275.203125
2010-07-29,198.984375,141.59375,108.0625,112.625,191.875,200.625,154.09375,120.015625,114.0,121.90625,113.421875,101.734375,97.6875,101.78125,112.203125,103.984375,85.21875,77.28125,76.5625,71.046875,58.828125,47.328125,41.640625,41.71875,43.046875,43.90625,60.234375,77.515625,66.875,50.125
2010-07-30,141.59375,108.0625,112.625,191.875,200.625,154.09375,120.015625,114.0,121.90625,113.421875,101.734375,97.6875,101.78125,112.203125,103.984375,85.21875,77.28125,76.5625,71.046875,58.828125,47.328125,41.640625,41.71875,43.046875,43.90625,60.234375,77.515625,66.875,50.125,38.765625
2010-07-31,108.0625,112.625,191.875,200.625,154.09375,120.015625,114.0,121.90625,113.421875,101.734375,97.6875,101.78125,112.203125,103.984375,85.21875,77.28125,76.5625,71.046875,58.828125,47.328125,41.640625,41.71875,43.046875,43.90625,60.234375,77.515625,66.875,50.125,38.765625,40.7421875
2010-08-01,159.09375,185.75,153.421875,117.734375,90.0,71.4375,94.21875,112.6875,104.765625,94.546875,88.21875,141.71875,148.4375,114.71875,92.5,75.59375,79.3125,80.765625,84.296875,89.59375,95.40625,95.78125,84.328125,75.3125,72.828125,76.8125,95.875,133.125,130.71875,122.5390625
2010-08-02,185.75,153.421875,117.734375,90.0,71.4375,94.21875,112.6875,104.765625,94.546875,88.21875,141.71875,148.4375,114.71875,92.5,75.59375,79.3125,80.765625,84.296875,89.59375,95.40625,95.78125,84.328125,75.3125,72.828125,76.8125,95.875,133.125,130.71875,122.5390625,114.640625
2010-08-03,153.421875,117.734375,90.0,71.4375,94.21875,112.6875,104.765625,94.546875,88.21875,141.71875,148.4375,114.71875,92.5,75.59375,79.3125,80.765625,84.296875,89.59375,95.40625,95.78125,84.328125,75.3125,72.828125,76.8125,95.875,133.125,130.71875,122.5390625,114.640625,104.875
2010-08-04,117.734375,90.0,71.4375,94.21875,112.6875,104.765625,94.546875,88.21875,141.71875,148.4375,114.71875,92.5,75.59375,79.3125,80.765625,84.296875,89.59375,95.40625,95.78125,84.328125,75.3125,72.828125,76.8125,95.875,133.125,130.71875,122.5390625,114.640625,104.875,100.6015625
2010-08-05,87.78125,80.5,88.015625,130.390625,151.390625,143.03125,129.875,153.390625,152.796875,134.390625,121.0,102.625,92.25,91.671875,98.140625,98.953125,117.984375,198.453125,244.75,207.421875,179.46875,167.515625,152.984375,123.46875,122.1484375,321.734375,518.5390625,409.3125,252.2265625,166.140625
2010-08-06,80.5,88.015625,130.390625,151.390625,143.03125,129.875,153.390625,152.796875,134.390625,121.0,102.625,92.25,91.671875,98.140625,98.953125,117.984375,198.453125,244.75,207.421875,179.46875,167.515625,152.984375,123.46875,122.1484375,321.734375,518.5390625,409.3125,252.2265625,166.140625,138.78125
2010-08-07,88.015625,130.390625,151.390625,143.03125,129.875,153.390625,152.796875,134.390625,121.0,102.625,92.25,91.671875,98.140625,98.953125,117.984375,198.453125,244.75,207.421875,179.46875,167.515625,152.984375,123.46875,122.1484375,321.734375,518.5390625,409.3125,252.2265625,166.140625,138.78125,137.328125
2010-08-08,144.359375,136.53125,137.53125,126.765625,110.140625,96.40625,98.171875,105.625,105.671875,99.109375,86.71875,121.0625,176.734375,185.921875,198.140625,184.953125,204.125,203.015625,259.453125,227.4375,163.21875,145.421875,170.2421875,170.921875,219.5546875,220.4609375,297.453125,299.8046875,222.296875,167.96875
2010-08-09,136.53125,137.53125,126.765625,110.140625,96.40625,98.171875,105.625,105.671875,99.109375,86.71875,121.0625,176.734375,185.921875,198.140625,184.953125,204.125,203.015625,259.453125,227.4375,163.21875,145.421875,170.2421875,170.921875,219.5546875,220.4609375,297.453125,299.8046875,222.296875,167.96875,150.421875
2010-08-10,137.53125,126.765625,110.140625,96.40625,98.171875,105.625,105.671875,99.109375,86.71875,121.0625,176.734375,185.921875,198.140625,184.953125,204.125,203.015625,259.453125,227.4375,163.21875,145.421875,170.2421875,170.921875,219.5546875,220.4609375,297.453125,299.8046875,222.296875,167.96875,150.421875,125.8984375
2010-08-11,126.765625,110.140625,96.40625,98.171875,105.625,105.671875,99.109375,86.71875,121.0625,176.734375,185.921875,198.140625,184.953125,204.125,203.015625,259.453125,227.4375,163.21875,145.421875,170.2421875,170.921875,219.5546875,220.4609375,297.453125,299.8046875,222.296875,167.96875,150.421875,125.8984375,96.765625
2010-08-12,147.546875,131.5625,128.53125,112.671875,98.421875,97.34375,105.390625,106.53125,102.09375,94.734375,96.265625,138.96875,199.15625,181.1875,148.734375,122.765625,108.2734375,133.8671875,146.578125,127.734375,101.453125,78.3671875,80.203125,91.9140625,107.9140625,137.6796875,156.515625,152.6015625,123.171875,104.859375
2010-08-13,131.5625,128.53125,112.671875,98.421875,97.34375,105.390625,106.53125,102.09375,94.734375,96.265625,138.96875,199.15625,181.1875,148.734375,122.765625,108.2734375,133.8671875,146.578125,127.734375,101.453125,78.3671875,80.203125,91.9140625,107.9140625,137.6796875,156.515625,152.6015625,123.171875,104.859375,95.9375
2010-08-14,128.53125,112.671875,98.421875,97.34375,105.390625,106.53125,102.09375,94.734375,96.265625,138.96875,199.15625,181.1875,148.734375,122.765625,108.2734375,133.8671875,146.578125,127.734375,101.453125,78.3671875,80.203125,91.9140625,107.9140625,137.6796875,156.515625,152.6015625,123.171875,104.859375,95.9375,100.0859375
2010-08-15,129.59375,122.5,99.28125,79.984375,69.53125,75.328125,89.140625,115.234375,241.25,250.1875,179.53125,130.84375,142.578125,147.875,139.3125,129.0546875,160.109375,165.1015625,126.1171875,91.546875,87.171875,88.09375,73.09375,65.4453125,68.953125,81.859375,102.0234375,111.9375,90.7265625,63.9453125
2010-08-16,122.5,99.28125,79.984375,69.53125,75.328125,89.140625,115.234375,241.25,250.1875,179.53125,130.84375,142.578125,147.875,139.3125,129.0546875,160.109375,165.1015625,126.1171875,91.546875,87.171875,88.09375,73.09375,65.4453125,68.953125,81.859375,102.0234375,111.9375,90.7265625,63.9453125,53.171875
2010-08-17,99.28125,79.984375,69.53125,75.328125,89.140625,115.234375,241.25,250.1875,179.53125,130.84375,142.578125,147.875,139.3125,129.0546875,160.109375,165.1015625,126.1171875,91.546875,87.171875,88.09375,73.09375,65.4453125,68.953125,81.859375,102.0234375,111.9375,90.7265625,63.9453125,53.171875,51.953125
2010-08-18,79.984375,69.53125,75.328125,89.140625,115.234375,241.25,250.1875,179.53125,130.84375,142.578125,147.875,139.3125,129.0546875,160.109375,165.1015625,126.1171875,91.546875,87.171875,88.09375,73.09375,65.4453125,68.953125,81.859375,102.0234375,111.9375,90.7265625,63.9453125,53.171875,51.953125,50.9453125
2010-08-19,114.609375,154.984375,162.5625,138.84375,131.1875,120.0,113.21875,116.203125,141.46875,165.21875,149.40625,131.703125,122.0625,106.3828125,89.078125,75.984375,72.953125,93.6015625,116.328125,106.2890625,82.34375,63.90625,50.84375,53.4453125,61.1015625,56.15625,48.421875,41.984375,37.78125,43.34375
2010-08-20,154.984375,162.5625,138.84375,131.1875,120.0,113.21875,116.203125,141.46875,165.21875,149.40625,131.703125,122.0625,106.3828125,89.078125,75.984375,72.953125,93.6015625,116.328125,106.2890625,82.34375,63.90625,50.84375,53.4453125,61.1015625,56.15625,48.421875,41.984375,37.78125,43.34375,60.0546875
2010-08-21,162.5625,138.84375,131.1875,120.0,113.21875,116.203125,141.46875,165.21875,149.40625,131.703125,122.0625,106.3828125,89.078125,75.984375,72.953125,93.6015625,116.328125,106.2890625,82.34375,63.90625,50.84375,53.4453125,61.1015625,56.15625,48.421875,41.984375,37.78125,43.34375,60.0546875,66.234375
2010-08-22,169.875,196.28125,197.46875,151.40625,109.421875,83.796875,71.9375,86.546875,118.140625,124.453125,121.3125,126.578125,144.71875,158.25,135.5625,133.9609375,161.1796875,235.1015625,327.46875,289.171875,207.828125,153.953125,148.6015625,194.609375,181.421875,137.671875,122.640625,116.2421875,122.359375,128.9453125
2010-08-23,196.28125,197.46875,151.40625,109.421875,83.796875,71.9375,86.546875,118.140625,124.453125,121.3125,126.578125,144.71875,158.25,135.5625,133.9609375,161.1796875,235.1015625,327.46875,289.171875,207.828125,153.953125,148.6015625,194.609375,181.421875,137.671875,122.640625,116.2421875,122.359375,128.9453125,116.71875
2010-08-24,197.46875,151.40625,109.421875,83.796875,71.9375,86.546875,118.140625,124.453125,121.3125,126.578125,144.71875,158.25,135.5625,133.9609375,161.1796875,235.1015625,327.46875,289.171875,207.828125,153.953125,148.6015625,194.609375,181.421875,137.671875,122.640625,116.2421875,122.359375,128.9453125,116.71875,111.71875
2010-08-25,151.40625,109.421875,83.796875,71.9375,86.546875,118.140625,124.453125,121.3125,126.578125,144.71875,158.25,135.5625,133.9609375,161.1796875,235.1015625,327.46875,289.171875,207.828125,153.953125,148.6015625,194.609375,181.421875,137.671875,122.640625,116.2421875,122.359375,128.9453125,116.71875,111.71875,105.25
2010-08-26,130.265625,99.34375,86.671875,91.984375,93.90625,99.390625,113.09375,120.046875,125.328125,123.1484375,113.40625,113.515625,111.5078125,130.3828125,153.578125,134.3046875,118.359375,133.8125,130.5078125,101.515625,91.71875,98.671875,101.8984375,108.921875,114.828125,108.796875,114.625,138.4296875,159.1484375,133.9765625
2010-08-27,99.34375,86.671875,91.984375,93.90625,99.390625,113.09375,120.046875,125.328125,123.1484375,113.40625,113.515625,111.5078125,130.3828125,153.578125,134.3046875,118.359375,133.8125,130.5078125,101.515625,91.71875,98.671875,101.8984375,108.921875,114.828125,108.796875,114.625,138.4296875,159.1484375,133.9765625,111.3671875
2010-08-28,86.671875,91.984375,93.90625,99.390625,113.09375,120.046875,125.328125,123.1484375,113.40625,113.515625,111.5078125,130.3828125,153.578125,134.3046875,118.359375,133.8125,130.5078125,101.515625,91.71875,98.671875,101.8984375,108.921875,114.828125,108.796875,114.625,138.4296875,159.1484375,133.9765625,111.3671875,139.6953125
2010-08-29,98.5703125,84.109375,70.984375,71.109375,110.125,131.421875,109.84375,89.375,77.5703125,86.796875,105.0625,107.4140625,102.890625,126.1875,149.890625,130.578125,109.5234375,97.6171875,92.109375,84.265625,90.203125,99.7421875,120.171875,152.96875,178.9609375,161.984375,113.71875,78.7890625,74.25,104.1796875
2010-08-30,84.109375,70.984375,71.109375,110.125,131.421875,109.84375,89.375,77.5703125,86.796875,105.0625,107.4140625,102.890625,126.1875,149.890625,130.578125,109.5234375,97.6171875,92.109375,84.265625,90.203125,99.7421875,120.171875,152.96875,178.9609375,161.984375,113.71875,78.7890625,74.25,104.1796875,146.3359375
2010-08-31,70.984375,71.109375,110.125,131.421875,109.84375,89.375,77.5703125,86.796875,105.0625,107.4140625,102.890625,126.1875,149.890625,130.578125,109.5234375,97.6171875,92.109375,84.265625,90.203125,99.7421875,120.171875,152.96875,178.9609375,161.984375,113.71875,78.7890625,74.25,104.1796875,146.3359375,164.171875
2010-09-01,71.109375,110.125,131.421875,109.84375,89.375,77.5703125,86.796875,105.0625,107.4140625,102.890625,126.1875,149.890625,130.578125,109.5234375,97.6171875,92.109375,84.265625,90.203125,99.7421875,120.171875,152.96875,178.9609375,161.984375,113.71875,78.7890625,74.25,104.1796875,146.3359375,164.171875,189.4375
2010-09-02,135.671875,127.078125,114.8203125,94.09375,82.5390625,84.6484375,89.859375,83.671875,78.890625,91.578125,110.296875,114.1953125,123.3359375,157.9375,184.359375,186.7421875,180.6328125,146.578125,143.75,166.28125,204.6484375,204.4453125,176.0625,216.3671875,205.9921875,199.9375,202.015625,187.453125,154.9375,122.75
2010-09-03,127.078125,114.8203125,94.09375,82.5390625,84.6484375,89.859375,83.671875,78.890625,91.578125,110.296875,114.1953125,123.3359375,157.9375,184.359375,186.7421875,180.6328125,146.578125,143.75,166.28125,204.6484375,204.4453125,176.0625,216.3671875,205.9921875,199.9375,202.015625,187.453125,154.9375,122.75,141.7890625
2010-09-04,114.8203125,94.09375,82.5390625,84.6484375,89.859375,83.671875,78.890625,91.578125,110.296875,114.1953125,123.3359375,157.9375,184.359375,186.7421875,180.6328125,146.578125,143.75,166.28125,204.6484375,204.4453125,176.0625,216.3671875,205.9921875,199.9375,202.015625,187.453125,154.9375,122.75,141.7890625,179.7578125
2010-09-05,135.515625,103.25,80.8984375,90.25,106.28125,99.96875,118.8515625,184.7890625,202.046875,173.328125,138.5234375,128.3125,114.71875,115.7734375,122.2265625,127.921875,124.2734375,118.8359375,116.90625,106.78125,137.828125,161.5390625,167.25,171.4453125,157.6953125,126.65625,103.421875,87.96875,104.484375,132.5078125
2010-09-06,103.25,80.8984375,90.25,106.28125,99.96875,118.8515625,184.7890625,202.046875,173.328125,138.5234375,128.3125,114.71875,115.7734375,122.2265625,127.921875,124.2734375,118.8359375,116.90625,106.78125,137.828125,161.5390625,167.25,171.4453125,157.6953125,126.65625,103.421875,87.96875,104.484375,132.5078125,126.7734375
2010-09-07,80.8984375,90.25,106.28125,99.96875,118.8515625,184.7890625,202.046875,173.328125,138.5234375,128.3125,114.71875,115.7734375,122.2265625,127.921875,124.2734375,118.8359375,116.90625,106.78125,137.828125,161.5390625,167.25,171.4453125,157.6953125,126.65625,103.421875,87.96875,104.484375,132.5078125,126.7734375,112.1640625
2010-09-08,90.25,106.28125,99.96875,118.8515625,184.7890625,202.046875,173.328125,138.5234375,128.3125,114.71875,115.7734375,122.2265625,127.921875,124.2734375,118.8359375,116.90625,106.78125,137.828125,161.5390625,167.25,171.4453125,157.6953125,126.65625,103.421875,87.96875,104.484375,132.5078125,126.7734375,112.1640625,90.75
2010-09-09,137.8515625,132.109375,125.46875,107.78125,81.8125,72.671875,76.125,80.703125,80.078125,76.2265625,72.2890625,65.46875,62.5,78.09375,109.7109375,148.46875,192.71875,217.0625,210.0,181.7578125,150.8984375,157.890625,169.578125,136.9375,157.875,173.5234375,138.328125,117.3515625,108.3984375,98.5546875
2010-09-10,132.109375,125.46875,107.78125,81.8125,72.671875,76.125,80.703125,80.078125,76.2265625,72.2890625,65.46875,62.5,78.09375,109.7109375,148.46875,192.71875,217.0625,210.0,181.7578125,150.8984375,157.890625,169.578125,136.9375,157.875,173.5234375,138.328125,117.3515625,108.3984375,98.5546875,140.6171875
2010-09-11,125.46875,107.78125,81.8125,72.671875,76.125,80.703125,80.078125,76.2265625,72.2890625,65.46875,62.5,78.09375,109.7109375,148.46875,192.71875,217.0625,210.0,181.7578125,150.8984375,157.890625,169.578125,136.9375,157.875,173.5234375,138.328125,117.3515625,108.3984375,98.5546875,140.6171875,171.3125
2010-09-12,154.5703125,142.703125,204.6171875,226.375,187.2109375,162.5625,142.0859375,122.9296875,106.4140625,102.6640625,116.3984375,130.3515625,142.484375,157.09375,177.359375,158.03125,123.9140625,106.484375,115.75,124.8203125,129.921875,136.828125,170.71875,277.3671875,278.109375,195.15625,129.3515625,101.4609375,87.6875,69.28125
2010-09-13,142.703125,204.6171875,226.375,187.2109375,162.5625,142.0859375,122.9296875,106.4140625,102.6640625,116.3984375,130.3515625,142.484375,157.09375,177.359375,158.03125,123.9140625,106.484375,115.75,124.8203125,129.921875,136.828125,170.71875,277.3671875,278.109375,195.15625,129.3515625,101.4609375,87.6875,69.28125,71.984375
2010-09-14,204.6171875,226.375,187.2109375,162.5625,142.0859375,122.9296875,106.4140625,102.6640625,116.3984375,130.3515625,142.484375,157.09375,177.359375,158.03125,123.9140625,106.484375,115.75,124.8203125,129.921875,136.828125,170.71875,277.3671875,278.109375,195.15625,129.3515625,101.4609375,87.6875,69.28125,71.984375,103.546875
2010-09-15,226.375,187.2109375,162.5625,142.0859375,122.9296875,106.4140625,102.6640625,116.3984375,130.3515625,142.484375,157.09375,177.359375,158.03125,123.9140625,106.484375,115.75,124.8203125,129.921875,136.828125,170.71875,277.3671875,278.109375,195.15625,129.3515625,101.4609375,87.6875,69.28125,71.984375,103.546875,127.828125
2010-09-16,113.75,154.46875,147.4921875,119.5859375,110.609375,104.609375,95.2578125,86.625,86.46875,96.796875,104.171875,136.8515625,188.6796875,160.3828125,117.1953125,152.515625,160.46875,133.28125,123.0390625,112.328125,144.7109375,204.796875,211.6875,204.390625,169.4296875,127.6640625,112.546875,118.96875,108.015625,78.96875
2010-09-17,154.46875,147.4921875,119.5859375,110.609375,104.609375,95.2578125,86.625,86.46875,96.796875,104.171875,136.8515625,188.6796875,160.3828125,117.1953125,152.515625,160.46875,133.28125,123.0390625,112.328125,144.7109375,204.796875,211.6875,204.390625,169.4296875,127.6640625,112.546875,118.96875,108.015625,78.96875,61.1328125
2010-09-18,147.4921875,119.5859375,110.609375,104.609375,95.2578125,86.625,86.46875,96.796875,104.171875,136.8515625,188.6796875,160.3828125,117.1953125,152.515625,160.46875,133.28125,123.0390625,112.328125,144.7109375,204.796875,211.6875,204.390625,169.4296875,127.6640625,112.546875,118.96875,108.015625,78.96875,61.1328125,58.125
2010-09-19,168.5546875,122.0625,95.6640625,80.921875,69.3515625,66.8828125,77.59375,104.265625,137.703125,136.140625,115.2109375,102.5703125,103.7578125,109.015625,119.875,137.9609375,131.4921875,145.7890625,132.078125,93.203125,82.046875,80.15625,95.890625,109.328125,137.2734375,151.03125,186.3671875,195.9375,153.640625,107.0703125
2010-09-20,122.0625,95.6640625,80.921875,69.3515625,66.8828125,77.59375,104.265625,137.703125,136.140625,115.2109375,102.5703125,103.7578125,109.015625,119.875,137.9609375,131.4921875,145.7890625,132.078125,93.203125,82.046875,80.15625,95.890625,109.328125,137.2734375,151.03125,186.3671875,195.9375,153.640625,107.0703125,71.4375
2010-09-21,95.6640625,80.921875,69.3515625,66.8828125,77.59375,104.265625,137.703125,136.140625,115.2109375,102.5703125,103.7578125,109.015625,119.875,137.9609375,131.4921875,145.7890625,132.078125,93.203125,82.046875,80.15625,95.890625,109.328125,137.2734375,151.03125,186.3671875,195.9375,153.640625,107.0703125,71.4375,52.6796875
2010-09-22,80.921875,69.3515625,66.8828125,77.59375,104.265625,137.703125,136.140625,115.2109375,102.5703125,103.7578125,109.015625,119.875,137.9609375,131.4921875,145.7890625,132.078125,93.203125,82.046875,80.15625,95.890625,109.328125,137.2734375,151.03125,186.3671875,195.9375,153.640625,107.0703125,71.4375,52.6796875,41.84375
2010-09-23,128.984375,121.0078125,133.421875,133.0234375,124.40625,109.921875,116.4453125,121.125,124.6875,152.90625,150.3359375,122.3984375,170.3046875,221.1171875,195.46875,182.046875,175.8125,140.578125,112.453125,97.5078125,83.6484375,81.7578125,85.65625,85.625,90.609375,90.671875,88.6796875,91.953125,82.90625,69.546875
2010-09-24,121.0078125,133.421875,133.0234375,124.40625,109.921875,116.4453125,121.125,124.6875,152.90625,150.3359375,122.3984375,170.3046875,221.1171875,195.46875,182.046875,175.8125,140.578125,112.453125,97.5078125,83.6484375,81.7578125,85.65625,85.625,90.609375,90.671875,88.6796875,91.953125,82.90625,69.546875,62.8671875
2010-09-25,133.421875,133.0234375,124.40625,109.921875,116.4453125,121.125,124.6875,152.90625,150.3359375,122.3984375,170.3046875,221.1171875,195.46875,182.046875,175.8125,140.578125,112.453125,97.5078125,83.6484375,81.7578125,85.65625,85.625,90.609375,90.671875,88.6796875,91.953125,82.90625,69.546875,62.8671875,68.59375
2010-09-26,179.65625,174.3203125,149.21875,118.53125,108.7109375,110.9375,121.9296875,122.8828125,153.921875,166.4375,142.2265625,147.7734375,188.2578125,191.1875,148.875,117.2734375,178.203125,228.3203125,241.6796875,239.5078125,257.953125,342.6484375,668.4453125,719.515625,571.2734375,414.25,330.0390625,282.84375,238.9296875,215.0546875
2010-09-27,174.3203125,149.21875,118.53125,108.7109375,110.9375,121.9296875,122.8828125,153.921875,166.4375,142.2265625,147.7734375,188.2578125,191.1875,148.875,117.2734375,178.203125,228.3203125,241.6796875,239.5078125,257.953125,342.6484375,668.4453125,719.515625,571.2734375,414.25,330.0390625,282.84375,238.9296875,215.0546875,192.0546875
2010-09-28,149.21875,118.53125,108.7109375,110.9375,121.9296875,122.8828125,153.921875,166.4375,142.2265625,147.7734375,188.2578125,191.1875,148.875,117.2734375,178.203125,228.3203125,241.6796875,239.5078125,257.953125,342.6484375,668.4453125,719.515625,571.2734375,414.25,330.0390625,282.84375,238.9296875,215.0546875,192.0546875,166.8203125
2010-09-29,118.53125,108.7109375,110.9375,121.9296875,122.8828125,153.921875,166.4375,142.2265625,147.7734375,188.2578125,191.1875,148.875,117.2734375,178.203125,228.3203125,241.6796875,239.5078125,257.953125,342.6484375,668.4453125,719.515625,571.2734375,414.25,330.0390625,282.84375,238.9296875,215.0546875,192.0546875,166.8203125,149.8515625
2010-09-30,264.609375,383.2265625,375.5546875,296.171875,256.3671875,244.9453125,197.6328125,151.203125,133.0859375,127.4765625,142.375,213.375,223.7265625,197.5078125,178.9140625,200.7890625,232.7421875,236.15625,208.265625,181.3828125,180.234375,202.2890625,215.0546875,175.828125,129.46875,103.4453125,89.265625,80.765625,75.1875,70.4296875
2010-10-01,383.2265625,375.5546875,296.171875,256.3671875,244.9453125,197.6328125,151.203125,133.0859375,127.4765625,142.375,213.375,223.7265625,197.5078125,178.9140625,200.7890625,232.7421875,236.15625,208.265625,181.3828125,180.234375,202.2890625,215.0546875,175.828125,129.46875,103.4453125,89.265625,80.765625,75.1875,70.4296875,66.390625
2010-10-02,375.5546875,296.171875,256.3671875,244.9453125,197.6328125,151.203125,133.0859375,127.4765625,142.375,213.375,223.7265625,197.5078125,178.9140625,200.7890625,232.7421875,236.15625,208.265625,181.3828125,180.234375,202.2890625,215.0546875,175.828125,129.46875,103.4453125,89.265625,80.765625,75.1875,70.4296875,66.390625,63.953125
2010-10-03,216.4765625,163.734375,160.6640625,160.828125,139.953125,140.5,130.75,135.6171875,139.796875,163.875,179.1484375,207.8828125,217.9375,172.03125,136.5390625,123.625,111.859375,92.5390625,82.796875,98.46875,109.9140625,158.3359375,201.25,183.125,176.171875,153.8984375,127.5234375,145.6640625,180.6796875,185.703125
2010-10-04,163.734375,160.6640625,160.828125,139.953125,140.5,130.75,135.6171875,139.796875,163.875,179.1484375,207.8828125,217.9375,172.03125,136.5390625,123.625,111.859375,92.5390625,82.796875,98.46875,109.9140625,158.3359375,201.25,183.125,176.171875,153.8984375,127.5234375,145.6640625,180.6796875,185.703125,172.78515625
2010-10-05,160.6640625,160.828125,139.953125,140.5,130.75,135.6171875,139.796875,163.875,179.1484375,207.8828125,217.9375,172.03125,136.5390625,123.625,111.859375,92.5390625,82.796875,98.46875,109.9140625,158.3359375,201.25,183.125,176.171875,153.8984375,127.5234375,145.6640625,180.6796875,185.703125,172.78515625,146.2265625
2010-10-06,160.828125,139.953125,140.5,130.75,135.6171875,139.796875,163.875,179.1484375,207.8828125,217.9375,172.03125,136.5390625,123.625,111.859375,92.5390625,82.796875,98.46875,109.9140625,158.3359375,201.25,183.125,176.171875,153.8984375,127.5234375,145.6640625,180.6796875,185.703125,172.78515625,146.2265625,112.95703125
2010-10-07,191.4609375,148.3046875,120.328125,132.4140625,255.515625,321.1015625,289.3828125,236.9765625,186.3125,163.8125,171.75,147.2265625,108.375,86.6796875,73.3125,64.40625,58.453125,53.6328125,47.6484375,44.6484375,50.3046875,60.28125,84.9765625,110.3359375,110.9453125,156.2421875,235.7265625,202.6875,135.17578125,100.3828125
2010-10-08,148.3046875,120.328125,132.4140625,255.515625,321.1015625,289.3828125,236.9765625,186.3125,163.8125,171.75,147.2265625,108.375,86.6796875,73.3125,64.40625,58.453125,53.6328125,47.6484375,44.6484375,50.3046875,60.28125,84.9765625,110.3359375,110.9453125,156.2421875,235.7265625,202.6875,135.17578125,100.3828125,114.421875
2010-10-09,120.328125,132.4140625,255.515625,321.1015625,289.3828125,236.9765625,186.3125,163.8125,171.75,147.2265625,108.375,86.6796875,73.3125,64.40625,58.453125,53.6328125,47.6484375,44.6484375,50.3046875,60.28125,84.9765625,110.3359375,110.9453125,156.2421875,235.7265625,202.6875,135.17578125,100.3828125,114.421875,121.54296875
2010-10-10,159.0703125,169.0546875,757.359375,698.7109375,430.4296875,277.9296875,225.78125,257.828125,323.328125,284.6015625,230.609375,188.65625,178.0703125,183.75,164.2109375,147.640625,159.015625,162.0703125,154.2890625,237.7109375,259.7734375,220.4921875,178.015625,152.01953125,140.89453125,129.421875,161.328125,204.58203125,173.99609375,125.8203125
2010-10-11,169.0546875,757.359375,698.7109375,430.4296875,277.9296875,225.78125,257.828125,323.328125,284.6015625,230.609375,188.65625,178.0703125,183.75,164.2109375,147.640625,159.015625,162.0703125,154.2890625,237.7109375,259.7734375,220.4921875,178.015625,152.01953125,140.89453125,129.421875,161.328125,204.58203125,173.99609375,125.8203125,102.1171875
2010-10-12,757.359375,698.7109375,430.4296875,277.9296875,225.78125,257.828125,323.328125,284.6015625,230.609375,188.65625,178.0703125,183.75,164.2109375,147.640625,159.015625,162.0703125,154.2890625,237.7109375,259.7734375,220.4921875,178.015625,152.01953125,140.89453125,129.421875,161.328125,204.58203125,173.99609375,125.8203125,102.1171875,90.87109375
2010-10-13,698.7109375,430.4296875,277.9296875,225.78125,257.828125,323.328125,284.6015625,230.609375,188.65625,178.0703125,183.75,164.2109375,147.640625,159.015625,162.0703125,154.2890625,237.7109375,259.7734375,220.4921875,178.015625,152.01953125,140.89453125,129.421875,161.328125,204.58203125,173.99609375,125.8203125,102.1171875,90.87109375,83.0546875
2010-10-14,208.453125,280.1875,252.9296875,176.796875,133.078125,108.4453125,107.546875,104.140625,87.765625,74.9296875,69.21875,68.2890625,70.8828125,74.7734375,70.6484375,68.4296875,76.1328125,97.1171875,122.7421875,114.265625,111.3515625,103.39453125,76.4765625,57.91015625,76.76953125,109.8046875,98.171875,93.171875,100.62109375,88.125
2010-10-15,280.1875,252.9296875,176.796875,133.078125,108.4453125,107.546875,104.140625,87.765625,74.9296875,69.21875,68.2890625,70.8828125,74.7734375,70.6484375,68.4296875,76.1328125,97.1171875,122.7421875,114.265625,111.3515625,103.39453125,76.4765625,57.91015625,76.76953125,109.8046875,98.171875,93.171875,100.62109375,88.125,71.03515625
2010-10-16,252.9296875,176.796875,133.078125,108.4453125,107.546875,104.140625,87.765625,74.9296875,69.21875,68.2890625,70.8828125,74.7734375,70.6484375,68.4296875,76.1328125,97.1171875,122.7421875,114.265625,111.3515625,103.39453125,76.4765625,57.91015625,76.76953125,109.8046875,98.171875,93.171875,100.62109375,88.125,71.03515625,71.921875
2010-10-17,207.6796875,178.796875,136.8046875,140.171875,164.8828125,145.3515625,117.5234375,115.6875,121.9765625,126.0,128.9296875,147.171875,163.9375,149.7421875,196.3359375,212.078125,186.24609375,153.859375,146.484375,129.05078125,95.92578125,76.66796875,65.23828125,55.9296875,50.16796875,47.91796875,44.234375,39.16015625,35.953125,33.34765625
2010-10-18,178.796875,136.8046875,140.171875,164.8828125,145.3515625,117.5234375,115.6875,121.9765625,126.0,128.9296875,147.171875,163.9375,149.7421875,196.3359375,212.078125,186.24609375,153.859375,146.484375,129.05078125,95.92578125,76.66796875,65.23828125,55.9296875,50.16796875,47.91796875,44.234375,39.16015625,35.953125,33.34765625,31.46484375
2010-10-19,136.8046875,140.171875,164.8828125,145.3515625,117.5234375,115.6875,121.9765625,126.0,128.9296875,147.171875,163.9375,149.7421875,196.3359375,212.078125,186.24609375,153.859375,146.484375,129.05078125,95.92578125,76.66796875,65.23828125,55.9296875,50.16796875,47.91796875,44.234375,39.16015625,35.953125,33.34765625,31.46484375,29.0
2010-10-20,140.171875,164.8828125,145.3515625,117.5234375,115.6875,121.9765625,126.0,128.9296875,147.171875,163.9375,149.7421875,196.3359375,212.078125,186.24609375,153.859375,146.484375,129.05078125,95.92578125,76.66796875,65.23828125,55.9296875,50.16796875,47.91796875,44.234375,39.16015625,35.953125,33.34765625,31.46484375,29.0,26.8984375
2010-10-21,127.890625,108.1875,104.0859375,127.484375,145.6796875,130.4609375,103.0,86.390625,75.4609375,68.7109375,63.078125,57.3046875,53.94921875,58.87890625,61.96484375,56.61328125,50.71875,46.80078125,44.46875,41.92578125,41.484375,42.66015625,38.09375,32.78515625,30.234375,28.2734375,24.70703125,24.05859375,22.7109375,20.125
2010-10-22,108.1875,104.0859375,127.484375,145.6796875,130.4609375,103.0,86.390625,75.4609375,68.7109375,63.078125,57.3046875,53.94921875,58.87890625,61.96484375,56.61328125,50.71875,46.80078125,44.46875,41.92578125,41.484375,42.66015625,38.09375,32.78515625,30.234375,28.2734375,24.70703125,24.05859375,22.7109375,20.125,17.9609375
2010-10-23,104.0859375,127.484375,145.6796875,130.4609375,103.0,86.390625,75.4609375,68.7109375,63.078125,57.3046875,53.94921875,58.87890625,61.96484375,56.61328125,50.71875,46.80078125,44.46875,41.92578125,41.484375,42.66015625,38.09375,32.78515625,30.234375,28.2734375,24.70703125,24.05859375,22.7109375,20.125,17.9609375,16.1328125
2010-10-24,144.484375,118.984375,104.2265625,123.3203125,128.328125,104.734375,87.0546875,77.75,67.9140625,62.59375,58.6015625,53.51953125,50.78125,47.83203125,47.15234375,46.83984375,53.02734375,56.7734375,48.16796875,41.90625,51.7734375,63.33203125,51.91015625,43.078125,38.23828125,35.78125,33.08984375,27.57421875,23.75,21.9296875
2010-10-25,118.984375,104.2265625,123.3203125,128.328125,104.734375,87.0546875,77.75,67.9140625,62.59375,58.6015625,53.51953125,50.78125,47.83203125,47.15234375,46.83984375,53.02734375,56.7734375,48.16796875,41.90625,51.7734375,63.33203125,51.91015625,43.078125,38.23828125,35.78125,33.08984375,27.57421875,23.75,21.9296875,22.87109375
2010-10-26,104.2265625,123.3203125,128.328125,104.734375,87.0546875,77.75,67.9140625,62.59375,58.6015625,53.51953125,50.78125,47.83203125,47.15234375,46.83984375,53.02734375,56.7734375,48.16796875,41.90625,51.7734375,63.33203125,51.91015625,43.078125,38.23828125,35.78125,33.08984375,27.57421875,23.75,21.9296875,22.87109375,36.359375
2010-10-27,123.3203125,128.328125,104.734375,87.0546875,77.75,67.9140625,62.59375,58.6015625,53.51953125,50.78125,47.83203125,47.15234375,46.83984375,53.02734375,56.7734375,48.16796875,41.90625,51.7734375,63.33203125,51.91015625,43.078125,38.23828125,35.78125,33.08984375,27.57421875,23.75,21.9296875,22.87109375,36.359375,75.87890625
2010-10-28,248.25,182.1640625,129.0390625,102.0078125,92.09375,97.33203125,144.6796875,153.734375,125.046875,106.703125,90.0859375,79.7734375,73.96875,67.671875,63.44921875,57.92578125,56.71484375,56.9140625,122.98828125,191.7734375,165.47265625,148.35546875,133.0859375,99.65625,72.828125,55.625,46.7265625,40.41796875,34.7421875,30.3828125
2010-10-29,182.1640625,129.0390625,102.0078125,92.09375,97.33203125,144.6796875,153.734375,125.046875,106.703125,90.0859375,79.7734375,73.96875,67.671875,63.44921875,57.92578125,56.71484375,56.9140625,122.98828125,191.7734375,165.47265625,148.35546875,133.0859375,99.65625,72.828125,55.625,46.7265625,40.41796875,34.7421875,30.3828125,26.48828125
2010-10-30,129.0390625,102.0078125,92.09375,97.33203125,144.6796875,153.734375,125.046875,106.703125,90.0859375,79.7734375,73.96875,67.671875,63.44921875,57.92578125,56.71484375,56.9140625,122.98828125,191.7734375,165.47265625,148.35546875,133.0859375,99.65625,72.828125,55.625,46.7265625,40.41796875,34.7421875,30.3828125,26.48828125,23.9296875
2010-10-31,158.9140625,153.484375,369.9296875,380.2265625,254.49609375,177.3828125,150.65625,134.9609375,120.0546875,111.19140625,107.45703125,101.4140625,95.3828125,90.48046875,86.83203125,82.83203125,77.34765625,73.125,69.23828125,65.00390625,63.328125,61.60546875,56.94140625,52.6953125,49.25,45.5078125,46.90234375,50.40234375,64.01171875,106.7265625
2010-11-01,153.484375,369.9296875,380.2265625,254.49609375,177.3828125,150.65625,134.9609375,120.0546875,111.19140625,107.45703125,101.4140625,95.3828125,90.48046875,86.83203125,82.83203125,77.34765625,73.125,69.23828125,65.00390625,63.328125,61.60546875,56.94140625,52.6953125,49.25,45.5078125,46.90234375,50.40234375,64.01171875,106.7265625,117.95703125
2010-11-02,369.9296875,380.2265625,254.49609375,177.3828125,150.65625,134.9609375,120.0546875,111.19140625,107.45703125,101.4140625,95.3828125,90.48046875,86.83203125,82.83203125,77.34765625,73.125,69.23828125,65.00390625,63.328125,61.60546875,56.94140625,52.6953125,49.25,45.5078125,46.90234375,50.40234375,64.01171875,106.7265625,117.95703125,94.17578125
2010-11-03,380.2265625,254.49609375,177.3828125,150.65625,134.9609375,120.0546875,111.19140625,107.45703125,101.4140625,95.3828125,90.48046875,86.83203125,82.83203125,77.34765625,73.125,69.23828125,65.00390625,63.328125,61.60546875,56.94140625,52.6953125,49.25,45.5078125,46.90234375,50.40234375,64.01171875,106.7265625,117.95703125,94.17578125,72.86328125
2010-11-04,107.2734375,92.46875,83.71875,80.1015625,93.66015625,97.484375,82.63671875,70.6015625,62.54296875,56.12890625,50.7890625,48.32421875,48.0859375,58.2578125,73.2734375,69.31640625,56.78515625,46.71484375,39.73828125,33.62890625,29.36328125,28.0234375,28.1328125,25.1015625,21.7734375,19.30078125,16.72265625,14.57421875,13.53125,12.3671875
2010-11-05,92.46875,83.71875,80.1015625,93.66015625,97.484375,82.63671875,70.6015625,62.54296875,56.12890625,50.7890625,48.32421875,48.0859375,58.2578125,73.2734375,69.31640625,56.78515625,46.71484375,39.73828125,33.62890625,29.36328125,28.0234375,28.1328125,25.1015625,21.7734375,19.30078125,16.72265625,14.57421875,13.53125,12.3671875,10.99609375
2010-11-06,83.71875,80.1015625,93.66015625,97.484375,82.63671875,70.6015625,62.54296875,56.12890625,50.7890625,48.32421875,48.0859375,58.2578125,73.2734375,69.31640625,56.78515625,46.71484375,39.73828125,33.62890625,29.36328125,28.0234375,28.1328125,25.1015625,21.7734375,19.30078125,16.72265625,14.57421875,13.53125,12.3671875,10.99609375,10.13671875
2010-11-07,91.6953125,98.8671875,94.08203125,83.6953125,74.27734375,65.73046875,64.75,66.18359375,60.77734375,54.03515625,53.98046875,64.0078125,68.828125,62.875,54.73046875,49.9453125,46.87890625,41.14453125,43.578125,62.0625,68.4375,54.4453125,42.84375,33.94921875,27.1484375,23.765625,23.484375,26.28515625,25.765625,26.7109375
2010-11-08,98.8671875,94.08203125,83.6953125,74.27734375,65.73046875,64.75,66.18359375,60.77734375,54.03515625,53.98046875,64.0078125,68.828125,62.875,54.73046875,49.9453125,46.87890625,41.14453125,43.578125,62.0625,68.4375,54.4453125,42.84375,33.94921875,27.1484375,23.765625,23.484375,26.28515625,25.765625,26.7109375,33.40625
2010-11-09,94.08203125,83.6953125,74.27734375,65.73046875,64.75,66.18359375,60.77734375,54.03515625,53.98046875,64.0078125,68.828125,62.875,54.73046875,49.9453125,46.87890625,41.14453125,43.578125,62.0625,68.4375,54.4453125,42.84375,33.94921875,27.1484375,23.765625,23.484375,26.28515625,25.765625,26.7109375,33.40625,38.8828125
2010-11-10,83.6953125,74.27734375,65.73046875,64.75,66.18359375,60.77734375,54.03515625,53.98046875,64.0078125,68.828125,62.875,54.73046875,49.9453125,46.87890625,41.14453125,43.578125,62.0625,68.4375,54.4453125,42.84375,33.94921875,27.1484375,23.765625,23.484375,26.28515625,25.765625,26.7109375,33.40625,38.8828125,36.234375
2010-11-11,98.3515625,104.98828125,124.6484375,130.2421875,125.48828125,118.71875,97.5,79.72265625,86.31640625,90.5859375,87.16796875,82.375,70.0,65.55859375,67.890625,62.83203125,52.3203125,42.2890625,34.78515625,29.05859375,25.265625,21.8359375,19.12890625,17.15234375,15.42578125,14.0078125,13.2578125,12.48046875,11.42578125,10.62109375
2010-11-12,104.98828125,124.6484375,130.2421875,125.48828125,118.71875,97.5,79.72265625,86.31640625,90.5859375,87.16796875,82.375,70.0,65.55859375,67.890625,62.83203125,52.3203125,42.2890625,34.78515625,29.05859375,25.265625,21.8359375,19.12890625,17.15234375,15.42578125,14.0078125,13.2578125,12.48046875,11.42578125,10.62109375,9.81640625
2010-11-13,124.6484375,130.2421875,125.48828125,118.71875,97.5,79.72265625,86.31640625,90.5859375,87.16796875,82.375,70.0,65.55859375,67.890625,62.83203125,52.3203125,42.2890625,34.78515625,29.05859375,25.265625,21.8359375,19.12890625,17.15234375,15.42578125,14.0078125,13.2578125,12.48046875,11.42578125,10.62109375,9.81640625,9.33203125
2010-11-14,71.23828125,79.765625,89.6875,95.9296875,125.421875,144.3671875,153.1484375,137.30859375,107.99609375,87.12890625,75.53125,65.01171875,51.83984375,42.36328125,36.0390625,31.578125,28.12890625,27.1875,44.921875,61.00390625,47.94921875,35.9453125,28.03515625,23.11328125,20.57421875,19.234375,18.328125,16.984375,15.578125,14.546875
2010-11-15,79.765625,89.6875,95.9296875,125.421875,144.3671875,153.1484375,137.30859375,107.99609375,87.12890625,75.53125,65.01171875,51.83984375,42.36328125,36.0390625,31.578125,28.12890625,27.1875,44.921875,61.00390625,47.94921875,35.9453125,28.03515625,23.11328125,20.57421875,19.234375,18.328125,16.984375,15.578125,14.546875,14.4921875
2010-11-16,89.6875,95.9296875,125.421875,144.3671875,153.1484375,137.30859375,107.99609375,87.12890625,75.53125,65.01171875,51.83984375,42.36328125,36.0390625,31.578125,28.12890625,27.1875,44.921875,61.00390625,47.94921875,35.9453125,28.03515625,23.11328125,20.57421875,19.234375,18.328125,16.984375,15.578125,14.546875,14.4921875,13.66015625
2010-11-17,95.9296875,125.421875,144.3671875,153.1484375,137.30859375,107.99609375,87.12890625,75.53125,65.01171875,51.83984375,42.36328125,36.0390625,31.578125,28.12890625,27.1875,44.921875,61.00390625,47.94921875,35.9453125,28.03515625,23.11328125,20.57421875,19.234375,18.328125,16.984375,15.578125,14.546875,14.4921875,13.66015625,12.9609375
2010-11-18,110.19921875,114.06640625,93.82421875,71.7890625,80.09765625,109.76953125,109.88671875,88.046875,68.0,52.23828125,41.99609375,35.54296875,30.8671875,27.58984375,29.07421875,31.6484375,28.34375,24.7265625,22.35546875,22.0,26.4453125,39.734375,44.72265625,56.83203125,70.8046875,167.6953125,187.546875,114.4140625,70.7578125,46.5
2010-11-19,114.06640625,93.82421875,71.7890625,80.09765625,109.76953125,109.88671875,88.046875,68.0,52.23828125,41.99609375,35.54296875,30.8671875,27.58984375,29.07421875,31.6484375,28.34375,24.7265625,22.35546875,22.0,26.4453125,39.734375,44.72265625,56.83203125,70.8046875,167.6953125,187.546875,114.4140625,70.7578125,46.5,34.98046875
2010-11-20,93.82421875,71.7890625,80.09765625,109.76953125,109.88671875,88.046875,68.0,52.23828125,41.99609375,35.54296875,30.8671875,27.58984375,29.07421875,31.6484375,28.34375,24.7265625,22.35546875,22.0,26.4453125,39.734375,44.72265625,56.83203125,70.8046875,167.6953125,187.546875,114.4140625,70.7578125,46.5,34.98046875,30.7578125
2010-11-21,106.77734375,83.35546875,74.44921875,65.40234375,55.4609375,46.671875,39.3203125,33.76953125,29.91015625,27.046875,24.68359375,22.6796875,20.70703125,19.3125,18.984375,19.0390625,16.7734375,16.22265625,14.84765625,13.0234375,11.56640625,10.671875,9.89453125,8.65234375,7.89453125,7.51171875,7.078125,6.12109375,5.24609375,4.578125
2010-11-22,83.35546875,74.44921875,65.40234375,55.4609375,46.671875,39.3203125,33.76953125,29.91015625,27.046875,24.68359375,22.6796875,20.70703125,19.3125,18.984375,19.0390625,16.7734375,16.22265625,14.84765625,13.0234375,11.56640625,10.671875,9.89453125,8.65234375,7.89453125,7.51171875,7.078125,6.12109375,5.24609375,4.578125,4.98828125
2010-11-23,74.44921875,65.40234375,55.4609375,46.671875,39.3203125,33.76953125,29.91015625,27.046875,24.68359375,22.6796875,20.70703125,19.3125,18.984375,19.0390625,16.7734375,16.22265625,14.84765625,13.0234375,11.56640625,10.671875,9.89453125,8.65234375,7.89453125,7.51171875,7.078125,6.12109375,5.24609375,4.578125,4.98828125,7.12109375
2010-11-24,65.40234375,55.4609375,46.671875,39.3203125,33.76953125,29.91015625,27.046875,24.68359375,22.6796875,20.70703125,19.3125,18.984375,19.0390625,16.7734375,16.22265625,14.84765625,13.0234375,11.56640625,10.671875,9.89453125,8.65234375,7.89453125,7.51171875,7.078125,6.12109375,5.24609375,4.578125,4.98828125,7.12109375,10.578125
2010-11-25,69.36328125,55.78125,46.44140625,39.22265625,33.7421875,32.19140625,41.57421875,48.73828125,40.7890625,32.99609375,27.4609375,23.65234375,20.234375,18.109375,16.45703125,15.2890625,14.98828125,13.5859375,12.2265625,10.8203125,9.75,9.9453125,9.4296875,9.9140625,14.07421875,16.0078125,17.55078125,17.56640625,18.734375,19.2421875
2010-11-26,55.78125,46.44140625,39.22265625,33.7421875,32.19140625,41.57421875,48.73828125,40.7890625,32.99609375,27.4609375,23.65234375,20.234375,18.109375,16.45703125,15.2890625,14.98828125,13.5859375,12.2265625,10.8203125,9.75,9.9453125,9.4296875,9.9140625,14.07421875,16.0078125,17.55078125,17.56640625,18.734375,19.2421875,17.7109375
2010-11-27,46.44140625,39.22265625,33.7421875,32.19140625,41.57421875,48.73828125,40.7890625,32.99609375,27.4609375,23.65234375,20.234375,18.109375,16.45703125,15.2890625,14.98828125,13.5859375,12.2265625,10.8203125,9.75,9.9453125,9.4296875,9.9140625,14.07421875,16.0078125,17.55078125,17.56640625,18.734375,19.2421875,17.7109375,15.19921875
2010-11-28,50.0859375,48.71875,69.9140625,78.078125,65.34765625,57.046875,45.328125,44.52734375,45.203125,40.9921875,37.375,30.6171875,25.01171875,20.6015625,17.953125,16.98046875,14.984375,12.6484375,12.31640625,11.9375,10.3203125,9.09765625,8.41015625,8.63671875,11.9921875,16.109375,15.73828125,12.96484375,11.19140625,9.3046875
2010-11-29,48.71875,69.9140625,78.078125,65.34765625,57.046875,45.328125,44.52734375,45.203125,40.9921875,37.375,30.6171875,25.01171875,20.6015625,17.953125,16.98046875,14.984375,12.6484375,12.31640625,11.9375,10.3203125,9.09765625,8.41015625,8.63671875,11.9921875,16.109375,15.73828125,12.96484375,11.19140625,9.3046875,7.76953125
2010-11-30,69.9140625,78.078125,65.34765625,57.046875,45.328125,44.52734375,45.203125,40.9921875,37.375,30.6171875,25.01171875,20.6015625,17.953125,16.98046875,14.984375,12.6484375,12.31640625,11.9375,10.3203125,9.09765625,8.41015625,8.63671875,11.9921875,16.109375,15.73828125,12.96484375,11.19140625,9.3046875,7.76953125,6.78515625
2010-12-01,78.078125,65.34765625,57.046875,45.328125,44.52734375,45.203125,40.9921875,37.375,30.6171875,25.01171875,20.6015625,17.953125,16.98046875,14.984375,12.6484375,12.31640625,11.9375,10.3203125,9.09765625,8.41015625,8.63671875,11.9921875,16.109375,15.73828125,12.96484375,11.19140625,9.3046875,7.76953125,6.78515625,7.5546875
2010-12-02,53.07421875,41.93359375,34.390625,32.328125,43.859375,69.69921875,70.74609375,51.76953125,37.9765625,29.3046875,24.44140625,21.75390625,21.83203125,26.8828125,35.12109375,46.359375,71.6875,82.984375,76.0703125,63.8203125,43.9921875,33.1015625,35.74609375,44.0859375,43.140625,49.62890625,48.51171875,35.62890625,25.89453125,19.5703125
2010-12-03,41.93359375,34.390625,32.328125,43.859375,69.69921875,70.74609375,51.76953125,37.9765625,29.3046875,24.44140625,21.75390625,21.83203125,26.8828125,35.12109375,46.359375,71.6875,82.984375,76.0703125,63.8203125,43.9921875,33.1015625,35.74609375,44.0859375,43.140625,49.62890625,48.51171875,35.62890625,25.89453125,19.5703125,15.83984375
2010-12-04,34.390625,32.328125,43.859375,69.69921875,70.74609375,51.76953125,37.9765625,29.3046875,24.44140625,21.75390625,21.83203125,26.8828125,35.12109375,46.359375,71.6875,82.984375,76.0703125,63.8203125,43.9921875,33.1015625,35.74609375,44.0859375,43.140625,49.62890625,48.51171875,35.62890625,25.89453125,19.5703125,15.83984375,13.9921875
2010-12-05,53.04296875,102.1328125,101.20703125,69.61328125,48.9609375,37.15234375,31.4765625,35.18359375,42.328125,41.76953125,39.26953125,33.9453125,26.8125,21.0703125,17.6484375,14.1640625,12.13671875,10.41015625,8.62109375,7.93359375,7.41015625,6.98828125,6.09765625,5.21875,4.96484375,5.33984375,6.0546875,5.4609375,4.5390625,4.125
2010-12-06,102.1328125,101.20703125,69.61328125,48.9609375,37.15234375,31.4765625,35.18359375,42.328125,41.76953125,39.26953125,33.9453125,26.8125,21.0703125,17.6484375,14.1640625,12.13671875,10.41015625,8.62109375,7.93359375,7.41015625,6.98828125,6.09765625,5.21875,4.96484375,5.33984375,6.0546875,5.4609375,4.5390625,4.125,3.8203125
2010-12-07,101.20703125,69.61328125,48.9609375,37.15234375,31.4765625,35.18359375,42.328125,41.76953125,39.26953125,33.9453125,26.8125,21.0703125,17.6484375,14.1640625,12.13671875,10.41015625,8.62109375,7.93359375,7.41015625,6.98828125,6.09765625,5.21875,4.96484375,5.33984375,6.0546875,5.4609375,4.5390625,4.125,3.8203125,3.5625
2010-12-08,69.61328125,48.9609375,37.15234375,31.4765625,35.18359375,42.328125,41.76953125,39.26953125,33.9453125,26.8125,21.0703125,17.6484375,14.1640625,12.13671875,10.41015625,8.62109375,7.93359375,7.41015625,6.98828125,6.09765625,5.21875,4.96484375,5.33984375,6.0546875,5.4609375,4.5390625,4.125,3.8203125,3.5625,3.3203125
2010-12-09,46.94140625,37.3828125,32.54296875,29.86328125,28.58203125,28.5078125,27.45703125,24.87109375,24.734375,25.828125,23.36328125,23.234375,20.8515625,17.3984375,14.6171875,11.87109375,9.9921875,8.140625,6.5078125,5.734375,5.28515625,4.65234375,4.546875,4.5,5.390625,4.875,5.265625,8.625,12.5390625,14.9453125
2010-12-10,37.3828125,32.54296875,29.86328125,28.58203125,28.5078125,27.45703125,24.87109375,24.734375,25.828125,23.36328125,23.234375,20.8515625,17.3984375,14.6171875,11.87109375,9.9921875,8.140625,6.5078125,5.734375,5.28515625,4.65234375,4.546875,4.5,5.390625,4.875,5.265625,8.625,12.5390625,14.9453125,16.53125
2010-12-11,32.54296875,29.86328125,28.58203125,28.5078125,27.45703125,24.87109375,24.734375,25.828125,23.36328125,23.234375,20.8515625,17.3984375,14.6171875,11.87109375,9.9921875,8.140625,6.5078125,5.734375,5.28515625,4.65234375,4.546875,4.5,5.390625,4.875,5.265625,8.625,12.5390625,14.9453125,16.53125,18.859375
2010-12-12,29.8359375,27.60546875,27.7109375,30.3125,27.16796875,22.953125,19.1484375,16.46484375,20.6875,68.57421875,153.671875,137.265625,82.1796875,51.88671875,35.59765625,25.984375,19.640625,15.4140625,12.328125,11.3046875,11.9453125,13.2890625,12.9296875,12.734375,13.3671875,15.9296875,14.6328125,11.984375,9.671875,8.1875
2010-12-13,27.60546875,27.7109375,30.3125,27.16796875,22.953125,19.1484375,16.46484375,20.6875,68.57421875,153.671875,137.265625,82.1796875,51.88671875,35.59765625,25.984375,19.640625,15.4140625,12.328125,11.3046875,11.9453125,13.2890625,12.9296875,12.734375,13.3671875,15.9296875,14.6328125,11.984375,9.671875,8.1875,6.6640625
2010-12-14,27.7109375,30.3125,27.16796875,22.953125,19.1484375,16.46484375,20.6875,68.57421875,153.671875,137.265625,82.1796875,51.88671875,35.59765625,25.984375,19.640625,15.4140625,12.328125,11.3046875,11.9453125,13.2890625,12.9296875,12.734375,13.3671875,15.9296875,14.6328125,11.984375,9.671875,8.1875,6.6640625,6.1171875
2010-12-15,30.3125,27.16796875,22.953125,19.1484375,16.46484375,20.6875,68.57421875,153.671875,137.265625,82.1796875,51.88671875,35.59765625,25.984375,19.640625,15.4140625,12.328125,11.3046875,11.9453125,13.2890625,12.9296875,12.734375,13.3671875,15.9296875,14.6328125,11.984375,9.671875,8.1875,6.6640625,6.1171875,5.15625
2010-12-16,62.40625,70.109375,50.23828125,35.91015625,26.98828125,21.3125,17.55078125,14.58203125,12.6328125,11.44921875,11.83984375,11.94140625,11.671875,9.97265625,8.55859375,7.40625,6.7265625,6.3125,5.15625,4.3515625,4.3984375,4.4609375,4.234375,3.890625,4.109375,3.875,3.4453125,3.296875,3.5703125,5.125
2010-12-17,70.109375,50.23828125,35.91015625,26.98828125,21.3125,17.55078125,14.58203125,12.6328125,11.44921875,11.83984375,11.94140625,11.671875,9.97265625,8.55859375,7.40625,6.7265625,6.3125,5.15625,4.3515625,4.3984375,4.4609375,4.234375,3.890625,4.109375,3.875,3.4453125,3.296875,3.5703125,5.125,5.859375
2010-12-18,50.23828125,35.91015625,26.98828125,21.3125,17.55078125,14.58203125,12.6328125,11.44921875,11.83984375,11.94140625,11.671875,9.97265625,8.55859375,7.40625,6.7265625,6.3125,5.15625,4.3515625,4.3984375,4.4609375,4.234375,3.890625,4.109375,3.875,3.4453125,3.296875,3.5703125,5.125,5.859375,8.359375
2010-12-19,32.5546875,25.12890625,20.17578125,16.609375,14.21484375,12.16796875,10.63671875,10.6796875,11.01171875,11.5703125,11.78515625,10.58203125,9.45703125,8.859375,8.15625,7.0,5.859375,5.5546875,5.21875,4.6328125,3.9296875,3.9609375,3.609375,3.5078125,3.3203125,3.109375,3.015625,3.078125,3.09375,2.9296875
2010-12-20,25.12890625,20.17578125,16.609375,14.21484375,12.16796875,10.63671875,10.6796875,11.01171875,11.5703125,11.78515625,10.58203125,9.45703125,8.859375,8.15625,7.0,5.859375,5.5546875,5.21875,4.6328125,3.9296875,3.9609375,3.609375,3.5078125,3.3203125,3.109375,3.015625,3.078125,3.09375,2.9296875,3.765625
2010-12-21,20.17578125,16.609375,14.21484375,12.16796875,10.63671875,10.6796875,11.01171875,11.5703125,11.78515625,10.58203125,9.45703125,8.859375,8.15625,7.0,5.859375,5.5546875,5.21875,4.6328125,3.9296875,3.9609375,3.609375,3.5078125,3.3203125,3.109375,3.015625,3.078125,3.09375,2.9296875,3.765625,3.5234375
2010-12-22,16.609375,14.21484375,12.16796875,10.63671875,10.6796875,11.01171875,11.5703125,11.78515625,10.58203125,9.45703125,8.859375,8.15625,7.0,5.859375,5.5546875,5.21875,4.6328125,3.9296875,3.9609375,3.609375,3.5078125,3.3203125,3.109375,3.015625,3.078125,3.09375,2.9296875,3.765625,3.5234375,2.796875
2010-12-23,20.2890625,18.546875,16.0,13.30078125,11.765625,9.86328125,8.4609375,7.875,6.9765625,6.3359375,5.625,5.3125,5.0625,4.65625,4.0234375,3.6796875,3.625,3.5078125,3.8125,5.609375,9.7734375,10.1015625,9.1640625,8.3515625,11.8671875,20.5625,19.8828125,19.4375,36.4453125,53.8125
2010-12-24,18.546875,16.0,13.30078125,11.765625,9.86328125,8.4609375,7.875,6.9765625,6.3359375,5.625,5.3125,5.0625,4.65625,4.0234375,3.6796875,3.625,3.5078125,3.8125,5.609375,9.7734375,10.1015625,9.1640625,8.3515625,11.8671875,20.5625,19.8828125,19.4375,36.4453125,53.8125,45.265625
2010-12-25,16.0,13.30078125,11.765625,9.86328125,8.4609375,7.875,6.9765625,6.3359375,5.625,5.3125,5.0625,4.65625,4.0234375,3.6796875,3.625,3.5078125,3.8125,5.609375,9.7734375,10.1015625,9.1640625,8.3515625,11.8671875,20.5625,19.8828125,19.4375,36.4453125,53.8125,45.265625,31.8125
2010-12-26,14.140625,12.5703125,11.5859375,9.83984375,10.18359375,11.796875,11.7265625,10.5625,9.28125,8.71875,8.7421875,8.296875,7.78125,6.953125,6.1484375,6.8359375,22.46875,40.171875,31.28125,22.7109375,17.6953125,13.703125,11.296875,12.5859375,18.7109375,24.7890625,44.046875,65.34375,59.7421875,42.3359375
2010-12-27,12.5703125,11.5859375,9.83984375,10.18359375,11.796875,11.7265625,10.5625,9.28125,8.71875,8.7421875,8.296875,7.78125,6.953125,6.1484375,6.8359375,22.46875,40.171875,31.28125,22.7109375,17.6953125,13.703125,11.296875,12.5859375,18.7109375,24.7890625,44.046875,65.34375,59.7421875,42.3359375,28.1171875
2010-12-28,11.5859375,9.83984375,10.18359375,11.796875,11.7265625,10.5625,9.28125,8.71875,8.7421875,8.296875,7.78125,6.953125,6.1484375,6.8359375,22.46875,40.171875,31.28125,22.7109375,17.6953125,13.703125,11.296875,12.5859375,18.7109375,24.7890625,44.046875,65.34375,59.7421875,42.3359375,28.1171875,20.0703125
2010-12-29,9.83984375,10.18359375,11.796875,11.7265625,10.5625,9.28125,8.71875,8.7421875,8.296875,7.78125,6.953125,6.1484375,6.8359375,22.46875,40.171875,31.28125,22.7109375,17.6953125,13.703125,11.296875,12.5859375,18.7109375,24.7890625,44.046875,65.34375,59.7421875,42.3359375,28.1171875,20.0703125,14.96875
2010-12-30,10.890625,12.421875,11.859375,10.65625,9.15625,8.40625,6.8515625,5.6328125,5.7421875,5.4765625,4.953125,4.875,5.859375,12.203125,18.734375,17.1484375,13.234375,10.875,9.9296875,10.234375,12.15625,19.890625,31.296875,37.21875,37.6875,35.8515625,30.2421875,27.140625,26.1953125,21.828125
2010-12-31,12.421875,11.859375,10.65625,9.15625,8.40625,6.8515625,5.6328125,5.7421875,5.4765625,4.953125,4.875,5.859375,12.203125,18.734375,17.1484375,13.234375,10.875,9.9296875,10.234375,12.15625,19.890625,31.296875,37.21875,37.6875,35.8515625,30.2421875,27.140625,26.1953125,21.828125,17.109375
2011-01-01,11.859375,10.65625,9.15625,8.40625,6.8515625,5.6328125,5.7421875,5.4765625,4.953125,4.875,5.859375,12.203125,18.734375,17.1484375,13.234375,10.875,9.9296875,10.234375,12.15625,19.890625,31.296875,37.21875,37.6875,35.8515625,30.2421875,27.140625,26.1953125,21.828125,17.109375,12.5703125
2011-01-02,10.65625,9.15625,8.40625,6.8515625,5.6328125,5.7421875,5.4765625,4.953125,4.875,5.859375,12.203125,18.734375,17.1484375,13.234375,10.875,9.9296875,10.234375,12.15625,19.890625,31.296875,37.21875,37.6875,35.8515625,30.2421875,27.140625,26.1953125,21.828125,17.109375,12.5703125,10.0546875
2011-01-03,6.4140625,6.4296875,7.3046875,9.1015625,8.671875,8.1953125,7.609375,6.9921875,6.5625,6.1953125,5.71875,5.1953125,5.1171875,5.5546875,8.6640625,13.3515625,19.1953125,23.2890625,19.8203125,15.296875,11.9140625,9.5,7.953125,8.40625,9.796875,9.59375,8.171875,6.546875,5.609375,5.171875
2011-01-04,6.4296875,7.3046875,9.1015625,8.671875,8.1953125,7.609375,6.9921875,6.5625,6.1953125,5.71875,5.1953125,5.1171875,5.5546875,8.6640625,13.3515625,19.1953125,23.2890625,19.8203125,15.296875,11.9140625,9.5,7.953125,8.40625,9.796875,9.59375,8.171875,6.546875,5.609375,5.171875,4.484375
2011-01-05,7.3046875,9.1015625,8.671875,8.1953125,7.609375,6.9921875,6.5625,6.1953125,5.71875,5.1953125,5.1171875,5.5546875,8.6640625,13.3515625,19.1953125,23.2890625,19.8203125,15.296875,11.9140625,9.5,7.953125,8.40625,9.796875,9.59375,8.171875,6.546875,5.609375,5.171875,4.484375,4.25
2011-01-06,9.1015625,8.671875,8.1953125,7.609375,6.9921875,6.5625,6.1953125,5.71875,5.1953125,5.1171875,5.5546875,8.6640625,13.3515625,19.1953125,23.2890625,19.8203125,15.296875,11.9140625,9.5,7.953125,8.40625,9.796875,9.59375,8.171875,6.546875,5.609375,5.171875,4.484375,4.25,3.765625
2011-01-07,12.5390625,10.484375,8.7421875,7.296875,6.5625,5.9765625,5.40625,5.1796875,4.9921875,4.671875,4.6953125,4.859375,5.0078125,5.9375,6.6875,7.6484375,8.1171875,7.671875,6.7421875,6.0703125,5.1640625,4.5859375,4.328125,3.609375,3.34375,3.328125,3.5,5.5,15.015625,26.140625
2011-01-08,10.484375,8.7421875,7.296875,6.5625,5.9765625,5.40625,5.1796875,4.9921875,4.671875,4.6953125,4.859375,5.0078125,5.9375,6.6875,7.6484375,8.1171875,7.671875,6.7421875,6.0703125,5.1640625,4.5859375,4.328125,3.609375,3.34375,3.328125,3.5,5.5,15.015625,26.140625,22.671875
2011-01-09,8.7421875,7.296875,6.5625,5.9765625,5.40625,5.1796875,4.9921875,4.671875,4.6953125,4.859375,5.0078125,5.9375,6.6875,7.6484375,8.1171875,7.671875,6.7421875,6.0703125,5.1640625,4.5859375,4.328125,3.609375,3.34375,3.328125,3.5,5.5,15.015625,26.140625,22.671875,17.359375
2011-01-10,7.2890625,6.5390625,5.9296875,5.1875,4.921875,4.328125,3.84375,3.796875,4.0390625,4.171875,4.1171875,4.0703125,4.1640625,4.0390625,4.1015625,3.953125,3.640625,3.265625,3.140625,3.078125,3.0,2.9375,2.890625,2.84375,2.796875,2.8125,2.84375,2.890625,3.28125,3.5
2011-01-11,6.5390625,5.9296875,5.1875,4.921875,4.328125,3.84375,3.796875,4.0390625,4.171875,4.1171875,4.0703125,4.1640625,4.0390625,4.1015625,3.953125,3.640625,3.265625,3.140625,3.078125,3.0,2.9375,2.890625,2.84375,2.796875,2.8125,2.84375,2.890625,3.28125,3.5,3.390625
2011-01-12,5.9296875,5.1875,4.921875,4.328125,3.84375,3.796875,4.0390625,4.171875,4.1171875,4.0703125,4.1640625,4.0390625,4.1015625,3.953125,3.640625,3.265625,3.140625,3.078125,3.0,2.9375,2.890625,2.84375,2.796875,2.8125,2.84375,2.890625,3.28125,3.5,3.390625,3.375
2011-01-13,5.1875,4.921875,4.328125,3.84375,3.796875,4.0390625,4.171875,4.1171875,4.0703125,4.1640625,4.0390625,4.1015625,3.953125,3.640625,3.265625,3.140625,3.078125,3.0,2.9375,2.890625,2.84375,2.796875,2.8125,2.84375,2.890625,3.28125,3.5,3.390625,3.375,3.46875
2011-01-14,5.65625,5.46875,4.9765625,4.390625,4.328125,4.2734375,8.6640625,27.7734375,36.9296875,29.1875,21.1953125,15.6875,11.8125,10.453125,19.640625,33.6875,32.8125,57.609375,83.4375,60.3125,38.875,27.359375,19.5625,15.203125,49.875,109.09375,94.578125,63.734375,43.484375,30.5
2011-01-15,5.46875,4.9765625,4.390625,4.328125,4.2734375,8.6640625,27.7734375,36.9296875,29.1875,21.1953125,15.6875,11.8125,10.453125,19.640625,33.6875,32.8125,57.609375,83.4375,60.3125,38.875,27.359375,19.5625,15.203125,49.875,109.09375,94.578125,63.734375,43.484375,30.5,23.65625
2011-01-16,4.9765625,4.390625,4.328125,4.2734375,8.6640625,27.7734375,36.9296875,29.1875,21.1953125,15.6875,11.8125,10.453125,19.640625,33.6875,32.8125,57.609375,83.4375,60.3125,38.875,27.359375,19.5625,15.203125,49.875,109.09375,94.578125,63.734375,43.484375,30.5,23.65625,20.375
2011-01-17,3.921875,3.5625,3.953125,3.9140625,5.3203125,11.640625,19.7578125,44.0703125,73.6484375,63.265625,41.1171875,27.734375,19.65625,14.84375,12.453125,11.71875,10.71875,9.046875,7.46875,6.578125,6.03125,5.4375,9.5,25.015625,32.296875,27.546875,25.296875,66.1875,111.671875,85.484375
2011-01-18,3.5625,3.953125,3.9140625,5.3203125,11.640625,19.7578125,44.0703125,73.6484375,63.265625,41.1171875,27.734375,19.65625,14.84375,12.453125,11.71875,10.71875,9.046875,7.46875,6.578125,6.03125,5.4375,9.5,25.015625,32.296875,27.546875,25.296875,66.1875,111.671875,85.484375,62.671875
2011-01-19,3.953125,3.9140625,5.3203125,11.640625,19.7578125,44.0703125,73.6484375,63.265625,41.1171875,27.734375,19.65625,14.84375,12.453125,11.71875,10.71875,9.046875,7.46875,6.578125,6.03125,5.4375,9.5,25.015625,32.296875,27.546875,25.296875,66.1875,111.671875,85.484375,62.671875,61.46875
2011-01-20,3.9140625,5.3203125,11.640625,19.7578125,44.0703125,73.6484375,63.265625,41.1171875,27.734375,19.65625,14.84375,12.453125,11.71875,10.71875,9.046875,7.46875,6.578125,6.03125,5.4375,9.5,25.015625,32.296875,27.546875,25.296875,66.1875,111.671875,85.484375,62.671875,61.46875,54.3125
2011-01-21,3.7734375,5.25,5.6328125,5.078125,4.8046875,4.46875,4.2421875,4.1328125,3.734375,3.515625,3.40625,3.296875,3.28125,3.15625,3.1875,3.203125,3.140625,3.390625,3.375,3.453125,5.375,11.15625,14.8125,13.765625,11.734375,10.625,10.140625,9.1875,12.03125,27.8125
2011-01-22,5.25,5.6328125,5.078125,4.8046875,4.46875,4.2421875,4.1328125,3.734375,3.515625,3.40625,3.296875,3.28125,3.15625,3.1875,3.203125,3.140625,3.390625,3.375,3.453125,5.375,11.15625,14.8125,13.765625,11.734375,10.625,10.140625,9.1875,12.03125,27.8125,55.21875
2011-01-23,5.6328125,5.078125,4.8046875,4.46875,4.2421875,4.1328125,3.734375,3.515625,3.40625,3.296875,3.28125,3.15625,3.1875,3.203125,3.140625,3.390625,3.375,3.453125,5.375,11.15625,14.8125,13.765625,11.734375,10.625,10.140625,9.1875,12.03125,27.8125,55.21875,98.71875
2011-01-24,7.21875,7.6015625,9.8828125,16.96875,16.234375,13.28125,10.515625,8.421875,7.140625,6.15625,5.5625,5.265625,4.9375,7.828125,16.859375,20.140625,17.453125,15.171875,13.75,11.78125,15.859375,28.046875,26.84375,22.15625,17.578125,14.09375,12.3125,12.390625,14.75,18.8125
2011-01-25,7.6015625,9.8828125,16.96875,16.234375,13.28125,10.515625,8.421875,7.140625,6.15625,5.5625,5.265625,4.9375,7.828125,16.859375,20.140625,17.453125,15.171875,13.75,11.78125,15.859375,28.046875,26.84375,22.15625,17.578125,14.09375,12.3125,12.390625,14.75,18.8125,17.140625
2011-01-26,9.8828125,16.96875,16.234375,13.28125,10.515625,8.421875,7.140625,6.15625,5.5625,5.265625,4.9375,7.828125,16.859375,20.140625,17.453125,15.171875,13.75,11.78125,15.859375,28.046875,26.84375,22.15625,17.578125,14.09375,12.3125,12.390625,14.75,18.8125,17.140625,15.671875
2011-01-27,16.96875,16.234375,13.28125,10.515625,8.421875,7.140625,6.15625,5.5625,5.265625,4.9375,7.828125,16.859375,20.140625,17.453125,15.171875,13.75,11.78125,15.859375,28.046875,26.84375,22.15625,17.578125,14.09375,12.3125,12.390625,14.75,18.8125,17.140625,15.671875,13.6875
2011-01-28,5.375,4.7734375,4.28125,3.78125,3.765625,3.625,3.40625,3.421875,4.09375,5.71875,7.875,9.234375,8.796875,7.890625,6.828125,5.8125,5.328125,4.875,4.4375,4.1875,5.484375,7.546875,8.734375,11.4375,85.734375,149.484375,105.546875,83.890625,72.734375,53.0
2011-01-29,4.7734375,4.28125,3.78125,3.765625,3.625,3.40625,3.421875,4.09375,5.71875,7.875,9.234375,8.796875,7.890625,6.828125,5.8125,5.328125,4.875,4.4375,4.1875,5.484375,7.546875,8.734375,11.4375,85.734375,149.484375,105.546875,83.890625,72.734375,53.0,39.984375
2011-01-30,4.28125,3.78125,3.765625,3.625,3.40625,3.421875,4.09375,5.71875,7.875,9.234375,8.796875,7.890625,6.828125,5.8125,5.328125,4.875,4.4375,4.1875,5.484375,7.546875,8.734375,11.4375,85.734375,149.484375,105.546875,83.890625,72.734375,53.0,39.984375,29.234375
2011-01-31,4.359375,4.125,4.09375,3.75,3.78125,4.359375,6.203125,7.859375,9.703125,14.109375,17.5625,17.390625,15.890625,13.859375,13.671875,18.1875,27.796875,28.671875,22.296875,19.40625,19.6875,18.734375,16.625,13.984375,11.546875,10.375,8.984375,11.28125,18.859375,17.953125
2011-02-01,4.125,4.09375,3.75,3.78125,4.359375,6.203125,7.859375,9.703125,14.109375,17.5625,17.390625,15.890625,13.859375,13.671875,18.1875,27.796875,28.671875,22.296875,19.40625,19.6875,18.734375,16.625,13.984375,11.546875,10.375,8.984375,11.28125,18.859375,17.953125,19.359375
2011-02-02,4.09375,3.75,3.78125,4.359375,6.203125,7.859375,9.703125,14.109375,17.5625,17.390625,15.890625,13.859375,13.671875,18.1875,27.796875,28.671875,22.296875,19.40625,19.6875,18.734375,16.625,13.984375,11.546875,10.375,8.984375,11.28125,18.859375,17.953125,19.359375,26.40625
2011-02-03,3.75,3.78125,4.359375,6.203125,7.859375,9.703125,14.109375,17.5625,17.390625,15.890625,13.859375,13.671875,18.1875,27.796875,28.671875,22.296875,19.40625,19.6875,18.734375,16.625,13.984375,11.546875,10.375,8.984375,11.28125,18.859375,17.953125,19.359375,26.40625,33.375
2011-02-04,7.265625,7.21875,6.453125,6.640625,9.390625,14.5625,16.765625,16.296875,14.25,12.65625,14.953125,18.546875,24.328125,45.625,55.328125,46.53125,34.546875,24.921875,19.59375,16.203125,13.484375,10.625,9.296875,8.578125,9.59375,12.5625,13.953125,14.046875,12.65625,12.5
2011-02-05,7.21875,6.453125,6.640625,9.390625,14.5625,16.765625,16.296875,14.25,12.65625,14.953125,18.546875,24.328125,45.625,55.328125,46.53125,34.546875,24.921875,19.59375,16.203125,13.484375,10.625,9.296875,8.578125,9.59375,12.5625,13.953125,14.046875,12.65625,12.5,13.25
2011-02-06,6.453125,6.640625,9.390625,14.5625,16.765625,16.296875,14.25,12.65625,14.953125,18.546875,24.328125,45.625,55.328125,46.53125,34.546875,24.921875,19.59375,16.203125,13.484375,10.625,9.296875,8.578125,9.59375,12.5625,13.953125,14.046875,12.65625,12.5,13.25,13.921875
2011-02-07,15.765625,13.5625,14.671875,18.4375,18.28125,16.28125,13.046875,10.609375,9.125,7.9375,6.75,6.421875,5.859375,5.15625,4.828125,5.390625,7.265625,7.921875,7.640625,7.28125,6.796875,11.953125,22.796875,21.09375,18.390625,17.140625,33.09375,81.21875,97.84375,82.03125
2011-02-08,13.5625,14.671875,18.4375,18.28125,16.28125,13.046875,10.609375,9.125,7.9375,6.75,6.421875,5.859375,5.15625,4.828125,5.390625,7.265625,7.921875,7.640625,7.28125,6.796875,11.953125,22.796875,21.09375,18.390625,17.140625,33.09375,81.21875,97.84375,82.03125,59.75
2011-02-09,14.671875,18.4375,18.28125,16.28125,13.046875,10.609375,9.125,7.9375,6.75,6.421875,5.859375,5.15625,4.828125,5.390625,7.265625,7.921875,7.640625,7.28125,6.796875,11.953125,22.796875,21.09375,18.390625,17.140625,33.09375,81.21875,97.84375,82.03125,59.75,40.703125
2011-02-10,18.4375,18.28125,16.28125,13.046875,10.609375,9.125,7.9375,6.75,6.421875,5.859375,5.15625,4.828125,5.390625,7.265625,7.921875,7.640625,7.28125,6.796875,11.953125,22.796875,21.09375,18.390625,17.140625,33.09375,81.21875,97.84375,82.03125,59.75,40.703125,28.796875
2011-02-11,11.984375,9.9375,8.4375,7.578125,7.234375,7.21875,7.75,9.53125,15.25,25.171875,30.9375,25.921875,21.453125,24.0625,28.375,27.859375,31.1875,34.5,34.59375,37.40625,34.578125,30.609375,27.796875,22.90625,37.78125,55.40625,43.203125,34.59375,29.90625,25.546875
2011-02-12,9.9375,8.4375,7.578125,7.234375,7.21875,7.75,9.53125,15.25,25.171875,30.9375,25.921875,21.453125,24.0625,28.375,27.859375,31.1875,34.5,34.59375,37.40625,34.578125,30.609375,27.796875,22.90625,37.78125,55.40625,43.203125,34.59375,29.90625,25.546875,32.765625
2011-02-13,8.4375,7.578125,7.234375,7.21875,7.75,9.53125,15.25,25.171875,30.9375,25.921875,21.453125,24.0625,28.375,27.859375,31.1875,34.5,34.59375,37.40625,34.578125,30.609375,27.796875,22.90625,37.78125,55.40625,43.203125,34.59375,29.90625,25.546875,32.765625,44.875
2011-02-14,8.96875,11.609375,13.1875,14.4375,14.109375,14.3125,15.609375,14.0,11.015625,9.03125,7.59375,6.8125,7.078125,6.921875,6.6875,6.703125,7.125,10.640625,22.765625,34.15625,38.625,45.703125,51.890625,53.046875,56.546875,60.46875,55.1875,38.15625,25.609375,18.5
2011-02-15,11.609375,13.1875,14.4375,14.109375,14.3125,15.609375,14.0,11.015625,9.03125,7.59375,6.8125,7.078125,6.921875,6.6875,6.703125,7.125,10.640625,22.765625,34.15625,38.625,45.703125,51.890625,53.046875,56.546875,60.46875,55.1875,38.15625,25.609375,18.5,14.78125
2011-02-16,13.1875,14.4375,14.109375,14.3125,15.609375,14.0,11.015625,9.03125,7.59375,6.8125,7.078125,6.921875,6.6875,6.703125,7.125,10.640625,22.765625,34.15625,38.625,45.703125,51.890625,53.046875,56.546875,60.46875,55.1875,38.15625,25.609375,18.5,14.78125,12.5625
2011-02-17,14.4375,14.109375,14.3125,15.609375,14.0,11.015625,9.03125,7.59375,6.8125,7.078125,6.921875,6.6875,6.703125,7.125,10.640625,22.765625,34.15625,38.625,45.703125,51.890625,53.046875,56.546875,60.46875,55.1875,38.15625,25.609375,18.5,14.78125,12.5625,12.34375
2011-02-18,9.078125,11.09375,13.328125,19.296875,22.40625,17.953125,14.21875,14.96875,20.53125,23.5,20.703125,18.5625,20.25,21.40625,19.875,23.578125,30.5625,28.140625,25.984375,19.875,18.75,22.796875,29.703125,39.390625,60.6875,75.015625,54.21875,36.140625,28.0625,27.90625
2011-02-19,11.09375,13.328125,19.296875,22.40625,17.953125,14.21875,14.96875,20.53125,23.5,20.703125,18.5625,20.25,21.40625,19.875,23.578125,30.5625,28.140625,25.984375,19.875,18.75,22.796875,29.703125,39.390625,60.6875,75.015625,54.21875,36.140625,28.0625,27.90625,29.03125
2011-02-20,13.328125,19.296875,22.40625,17.953125,14.21875,14.96875,20.53125,23.5,20.703125,18.5625,20.25,21.40625,19.875,23.578125,30.5625,28.140625,25.984375,19.875,18.75,22.796875,29.703125,39.390625,60.6875,75.015625,54.21875,36.140625,28.0625,27.90625,29.03125,25.6875
2011-02-21,36.4375,38.109375,30.875,25.84375,24.234375,21.578125,16.921875,12.796875,10.21875,14.125,30.765625,37.40625,28.0625,20.65625,16.65625,22.96875,35.421875,32.9375,43.109375,86.9375,107.4375,81.1875,51.875,35.515625,24.953125,19.125,21.625,31.25,28.90625,23.4375
2011-02-22,38.109375,30.875,25.84375,24.234375,21.578125,16.921875,12.796875,10.21875,14.125,30.765625,37.40625,28.0625,20.65625,16.65625,22.96875,35.421875,32.9375,43.109375,86.9375,107.4375,81.1875,51.875,35.515625,24.953125,19.125,21.625,31.25,28.90625,23.4375,17.96875
2011-02-23,30.875,25.84375,24.234375,21.578125,16.921875,12.796875,10.21875,14.125,30.765625,37.40625,28.0625,20.65625,16.65625,22.96875,35.421875,32.9375,43.109375,86.9375,107.4375,81.1875,51.875,35.515625,24.953125,19.125,21.625,31.25,28.90625,23.4375,17.96875,14.9375
2011-02-24,25.84375,24.234375,21.578125,16.921875,12.796875,10.21875,14.125,30.765625,37.40625,28.0625,20.65625,16.65625,22.96875,35.421875,32.9375,43.109375,86.9375,107.4375,81.1875,51.875,35.515625,24.953125,19.125,21.625,31.25,28.90625,23.4375,17.96875,14.9375,14.25
2011-02-25,12.359375,10.71875,10.4375,13.5625,13.140625,11.375,11.875,12.703125,11.15625,16.34375,29.203125,33.1875,31.03125,24.109375,20.609375,19.75,21.359375,25.359375,23.0,19.875,16.21875,16.546875,23.28125,35.9375,35.28125,27.84375,23.3125,19.59375,18.9375,17.09375
2011-02-26,10.71875,10.4375,13.5625,13.140625,11.375,11.875,12.703125,11.15625,16.34375,29.203125,33.1875,31.03125,24.109375,20.609375,19.75,21.359375,25.359375,23.0,19.875,16.21875,16.546875,23.28125,35.9375,35.28125,27.84375,23.3125,19.59375,18.9375,17.09375,16.78125
2011-02-27,10.4375,13.5625,13.140625,11.375,11.875,12.703125,11.15625,16.34375,29.203125,33.1875,31.03125,24.109375,20.609375,19.75,21.359375,25.359375,23.0,19.875,16.21875,16.546875,23.28125,35.9375,35.28125,27.84375,23.3125,19.59375,18.9375,17.09375,16.78125,15.21875
2011-02-28,15.046875,23.0625,31.828125,35.90625,31.203125,47.546875,142.703125,141.46875,82.453125,53.6875,38.875,29.03125,23.203125,19.96875,22.59375,27.21875,30.75,35.25,33.125,29.625,24.9375,66.875,98.53125,69.875,51.625,48.625,68.40625,72.46875,70.375,76.53125
2011-03-01,23.0625,31.828125,35.90625,31.203125,47.546875,142.703125,141.46875,82.453125,53.6875,38.875,29.03125,23.203125,19.96875,22.59375,27.21875,30.75,35.25,33.125,29.625,24.9375,66.875,98.53125,69.875,51.625,48.625,68.40625,72.46875,70.375,76.53125,91.0625
2011-03-02,31.828125,35.90625,31.203125,47.546875,142.703125,141.46875,82.453125,53.6875,38.875,29.03125,23.203125,19.96875,22.59375,27.21875,30.75,35.25,33.125,29.625,24.9375,66.875,98.53125,69.875,51.625,48.625,68.40625,72.46875,70.375,76.53125,91.0625,88.3125
2011-03-03,35.90625,31.203125,47.546875,142.703125,141.46875,82.453125,53.6875,38.875,29.03125,23.203125,19.96875,22.59375,27.21875,30.75,35.25,33.125,29.625,24.9375,66.875,98.53125,69.875,51.625,48.625,68.40625,72.46875,70.375,76.53125,91.0625,88.3125,62.15625
2011-03-04,52.296875,70.859375,60.390625,61.09375,74.34375,75.9375,62.078125,43.640625,29.15625,23.453125,28.40625,36.796875,42.4375,38.0,47.96875,60.03125,43.78125,32.75,32.3125,33.4375,28.5,28.9375,61.46875,109.84375,120.5625,105.9375,102.25,91.03125,67.03125,51.21875
2011-03-05,70.859375,60.390625,61.09375,74.34375,75.9375,62.078125,43.640625,29.15625,23.453125,28.40625,36.796875,42.4375,38.0,47.96875,60.03125,43.78125,32.75,32.3125,33.4375,28.5,28.9375,61.46875,109.84375,120.5625,105.9375,102.25,91.03125,67.03125,51.21875,40.9375
2011-03-06,60.390625,61.09375,74.34375,75.9375,62.078125,43.640625,29.15625,23.453125,28.40625,36.796875,42.4375,38.0,47.96875,60.03125,43.78125,32.75,32.3125,33.4375,28.5,28.9375,61.46875,109.84375,120.5625,105.9375,102.25,91.03125,67.03125,51.21875,40.9375,32.34375
2011-03-07,159.984375,149.0,131.484375,101.484375,61.515625,38.640625,25.921875,18.984375,15.8125,19.46875,49.5,66.40625,95.40625,109.8125,80.59375,63.125,59.4375,53.0625,43.28125,56.28125,77.65625,70.5625,54.03125,39.875,30.78125,25.84375,19.96875,18.0625,20.5625,26.9375
2011-03-08,149.0,131.484375,101.484375,61.515625,38.640625,25.921875,18.984375,15.8125,19.46875,49.5,66.40625,95.40625,109.8125,80.59375,63.125,59.4375,53.0625,43.28125,56.28125,77.65625,70.5625,54.03125,39.875,30.78125,25.84375,19.96875,18.0625,20.5625,26.9375,45.125
2011-03-09,131.484375,101.484375,61.515625,38.640625,25.921875,18.984375,15.8125,19.46875,49.5,66.40625,95.40625,109.8125,80.59375,63.125,59.4375,53.0625,43.28125,56.28125,77.65625,70.5625,54.03125,39.875,30.78125,25.84375,19.96875,18.0625,20.5625,26.9375,45.125,47.8125
2011-03-10,101.484375,61.515625,38.640625,25.921875,18.984375,15.8125,19.46875,49.5,66.40625,95.40625,109.8125,80.59375,63.125,59.4375,53.0625,43.28125,56.28125,77.65625,70.5625,54.03125,39.875,30.78125,25.84375,19.96875,18.0625,20.5625,26.9375,45.125,47.8125,33.875
2011-03-11,47.0,31.296875,21.9375,16.46875,15.15625,17.46875,16.375,13.4375,11.25,19.71875,49.71875,114.1875,132.625,155.1875,174.34375,184.78125,184.65625,145.25,138.3125,119.625,78.875,52.625,36.375,27.21875,21.3125,18.96875,18.75,17.6875,18.625,23.75
2011-03-12,31.296875,21.9375,16.46875,15.15625,17.46875,16.375,13.4375,11.25,19.71875,49.71875,114.1875,132.625,155.1875,174.34375,184.78125,184.65625,145.25,138.3125,119.625,78.875,52.625,36.375,27.21875,21.3125,18.96875,18.75,17.6875,18.625,23.75,32.0
2011-03-13,21.9375,16.46875,15.15625,17.46875,16.375,13.4375,11.25,19.71875,49.71875,114.1875,132.625,155.1875,174.34375,184.78125,184.65625,145.25,138.3125,119.625,78.875,52.625,36.375,27.21875,21.3125,18.96875,18.75,17.6875,18.625,23.75,32.0,33.28125
2011-03-14,22.5,16.46875,13.34375,38.28125,504.09375,502.6875,275.125,186.5,178.6875,208.15625,227.90625,175.375,111.125,102.125,90.84375,60.25,42.34375,33.6875,30.09375,27.8125,23.375,19.09375,16.84375,22.375,35.75,111.625,183.6875,169.8125,167.875,184.71875
2011-03-15,16.46875,13.34375,38.28125,504.09375,502.6875,275.125,186.5,178.6875,208.15625,227.90625,175.375,111.125,102.125,90.84375,60.25,42.34375,33.6875,30.09375,27.8125,23.375,19.09375,16.84375,22.375,35.75,111.625,183.6875,169.8125,167.875,184.71875,199.6875
2011-03-16,13.34375,38.28125,504.09375,502.6875,275.125,186.5,178.6875,208.15625,227.90625,175.375,111.125,102.125,90.84375,60.25,42.34375,33.6875,30.09375,27.8125,23.375,19.09375,16.84375,22.375,35.75,111.625,183.6875,169.8125,167.875,184.71875,199.6875,164.84375
2011-03-17,38.28125,504.09375,502.6875,275.125,186.5,178.6875,208.15625,227.90625,175.375,111.125,102.125,90.84375,60.25,42.34375,33.6875,30.09375,27.8125,23.375,19.09375,16.84375,22.375,35.75,111.625,183.6875,169.8125,167.875,184.71875,199.6875,164.84375,108.84375
2011-03-18,45.375,34.09375,39.9375,91.75,310.78125,272.90625,160.59375,107.0,84.4375,97.53125,88.6875,83.25,110.4375,109.0625,86.90625,65.9375,48.625,42.8125,90.375,116.0625,98.625,105.65625,97.0,72.6875,52.0625,37.09375,34.53125,49.0625,53.53125,44.875
2011-03-19,34.09375,39.9375,91.75,310.78125,272.90625,160.59375,107.0,84.4375,97.53125,88.6875,83.25,110.4375,109.0625,86.90625,65.9375,48.625,42.8125,90.375,116.0625,98.625,105.65625,97.0,72.6875,52.0625,37.09375,34.53125,49.0625,53.53125,44.875,44.0625
2011-03-20,39.9375,91.75,310.78125,272.90625,160.59375,107.0,84.4375,97.53125,88.6875,83.25,110.4375,109.0625,86.90625,65.9375,48.625,42.8125,90.375,116.0625,98.625,105.65625,97.0,72.6875,52.0625,37.09375,34.53125,49.0625,53.53125,44.875,44.0625,58.25
2011-03-21,113.0625,159.46875,181.875,143.0625,96.34375,67.1875,43.5,28.46875,19.84375,14.53125,11.875,20.75,266.71875,729.375,589.875,328.90625,191.0,136.4375,106.0625,81.8125,72.0,62.78125,56.15625,54.90625,48.90625,43.3125,45.9375,52.25,48.25,56.59375
2011-03-22,159.46875,181.875,143.0625,96.34375,67.1875,43.5,28.46875,19.84375,14.53125,11.875,20.75,266.71875,729.375,589.875,328.90625,191.0,136.4375,106.0625,81.8125,72.0,62.78125,56.15625,54.90625,48.90625,43.3125,45.9375,52.25,48.25,56.59375,118.28125
2011-03-23,181.875,143.0625,96.34375,67.1875,43.5,28.46875,19.84375,14.53125,11.875,20.75,266.71875,729.375,589.875,328.90625,191.0,136.4375,106.0625,81.8125,72.0,62.78125,56.15625,54.90625,48.90625,43.3125,45.9375,52.25,48.25,56.59375,118.28125,157.5
2011-03-24,143.0625,96.34375,67.1875,43.5,28.46875,19.84375,14.53125,11.875,20.75,266.71875,729.375,589.875,328.90625,191.0,136.4375,106.0625,81.8125,72.0,62.78125,56.15625,54.90625,48.90625,43.3125,45.9375,52.25,48.25,56.59375,118.28125,157.5,145.78125
2011-03-25,97.75,72.5,48.90625,33.96875,23.625,16.875,12.5,10.0,16.46875,77.0,102.5,74.53125,70.125,88.125,125.5625,134.09375,120.53125,96.6875,97.84375,100.46875,108.4375,146.125,160.3125,159.40625,130.96875,132.21875,159.40625,146.1875,106.6875,70.75
2011-03-26,72.5,48.90625,33.96875,23.625,16.875,12.5,10.0,16.46875,77.0,102.5,74.53125,70.125,88.125,125.5625,134.09375,120.53125,96.6875,97.84375,100.46875,108.4375,146.125,160.3125,159.40625,130.96875,132.21875,159.40625,146.1875,106.6875,70.75,58.5625
2011-03-27,48.90625,33.96875,23.625,16.875,12.5,10.0,16.46875,77.0,102.5,74.53125,70.125,88.125,125.5625,134.09375,120.53125,96.6875,97.84375,100.46875,108.4375,146.125,160.3125,159.40625,130.96875,132.21875,159.40625,146.1875,106.6875,70.75,58.5625,59.5625
2011-03-28,27.53125,20.0625,15.40625,13.15625,12.53125,38.125,85.09375,107.3125,108.03125,85.90625,80.8125,91.4375,77.5625,56.875,43.3125,33.78125,29.71875,26.71875,50.0,88.25,126.6875,144.8125,126.46875,96.1875,80.15625,70.40625,52.96875,44.1875,39.9375,42.53125
2011-03-29,20.0625,15.40625,13.15625,12.53125,38.125,85.09375,107.3125,108.03125,85.90625,80.8125,91.4375,77.5625,56.875,43.3125,33.78125,29.71875,26.71875,50.0,88.25,126.6875,144.8125,126.46875,96.1875,80.15625,70.40625,52.96875,44.1875,39.9375,42.53125,52.375
2011-03-30,15.40625,13.15625,12.53125,38.125,85.09375,107.3125,108.03125,85.90625,80.8125,91.4375,77.5625,56.875,43.3125,33.78125,29.71875,26.71875,50.0,88.25,126.6875,144.8125,126.46875,96.1875,80.15625,70.40625,52.96875,44.1875,39.9375,42.53125,52.375,55.5
2011-03-31,13.15625,12.53125,38.125,85.09375,107.3125,108.03125,85.90625,80.8125,91.4375,77.5625,56.875,43.3125,33.78125,29.71875,26.71875,50.0,88.25,126.6875,144.8125,126.46875,96.1875,80.15625,70.40625,52.96875,44.1875,39.9375,42.53125,52.375,55.5,54.6875
2011-04-01,12.46875,30.46875,76.46875,141.15625,183.09375,144.34375,91.21875,58.4375,41.78125,33.84375,24.71875,18.3125,16.3125,21.0625,26.25,25.28125,23.25,23.8125,23.96875,24.125,31.53125,48.375,61.0,51.875,41.1875,37.65625,31.375,30.03125,34.46875,34.1875
2011-04-02,30.46875,76.46875,141.15625,183.09375,144.34375,91.21875,58.4375,41.78125,33.84375,24.71875,18.3125,16.3125,21.0625,26.25,25.28125,23.25,23.8125,23.96875,24.125,31.53125,48.375,61.0,51.875,41.1875,37.65625,31.375,30.03125,34.46875,34.1875,40.53125
2011-04-03,76.46875,141.15625,183.09375,144.34375,91.21875,58.4375,41.78125,33.84375,24.71875,18.3125,16.3125,21.0625,26.25,25.28125,23.25,23.8125,23.96875,24.125,31.53125,48.375,61.0,51.875,41.1875,37.65625,31.375,30.03125,34.46875,34.1875,40.53125,47.3125
2011-04-04,177.125,120.21875,101.1875,110.5,117.125,103.78125,92.8125,116.65625,117.5,85.59375,60.375,44.65625,34.8125,27.53125,25.5,23.40625,20.3125,22.3125,23.375,22.0,25.03125,29.3125,36.53125,44.90625,48.0625,54.0,72.875,104.46875,127.46875,114.1875
2011-04-05,120.21875,101.1875,110.5,117.125,103.78125,92.8125,116.65625,117.5,85.59375,60.375,44.65625,34.8125,27.53125,25.5,23.40625,20.3125,22.3125,23.375,22.0,25.03125,29.3125,36.53125,44.90625,48.0625,54.0,72.875,104.46875,127.46875,114.1875,79.1875
2011-04-06,101.1875,110.5,117.125,103.78125,92.8125,116.65625,117.5,85.59375,60.375,44.65625,34.8125,27.53125,25.5,23.40625,20.3125,22.3125,23.375,22.0,25.03125,29.3125,36.53125,44.90625,48.0625,54.0,72.875,104.46875,127.46875,114.1875,79.1875,64.625
2011-04-07,110.5,117.125,103.78125,92.8125,116.65625,117.5,85.59375,60.375,44.65625,34.8125,27.53125,25.5,23.40625,20.3125,22.3125,23.375,22.0,25.03125,29.3125,36.53125,44.90625,48.0625,54.0,72.875,104.46875,127.46875,114.1875,79.1875,64.625,70.53125
2011-04-08,92.8125,73.5625,50.125,39.21875,34.6875,28.46875,25.0,26.875,28.0,30.3125,41.125,54.28125,55.0625,49.4375,41.9375,44.625,72.1875,83.96875,82.0625,69.46875,63.0,63.5,51.90625,49.6875,51.375,55.0625,77.375,81.96875,68.65625,60.34375
2011-04-09,73.5625,50.125,39.21875,34.6875,28.46875,25.0,26.875,28.0,30.3125,41.125,54.28125,55.0625,49.4375,41.9375,44.625,72.1875,83.96875,82.0625,69.46875,63.0,63.5,51.90625,49.6875,51.375,55.0625,77.375,81.96875,68.65625,60.34375,47.40625
2011-04-10,50.125,39.21875,34.6875,28.46875,25.0,26.875,28.0,30.3125,41.125,54.28125,55.0625,49.4375,41.9375,44.625,72.1875,83.96875,82.0625,69.46875,63.0,63.5,51.90625,49.6875,51.375,55.0625,77.375,81.96875,68.65625,60.34375,47.40625,37.5625
2011-04-11,34.5625,34.65625,35.125,33.40625,34.6875,29.4375,24.03125,24.0625,31.90625,39.96875,38.96875,36.78125,38.96875,33.3125,25.78125,19.625,17.78125,17.90625,21.71875,30.34375,39.375,40.78125,37.1875,30.5625,26.53125,28.6875,31.625,32.21875,34.125,43.96875
2011-04-12,34.65625,35.125,33.40625,34.6875,29.4375,24.03125,24.0625,31.90625,39.96875,38.96875,36.78125,38.96875,33.3125,25.78125,19.625,17.78125,17.90625,21.71875,30.34375,39.375,40.78125,37.1875,30.5625,26.53125,28.6875,31.625,32.21875,34.125,43.96875,61.09375
2011-04-13,35.125,33.40625,34.6875,29.4375,24.03125,24.0625,31.90625,39.96875,38.96875,36.78125,38.96875,33.3125,25.78125,19.625,17.78125,17.90625,21.71875,30.34375,39.375,40.78125,37.1875,30.5625,26.53125,28.6875,31.625,32.21875,34.125,43.96875,61.09375,80.0625
2011-04-14,33.40625,34.6875,29.4375,24.03125,24.0625,31.90625,39.96875,38.96875,36.78125,38.96875,33.3125,25.78125,19.625,17.78125,17.90625,21.71875,30.34375,39.375,40.78125,37.1875,30.5625,26.53125,28.6875,31.625,32.21875,34.125,43.96875,61.09375,80.0625,91.84375
2011-04-15,17.71875,17.5,26.40625,29.78125,59.84375,106.09375,100.96875,78.21875,56.625,46.09375,47.125,52.125,48.25,44.5625,62.25,82.65625,76.6875,73.8125,77.40625,64.03125,47.5625,38.71875,37.28125,36.28125,32.0625,35.03125,50.5,60.21875,53.125,81.75
2011-04-16,17.5,26.40625,29.78125,59.84375,106.09375,100.96875,78.21875,56.625,46.09375,47.125,52.125,48.25,44.5625,62.25,82.65625,76.6875,73.8125,77.40625,64.03125,47.5625,38.71875,37.28125,36.28125,32.0625,35.03125,50.5,60.21875,53.125,81.75,132.03125
2011-04-17,26.40625,29.78125,59.84375,106.09375,100.96875,78.21875,56.625,46.09375,47.125,52.125,48.25,44.5625,62.25,82.65625,76.6875,73.8125,77.40625,64.03125,47.5625,38.71875,37.28125,36.28125,32.0625,35.03125,50.5,60.21875,53.125,81.75,132.03125,169.125
2011-04-18,23.59375,25.625,49.59375,88.3125,99.65625,106.84375,95.6875,97.625,100.96875,129.8125,128.625,91.59375,63.96875,43.59375,35.5,37.9375,41.5625,45.3125,48.4375,43.3125,37.375,40.1875,51.15625,58.9375,60.6875,68.5,87.96875,108.4375,101.5,86.5
2011-04-19,25.625,49.59375,88.3125,99.65625,106.84375,95.6875,97.625,100.96875,129.8125,128.625,91.59375,63.96875,43.59375,35.5,37.9375,41.5625,45.3125,48.4375,43.3125,37.375,40.1875,51.15625,58.9375,60.6875,68.5,87.96875,108.4375,101.5,86.5,78.0625
2011-04-20,49.59375,88.3125,99.65625,106.84375,95.6875,97.625,100.96875,129.8125,128.625,91.59375,63.96875,43.59375,35.5,37.9375,41.5625,45.3125,48.4375,43.3125,37.375,40.1875,51.15625,58.9375,60.6875,68.5,87.96875,108.4375,101.5,86.5,78.0625,74.0625
2011-04-21,88.3125,99.65625,106.84375,95.6875,97.625,100.96875,129.8125,128.625,91.59375,63.96875,43.59375,35.5,37.9375,41.5625,45.3125,48.4375,43.3125,37.375,40.1875,51.15625,58.9375,60.6875,68.5,87.96875,108.4375,101.5,86.5,78.0625,74.0625,79.9375
2011-04-22,110.9375,114.3125,114.0625,82.59375,64.875,65.1875,71.375,174.6875,205.625,147.1875,116.875,98.28125,86.5625,112.3125,364.25,330.15625,250.03125,254.8125,304.90625,325.125,263.40625,173.40625,137.3125,138.59375,125.09375,115.875,115.21875,115.625,141.6875,204.3125
2011-04-23,114.3125,114.0625,82.59375,64.875,65.1875,71.375,174.6875,205.625,147.1875,116.875,98.28125,86.5625,112.3125,364.25,330.15625,250.03125,254.8125,304.90625,325.125,263.40625,173.40625,137.3125,138.59375,125.09375,115.875,115.21875,115.625,141.6875,204.3125,338.09375
2011-04-24,114.0625,82.59375,64.875,65.1875,71.375,174.6875,205.625,147.1875,116.875,98.28125,86.5625,112.3125,364.25,330.15625,250.03125,254.8125,304.90625,325.125,263.40625,173.40625,137.3125,138.59375,125.09375,115.875,115.21875,115.625,141.6875,204.3125,338.09375,453.96875
2011-04-25,131.25,142.25,100.59375,81.125,76.0625,65.3125,57.75,55.3125,49.375,50.28125,65.5,96.4375,112.03125,854.9375,691.21875,351.375,235.28125,209.59375,175.625,140.125,120.9375,103.75,100.90625,113.90625,103.40625,89.25,135.15625,163.9375,126.9375,85.96875
2011-04-26,142.25,100.59375,81.125,76.0625,65.3125,57.75,55.3125,49.375,50.28125,65.5,96.4375,112.03125,854.9375,691.21875,351.375,235.28125,209.59375,175.625,140.125,120.9375,103.75,100.90625,113.90625,103.40625,89.25,135.15625,163.9375,126.9375,85.96875,60.4375
2011-04-27,100.59375,81.125,76.0625,65.3125,57.75,55.3125,49.375,50.28125,65.5,96.4375,112.03125,854.9375,691.21875,351.375,235.28125,209.59375,175.625,140.125,120.9375,103.75,100.90625,113.90625,103.40625,89.25,135.15625,163.9375,126.9375,85.96875,60.4375,45.90625
2011-04-28,81.125,76.0625,65.3125,57.75,55.3125,49.375,50.28125,65.5,96.4375,112.03125,854.9375,691.21875,351.375,235.28125,209.59375,175.625,140.125,120.9375,103.75,100.90625,113.90625,103.40625,89.25,135.15625,163.9375,126.9375,85.96875,60.4375,45.90625,37.4375
2011-04-29,166.125,119.65625,93.375,87.28125,81.59375,73.375,61.84375,65.59375,81.15625,82.03125,77.3125,69.125,56.59375,50.125,200.625,403.875,369.6875,246.84375,171.40625,129.0625,128.40625,129.75,111.96875,141.40625,186.75,177.75,134.625,90.9375,62.28125,47.59375
2011-04-30,119.65625,93.375,87.28125,81.59375,73.375,61.84375,65.59375,81.15625,82.03125,77.3125,69.125,56.59375,50.125,200.625,403.875,369.6875,246.84375,171.40625,129.0625,128.40625,129.75,111.96875,141.40625,186.75,177.75,134.625,90.9375,62.28125,47.59375,46.8125
2011-05-01,93.375,87.28125,81.59375,73.375,61.84375,65.59375,81.15625,82.03125,77.3125,69.125,56.59375,50.125,200.625,403.875,369.6875,246.84375,171.40625,129.0625,128.40625,129.75,111.96875,141.40625,186.75,177.75,134.625,90.9375,62.28125,47.59375,46.8125,55.71875
2011-05-02,133.96875,137.0,130.84375,106.84375,83.3125,86.8125,98.3125,91.03125,78.25,70.28125,70.71875,65.375,51.84375,41.1875,45.28125,52.46875,50.9375,42.25,38.21875,36.21875,35.15625,37.53125,32.9375,31.4375,46.375,64.21875,65.5,74.8125,86.90625,87.28125
2011-05-03,137.0,130.84375,106.84375,83.3125,86.8125,98.3125,91.03125,78.25,70.28125,70.71875,65.375,51.84375,41.1875,45.28125,52.46875,50.9375,42.25,38.21875,36.21875,35.15625,37.53125,32.9375,31.4375,46.375,64.21875,65.5,74.8125,86.90625,87.28125,81.09375
2011-05-04,130.84375,106.84375,83.3125,86.8125,98.3125,91.03125,78.25,70.28125,70.71875,65.375,51.84375,41.1875,45.28125,52.46875,50.9375,42.25,38.21875,36.21875,35.15625,37.53125,32.9375,31.4375,46.375,64.21875,65.5,74.8125,86.90625,87.28125,81.09375,93.625
2011-05-05,106.84375,83.3125,86.8125,98.3125,91.03125,78.25,70.28125,70.71875,65.375,51.84375,41.1875,45.28125,52.46875,50.9375,42.25,38.21875,36.21875,35.15625,37.53125,32.9375,31.4375,46.375,64.21875,65.5,74.8125,86.90625,87.28125,81.09375,93.625,97.5625
2011-05-06,129.34375,117.625,108.28125,108.6875,102.84375,84.40625,81.96875,75.4375,57.03125,53.53125,61.3125,55.8125,40.65625,28.53125,23.25,20.59375,18.65625,25.59375,36.75,59.625,103.75,123.5625,106.28125,77.3125,57.9375,41.59375,30.6875,24.25,24.15625,35.78125
2011-05-07,117.625,108.28125,108.6875,102.84375,84.40625,81.96875,75.4375,57.03125,53.53125,61.3125,55.8125,40.65625,28.53125,23.25,20.59375,18.65625,25.59375,36.75,59.625,103.75,123.5625,106.28125,77.3125,57.9375,41.59375,30.6875,24.25,24.15625,35.78125,65.375
2011-05-08,108.28125,108.6875,102.84375,84.40625,81.96875,75.4375,57.03125,53.53125,61.3125,55.8125,40.65625,28.53125,23.25,20.59375,18.65625,25.59375,36.75,59.625,103.75,123.5625,106.28125,77.3125,57.9375,41.59375,30.6875,24.25,24.15625,35.78125,65.375,108.03125
2011-05-09,66.75,92.78125,117.9375,96.96875,93.75,96.75,81.71875,62.375,50.25,41.5625,34.03125,30.78125,28.125,28.15625,35.3125,47.5625,53.5,47.40625,50.3125,54.71875,54.15625,55.40625,62.0,69.8125,69.21875,59.75,71.0,79.9375,62.0,57.65625
2011-05-10,92.78125,117.9375,96.96875,93.75,96.75,81.71875,62.375,50.25,41.5625,34.03125,30.78125,28.125,28.15625,35.3125,47.5625,53.5,47.40625,50.3125,54.71875,54.15625,55.40625,62.0,69.8125,69.21875,59.75,71.0,79.9375,62.0,57.65625,74.90625
2011-05-11,117.9375,96.96875,93.75,96.75,81.71875,62.375,50.25,41.5625,34.03125,30.78125,28.125,28.15625,35.3125,47.5625,53.5,47.40625,50.3125,54.71875,54.15625,55.40625,62.0,69.8125,69.21875,59.75,71.0,79.9375,62.0,57.65625,74.90625,96.9375
2011-05-12,96.96875,93.75,96.75,81.71875,62.375,50.25,41.5625,34.03125,30.78125,28.125,28.15625,35.3125,47.5625,53.5,47.40625,50.3125,54.71875,54.15625,55.40625,62.0,69.8125,69.21875,59.75,71.0,79.9375,62.0,57.65625,74.90625,96.9375,122.21875
2011-05-13,114.96875,99.40625,87.53125,77.84375,64.5,63.90625,62.71875,52.84375,42.46875,39.15625,40.59375,37.21875,32.65625,32.4375,36.28125,37.34375,40.6875,57.40625,79.8125,78.09375,77.375,75.65625,88.9375,116.9375,122.1875,135.75,125.34375,107.8125,107.21875,104.71875
2011-05-14,99.40625,87.53125,77.84375,64.5,63.90625,62.71875,52.84375,42.46875,39.15625,40.59375,37.21875,32.65625,32.4375,36.28125,37.34375,40.6875,57.40625,79.8125,78.09375,77.375,75.65625,88.9375,116.9375,122.1875,135.75,125.34375,107.8125,107.21875,104.71875,110.625
2011-05-15,87.53125,77.84375,64.5,63.90625,62.71875,52.84375,42.46875,39.15625,40.59375,37.21875,32.65625,32.4375,36.28125,37.34375,40.6875,57.40625,79.8125,78.09375,77.375,75.65625,88.9375,116.9375,122.1875,135.75,125.34375,107.8125,107.21875,104.71875,110.625,106.03125
2011-05-16,130.3125,123.65625,95.21875,75.5,59.0,69.875,74.03125,60.09375,52.4375,48.53125,43.65625,42.125,43.46875,39.65625,46.5625,50.0625,56.71875,65.59375,60.34375,56.5625,53.40625,63.75,105.09375,175.03125,205.9375,180.1875,138.4375,103.9375,82.75,80.9375
2011-05-17,123.65625,95.21875,75.5,59.0,69.875,74.03125,60.09375,52.4375,48.53125,43.65625,42.125,43.46875,39.65625,46.5625,50.0625,56.71875,65.59375,60.34375,56.5625,53.40625,63.75,105.09375,175.03125,205.9375,180.1875,138.4375,103.9375,82.75,80.9375,174.4375
2011-05-18,95.21875,75.5,59.0,69.875,74.03125,60.09375,52.4375,48.53125,43.65625,42.125,43.46875,39.65625,46.5625,50.0625,56.71875,65.59375,60.34375,56.5625,53.40625,63.75,105.09375,175.03125,205.9375,180.1875,138.4375,103.9375,82.75,80.9375,174.4375,231.625
2011-05-19,75.5,59.0,69.875,74.03125,60.09375,52.4375,48.53125,43.65625,42.125,43.46875,39.65625,46.5625,50.0625,56.71875,65.59375,60.34375,56.5625,53.40625,63.75,105.09375,175.03125,205.9375,180.1875,138.4375,103.9375,82.75,80.9375,174.4375,231.625,188.5625
2011-05-20,104.625,88.46875,77.21875,77.1875,80.96875,93.59375,89.65625,67.75,53.90625,42.375,41.71875,64.40625,80.90625,82.96875,102.53125,224.90625,266.90625,195.125,141.75,109.65625,97.78125,120.71875,170.03125,174.90625,138.8125,127.34375,126.5625,209.1875,312.03125,323.3125
2011-05-21,88.46875,77.21875,77.1875,80.96875,93.59375,89.65625,67.75,53.90625,42.375,41.71875,64.40625,80.90625,82.96875,102.53125,224.90625,266.90625,195.125,141.75,109.65625,97.78125,120.71875,170.03125,174.90625,138.8125,127.34375,126.5625,209.1875,312.03125,323.3125,284.65625
2011-05-22,77.21875,77.1875,80.96875,93.59375,89.65625,67.75,53.90625,42.375,41.71875,64.40625,80.90625,82.96875,102.53125,224.90625,266.90625,195.125,141.75,109.65625,97.78125,120.71875,170.03125,174.90625,138.8125,127.34375,126.5625,209.1875,312.03125,323.3125,284.65625,243.09375
2011-05-23,76.3125,80.375,77.5,68.59375,68.5,75.0625,120.15625,178.0,302.90625,271.5,171.96875,116.9375,88.25,70.5,57.9375,63.9375,97.0,112.1875,103.09375,82.3125,59.75,97.34375,244.40625,544.25,638.75,447.28125,274.53125,295.15625,319.90625,293.28125
2011-05-24,80.375,77.5,68.59375,68.5,75.0625,120.15625,178.0,302.90625,271.5,171.96875,116.9375,88.25,70.5,57.9375,63.9375,97.0,112.1875,103.09375,82.3125,59.75,97.34375,244.40625,544.25,638.75,447.28125,274.53125,295.15625,319.90625,293.28125,263.96875
2011-05-25,77.5,68.59375,68.5,75.0625,120.15625,178.0,302.90625,271.5,171.96875,116.9375,88.25,70.5,57.9375,63.9375,97.0,112.1875,103.09375,82.3125,59.75,97.34375,244.40625,544.25,638.75,447.28125,274.53125,295.15625,319.90625,293.28125,263.96875,220.75
2011-05-26,68.59375,68.5,75.0625,120.15625,178.0,302.90625,271.5,171.96875,116.9375,88.25,70.5,57.9375,63.9375,97.0,112.1875,103.09375,82.3125,59.75,97.34375,244.40625,544.25,638.75,447.28125,274.53125,295.15625,319.90625,293.28125,263.96875,220.75,188.78125
2011-05-27,78.25,75.46875,63.1875,67.96875,66.875,99.5,144.84375,122.90625,93.15625,90.4375,87.6875,74.375,66.40625,58.5,43.625,39.6875,45.25,47.46875,53.84375,67.53125,72.59375,76.40625,79.625,68.375,59.8125,82.90625,113.59375,96.9375,67.5625,50.34375
2011-05-28,75.46875,63.1875,67.96875,66.875,99.5,144.84375,122.90625,93.15625,90.4375,87.6875,74.375,66.40625,58.5,43.625,39.6875,45.25,47.46875,53.84375,67.53125,72.59375,76.40625,79.625,68.375,59.8125,82.90625,113.59375,96.9375,67.5625,50.34375,44.59375
2011-05-29,63.1875,67.96875,66.875,99.5,144.84375,122.90625,93.15625,90.4375,87.6875,74.375,66.40625,58.5,43.625,39.6875,45.25,47.46875,53.84375,67.53125,72.59375,76.40625,79.625,68.375,59.8125,82.90625,113.59375,96.9375,67.5625,50.34375,44.59375,50.1875
2011-05-30,68.34375,89.59375,123.6875,124.53125,98.6875,78.625,59.21875,53.375,61.3125,63.1875,52.3125,46.15625,58.6875,96.125,110.75,117.28125,166.78125,271.625,258.0,183.28125,136.1875,110.9375,93.6875,83.4375,92.75,104.40625,125.28125,131.84375,168.9375,174.1875
2011-05-31,89.59375,123.6875,124.53125,98.6875,78.625,59.21875,53.375,61.3125,63.1875,52.3125,46.15625,58.6875,96.125,110.75,117.28125,166.78125,271.625,258.0,183.28125,136.1875,110.9375,93.6875,83.4375,92.75,104.40625,125.28125,131.84375,168.9375,174.1875,164.6875
2011-06-01,123.6875,124.53125,98.6875,78.625,59.21875,53.375,61.3125,63.1875,52.3125,46.15625,58.6875,96.125,110.75,117.28125,166.78125,271.625,258.0,183.28125,136.1875,110.9375,93.6875,83.4375,92.75,104.40625,125.28125,131.84375,168.9375,174.1875,164.6875,144.03125
2011-06-02,124.53125,98.6875,78.625,59.21875,53.375,61.3125,63.1875,52.3125,46.15625,58.6875,96.125,110.75,117.28125,166.78125,271.625,258.0,183.28125,136.1875,110.9375,93.6875,83.4375,92.75,104.40625,125.28125,131.84375,168.9375,174.1875,164.6875,144.03125,101.03125
2011-06-03,120.25,107.0625,102.875,86.1875,63.65625,56.46875,79.84375,95.84375,85.75,83.125,110.9375,167.9375,163.75,111.5,71.375,59.5,71.71875,73.625,86.78125,113.6875,138.53125,124.90625,90.90625,85.75,115.90625,153.875,207.15625,264.59375,225.8125,163.078125
2011-06-04,107.0625,102.875,86.1875,63.65625,56.46875,79.84375,95.84375,85.75,83.125,110.9375,167.9375,163.75,111.5,71.375,59.5,71.71875,73.625,86.78125,113.6875,138.53125,124.90625,90.90625,85.75,115.90625,153.875,207.15625,264.59375,225.8125,163.078125,148.546875
2011-06-05,102.875,86.1875,63.65625,56.46875,79.84375,95.84375,85.75,83.125,110.9375,167.9375,163.75,111.5,71.375,59.5,71.71875,73.625,86.78125,113.6875,138.53125,124.90625,90.90625,85.75,115.90625,153.875,207.15625,264.59375,225.8125,163.078125,148.546875,166.15625
2011-06-06,189.21875,191.78125,137.21875,110.59375,110.40625,111.65625,96.15625,91.75,101.71875,105.9375,105.78125,109.0,181.5625,281.84375,276.4375,189.90625,130.625,117.03125,118.125,126.375,144.5625,173.75,179.71875,165.59375,157.5,154.9375,145.53125,122.515625,116.921875,145.890625
2011-06-07,191.78125,137.21875,110.59375,110.40625,111.65625,96.15625,91.75,101.71875,105.9375,105.78125,109.0,181.5625,281.84375,276.4375,189.90625,130.625,117.03125,118.125,126.375,144.5625,173.75,179.71875,165.59375,157.5,154.9375,145.53125,122.515625,116.921875,145.890625,221.34375
2011-06-08,137.21875,110.59375,110.40625,111.65625,96.15625,91.75,101.71875,105.9375,105.78125,109.0,181.5625,281.84375,276.4375,189.90625,130.625,117.03125,118.125,126.375,144.5625,173.75,179.71875,165.59375,157.5,154.9375,145.53125,122.515625,116.921875,145.890625,221.34375,352.96875
2011-06-09,110.59375,110.40625,111.65625,96.15625,91.75,101.71875,105.9375,105.78125,109.0,181.5625,281.84375,276.4375,189.90625,130.625,117.03125,118.125,126.375,144.5625,173.75,179.71875,165.59375,157.5,154.9375,145.53125,122.515625,116.921875,145.890625,221.34375,352.96875,547.59375
2011-06-10,91.59375,89.0,72.9375,78.375,96.4375,102.90625,104.09375,104.28125,212.59375,663.625,586.96875,409.21875,306.875,252.875,241.96875,224.5625,255.71875,257.0,215.15625,214.78125,200.0,173.5625,168.5625,182.953125,209.78125,218.640625,211.5,242.421875,243.65625,191.640625
2011-06-11,89.0,72.9375,78.375,96.4375,102.90625,104.09375,104.28125,212.59375,663.625,586.96875,409.21875,306.875,252.875,241.96875,224.5625,255.71875,257.0,215.15625,214.78125,200.0,173.5625,168.5625,182.953125,209.78125,218.640625,211.5,242.421875,243.65625,191.640625,167.15625
2011-06-12,72.9375,78.375,96.4375,102.90625,104.09375,104.28125,212.59375,663.625,586.96875,409.21875,306.875,252.875,241.96875,224.5625,255.71875,257.0,215.15625,214.78125,200.0,173.5625,168.5625,182.953125,209.78125,218.640625,211.5,242.421875,243.65625,191.640625,167.15625,223.46875
2011-06-13,109.15625,93.78125,69.5,54.6875,51.0,71.6875,92.25,77.28125,61.46875,56.28125,51.09375,47.875,92.21875,122.46875,105.34375,88.34375,89.0625,99.5,104.5,108.09375,131.0,135.890625,114.53125,97.296875,102.671875,111.203125,112.71875,103.109375,77.046875,70.8125
2011-06-14,93.78125,69.5,54.6875,51.0,71.6875,92.25,77.28125,61.46875,56.28125,51.09375,47.875,92.21875,122.46875,105.34375,88.34375,89.0625,99.5,104.5,108.09375,131.0,135.890625,114.53125,97.296875,102.671875,111.203125,112.71875,103.109375,77.046875,70.8125,81.1875
2011-06-15,69.5,54.6875,51.0,71.6875,92.25,77.28125,61.46875,56.28125,51.09375,47.875,92.21875,122.46875,105.34375,88.34375,89.0625,99.5,104.5,108.09375,131.0,135.890625,114.53125,97.296875,102.671875,111.203125,112.71875,103.109375,77.046875,70.8125,81.1875,86.984375
2011-06-16,54.6875,51.0,71.6875,92.25,77.28125,61.46875,56.28125,51.09375,47.875,92.21875,122.46875,105.34375,88.34375,89.0625,99.5,104.5,108.09375,131.0,135.890625,114.53125,97.296875,102.671875,111.203125,112.71875,103.109375,77.046875,70.8125,81.1875,86.984375,81.09375
2011-06-17,105.0625,117.6875,154.25,214.125,186.4375,130.1875,103.1875,85.84375,70.6875,66.1875,62.71875,55.375,67.28125,84.78125,82.34375,79.03125,83.328125,79.203125,63.0625,54.828125,63.859375,70.25,62.28125,59.5625,74.328125,92.078125,124.6875,214.8125,338.25,300.109375
2011-06-18,117.6875,154.25,214.125,186.4375,130.1875,103.1875,85.84375,70.6875,66.1875,62.71875,55.375,67.28125,84.78125,82.34375,79.03125,83.328125,79.203125,63.0625,54.828125,63.859375,70.25,62.28125,59.5625,74.328125,92.078125,124.6875,214.8125,338.25,300.109375,222.515625
2011-06-19,154.25,214.125,186.4375,130.1875,103.1875,85.84375,70.6875,66.1875,62.71875,55.375,67.28125,84.78125,82.34375,79.03125,83.328125,79.203125,63.0625,54.828125,63.859375,70.25,62.28125,59.5625,74.328125,92.078125,124.6875,214.8125,338.25,300.109375,222.515625,191.640625
2011-06-20,153.53125,118.25,101.90625,96.90625,88.53125,77.71875,72.1875,69.0,63.96875,59.71875,53.3125,51.65625,54.875,53.640625,53.984375,56.609375,94.484375,127.71875,119.15625,108.71875,90.609375,69.90625,58.703125,58.953125,63.359375,133.796875,248.734375,303.875,243.46875,173.3125
2011-06-21,118.25,101.90625,96.90625,88.53125,77.71875,72.1875,69.0,63.96875,59.71875,53.3125,51.65625,54.875,53.640625,53.984375,56.609375,94.484375,127.71875,119.15625,108.71875,90.609375,69.90625,58.703125,58.953125,63.359375,133.796875,248.734375,303.875,243.46875,173.3125,132.109375
2011-06-22,101.90625,96.90625,88.53125,77.71875,72.1875,69.0,63.96875,59.71875,53.3125,51.65625,54.875,53.640625,53.984375,56.609375,94.484375,127.71875,119.15625,108.71875,90.609375,69.90625,58.703125,58.953125,63.359375,133.796875,248.734375,303.875,243.46875,173.3125,132.109375,103.125
2011-06-23,96.90625,88.53125,77.71875,72.1875,69.0,63.96875,59.71875,53.3125,51.65625,54.875,53.640625,53.984375,56.609375,94.484375,127.71875,119.15625,108.71875,90.609375,69.90625,58.703125,58.953125,63.359375,133.796875,248.734375,303.875,243.46875,173.3125,132.109375,103.125,90.921875
2011-06-24,80.3125,96.34375,117.75,128.28125,113.25,90.875,74.3125,73.40625,79.3125,81.15625,91.59375,123.484375,199.125,368.421875,387.390625,277.84375,182.859375,125.375,117.25,116.890625,96.421875,83.578125,77.28125,70.984375,62.90625,74.734375,88.90625,80.765625,95.015625,101.5625
2011-06-25,96.34375,117.75,128.28125,113.25,90.875,74.3125,73.40625,79.3125,81.15625,91.59375,123.484375,199.125,368.421875,387.390625,277.84375,182.859375,125.375,117.25,116.890625,96.421875,83.578125,77.28125,70.984375,62.90625,74.734375,88.90625,80.765625,95.015625,101.5625,80.25
2011-06-26,117.75,128.28125,113.25,90.875,74.3125,73.40625,79.3125,81.15625,91.59375,123.484375,199.125,368.421875,387.390625,277.84375,182.859375,125.375,117.25,116.890625,96.421875,83.578125,77.28125,70.984375,62.90625,74.734375,88.90625,80.765625,95.015625,101.5625,80.25,62.6875
2011-06-27,61.59375,72.53125,79.125,75.90625,71.03125,78.40625,77.96875,69.46875,68.953125,77.421875,97.546875,100.6875,85.640625,66.96875,54.90625,47.90625,51.625,62.96875,71.3125,107.890625,117.578125,96.8125,89.3125,104.875,107.328125,90.34375,116.71875,210.40625,227.671875,208.453125
2011-06-28,72.53125,79.125,75.90625,71.03125,78.40625,77.96875,69.46875,68.953125,77.421875,97.546875,100.6875,85.640625,66.96875,54.90625,47.90625,51.625,62.96875,71.3125,107.890625,117.578125,96.8125,89.3125,104.875,107.328125,90.34375,116.71875,210.40625,227.671875,208.453125,179.609375
2011-06-29,79.125,75.90625,71.03125,78.40625,77.96875,69.46875,68.953125,77.421875,97.546875,100.6875,85.640625,66.96875,54.90625,47.90625,51.625,62.96875,71.3125,107.890625,117.578125,96.8125,89.3125,104.875,107.328125,90.34375,116.71875,210.40625,227.671875,208.453125,179.609375,148.453125
2011-06-30,75.90625,71.03125,78.40625,77.96875,69.46875,68.953125,77.421875,97.546875,100.6875,85.640625,66.96875,54.90625,47.90625,51.625,62.96875,71.3125,107.890625,117.578125,96.8125,89.3125,104.875,107.328125,90.34375,116.71875,210.40625,227.671875,208.453125,179.609375,148.453125,156.078125
2011-07-01,134.625,123.234375,111.453125,89.640625,67.875,57.828125,61.0,76.21875,92.453125,107.28125,107.375,104.046875,93.546875,76.40625,69.671875,66.75,64.109375,69.6875,73.125,73.53125,71.3125,67.515625,63.609375,75.75,85.453125,71.65625,68.015625,101.515625,129.03125,121.234375
2011-07-02,123.234375,111.453125,89.640625,67.875,57.828125,61.0,76.21875,92.453125,107.28125,107.375,104.046875,93.546875,76.40625,69.671875,66.75,64.109375,69.6875,73.125,73.53125,71.3125,67.515625,63.609375,75.75,85.453125,71.65625,68.015625,101.515625,129.03125,121.234375,115.953125
2011-07-03,111.453125,89.640625,67.875,57.828125,61.0,76.21875,92.453125,107.28125,107.375,104.046875,93.546875,76.40625,69.671875,66.75,64.109375,69.6875,73.125,73.53125,71.3125,67.515625,63.609375,75.75,85.453125,71.65625,68.015625,101.515625,129.03125,121.234375,115.953125,122.609375
2011-07-04,106.640625,78.4375,63.65625,53.890625,51.71875,63.5,82.46875,86.140625,85.515625,103.9375,116.90625,130.171875,154.375,128.796875,91.0625,73.28125,77.359375,88.125,105.828125,171.59375,190.546875,173.375,175.125,151.515625,232.3125,279.734375,237.1875,179.421875,147.453125,156.75
2011-07-05,78.4375,63.65625,53.890625,51.71875,63.5,82.46875,86.140625,85.515625,103.9375,116.90625,130.171875,154.375,128.796875,91.0625,73.28125,77.359375,88.125,105.828125,171.59375,190.546875,173.375,175.125,151.515625,232.3125,279.734375,237.1875,179.421875,147.453125,156.75,162.921875
2011-07-06,63.65625,53.890625,51.71875,63.5,82.46875,86.140625,85.515625,103.9375,116.90625,130.171875,154.375,128.796875,91.0625,73.28125,77.359375,88.125,105.828125,171.59375,190.546875,173.375,175.125,151.515625,232.3125,279.734375,237.1875,179.421875,147.453125,156.75,162.921875,165.359375
2011-07-07,53.890625,51.71875,63.5,82.46875,86.140625,85.515625,103.9375,116.90625,130.171875,154.375,128.796875,91.0625,73.28125,77.359375,88.125,105.828125,171.59375,190.546875,173.375,175.125,151.515625,232.3125,279.734375,237.1875,179.421875,147.453125,156.75,162.921875,165.359375,151.078125
2011-07-08,47.296875,47.0,65.078125,87.0625,118.359375,127.1875,105.5625,87.21875,82.5,77.625,77.15625,93.546875,103.328125,115.625,115.96875,88.9375,62.25,49.125,55.40625,108.421875,307.609375,544.453125,689.296875,769.265625,677.46875,457.515625,296.671875,220.375,185.171875,174.421875
2011-07-09,47.0,65.078125,87.0625,118.359375,127.1875,105.5625,87.21875,82.5,77.625,77.15625,93.546875,103.328125,115.625,115.96875,88.9375,62.25,49.125,55.40625,108.421875,307.609375,544.453125,689.296875,769.265625,677.46875,457.515625,296.671875,220.375,185.171875,174.421875,170.828125
2011-07-10,65.078125,87.0625,118.359375,127.1875,105.5625,87.21875,82.5,77.625,77.15625,93.546875,103.328125,115.625,115.96875,88.9375,62.25,49.125,55.40625,108.421875,307.609375,544.453125,689.296875,769.265625,677.46875,457.515625,296.671875,220.375,185.171875,174.421875,170.828125,167.984375
2011-07-11,89.90625,150.21875,176.0625,150.953125,122.28125,94.3125,82.390625,77.765625,77.859375,83.9375,83.546875,84.59375,80.59375,70.84375,69.234375,82.203125,117.0,210.96875,254.390625,275.703125,321.28125,352.796875,357.15625,276.296875,194.546875,232.390625,430.046875,525.75,424.640625,303.421875
2011-07-12,150.21875,176.0625,150.953125,122.28125,94.3125,82.390625,77.765625,77.859375,83.9375,83.546875,84.59375,80.59375,70.84375,69.234375,82.203125,117.0,210.96875,254.390625,275.703125,321.28125,352.796875,357.15625,276.296875,194.546875,232.390625,430.046875,525.75,424.640625,303.421875,231.90625
2011-07-13,176.0625,150.953125,122.28125,94.3125,82.390625,77.765625,77.859375,83.9375,83.546875,84.59375,80.59375,70.84375,69.234375,82.203125,117.0,210.96875,254.390625,275.703125,321.28125,352.796875,357.15625,276.296875,194.546875,232.390625,430.046875,525.75,424.640625,303.421875,231.90625,192.609375
2011-07-14,150.953125,122.28125,94.3125,82.390625,77.765625,77.859375,83.9375,83.546875,84.59375,80.59375,70.84375,69.234375,82.203125,117.0,210.96875,254.390625,275.703125,321.28125,352.796875,357.15625,276.296875,194.546875,232.390625,430.046875,525.75,424.640625,303.421875,231.90625,192.609375,160.34375
2011-07-15,96.3125,83.828125,75.203125,70.546875,67.203125,66.84375,68.6875,70.375,76.25,118.984375,144.15625,125.8125,114.296875,102.546875,87.453125,78.390625,86.234375,99.4375,127.765625,132.34375,135.9375,134.0625,113.421875,97.84375,83.40625,91.71875,117.265625,116.578125,104.9375,103.0625
2011-07-16,83.828125,75.203125,70.546875,67.203125,66.84375,68.6875,70.375,76.25,118.984375,144.15625,125.8125,114.296875,102.546875,87.453125,78.390625,86.234375,99.4375,127.765625,132.34375,135.9375,134.0625,113.421875,97.84375,83.40625,91.71875,117.265625,116.578125,104.9375,103.0625,104.0
2011-07-17,75.203125,70.546875,67.203125,66.84375,68.6875,70.375,76.25,118.984375,144.15625,125.8125,114.296875,102.546875,87.453125,78.390625,86.234375,99.4375,127.765625,132.34375,135.9375,134.0625,113.421875,97.84375,83.40625,91.71875,117.265625,116.578125,104.9375,103.0625,104.0,155.84375
2011-07-18,86.140625,73.25,67.828125,67.71875,83.640625,107.953125,100.484375,83.09375,73.609375,65.40625,61.40625,63.859375,66.765625,69.609375,68.390625,65.0,95.453125,146.09375,144.046875,113.921875,92.0,74.765625,58.53125,52.859375,103.46875,142.65625,120.421875,112.875,135.421875,137.28125
2011-07-19,73.25,67.828125,67.71875,83.640625,107.953125,100.484375,83.09375,73.609375,65.40625,61.40625,63.859375,66.765625,69.609375,68.390625,65.0,95.453125,146.09375,144.046875,113.921875,92.0,74.765625,58.53125,52.859375,103.46875,142.65625,120.421875,112.875,135.421875,137.28125,119.3125
2011-07-20,67.828125,67.71875,83.640625,107.953125,100.484375,83.09375,73.609375,65.40625,61.40625,63.859375,66.765625,69.609375,68.390625,65.0,95.453125,146.09375,144.046875,113.921875,92.0,74.765625,58.53125,52.859375,103.46875,142.65625,120.421875,112.875,135.421875,137.28125,119.3125,94.875
2011-07-21,67.71875,83.640625,107.953125,100.484375,83.09375,73.609375,65.40625,61.40625,63.859375,66.765625,69.609375,68.390625,65.0,95.453125,146.09375,144.046875,113.921875,92.0,74.765625,58.53125,52.859375,103.46875,142.65625,120.421875,112.875,135.421875,137.28125,119.3125,94.875,74.921875
2011-07-22,55.34375,71.171875,79.140625,112.640625,130.625,113.734375,107.609375,139.0,187.40625,193.0,158.3125,118.421875,91.03125,83.09375,77.375,65.046875,55.875,61.546875,82.875,112.109375,147.65625,191.15625,221.234375,187.25,139.765625,110.234375,84.390625,68.53125,73.59375,109.421875
2011-07-23,71.171875,79.140625,112.640625,130.625,113.734375,107.609375,139.0,187.40625,193.0,158.3125,118.421875,91.03125,83.09375,77.375,65.046875,55.875,61.546875,82.875,112.109375,147.65625,191.15625,221.234375,187.25,139.765625,110.234375,84.390625,68.53125,73.59375,109.421875,128.171875
2011-07-24,79.140625,112.640625,130.625,113.734375,107.609375,139.0,187.40625,193.0,158.3125,118.421875,91.03125,83.09375,77.375,65.046875,55.875,61.546875,82.875,112.109375,147.65625,191.15625,221.234375,187.25,139.765625,110.234375,84.390625,68.53125,73.59375,109.421875,128.171875,112.609375
2011-07-25,212.234375,148.09375,108.109375,99.890625,124.375,192.546875,186.453125,138.453125,104.859375,87.0,78.15625,77.40625,79.859375,78.140625,78.328125,81.203125,87.703125,83.515625,68.296875,56.15625,46.234375,46.25,61.421875,85.796875,84.125,65.5625,55.09375,46.71875,41.578125,39.421875
2011-07-26,148.09375,108.109375,99.890625,124.375,192.546875,186.453125,138.453125,104.859375,87.0,78.15625,77.40625,79.859375,78.140625,78.328125,81.203125,87.703125,83.515625,68.296875,56.15625,46.234375,46.25,61.421875,85.796875,84.125,65.5625,55.09375,46.71875,41.578125,39.421875,53.015625
2011-07-27,108.109375,99.890625,124.375,192.546875,186.453125,138.453125,104.859375,87.0,78.15625,77.40625,79.859375,78.140625,78.328125,81.203125,87.703125,83.515625,68.296875,56.15625,46.234375,46.25,61.421875,85.796875,84.125,65.5625,55.09375,46.71875,41.578125,39.421875,53.015625,87.578125
2011-07-28,99.890625,124.375,192.546875,186.453125,138.453125,104.859375,87.0,78.15625,77.40625,79.859375,78.140625,78.328125,81.203125,87.703125,83.515625,68.296875,56.15625,46.234375,46.25,61.421875,85.796875,84.125,65.5625,55.09375,46.71875,41.578125,39.421875,53.015625,87.578125,115.21875
2011-07-29,169.9375,264.703125,270.109375,190.515625,136.140625,123.96875,129.5,130.40625,126.953125,117.203125,132.96875,148.296875,125.03125,104.984375,98.921875,98.546875,125.78125,137.09375,116.03125,102.375,94.25,79.625,66.171875,63.140625,74.09375,92.453125,91.609375,110.828125,147.875,143.421875
2011-07-30,264.703125,270.109375,190.515625,136.140625,123.96875,129.5,130.40625,126.953125,117.203125,132.96875,148.296875,125.03125,104.984375,98.921875,98.546875,125.78125,137.09375,116.03125,102.375,94.25,79.625,66.171875,63.140625,74.09375,92.453125,91.609375,110.828125,147.875,143.421875,116.046875
2011-07-31,270.109375,190.515625,136.140625,123.96875,129.5,130.40625,126.953125,117.203125,132.96875,148.296875,125.03125,104.984375,98.921875,98.546875,125.78125,137.09375,116.03125,102.375,94.25,79.625,66.171875,63.140625,74.09375,92.453125,91.609375,110.828125,147.875,143.421875,116.046875,98.6171875
2011-08-01,162.828125,135.140625,126.046875,118.421875,104.4375,101.0625,132.28125,159.265625,145.015625,131.3125,121.875,111.34375,105.0625,93.765625,80.9375,71.046875,68.28125,78.890625,84.515625,80.296875,139.953125,174.5625,137.71875,111.0625,89.453125,78.625,91.65625,134.3984375,213.7109375,256.6484375
2011-08-02,135.140625,126.046875,118.421875,104.4375,101.0625,132.28125,159.265625,145.015625,131.3125,121.875,111.34375,105.0625,93.765625,80.9375,71.046875,68.28125,78.890625,84.515625,80.296875,139.953125,174.5625,137.71875,111.0625,89.453125,78.625,91.65625,134.3984375,213.7109375,256.6484375,256.8828125
2011-08-03,126.046875,118.421875,104.4375,101.0625,132.28125,159.265625,145.015625,131.3125,121.875,111.34375,105.0625,93.765625,80.9375,71.046875,68.28125,78.890625,84.515625,80.296875,139.953125,174.5625,137.71875,111.0625,89.453125,78.625,91.65625,134.3984375,213.7109375,256.6484375,256.8828125,323.1953125
2011-08-04,118.421875,104.4375,101.0625,132.28125,159.265625,145.015625,131.3125,121.875,111.34375,105.0625,93.765625,80.9375,71.046875,68.28125,78.890625,84.515625,80.296875,139.953125,174.5625,137.71875,111.0625,89.453125,78.625,91.65625,134.3984375,213.7109375,256.6484375,256.8828125,323.1953125,435.90625
2011-08-05,72.703125,76.421875,87.3125,88.46875,98.9375,158.75,221.421875,180.09375,138.6875,140.140625,175.03125,175.28125,162.796875,153.21875,146.375,132.890625,158.265625,195.6875,187.84375,170.765625,194.546875,186.515625,142.15625,107.671875,96.078125,100.6875,109.8984375,121.7734375,112.2421875,116.875
2011-08-06,76.421875,87.3125,88.46875,98.9375,158.75,221.421875,180.09375,138.6875,140.140625,175.03125,175.28125,162.796875,153.21875,146.375,132.890625,158.265625,195.6875,187.84375,170.765625,194.546875,186.515625,142.15625,107.671875,96.078125,100.6875,109.8984375,121.7734375,112.2421875,116.875,250.546875
2011-08-07,87.3125,88.46875,98.9375,158.75,221.421875,180.09375,138.6875,140.140625,175.03125,175.28125,162.796875,153.21875,146.375,132.890625,158.265625,195.6875,187.84375,170.765625,194.546875,186.515625,142.15625,107.671875,96.078125,100.6875,109.8984375,121.7734375,112.2421875,116.875,250.546875,246.6328125
2011-08-08,77.015625,75.421875,78.96875,99.890625,118.140625,138.609375,192.25,179.4375,138.796875,135.6875,135.921875,153.171875,157.453125,147.9375,139.453125,126.5,158.25,227.65625,262.875,236.109375,231.3125,452.28125,524.375,456.6875,340.125,235.234375,175.1875,143.7265625,124.625,113.9375
2011-08-09,75.421875,78.96875,99.890625,118.140625,138.609375,192.25,179.4375,138.796875,135.6875,135.921875,153.171875,157.453125,147.9375,139.453125,126.5,158.25,227.65625,262.875,236.109375,231.3125,452.28125,524.375,456.6875,340.125,235.234375,175.1875,143.7265625,124.625,113.9375,111.078125
2011-08-10,78.96875,99.890625,118.140625,138.609375,192.25,179.4375,138.796875,135.6875,135.921875,153.171875,157.453125,147.9375,139.453125,126.5,158.25,227.65625,262.875,236.109375,231.3125,452.28125,524.375,456.6875,340.125,235.234375,175.1875,143.7265625,124.625,113.9375,111.078125,170.6953125
2011-08-11,99.890625,118.140625,138.609375,192.25,179.4375,138.796875,135.6875,135.921875,153.171875,157.453125,147.9375,139.453125,126.5,158.25,227.65625,262.875,236.109375,231.3125,452.28125,524.375,456.6875,340.125,235.234375,175.1875,143.7265625,124.625,113.9375,111.078125,170.6953125,256.21875
2011-08-12,115.484375,125.796875,167.28125,162.6875,117.96875,85.96875,79.953125,82.34375,123.15625,135.109375,109.203125,101.515625,107.734375,132.90625,142.484375,139.25,136.390625,107.28125,95.1640625,117.8046875,126.6171875,151.734375,176.578125,158.984375,176.3203125,193.9375,177.3359375,170.0,149.109375,155.671875
2011-08-13,125.796875,167.28125,162.6875,117.96875,85.96875,79.953125,82.34375,123.15625,135.109375,109.203125,101.515625,107.734375,132.90625,142.484375,139.25,136.390625,107.28125,95.1640625,117.8046875,126.6171875,151.734375,176.578125,158.984375,176.3203125,193.9375,177.3359375,170.0,149.109375,155.671875,213.6640625
2011-08-14,167.28125,162.6875,117.96875,85.96875,79.953125,82.34375,123.15625,135.109375,109.203125,101.515625,107.734375,132.90625,142.484375,139.25,136.390625,107.28125,95.1640625,117.8046875,126.6171875,151.734375,176.578125,158.984375,176.3203125,193.9375,177.3359375,170.0,149.109375,155.671875,213.6640625,228.3125
2011-08-15,149.9375,135.203125,97.46875,76.4375,84.53125,111.796875,118.234375,103.921875,102.75,105.828125,91.53125,78.84375,73.265625,75.625,83.734375,87.6875,89.390625,95.21875,107.40625,103.5,81.46875,64.375,68.734375,84.796875,121.65625,156.28125,176.3046875,181.890625,138.0859375,88.1640625
2011-08-16,135.203125,97.46875,76.4375,84.53125,111.796875,118.234375,103.921875,102.75,105.828125,91.53125,78.84375,73.265625,75.625,83.734375,87.6875,89.390625,95.21875,107.40625,103.5,81.46875,64.375,68.734375,84.796875,121.65625,156.28125,176.3046875,181.890625,138.0859375,88.1640625,59.4296875
2011-08-17,97.46875,76.4375,84.53125,111.796875,118.234375,103.921875,102.75,105.828125,91.53125,78.84375,73.265625,75.625,83.734375,87.6875,89.390625,95.21875,107.40625,103.5,81.46875,64.375,68.734375,84.796875,121.65625,156.28125,176.3046875,181.890625,138.0859375,88.1640625,59.4296875,47.15625
2011-08-18,76.4375,84.53125,111.796875,118.234375,103.921875,102.75,105.828125,91.53125,78.84375,73.265625,75.625,83.734375,87.6875,89.390625,95.21875,107.40625,103.5,81.46875,64.375,68.734375,84.796875,121.65625,156.28125,176.3046875,181.890625,138.0859375,88.1640625,59.4296875,47.15625,44.2734375
2011-08-19,79.84375,63.859375,56.28125,66.8125,81.25,114.234375,136.953125,145.328125,146.265625,141.25,128.90625,105.578125,89.953125,148.5546875,186.1015625,153.1953125,160.09375,220.5234375,465.71875,440.4921875,315.3203125,246.015625,187.359375,143.96875,117.625,107.7890625,120.59375,188.765625,203.1328125,152.171875
2011-08-20,63.859375,56.28125,66.8125,81.25,114.234375,136.953125,145.328125,146.265625,141.25,128.90625,105.578125,89.953125,148.5546875,186.1015625,153.1953125,160.09375,220.5234375,465.71875,440.4921875,315.3203125,246.015625,187.359375,143.96875,117.625,107.7890625,120.59375,188.765625,203.1328125,152.171875,113.2109375
2011-08-21,56.28125,66.8125,81.25,114.234375,136.953125,145.328125,146.265625,141.25,128.90625,105.578125,89.953125,148.5546875,186.1015625,153.1953125,160.09375,220.5234375,465.71875,440.4921875,315.3203125,246.015625,187.359375,143.96875,117.625,107.7890625,120.59375,188.765625,203.1328125,152.171875,113.2109375,102.9296875
2011-08-22,55.484375,68.1875,93.65625,122.28125,134.8125,130.0625,128.359375,125.15625,118.640625,137.484375,130.0859375,102.6015625,133.875,211.890625,199.4765625,248.2421875,487.09375,582.0859375,437.390625,288.2890625,199.6484375,146.3515625,110.9921875,98.2421875,92.4609375,94.7109375,105.1640625,99.4765625,96.5390625,100.0703125
2011-08-23,68.1875,93.65625,122.28125,134.8125,130.0625,128.359375,125.15625,118.640625,137.484375,130.0859375,102.6015625,133.875,211.890625,199.4765625,248.2421875,487.09375,582.0859375,437.390625,288.2890625,199.6484375,146.3515625,110.9921875,98.2421875,92.4609375,94.7109375,105.1640625,99.4765625,96.5390625,100.0703125,109.5078125
2011-08-24,93.65625,122.28125,134.8125,130.0625,128.359375,125.15625,118.640625,137.484375,130.0859375,102.6015625,133.875,211.890625,199.4765625,248.2421875,487.09375,582.0859375,437.390625,288.2890625,199.6484375,146.3515625,110.9921875,98.2421875,92.4609375,94.7109375,105.1640625,99.4765625,96.5390625,100.0703125,109.5078125,150.71875
2011-08-25,122.28125,134.8125,130.0625,128.359375,125.15625,118.640625,137.484375,130.0859375,102.6015625,133.875,211.890625,199.4765625,248.2421875,487.09375,582.0859375,437.390625,288.2890625,199.6484375,146.3515625,110.9921875,98.2421875,92.4609375,94.7109375,105.1640625,99.4765625,96.5390625,100.0703125,109.5078125,150.71875,178.40625
2011-08-26,113.5,147.328125,239.734375,228.0625,160.8125,120.09375,98.0703125,85.5703125,84.0234375,77.96875,79.953125,99.453125,108.484375,110.0546875,95.375,73.0546875,58.2421875,54.0625,70.3828125,146.5078125,185.2734375,142.3984375,101.328125,116.7421875,159.7578125,163.90625,127.0234375,104.890625,101.1875,109.5625
2011-08-27,147.328125,239.734375,228.0625,160.8125,120.09375,98.0703125,85.5703125,84.0234375,77.96875,79.953125,99.453125,108.484375,110.0546875,95.375,73.0546875,58.2421875,54.0625,70.3828125,146.5078125,185.2734375,142.3984375,101.328125,116.7421875,159.7578125,163.90625,127.0234375,104.890625,101.1875,109.5625,134.84375
2011-08-28,239.734375,228.0625,160.8125,120.09375,98.0703125,85.5703125,84.0234375,77.96875,79.953125,99.453125,108.484375,110.0546875,95.375,73.0546875,58.2421875,54.0625,70.3828125,146.5078125,185.2734375,142.3984375,101.328125,116.7421875,159.7578125,163.90625,127.0234375,104.890625,101.1875,109.5625,134.84375,139.8203125
2011-08-29,296.703125,201.515625,154.25,125.0546875,106.96875,99.78125,93.09375,96.375,104.578125,113.7578125,119.625,127.3203125,130.171875,116.046875,98.6484375,98.953125,110.4296875,107.0625,91.1796875,77.875,69.546875,78.203125,91.3125,140.90625,216.171875,215.3828125,166.8515625,126.7734375,98.2109375,85.25
2011-08-30,201.515625,154.25,125.0546875,106.96875,99.78125,93.09375,96.375,104.578125,113.7578125,119.625,127.3203125,130.171875,116.046875,98.6484375,98.953125,110.4296875,107.0625,91.1796875,77.875,69.546875,78.203125,91.3125,140.90625,216.171875,215.3828125,166.8515625,126.7734375,98.2109375,85.25,100.5703125
2011-08-31,154.25,125.0546875,106.96875,99.78125,93.09375,96.375,104.578125,113.7578125,119.625,127.3203125,130.171875,116.046875,98.6484375,98.953125,110.4296875,107.0625,91.1796875,77.875,69.546875,78.203125,91.3125,140.90625,216.171875,215.3828125,166.8515625,126.7734375,98.2109375,85.25,100.5703125,134.9609375
2011-09-01,125.0546875,106.96875,99.78125,93.09375,96.375,104.578125,113.7578125,119.625,127.3203125,130.171875,116.046875,98.6484375,98.953125,110.4296875,107.0625,91.1796875,77.875,69.546875,78.203125,91.3125,140.90625,216.171875,215.3828125,166.8515625,126.7734375,98.2109375,85.25,100.5703125,134.9609375,137.6171875
2011-09-02,136.21875,121.15625,106.5390625,98.2734375,99.640625,101.171875,99.5859375,99.5546875,101.4296875,191.7109375,212.15625,162.0546875,139.765625,130.6171875,138.7734375,148.265625,126.5,94.328125,84.328125,91.9921875,116.3125,129.3203125,125.046875,143.6015625,172.4765625,167.4140625,215.1796875,264.109375,263.0078125,211.8984375
2011-09-03,121.15625,106.5390625,98.2734375,99.640625,101.171875,99.5859375,99.5546875,101.4296875,191.7109375,212.15625,162.0546875,139.765625,130.6171875,138.7734375,148.265625,126.5,94.328125,84.328125,91.9921875,116.3125,129.3203125,125.046875,143.6015625,172.4765625,167.4140625,215.1796875,264.109375,263.0078125,211.8984375,161.625
2011-09-04,106.5390625,98.2734375,99.640625,101.171875,99.5859375,99.5546875,101.4296875,191.7109375,212.15625,162.0546875,139.765625,130.6171875,138.7734375,148.265625,126.5,94.328125,84.328125,91.9921875,116.3125,129.3203125,125.046875,143.6015625,172.4765625,167.4140625,215.1796875,264.109375,263.0078125,211.8984375,161.625,169.84375
2011-09-05,137.7265625,127.234375,109.3515625,93.5546875,87.4921875,97.9609375,120.875,152.2890625,169.8828125,148.65625,134.9921875,141.9921875,137.6171875,137.4921875,135.3125,121.6640625,106.609375,104.4140625,140.1484375,225.1484375,284.6328125,473.3359375,424.6171875,329.0625,283.8828125,242.421875,210.203125,181.8203125,144.03125,119.015625
2011-09-06,127.234375,109.3515625,93.5546875,87.4921875,97.9609375,120.875,152.2890625,169.8828125,148.65625,134.9921875,141.9921875,137.6171875,137.4921875,135.3125,121.6640625,106.609375,104.4140625,140.1484375,225.1484375,284.6328125,473.3359375,424.6171875,329.0625,283.8828125,242.421875,210.203125,181.8203125,144.03125,119.015625,122.6015625
2011-09-07,109.3515625,93.5546875,87.4921875,97.9609375,120.875,152.2890625,169.8828125,148.65625,134.9921875,141.9921875,137.6171875,137.4921875,135.3125,121.6640625,106.609375,104.4140625,140.1484375,225.1484375,284.6328125,473.3359375,424.6171875,329.0625,283.8828125,242.421875,210.203125,181.8203125,144.03125,119.015625,122.6015625,140.6328125
2011-09-08,93.5546875,87.4921875,97.9609375,120.875,152.2890625,169.8828125,148.65625,134.9921875,141.9921875,137.6171875,137.4921875,135.3125,121.6640625,106.609375,104.4140625,140.1484375,225.1484375,284.6328125,473.3359375,424.6171875,329.0625,283.8828125,242.421875,210.203125,181.8203125,144.03125,119.015625,122.6015625,140.6328125,132.6640625
2011-09-09,149.6484375,246.09375,405.2265625,330.234375,209.3828125,149.875,149.5234375,138.859375,113.65625,104.59375,108.546875,117.640625,122.328125,113.40625,106.8359375,101.4921875,104.90625,120.875,131.015625,152.1015625,178.4921875,204.0078125,304.5546875,298.1328125,237.8984375,250.5625,210.9609375,148.53125,112.515625,98.359375
2011-09-10,246.09375,405.2265625,330.234375,209.3828125,149.875,149.5234375,138.859375,113.65625,104.59375,108.546875,117.640625,122.328125,113.40625,106.8359375,101.4921875,104.90625,120.875,131.015625,152.1015625,178.4921875,204.0078125,304.5546875,298.1328125,237.8984375,250.5625,210.9609375,148.53125,112.515625,98.359375,98.921875
2011-09-11,405.2265625,330.234375,209.3828125,149.875,149.5234375,138.859375,113.65625,104.59375,108.546875,117.640625,122.328125,113.40625,106.8359375,101.4921875,104.90625,120.875,131.015625,152.1015625,178.4921875,204.0078125,304.5546875,298.1328125,237.8984375,250.5625,210.9609375,148.53125,112.515625,98.359375,98.921875,114.1640625
2011-09-12,402.796875,261.2734375,174.078125,135.0625,123.4921875,121.0625,117.4765625,104.75,96.046875,97.3671875,122.7890625,165.2734375,239.0703125,243.9453125,196.34375,155.734375,134.5546875,123.46875,115.3359375,140.6796875,173.390625,161.9375,190.7265625,197.5390625,164.765625,140.4453125,113.7265625,107.8359375,119.5546875,126.6484375
2011-09-13,261.2734375,174.078125,135.0625,123.4921875,121.0625,117.4765625,104.75,96.046875,97.3671875,122.7890625,165.2734375,239.0703125,243.9453125,196.34375,155.734375,134.5546875,123.46875,115.3359375,140.6796875,173.390625,161.9375,190.7265625,197.5390625,164.765625,140.4453125,113.7265625,107.8359375,119.5546875,126.6484375,118.328125
2011-09-14,174.078125,135.0625,123.4921875,121.0625,117.4765625,104.75,96.046875,97.3671875,122.7890625,165.2734375,239.0703125,243.9453125,196.34375,155.734375,134.5546875,123.46875,115.3359375,140.6796875,173.390625,161.9375,190.7265625,197.5390625,164.765625,140.4453125,113.7265625,107.8359375,119.5546875,126.6484375,118.328125,103.1484375
2011-09-15,135.0625,123.4921875,121.0625,117.4765625,104.75,96.046875,97.3671875,122.7890625,165.2734375,239.0703125,243.9453125,196.34375,155.734375,134.5546875,123.46875,115.3359375,140.6796875,173.390625,161.9375,190.7265625,197.5390625,164.765625,140.4453125,113.7265625,107.8359375,119.5546875,126.6484375,118.328125,103.1484375,107.328125
2011-09-16,122.4921875,123.703125,131.125,126.25,121.4296875,116.125,109.0546875,124.6796875,144.4375,153.5703125,151.59375,135.46875,120.9296875,114.7109375,102.09375,83.0625,77.875,75.8515625,65.9296875,55.53125,47.890625,66.8203125,101.6796875,141.3125,156.578125,159.5234375,245.3515625,273.875,247.1875,246.8515625
2011-09-17,123.703125,131.125,126.25,121.4296875,116.125,109.0546875,124.6796875,144.4375,153.5703125,151.59375,135.46875,120.9296875,114.7109375,102.09375,83.0625,77.875,75.8515625,65.9296875,55.53125,47.890625,66.8203125,101.6796875,141.3125,156.578125,159.5234375,245.3515625,273.875,247.1875,246.8515625,200.921875
2011-09-18,131.125,126.25,121.4296875,116.125,109.0546875,124.6796875,144.4375,153.5703125,151.59375,135.46875,120.9296875,114.7109375,102.09375,83.0625,77.875,75.8515625,65.9296875,55.53125,47.890625,66.8203125,101.6796875,141.3125,156.578125,159.5234375,245.3515625,273.875,247.1875,246.8515625,200.921875,159.4453125
2011-09-19,147.6796875,156.109375,161.6484375,145.21875,174.8671875,259.375,292.921875,302.109375,262.921875,199.453125,148.90625,116.0,103.6015625,107.0078125,103.1875,97.28125,107.8046875,104.90625,96.4609375,103.3359375,124.046875,132.0078125,133.3125,135.5546875,115.3046875,92.1015625,82.65625,78.984375,73.015625,86.234375
2011-09-20,156.109375,161.6484375,145.21875,174.8671875,259.375,292.921875,302.109375,262.921875,199.453125,148.90625,116.0,103.6015625,107.0078125,103.1875,97.28125,107.8046875,104.90625,96.4609375,103.3359375,124.046875,132.0078125,133.3125,135.5546875,115.3046875,92.1015625,82.65625,78.984375,73.015625,86.234375,105.71875
2011-09-21,161.6484375,145.21875,174.8671875,259.375,292.921875,302.109375,262.921875,199.453125,148.90625,116.0,103.6015625,107.0078125,103.1875,97.28125,107.8046875,104.90625,96.4609375,103.3359375,124.046875,132.0078125,133.3125,135.5546875,115.3046875,92.1015625,82.65625,78.984375,73.015625,86.234375,105.71875,97.25
2011-09-22,145.21875,174.8671875,259.375,292.921875,302.109375,262.921875,199.453125,148.90625,116.0,103.6015625,107.0078125,103.1875,97.28125,107.8046875,104.90625,96.4609375,103.3359375,124.046875,132.0078125,133.3125,135.5546875,115.3046875,92.1015625,82.65625,78.984375,73.015625,86.234375,105.71875,97.25,77.2578125
2011-09-23,330.0234375,284.75,225.828125,189.7734375,171.453125,161.8828125,143.4609375,130.9140625,123.515625,123.921875,123.8515625,119.9453125,137.8203125,175.3671875,203.125,166.453125,115.4296875,88.015625,78.421875,73.515625,65.4140625,66.078125,85.390625,107.578125,96.90625,121.625,175.890625,186.328125,178.1171875,168.84375
2011-09-24,284.75,225.828125,189.7734375,171.453125,161.8828125,143.4609375,130.9140625,123.515625,123.921875,123.8515625,119.9453125,137.8203125,175.3671875,203.125,166.453125,115.4296875,88.015625,78.421875,73.515625,65.4140625,66.078125,85.390625,107.578125,96.90625,121.625,175.890625,186.328125,178.1171875,168.84375,146.078125
2011-09-25,225.828125,189.7734375,171.453125,161.8828125,143.4609375,130.9140625,123.515625,123.921875,123.8515625,119.9453125,137.8203125,175.3671875,203.125,166.453125,115.4296875,88.015625,78.421875,73.515625,65.4140625,66.078125,85.390625,107.578125,96.90625,121.625,175.890625,186.328125,178.1171875,168.84375,146.078125,119.203125
2011-09-26,203.265625,309.7890625,405.96875,366.265625,272.3515625,203.8515625,163.953125,151.3984375,162.9765625,201.3828125,179.734375,140.1640625,138.734375,141.2734375,132.1640625,125.5234375,163.40625,209.3046875,221.9375,201.484375,150.53125,109.5,90.7109375,98.7421875,124.078125,115.734375,90.375,76.1640625,65.0390625,66.9609375
2011-09-27,309.7890625,405.96875,366.265625,272.3515625,203.8515625,163.953125,151.3984375,162.9765625,201.3828125,179.734375,140.1640625,138.734375,141.2734375,132.1640625,125.5234375,163.40625,209.3046875,221.9375,201.484375,150.53125,109.5,90.7109375,98.7421875,124.078125,115.734375,90.375,76.1640625,65.0390625,66.9609375,71.2890625
2011-09-28,405.96875,366.265625,272.3515625,203.8515625,163.953125,151.3984375,162.9765625,201.3828125,179.734375,140.1640625,138.734375,141.2734375,132.1640625,125.5234375,163.40625,209.3046875,221.9375,201.484375,150.53125,109.5,90.7109375,98.7421875,124.078125,115.734375,90.375,76.1640625,65.0390625,66.9609375,71.2890625,61.6015625
2011-09-29,366.265625,272.3515625,203.8515625,163.953125,151.3984375,162.9765625,201.3828125,179.734375,140.1640625,138.734375,141.2734375,132.1640625,125.5234375,163.40625,209.3046875,221.9375,201.484375,150.53125,109.5,90.7109375,98.7421875,124.078125,115.734375,90.375,76.1640625,65.0390625,66.9609375,71.2890625,61.6015625,51.171875
2011-09-30,207.03125,179.5234375,162.5390625,143.5078125,133.28125,124.21875,124.234375,139.4296875,137.1484375,126.828125,114.703125,105.40625,111.4140625,114.4140625,107.6796875,96.15625,84.1796875,74.1484375,62.7421875,58.0546875,60.9921875,61.140625,62.421875,65.4375,67.7109375,66.140625,58.21875,47.390625,46.21875,46.4140625
2011-10-01,179.5234375,162.5390625,143.5078125,133.28125,124.21875,124.234375,139.4296875,137.1484375,126.828125,114.703125,105.40625,111.4140625,114.4140625,107.6796875,96.15625,84.1796875,74.1484375,62.7421875,58.0546875,60.9921875,61.140625,62.421875,65.4375,67.7109375,66.140625,58.21875,47.390625,46.21875,46.4140625,37.984375
2011-10-02,162.5390625,143.5078125,133.28125,124.21875,124.234375,139.4296875,137.1484375,126.828125,114.703125,105.40625,111.4140625,114.4140625,107.6796875,96.15625,84.1796875,74.1484375,62.7421875,58.0546875,60.9921875,61.140625,62.421875,65.4375,67.7109375,66.140625,58.21875,47.390625,46.21875,46.4140625,37.984375,32.6171875
2011-10-03,147.421875,168.9453125,197.9921875,199.5859375,205.828125,176.34375,158.7734375,171.4296875,167.1484375,141.8515625,123.484375,118.5390625,120.75,121.5234375,126.296875,125.171875,121.4140625,109.2109375,91.9609375,101.7734375,142.8984375,139.328125,103.515625,78.765625,63.890625,70.546875,81.9765625,77.015625,93.03125,97.3984375
2011-10-04,168.9453125,197.9921875,199.5859375,205.828125,176.34375,158.7734375,171.4296875,167.1484375,141.8515625,123.484375,118.5390625,120.75,121.5234375,126.296875,125.171875,121.4140625,109.2109375,91.9609375,101.7734375,142.8984375,139.328125,103.515625,78.765625,63.890625,70.546875,81.9765625,77.015625,93.03125,97.3984375,77.8203125
2011-10-05,197.9921875,199.5859375,205.828125,176.34375,158.7734375,171.4296875,167.1484375,141.8515625,123.484375,118.5390625,120.75,121.5234375,126.296875,125.171875,121.4140625,109.2109375,91.9609375,101.7734375,142.8984375,139.328125,103.515625,78.765625,63.890625,70.546875,81.9765625,77.015625,93.03125,97.3984375,77.8203125,76.7890625
2011-10-06,199.5859375,205.828125,176.34375,158.7734375,171.4296875,167.1484375,141.8515625,123.484375,118.5390625,120.75,121.5234375,126.296875,125.171875,121.4140625,109.2109375,91.9609375,101.7734375,142.8984375,139.328125,103.515625,78.765625,63.890625,70.546875,81.9765625,77.015625,93.03125,97.3984375,77.8203125,76.7890625,120.65625
2011-10-07,181.1640625,157.0703125,134.140625,117.3828125,109.640625,103.7265625,98.328125,99.4296875,106.0703125,121.453125,141.3828125,142.8984375,155.4609375,157.3984375,146.4375,137.625,113.109375,82.7734375,63.9375,55.7890625,56.578125,56.0,52.875,48.8203125,47.234375,48.5390625,44.7265625,43.5703125,41.5,36.9921875
2011-10-08,157.0703125,134.140625,117.3828125,109.640625,103.7265625,98.328125,99.4296875,106.0703125,121.453125,141.3828125,142.8984375,155.4609375,157.3984375,146.4375,137.625,113.109375,82.7734375,63.9375,55.7890625,56.578125,56.0,52.875,48.8203125,47.234375,48.5390625,44.7265625,43.5703125,41.5,36.9921875,34.13671875
2011-10-09,134.140625,117.3828125,109.640625,103.7265625,98.328125,99.4296875,106.0703125,121.453125,141.3828125,142.8984375,155.4609375,157.3984375,146.4375,137.625,113.109375,82.7734375,63.9375,55.7890625,56.578125,56.0,52.875,48.8203125,47.234375,48.5390625,44.7265625,43.5703125,41.5,36.9921875,34.13671875,30.078125
2011-10-10,157.9140625,138.1015625,156.5390625,169.0390625,154.1796875,129.0859375,112.78125,100.1875,115.875,184.3359375,192.8203125,161.8125,131.2265625,106.984375,100.4296875,104.140625,112.4140625,106.203125,87.8359375,83.65625,98.5625,98.59375,83.0,70.53125,61.8515625,56.0625,50.984375,62.3984375,74.375,62.9375
2011-10-11,138.1015625,156.5390625,169.0390625,154.1796875,129.0859375,112.78125,100.1875,115.875,184.3359375,192.8203125,161.8125,131.2265625,106.984375,100.4296875,104.140625,112.4140625,106.203125,87.8359375,83.65625,98.5625,98.59375,83.0,70.53125,61.8515625,56.0625,50.984375,62.3984375,74.375,62.9375,62.59765625
2011-10-12,156.5390625,169.0390625,154.1796875,129.0859375,112.78125,100.1875,115.875,184.3359375,192.8203125,161.8125,131.2265625,106.984375,100.4296875,104.140625,112.4140625,106.203125,87.8359375,83.65625,98.5625,98.59375,83.0,70.53125,61.8515625,56.0625,50.984375,62.3984375,74.375,62.9375,62.59765625,75.07421875
2011-10-13,169.0390625,154.1796875,129.0859375,112.78125,100.1875,115.875,184.3359375,192.8203125,161.8125,131.2265625,106.984375,100.4296875,104.140625,112.4140625,106.203125,87.8359375,83.65625,98.5625,98.59375,83.0,70.53125,61.8515625,56.0625,50.984375,62.3984375,74.375,62.9375,62.59765625,75.07421875,75.28125
2011-10-14,185.46875,149.4765625,130.9921875,120.4296875,107.78125,104.765625,104.3046875,95.6328125,89.8046875,85.2890625,77.3515625,67.359375,59.1640625,52.453125,48.71875,47.703125,44.3046875,40.109375,36.8203125,35.3046875,34.2265625,35.2734375,49.6171875,70.3828125,69.6953125,52.7109375,38.8671875,32.58203125,51.62890625,73.4296875
2011-10-15,149.4765625,130.9921875,120.4296875,107.78125,104.765625,104.3046875,95.6328125,89.8046875,85.2890625,77.3515625,67.359375,59.1640625,52.453125,48.71875,47.703125,44.3046875,40.109375,36.8203125,35.3046875,34.2265625,35.2734375,49.6171875,70.3828125,69.6953125,52.7109375,38.8671875,32.58203125,51.62890625,73.4296875,67.7578125
2011-10-16,130.9921875,120.4296875,107.78125,104.765625,104.3046875,95.6328125,89.8046875,85.2890625,77.3515625,67.359375,59.1640625,52.453125,48.71875,47.703125,44.3046875,40.109375,36.8203125,35.3046875,34.2265625,35.2734375,49.6171875,70.3828125,69.6953125,52.7109375,38.8671875,32.58203125,51.62890625,73.4296875,67.7578125,60.96875
2011-10-17,107.390625,114.0859375,122.8984375,114.578125,106.9765625,102.2421875,96.890625,86.8515625,80.3359375,96.1328125,103.7109375,87.96875,84.7421875,93.46875,105.7109375,117.3515625,141.0859375,246.5546875,231.109375,165.75,132.921875,122.609375,105.578125,76.7578125,60.53125,48.625,40.421875,35.953125,32.28125,29.5390625
2011-10-18,114.0859375,122.8984375,114.578125,106.9765625,102.2421875,96.890625,86.8515625,80.3359375,96.1328125,103.7109375,87.96875,84.7421875,93.46875,105.7109375,117.3515625,141.0859375,246.5546875,231.109375,165.75,132.921875,122.609375,105.578125,76.7578125,60.53125,48.625,40.421875,35.953125,32.28125,29.5390625,27.265625
2011-10-19,122.8984375,114.578125,106.9765625,102.2421875,96.890625,86.8515625,80.3359375,96.1328125,103.7109375,87.96875,84.7421875,93.46875,105.7109375,117.3515625,141.0859375,246.5546875,231.109375,165.75,132.921875,122.609375,105.578125,76.7578125,60.53125,48.625,40.421875,35.953125,32.28125,29.5390625,27.265625,25.4765625
2011-10-20,114.578125,106.9765625,102.2421875,96.890625,86.8515625,80.3359375,96.1328125,103.7109375,87.96875,84.7421875,93.46875,105.7109375,117.3515625,141.0859375,246.5546875,231.109375,165.75,132.921875,122.609375,105.578125,76.7578125,60.53125,48.625,40.421875,35.953125,32.28125,29.5390625,27.265625,25.4765625,23.828125
2011-10-21,115.6328125,121.703125,116.8671875,101.734375,85.21875,75.3984375,78.6796875,79.984375,75.875,69.890625,59.7109375,50.2578125,45.8671875,52.6953125,61.40625,58.9296875,50.6875,41.8046875,35.0078125,30.1640625,26.2421875,22.95703125,20.44921875,18.7265625,17.04296875,15.75,14.7890625,16.47265625,29.6796875,46.3671875
2011-10-22,121.703125,116.8671875,101.734375,85.21875,75.3984375,78.6796875,79.984375,75.875,69.890625,59.7109375,50.2578125,45.8671875,52.6953125,61.40625,58.9296875,50.6875,41.8046875,35.0078125,30.1640625,26.2421875,22.95703125,20.44921875,18.7265625,17.04296875,15.75,14.7890625,16.47265625,29.6796875,46.3671875,44.23828125
2011-10-23,116.8671875,101.734375,85.21875,75.3984375,78.6796875,79.984375,75.875,69.890625,59.7109375,50.2578125,45.8671875,52.6953125,61.40625,58.9296875,50.6875,41.8046875,35.0078125,30.1640625,26.2421875,22.95703125,20.44921875,18.7265625,17.04296875,15.75,14.7890625,16.47265625,29.6796875,46.3671875,44.23828125,38.11328125
2011-10-24,157.21875,124.421875,100.7109375,83.3359375,69.3671875,59.40625,51.6171875,46.5234375,46.6640625,57.796875,71.875,76.5703125,83.765625,86.0078125,75.0078125,65.8203125,58.859375,57.08203125,56.08203125,48.1171875,39.46484375,32.56640625,28.23046875,65.2734375,109.10546875,86.765625,58.13671875,41.046875,30.8359375,23.7890625
2011-10-25,124.421875,100.7109375,83.3359375,69.3671875,59.40625,51.6171875,46.5234375,46.6640625,57.796875,71.875,76.5703125,83.765625,86.0078125,75.0078125,65.8203125,58.859375,57.08203125,56.08203125,48.1171875,39.46484375,32.56640625,28.23046875,65.2734375,109.10546875,86.765625,58.13671875,41.046875,30.8359375,23.7890625,19.45703125
2011-10-26,100.7109375,83.3359375,69.3671875,59.40625,51.6171875,46.5234375,46.6640625,57.796875,71.875,76.5703125,83.765625,86.0078125,75.0078125,65.8203125,58.859375,57.08203125,56.08203125,48.1171875,39.46484375,32.56640625,28.23046875,65.2734375,109.10546875,86.765625,58.13671875,41.046875,30.8359375,23.7890625,19.45703125,16.68359375
2011-10-27,83.3359375,69.3671875,59.40625,51.6171875,46.5234375,46.6640625,57.796875,71.875,76.5703125,83.765625,86.0078125,75.0078125,65.8203125,58.859375,57.08203125,56.08203125,48.1171875,39.46484375,32.56640625,28.23046875,65.2734375,109.10546875,86.765625,58.13671875,41.046875,30.8359375,23.7890625,19.45703125,16.68359375,14.75
2011-10-28,71.8359375,61.546875,53.734375,48.1875,43.6015625,41.2109375,41.5703125,50.0078125,65.7578125,72.5625,73.90625,71.2578125,61.7578125,57.4296875,61.453125,56.3671875,43.765625,34.1953125,38.4609375,99.2421875,119.8671875,78.84375,53.25,38.3125,29.046875,24.15625,19.7421875,16.625,14.4453125,14.40625
2011-10-29,61.546875,53.734375,48.1875,43.6015625,41.2109375,41.5703125,50.0078125,65.7578125,72.5625,73.90625,71.2578125,61.7578125,57.4296875,61.453125,56.3671875,43.765625,34.1953125,38.4609375,99.2421875,119.8671875,78.84375,53.25,38.3125,29.046875,24.15625,19.7421875,16.625,14.4453125,14.40625,18.53125
2011-10-30,53.734375,48.1875,43.6015625,41.2109375,41.5703125,50.0078125,65.7578125,72.5625,73.90625,71.2578125,61.7578125,57.4296875,61.453125,56.3671875,43.765625,34.1953125,38.4609375,99.2421875,119.8671875,78.84375,53.25,38.3125,29.046875,24.15625,19.7421875,16.625,14.4453125,14.40625,18.53125,32.9609375
2011-10-31,51.140625,47.0,55.9453125,68.65625,77.8984375,86.546875,90.4375,100.3203125,138.890625,143.453125,105.609375,72.265625,54.71875,43.671875,37.2265625,33.14453125,32.26953125,33.453125,29.3515625,25.6875,23.78125,23.0703125,22.8828125,23.2890625,21.5078125,18.390625,16.046875,13.1015625,11.5,10.8671875
2011-11-01,47.0,55.9453125,68.65625,77.8984375,86.546875,90.4375,100.3203125,138.890625,143.453125,105.609375,72.265625,54.71875,43.671875,37.2265625,33.14453125,32.26953125,33.453125,29.3515625,25.6875,23.78125,23.0703125,22.8828125,23.2890625,21.5078125,18.390625,16.046875,13.1015625,11.5,10.8671875,10.28125
2011-11-02,55.9453125,68.65625,77.8984375,86.546875,90.4375,100.3203125,138.890625,143.453125,105.609375,72.265625,54.71875,43.671875,37.2265625,33.14453125,32.26953125,33.453125,29.3515625,25.6875,23.78125,23.0703125,22.8828125,23.2890625,21.5078125,18.390625,16.046875,13.1015625,11.5,10.8671875,10.28125,14.0625
2011-11-03,68.65625,77.8984375,86.546875,90.4375,100.3203125,138.890625,143.453125,105.609375,72.265625,54.71875,43.671875,37.2265625,33.14453125,32.26953125,33.453125,29.3515625,25.6875,23.78125,23.0703125,22.8828125,23.2890625,21.5078125,18.390625,16.046875,13.1015625,11.5,10.8671875,10.28125,14.0625,25.609375
2011-11-04,40.1328125,40.546875,46.3359375,84.140625,99.5859375,77.078125,61.703125,50.2109375,40.2734375,34.0546875,30.1875,27.109375,25.03125,23.0625,22.953125,25.296875,27.8046875,30.390625,32.890625,33.984375,30.3515625,23.734375,18.7890625,15.3828125,13.5546875,12.984375,12.9453125,22.546875,35.609375,29.3203125
2011-11-05,40.546875,46.3359375,84.140625,99.5859375,77.078125,61.703125,50.2109375,40.2734375,34.0546875,30.1875,27.109375,25.03125,23.0625,22.953125,25.296875,27.8046875,30.390625,32.890625,33.984375,30.3515625,23.734375,18.7890625,15.3828125,13.5546875,12.984375,12.9453125,22.546875,35.609375,29.3203125,21.4375
2011-11-06,46.3359375,84.140625,99.5859375,77.078125,61.703125,50.2109375,40.2734375,34.0546875,30.1875,27.109375,25.03125,23.0625,22.953125,25.296875,27.8046875,30.390625,32.890625,33.984375,30.3515625,23.734375,18.7890625,15.3828125,13.5546875,12.984375,12.9453125,22.546875,35.609375,29.3203125,21.4375,16.25
2011-11-07,66.0,59.1484375,55.84375,49.578125,44.0390625,41.42578125,40.171875,36.8515625,31.94140625,27.6796875,26.46484375,30.1171875,46.6640625,57.765625,49.1171875,39.7421875,36.53125,47.671875,54.390625,45.7890625,38.2890625,30.046875,22.84375,17.5078125,14.0625,11.890625,10.0625,8.484375,7.421875,6.8046875
2011-11-08,59.1484375,55.84375,49.578125,44.0390625,41.42578125,40.171875,36.8515625,31.94140625,27.6796875,26.46484375,30.1171875,46.6640625,57.765625,49.1171875,39.7421875,36.53125,47.671875,54.390625,45.7890625,38.2890625,30.046875,22.84375,17.5078125,14.0625,11.890625,10.0625,8.484375,7.421875,6.8046875,6.53125
2011-11-09,55.84375,49.578125,44.0390625,41.42578125,40.171875,36.8515625,31.94140625,27.6796875,26.46484375,30.1171875,46.6640625,57.765625,49.1171875,39.7421875,36.53125,47.671875,54.390625,45.7890625,38.2890625,30.046875,22.84375,17.5078125,14.0625,11.890625,10.0625,8.484375,7.421875,6.8046875,6.53125,5.9453125
2011-11-10,49.578125,44.0390625,41.42578125,40.171875,36.8515625,31.94140625,27.6796875,26.46484375,30.1171875,46.6640625,57.765625,49.1171875,39.7421875,36.53125,47.671875,54.390625,45.7890625,38.2890625,30.046875,22.84375,17.5078125,14.0625,11.890625,10.0625,8.484375,7.421875,6.8046875,6.53125,5.9453125,5.3671875
2011-11-11,64.4140625,59.4453125,50.22265625,41.77734375,35.91796875,32.6328125,31.89453125,37.74609375,46.4140625,48.015625,48.953125,49.8203125,45.8671875,44.84375,45.1875,36.546875,27.9296875,22.0703125,17.3828125,14.2890625,11.8046875,10.296875,9.0078125,7.8359375,7.171875,6.8984375,7.4375,37.3359375,75.7109375,57.6953125
2011-11-12,59.4453125,50.22265625,41.77734375,35.91796875,32.6328125,31.89453125,37.74609375,46.4140625,48.015625,48.953125,49.8203125,45.8671875,44.84375,45.1875,36.546875,27.9296875,22.0703125,17.3828125,14.2890625,11.8046875,10.296875,9.0078125,7.8359375,7.171875,6.8984375,7.4375,37.3359375,75.7109375,57.6953125,42.34375
2011-11-13,50.22265625,41.77734375,35.91796875,32.6328125,31.89453125,37.74609375,46.4140625,48.015625,48.953125,49.8203125,45.8671875,44.84375,45.1875,36.546875,27.9296875,22.0703125,17.3828125,14.2890625,11.8046875,10.296875,9.0078125,7.8359375,7.171875,6.8984375,7.4375,37.3359375,75.7109375,57.6953125,42.34375,30.015625
2011-11-14,69.0703125,51.3671875,47.7578125,56.1171875,68.33984375,83.69921875,91.65625,82.40625,158.5234375,181.4453125,122.6171875,81.171875,65.328125,58.4140625,46.5546875,37.3359375,32.640625,28.53125,29.6015625,34.53125,29.296875,23.078125,18.375,15.390625,13.2578125,11.0078125,9.1953125,7.9921875,7.5078125,6.953125
2011-11-15,51.3671875,47.7578125,56.1171875,68.33984375,83.69921875,91.65625,82.40625,158.5234375,181.4453125,122.6171875,81.171875,65.328125,58.4140625,46.5546875,37.3359375,32.640625,28.53125,29.6015625,34.53125,29.296875,23.078125,18.375,15.390625,13.2578125,11.0078125,9.1953125,7.9921875,7.5078125,6.953125,6.21875
2011-11-16,47.7578125,56.1171875,68.33984375,83.69921875,91.65625,82.40625,158.5234375,181.4453125,122.6171875,81.171875,65.328125,58.4140625,46.5546875,37.3359375,32.640625,28.53125,29.6015625,34.53125,29.296875,23.078125,18.375,15.390625,13.2578125,11.0078125,9.1953125,7.9921875,7.5078125,6.953125,6.21875,5.21875
2011-11-17,56.1171875,68.33984375,83.69921875,91.65625,82.40625,158.5234375,181.4453125,122.6171875,81.171875,65.328125,58.4140625,46.5546875,37.3359375,32.640625,28.53125,29.6015625,34.53125,29.296875,23.078125,18.375,15.390625,13.2578125,11.0078125,9.1953125,7.9921875,7.5078125,6.953125,6.21875,5.21875,5.7734375
2011-11-18,35.2890625,34.7734375,35.3515625,32.234375,37.1953125,109.765625,137.6484375,92.9765625,62.828125,47.0546875,37.3359375,30.71875,24.640625,20.40625,18.421875,21.671875,29.796875,30.5546875,24.5390625,19.1015625,16.140625,15.7265625,14.890625,13.1484375,11.2578125,10.125,9.0859375,8.1015625,6.875,6.4765625
2011-11-19,34.7734375,35.3515625,32.234375,37.1953125,109.765625,137.6484375,92.9765625,62.828125,47.0546875,37.3359375,30.71875,24.640625,20.40625,18.421875,21.671875,29.796875,30.5546875,24.5390625,19.1015625,16.140625,15.7265625,14.890625,13.1484375,11.2578125,10.125,9.0859375,8.1015625,6.875,6.4765625,6.765625
2011-11-20,35.3515625,32.234375,37.1953125,109.765625,137.6484375,92.9765625,62.828125,47.0546875,37.3359375,30.71875,24.640625,20.40625,18.421875,21.671875,29.796875,30.5546875,24.5390625,19.1015625,16.140625,15.7265625,14.890625,13.1484375,11.2578125,10.125,9.0859375,8.1015625,6.875,6.4765625,6.765625,6.5
2011-11-21,53.15625,40.8984375,34.5078125,31.0234375,26.0234375,21.8828125,18.9140625,16.71875,14.9609375,13.65625,12.2734375,10.890625,9.8203125,9.078125,9.234375,10.0625,9.5078125,8.6484375,8.1953125,7.2578125,5.890625,4.921875,4.53125,4.359375,4.0390625,3.984375,4.2578125,4.078125,3.8359375,3.6171875
2011-11-22,40.8984375,34.5078125,31.0234375,26.0234375,21.8828125,18.9140625,16.71875,14.9609375,13.65625,12.2734375,10.890625,9.8203125,9.078125,9.234375,10.0625,9.5078125,8.6484375,8.1953125,7.2578125,5.890625,4.921875,4.53125,4.359375,4.0390625,3.984375,4.2578125,4.078125,3.8359375,3.6171875,3.25
2011-11-23,34.5078125,31.0234375,26.0234375,21.8828125,18.9140625,16.71875,14.9609375,13.65625,12.2734375,10.890625,9.8203125,9.078125,9.234375,10.0625,9.5078125,8.6484375,8.1953125,7.2578125,5.890625,4.921875,4.53125,4.359375,4.0390625,3.984375,4.2578125,4.078125,3.8359375,3.6171875,3.25,3.15625
2011-11-24,31.0234375,26.0234375,21.8828125,18.9140625,16.71875,14.9609375,13.65625,12.2734375,10.890625,9.8203125,9.078125,9.234375,10.0625,9.5078125,8.6484375,8.1953125,7.2578125,5.890625,4.921875,4.53125,4.359375,4.0390625,3.984375,4.2578125,4.078125,3.8359375,3.6171875,3.25,3.15625,3.4921875
2011-11-25,28.6640625,24.5078125,21.75,19.421875,17.1484375,15.171875,13.390625,11.7265625,10.6640625,9.546875,8.9375,8.0546875,66.2734375,128.8828125,133.8515625,115.265625,76.2890625,50.0234375,33.46875,23.2734375,18.2109375,14.265625,11.046875,9.2109375,7.890625,6.7578125,5.875,5.4296875,5.09375,4.6640625
2011-11-26,24.5078125,21.75,19.421875,17.1484375,15.171875,13.390625,11.7265625,10.6640625,9.546875,8.9375,8.0546875,66.2734375,128.8828125,133.8515625,115.265625,76.2890625,50.0234375,33.46875,23.2734375,18.2109375,14.265625,11.046875,9.2109375,7.890625,6.7578125,5.875,5.4296875,5.09375,4.6640625,4.4921875
2011-11-27,21.75,19.421875,17.1484375,15.171875,13.390625,11.7265625,10.6640625,9.546875,8.9375,8.0546875,66.2734375,128.8828125,133.8515625,115.265625,76.2890625,50.0234375,33.46875,23.2734375,18.2109375,14.265625,11.046875,9.2109375,7.890625,6.7578125,5.875,5.4296875,5.09375,4.6640625,4.4921875,4.1015625
2011-11-28,21.71875,20.7265625,19.3203125,16.890625,14.765625,13.1484375,11.453125,11.640625,10.6796875,13.9609375,24.8125,44.0625,72.4296875,72.1171875,58.390625,49.46875,51.640625,50.9765625,37.7421875,29.1015625,22.8984375,17.7421875,14.0625,11.203125,9.0625,7.296875,6.2109375,5.7421875,5.21875,4.1171875
2011-11-29,20.7265625,19.3203125,16.890625,14.765625,13.1484375,11.453125,11.640625,10.6796875,13.9609375,24.8125,44.0625,72.4296875,72.1171875,58.390625,49.46875,51.640625,50.9765625,37.7421875,29.1015625,22.8984375,17.7421875,14.0625,11.203125,9.0625,7.296875,6.2109375,5.7421875,5.21875,4.1171875,3.6484375
2011-11-30,19.3203125,16.890625,14.765625,13.1484375,11.453125,11.640625,10.6796875,13.9609375,24.8125,44.0625,72.4296875,72.1171875,58.390625,49.46875,51.640625,50.9765625,37.7421875,29.1015625,22.8984375,17.7421875,14.0625,11.203125,9.0625,7.296875,6.2109375,5.7421875,5.21875,4.1171875,3.6484375,3.5234375
2011-12-01,16.890625,14.765625,13.1484375,11.453125,11.640625,10.6796875,13.9609375,24.8125,44.0625,72.4296875,72.1171875,58.390625,49.46875,51.640625,50.9765625,37.7421875,29.1015625,22.8984375,17.7421875,14.0625,11.203125,9.0625,7.296875,6.2109375,5.7421875,5.21875,4.1171875,3.6484375,3.5234375,3.34375
2011-12-02,14.7109375,13.2734375,12.1640625,11.0546875,10.75,16.7421875,33.0234375,34.5234375,27.1484375,21.3046875,17.5,13.40625,10.609375,9.078125,7.6484375,7.09375,5.921875,4.90625,4.1875,5.4140625,7.1953125,7.4296875,6.9140625,6.3359375,6.28125,8.359375,10.65625,10.9296875,9.8203125,8.2578125
2011-12-03,13.2734375,12.1640625,11.0546875,10.75,16.7421875,33.0234375,34.5234375,27.1484375,21.3046875,17.5,13.40625,10.609375,9.078125,7.6484375,7.09375,5.921875,4.90625,4.1875,5.4140625,7.1953125,7.4296875,6.9140625,6.3359375,6.28125,8.359375,10.65625,10.9296875,9.8203125,8.2578125,7.3515625
2011-12-04,12.1640625,11.0546875,10.75,16.7421875,33.0234375,34.5234375,27.1484375,21.3046875,17.5,13.40625,10.609375,9.078125,7.6484375,7.09375,5.921875,4.90625,4.1875,5.4140625,7.1953125,7.4296875,6.9140625,6.3359375,6.28125,8.359375,10.65625,10.9296875,9.8203125,8.2578125,7.3515625,6.953125
2011-12-05,11.8671875,10.9453125,11.6328125,17.78125,28.4609375,27.984375,22.0234375,16.921875,13.0234375,10.09375,8.1484375,6.8515625,5.609375,4.640625,4.4296875,3.9375,3.8203125,3.515625,3.3828125,3.2109375,3.078125,3.140625,3.015625,2.9296875,3.3828125,2.984375,2.7578125,2.7421875,2.7109375,2.6875
2011-12-06,10.9453125,11.6328125,17.78125,28.4609375,27.984375,22.0234375,16.921875,13.0234375,10.09375,8.1484375,6.8515625,5.609375,4.640625,4.4296875,3.9375,3.8203125,3.515625,3.3828125,3.2109375,3.078125,3.140625,3.015625,2.9296875,3.3828125,2.984375,2.7578125,2.7421875,2.7109375,2.6875,2.65625
2011-12-07,11.6328125,17.78125,28.4609375,27.984375,22.0234375,16.921875,13.0234375,10.09375,8.1484375,6.8515625,5.609375,4.640625,4.4296875,3.9375,3.8203125,3.515625,3.3828125,3.2109375,3.078125,3.140625,3.015625,2.9296875,3.3828125,2.984375,2.7578125,2.7421875,2.7109375,2.6875,2.65625,2.6328125
2011-12-08,17.78125,28.4609375,27.984375,22.0234375,16.921875,13.0234375,10.09375,8.1484375,6.8515625,5.609375,4.640625,4.4296875,3.9375,3.8203125,3.515625,3.3828125,3.2109375,3.078125,3.140625,3.015625,2.9296875,3.3828125,2.984375,2.7578125,2.7421875,2.7109375,2.6875,2.65625,2.6328125,3.453125
2011-12-09,119.625,91.4296875,58.09375,38.59375,27.203125,20.28125,15.8359375,12.890625,10.7265625,10.046875,9.5078125,49.1328125,193.7578125,180.96875,103.9453125,63.4296875,41.6640625,29.015625,21.53125,16.6640625,13.0390625,10.7734375,9.5546875,8.421875,7.1875,5.984375,5.8828125,4.9453125,3.9921875,3.6875
2011-12-10,91.4296875,58.09375,38.59375,27.203125,20.28125,15.8359375,12.890625,10.7265625,10.046875,9.5078125,49.1328125,193.7578125,180.96875,103.9453125,63.4296875,41.6640625,29.015625,21.53125,16.6640625,13.0390625,10.7734375,9.5546875,8.421875,7.1875,5.984375,5.8828125,4.9453125,3.9921875,3.6875,3.5234375
2011-12-11,58.09375,38.59375,27.203125,20.28125,15.8359375,12.890625,10.7265625,10.046875,9.5078125,49.1328125,193.7578125,180.96875,103.9453125,63.4296875,41.6640625,29.015625,21.53125,16.6640625,13.0390625,10.7734375,9.5546875,8.421875,7.1875,5.984375,5.8828125,4.9453125,3.9921875,3.6875,3.5234375,3.3828125
2011-12-12,35.9296875,28.046875,29.0859375,31.453125,28.8359375,24.265625,20.546875,17.71875,13.8984375,11.765625,9.4453125,7.5625,6.5703125,5.90625,5.3046875,4.9921875,4.53125,3.9453125,3.53125,3.71875,3.453125,3.109375,3.25,3.296875,3.265625,3.2109375,3.21875,3.2890625,3.3828125,3.7265625
2011-12-13,28.046875,29.0859375,31.453125,28.8359375,24.265625,20.546875,17.71875,13.8984375,11.765625,9.4453125,7.5625,6.5703125,5.90625,5.3046875,4.9921875,4.53125,3.9453125,3.53125,3.71875,3.453125,3.109375,3.25,3.296875,3.265625,3.2109375,3.21875,3.2890625,3.3828125,3.7265625,4.1953125
2011-12-14,29.0859375,31.453125,28.8359375,24.265625,20.546875,17.71875,13.8984375,11.765625,9.4453125,7.5625,6.5703125,5.90625,5.3046875,4.9921875,4.53125,3.9453125,3.53125,3.71875,3.453125,3.109375,3.25,3.296875,3.265625,3.2109375,3.21875,3.2890625,3.3828125,3.7265625,4.1953125,4.5703125
2011-12-15,31.453125,28.8359375,24.265625,20.546875,17.71875,13.8984375,11.765625,9.4453125,7.5625,6.5703125,5.90625,5.3046875,4.9921875,4.53125,3.9453125,3.53125,3.71875,3.453125,3.109375,3.25,3.296875,3.265625,3.2109375,3.21875,3.2890625,3.3828125,3.7265625,4.1953125,4.5703125,4.796875
2011-12-16,14.4609375,12.3125,10.0703125,8.6484375,7.7578125,6.71875,5.7421875,5.0625,4.390625,3.921875,4.375,4.3984375,3.625,3.1953125,3.3125,3.328125,3.25,3.46875,3.4140625,3.25,3.1640625,3.125,3.09375,3.6328125,4.5,4.75,4.59375,4.5078125,5.7109375,10.9375
2011-12-17,12.3125,10.0703125,8.6484375,7.7578125,6.71875,5.7421875,5.0625,4.390625,3.921875,4.375,4.3984375,3.625,3.1953125,3.3125,3.328125,3.25,3.46875,3.4140625,3.25,3.1640625,3.125,3.09375,3.6328125,4.5,4.75,4.59375,4.5078125,5.7109375,10.9375,13.40625
2011-12-18,10.0703125,8.6484375,7.7578125,6.71875,5.7421875,5.0625,4.390625,3.921875,4.375,4.3984375,3.625,3.1953125,3.3125,3.328125,3.25,3.46875,3.4140625,3.25,3.1640625,3.125,3.09375,3.6328125,4.5,4.75,4.59375,4.5078125,5.7109375,10.9375,13.40625,14.625
2011-12-19,7.953125,7.6171875,7.9765625,8.9765625,8.8046875,7.8046875,6.984375,6.0546875,5.390625,5.015625,5.203125,5.578125,6.015625,6.296875,6.2265625,5.7734375,5.7109375,6.3203125,6.625,5.6953125,5.2890625,4.7421875,4.5546875,4.4375,4.109375,3.8046875,3.78125,4.2265625,5.5234375,6.4296875
2011-12-20,7.6171875,7.9765625,8.9765625,8.8046875,7.8046875,6.984375,6.0546875,5.390625,5.015625,5.203125,5.578125,6.015625,6.296875,6.2265625,5.7734375,5.7109375,6.3203125,6.625,5.6953125,5.2890625,4.7421875,4.5546875,4.4375,4.109375,3.8046875,3.78125,4.2265625,5.5234375,6.4296875,6.3125
2011-12-21,7.9765625,8.9765625,8.8046875,7.8046875,6.984375,6.0546875,5.390625,5.015625,5.203125,5.578125,6.015625,6.296875,6.2265625,5.7734375,5.7109375,6.3203125,6.625,5.6953125,5.2890625,4.7421875,4.5546875,4.4375,4.109375,3.8046875,3.78125,4.2265625,5.5234375,6.4296875,6.3125,5.984375
2011-12-22,8.9765625,8.8046875,7.8046875,6.984375,6.0546875,5.390625,5.015625,5.203125,5.578125,6.015625,6.296875,6.2265625,5.7734375,5.7109375,6.3203125,6.625,5.6953125,5.2890625,4.7421875,4.5546875,4.4375,4.109375,3.8046875,3.78125,4.2265625,5.5234375,6.4296875,6.3125,5.984375,6.2890625
2011-12-23,14.25,11.234375,9.1328125,7.609375,6.5,5.59375,6.859375,12.0703125,30.1796875,36.859375,27.953125,19.5078125,14.3984375,11.0,8.9375,7.4375,6.2265625,5.453125,7.671875,18.1484375,25.6328125,29.015625,30.765625,23.6796875,17.7734375,13.5859375,10.9609375,15.0703125,24.3125,21.515625
2011-12-24,11.234375,9.1328125,7.609375,6.5,5.59375,6.859375,12.0703125,30.1796875,36.859375,27.953125,19.5078125,14.3984375,11.0,8.9375,7.4375,6.2265625,5.453125,7.671875,18.1484375,25.6328125,29.015625,30.765625,23.6796875,17.7734375,13.5859375,10.9609375,15.0703125,24.3125,21.515625,16.984375
2011-12-25,9.1328125,7.609375,6.5,5.59375,6.859375,12.0703125,30.1796875,36.859375,27.953125,19.5078125,14.3984375,11.0,8.9375,7.4375,6.2265625,5.453125,7.671875,18.1484375,25.6328125,29.015625,30.765625,23.6796875,17.7734375,13.5859375,10.9609375,15.0703125,24.3125,21.515625,16.984375,18.0
2011-12-26,7.5,7.359375,6.234375,11.90625,26.9375,38.71875,41.4765625,32.1796875,25.0078125,21.7734375,18.21875,14.609375,11.9140625,9.9296875,8.59375,8.8671875,12.203125,18.7734375,22.2890625,24.15625,44.734375,78.671875,74.7890625,56.7890625,39.03125,26.9453125,19.75,15.140625,11.609375,9.34375
2011-12-27,7.359375,6.234375,11.90625,26.9375,38.71875,41.4765625,32.1796875,25.0078125,21.7734375,18.21875,14.609375,11.9140625,9.9296875,8.59375,8.8671875,12.203125,18.7734375,22.2890625,24.15625,44.734375,78.671875,74.7890625,56.7890625,39.03125,26.9453125,19.75,15.140625,11.609375,9.34375,7.171875
2011-12-28,6.234375,11.90625,26.9375,38.71875,41.4765625,32.1796875,25.0078125,21.7734375,18.21875,14.609375,11.9140625,9.9296875,8.59375,8.8671875,12.203125,18.7734375,22.2890625,24.15625,44.734375,78.671875,74.7890625,56.7890625,39.03125,26.9453125,19.75,15.140625,11.609375,9.34375,7.171875,5.890625
2011-12-29,11.90625,26.9375,38.71875,41.4765625,32.1796875,25.0078125,21.7734375,18.21875,14.609375,11.9140625,9.9296875,8.59375,8.8671875,12.203125,18.7734375,22.2890625,24.15625,44.734375,78.671875,74.7890625,56.7890625,39.03125,26.9453125,19.75,15.140625,11.609375,9.34375,7.171875,5.890625,5.03125
2011-12-30,4.9140625,14.6953125,65.9453125,85.9375,60.5234375,39.3828125,26.859375,19.375,25.71875,39.8671875,33.4140625,24.4765625,18.7265625,16.2265625,16.6015625,16.9921875,19.59375,18.4765625,14.8984375,12.0,10.640625,9.203125,8.015625,9.296875,15.09375,14.421875,11.84375,9.9375,8.375,6.96875
2011-12-31,14.6953125,65.9453125,85.9375,60.5234375,39.3828125,26.859375,19.375,25.71875,39.8671875,33.4140625,24.4765625,18.7265625,16.2265625,16.6015625,16.9921875,19.59375,18.4765625,14.8984375,12.0,10.640625,9.203125,8.015625,9.296875,15.09375,14.421875,11.84375,9.9375,8.375,6.96875,6.03125
2012-01-01,65.9453125,85.9375,60.5234375,39.3828125,26.859375,19.375,25.71875,39.8671875,33.4140625,24.4765625,18.7265625,16.2265625,16.6015625,16.9921875,19.59375,18.4765625,14.8984375,12.0,10.640625,9.203125,8.015625,9.296875,15.09375,14.421875,11.84375,9.9375,8.375,6.96875,6.03125,5.5
2012-01-02,85.9375,60.5234375,39.3828125,26.859375,19.375,25.71875,39.8671875,33.4140625,24.4765625,18.7265625,16.2265625,16.6015625,16.9921875,19.59375,18.4765625,14.8984375,12.0,10.640625,9.203125,8.015625,9.296875,15.09375,14.421875,11.84375,9.9375,8.375,6.96875,6.03125,5.5,7.375
2012-01-03,14.4609375,18.6328125,17.5390625,14.2890625,11.390625,8.78125,7.140625,6.71875,6.8828125,6.6171875,6.046875,5.421875,4.953125,5.2421875,6.7734375,9.46875,13.390625,15.109375,12.890625,9.84375,7.546875,6.25,6.203125,6.3125,6.1875,6.5625,7.609375,9.28125,10.5,11.140625
2012-01-04,18.6328125,17.5390625,14.2890625,11.390625,8.78125,7.140625,6.71875,6.8828125,6.6171875,6.046875,5.421875,4.953125,5.2421875,6.7734375,9.46875,13.390625,15.109375,12.890625,9.84375,7.546875,6.25,6.203125,6.3125,6.1875,6.5625,7.609375,9.28125,10.5,11.140625,10.875
2012-01-05,17.5390625,14.2890625,11.390625,8.78125,7.140625,6.71875,6.8828125,6.6171875,6.046875,5.421875,4.953125,5.2421875,6.7734375,9.46875,13.390625,15.109375,12.890625,9.84375,7.546875,6.25,6.203125,6.3125,6.1875,6.5625,7.609375,9.28125,10.5,11.140625,10.875,11.390625
2012-01-06,14.2890625,11.390625,8.78125,7.140625,6.71875,6.8828125,6.6171875,6.046875,5.421875,4.953125,5.2421875,6.7734375,9.46875,13.390625,15.109375,12.890625,9.84375,7.546875,6.25,6.203125,6.3125,6.1875,6.5625,7.609375,9.28125,10.5,11.140625,10.875,11.390625,18.28125
2012-01-07,9.4140625,8.984375,7.6953125,6.53125,6.0703125,25.6015625,56.7265625,49.0,43.140625,41.8671875,36.734375,29.765625,23.515625,18.78125,18.125,23.234375,28.046875,26.234375,20.71875,16.484375,12.515625,9.6875,7.796875,6.671875,5.953125,5.40625,5.765625,7.328125,17.84375,35.53125
2012-01-08,8.984375,7.6953125,6.53125,6.0703125,25.6015625,56.7265625,49.0,43.140625,41.8671875,36.734375,29.765625,23.515625,18.78125,18.125,23.234375,28.046875,26.234375,20.71875,16.484375,12.515625,9.6875,7.796875,6.671875,5.953125,5.40625,5.765625,7.328125,17.84375,35.53125,35.25
2012-01-09,7.6953125,6.53125,6.0703125,25.6015625,56.7265625,49.0,43.140625,41.8671875,36.734375,29.765625,23.515625,18.78125,18.125,23.234375,28.046875,26.234375,20.71875,16.484375,12.515625,9.6875,7.796875,6.671875,5.953125,5.40625,5.765625,7.328125,17.84375,35.53125,35.25,29.890625
2012-01-10,6.0,6.5,6.890625,8.6875,10.9296875,12.6796875,13.8125,20.09375,33.9765625,43.328125,36.8125,26.59375,19.40625,14.609375,11.21875,9.421875,10.734375,14.96875,13.75,11.46875,8.609375,7.296875,6.4375,5.65625,5.90625,5.703125,5.75,7.78125,10.28125,10.21875
2012-01-11,6.5,6.890625,8.6875,10.9296875,12.6796875,13.8125,20.09375,33.9765625,43.328125,36.8125,26.59375,19.40625,14.609375,11.21875,9.421875,10.734375,14.96875,13.75,11.46875,8.609375,7.296875,6.4375,5.65625,5.90625,5.703125,5.75,7.78125,10.28125,10.21875,9.625
2012-01-12,6.890625,8.6875,10.9296875,12.6796875,13.8125,20.09375,33.9765625,43.328125,36.8125,26.59375,19.40625,14.609375,11.21875,9.421875,10.734375,14.96875,13.75,11.46875,8.609375,7.296875,6.4375,5.65625,5.90625,5.703125,5.75,7.78125,10.28125,10.21875,9.625,39.265625
2012-01-13,8.6875,10.9296875,12.6796875,13.8125,20.09375,33.9765625,43.328125,36.8125,26.59375,19.40625,14.609375,11.21875,9.421875,10.734375,14.96875,13.75,11.46875,8.609375,7.296875,6.4375,5.65625,5.90625,5.703125,5.75,7.78125,10.28125,10.21875,9.625,39.265625,77.109375
2012-01-14,26.5703125,80.15625,99.0078125,147.359375,168.53125,118.21875,77.921875,78.15625,90.375,98.5625,91.359375,64.5,42.28125,29.265625,21.1875,16.375,12.78125,9.859375,7.703125,6.5625,6.8125,5.96875,5.453125,4.9375,8.0,16.296875,18.4375,16.890625,14.328125,13.546875
2012-01-15,80.15625,99.0078125,147.359375,168.53125,118.21875,77.921875,78.15625,90.375,98.5625,91.359375,64.5,42.28125,29.265625,21.1875,16.375,12.78125,9.859375,7.703125,6.5625,6.8125,5.96875,5.453125,4.9375,8.0,16.296875,18.4375,16.890625,14.328125,13.546875,15.046875
2012-01-16,99.0078125,147.359375,168.53125,118.21875,77.921875,78.15625,90.375,98.5625,91.359375,64.5,42.28125,29.265625,21.1875,16.375,12.78125,9.859375,7.703125,6.5625,6.8125,5.96875,5.453125,4.9375,8.0,16.296875,18.4375,16.890625,14.328125,13.546875,15.046875,15.59375
2012-01-17,136.0234375,125.1171875,100.109375,82.15625,56.234375,45.234375,47.90625,61.609375,63.546875,45.3125,30.96875,21.84375,15.984375,12.546875,10.5625,10.53125,14.171875,15.859375,13.0,9.859375,7.46875,6.1875,5.71875,5.1875,4.625,4.171875,3.84375,3.796875,4.640625,6.9375
2012-01-18,125.1171875,100.109375,82.15625,56.234375,45.234375,47.90625,61.609375,63.546875,45.3125,30.96875,21.84375,15.984375,12.546875,10.5625,10.53125,14.171875,15.859375,13.0,9.859375,7.46875,6.1875,5.71875,5.1875,4.625,4.171875,3.84375,3.796875,4.640625,6.9375,9.75
2012-01-19,100.109375,82.15625,56.234375,45.234375,47.90625,61.609375,63.546875,45.3125,30.96875,21.84375,15.984375,12.546875,10.5625,10.53125,14.171875,15.859375,13.0,9.859375,7.46875,6.1875,5.71875,5.1875,4.625,4.171875,3.84375,3.796875,4.640625,6.9375,9.75,12.125
2012-01-20,82.15625,56.234375,45.234375,47.90625,61.609375,63.546875,45.3125,30.96875,21.84375,15.984375,12.546875,10.5625,10.53125,14.171875,15.859375,13.0,9.859375,7.46875,6.1875,5.71875,5.1875,4.625,4.171875,3.84375,3.796875,4.640625,6.9375,9.75,12.125,14.21875
2012-01-21,78.671875,61.609375,57.328125,45.046875,31.265625,22.140625,16.4375,14.203125,14.53125,13.53125,11.65625,9.96875,8.5625,7.59375,6.71875,6.15625,5.625,5.390625,7.828125,9.625,8.875,7.6875,7.484375,7.8125,8.671875,10.71875,12.71875,18.40625,30.9375,46.4375
2012-01-22,61.609375,57.328125,45.046875,31.265625,22.140625,16.4375,14.203125,14.53125,13.53125,11.65625,9.96875,8.5625,7.59375,6.71875,6.15625,5.625,5.390625,7.828125,9.625,8.875,7.6875,7.484375,7.8125,8.671875,10.71875,12.71875,18.40625,30.9375,46.4375,58.875
2012-01-23,57.328125,45.046875,31.265625,22.140625,16.4375,14.203125,14.53125,13.53125,11.65625,9.96875,8.5625,7.59375,6.71875,6.15625,5.625,5.390625,7.828125,9.625,8.875,7.6875,7.484375,7.8125,8.671875,10.71875,12.71875,18.40625,30.9375,46.4375,58.875,49.125
2012-01-24,74.265625,56.421875,39.109375,27.03125,20.1875,15.25,12.375,10.15625,8.421875,7.328125,6.640625,8.265625,13.6875,16.09375,19.765625,25.078125,22.90625,18.640625,19.9375,24.6875,22.03125,16.5625,11.46875,8.9375,7.53125,6.1875,5.1875,5.1875,6.6875,12.65625
2012-01-25,56.421875,39.109375,27.03125,20.1875,15.25,12.375,10.15625,8.421875,7.328125,6.640625,8.265625,13.6875,16.09375,19.765625,25.078125,22.90625,18.640625,19.9375,24.6875,22.03125,16.5625,11.46875,8.9375,7.53125,6.1875,5.1875,5.1875,6.6875,12.65625,25.25
2012-01-26,39.109375,27.03125,20.1875,15.25,12.375,10.15625,8.421875,7.328125,6.640625,8.265625,13.6875,16.09375,19.765625,25.078125,22.90625,18.640625,19.9375,24.6875,22.03125,16.5625,11.46875,8.9375,7.53125,6.1875,5.1875,5.1875,6.6875,12.65625,25.25,46.75
2012-01-27,27.03125,20.1875,15.25,12.375,10.15625,8.421875,7.328125,6.640625,8.265625,13.6875,16.09375,19.765625,25.078125,22.90625,18.640625,19.9375,24.6875,22.03125,16.5625,11.46875,8.9375,7.53125,6.1875,5.1875,5.1875,6.6875,12.65625,25.25,46.75,76.96875
2012-01-28,33.171875,26.53125,31.53125,35.65625,27.96875,20.609375,15.359375,11.921875,9.734375,8.421875,11.40625,19.28125,19.6875,29.828125,59.171875,59.140625,49.671875,44.1875,31.375,22.25,17.15625,14.6875,12.1875,9.75,7.78125,6.65625,5.78125,5.09375,5.1875,7.5
2012-01-29,26.53125,31.53125,35.65625,27.96875,20.609375,15.359375,11.921875,9.734375,8.421875,11.40625,19.28125,19.6875,29.828125,59.171875,59.140625,49.671875,44.1875,31.375,22.25,17.15625,14.6875,12.1875,9.75,7.78125,6.65625,5.78125,5.09375,5.1875,7.5,7.9375
2012-01-30,31.53125,35.65625,27.96875,20.609375,15.359375,11.921875,9.734375,8.421875,11.40625,19.28125,19.6875,29.828125,59.171875,59.140625,49.671875,44.1875,31.375,22.25,17.15625,14.6875,12.1875,9.75,7.78125,6.65625,5.78125,5.09375,5.1875,7.5,7.9375,6.96875
2012-01-31,122.578125,75.359375,55.5625,48.5625,37.09375,30.140625,26.328125,22.453125,19.140625,15.65625,12.75,12.0,15.671875,19.84375,22.5625,26.21875,27.34375,29.28125,32.09375,50.59375,68.125,52.84375,48.375,66.03125,68.15625,58.53125,54.59375,43.875,40.28125,42.125
2012-02-01,75.359375,55.5625,48.5625,37.09375,30.140625,26.328125,22.453125,19.140625,15.65625,12.75,12.0,15.671875,19.84375,22.5625,26.21875,27.34375,29.28125,32.09375,50.59375,68.125,52.84375,48.375,66.03125,68.15625,58.53125,54.59375,43.875,40.28125,42.125,45.625
2012-02-02,55.5625,48.5625,37.09375,30.140625,26.328125,22.453125,19.140625,15.65625,12.75,12.0,15.671875,19.84375,22.5625,26.21875,27.34375,29.28125,32.09375,50.59375,68.125,52.84375,48.375,66.03125,68.15625,58.53125,54.59375,43.875,40.28125,42.125,45.625,48.375
2012-02-03,48.5625,37.09375,30.140625,26.328125,22.453125,19.140625,15.65625,12.75,12.0,15.671875,19.84375,22.5625,26.21875,27.34375,29.28125,32.09375,50.59375,68.125,52.84375,48.375,66.03125,68.15625,58.53125,54.59375,43.875,40.28125,42.125,45.625,48.375,44.03125
2012-02-04,66.734375,49.25,35.984375,31.21875,30.3125,26.0,20.390625,15.96875,16.046875,21.0625,23.21875,19.71875,22.34375,32.1875,32.40625,28.5,29.1875,36.25,53.65625,59.40625,53.28125,48.5625,44.15625,36.65625,37.65625,54.6875,68.4375,55.9375,40.125,31.8125
2012-02-05,49.25,35.984375,31.21875,30.3125,26.0,20.390625,15.96875,16.046875,21.0625,23.21875,19.71875,22.34375,32.1875,32.40625,28.5,29.1875,36.25,53.65625,59.40625,53.28125,48.5625,44.15625,36.65625,37.65625,54.6875,68.4375,55.9375,40.125,31.8125,26.4375
2012-02-06,35.984375,31.21875,30.3125,26.0,20.390625,15.96875,16.046875,21.0625,23.21875,19.71875,22.34375,32.1875,32.40625,28.5,29.1875,36.25,53.65625,59.40625,53.28125,48.5625,44.15625,36.65625,37.65625,54.6875,68.4375,55.9375,40.125,31.8125,26.4375,20.4375
2012-02-07,34.9375,33.75,33.65625,27.4375,23.234375,23.25,29.609375,63.46875,90.875,76.5,52.3125,37.0625,29.28125,28.46875,32.84375,34.53125,31.3125,24.625,26.09375,41.75,46.53125,60.875,72.0,53.5,49.8125,58.9375,57.25,42.96875,32.0,23.625
2012-02-08,33.75,33.65625,27.4375,23.234375,23.25,29.609375,63.46875,90.875,76.5,52.3125,37.0625,29.28125,28.46875,32.84375,34.53125,31.3125,24.625,26.09375,41.75,46.53125,60.875,72.0,53.5,49.8125,58.9375,57.25,42.96875,32.0,23.625,17.75
2012-02-09,33.65625,27.4375,23.234375,23.25,29.609375,63.46875,90.875,76.5,52.3125,37.0625,29.28125,28.46875,32.84375,34.53125,31.3125,24.625,26.09375,41.75,46.53125,60.875,72.0,53.5,49.8125,58.9375,57.25,42.96875,32.0,23.625,17.75,14.4375
2012-02-10,27.4375,23.234375,23.25,29.609375,63.46875,90.875,76.5,52.3125,37.0625,29.28125,28.46875,32.84375,34.53125,31.3125,24.625,26.09375,41.75,46.53125,60.875,72.0,53.5,49.8125,58.9375,57.25,42.96875,32.0,23.625,17.75,14.4375,12.78125
2012-02-11,23.125,21.5,18.53125,16.53125,15.625,19.6875,79.59375,111.34375,81.84375,56.34375,37.78125,30.1875,26.5,20.59375,16.71875,13.53125,11.625,10.375,9.59375,9.6875,11.53125,16.9375,17.3125,14.15625,12.4375,17.03125,19.09375,16.1875,13.9375,15.5625
2012-02-12,21.5,18.53125,16.53125,15.625,19.6875,79.59375,111.34375,81.84375,56.34375,37.78125,30.1875,26.5,20.59375,16.71875,13.53125,11.625,10.375,9.59375,9.6875,11.53125,16.9375,17.3125,14.15625,12.4375,17.03125,19.09375,16.1875,13.9375,15.5625,16.28125
2012-02-13,18.53125,16.53125,15.625,19.6875,79.59375,111.34375,81.84375,56.34375,37.78125,30.1875,26.5,20.59375,16.71875,13.53125,11.625,10.375,9.59375,9.6875,11.53125,16.9375,17.3125,14.15625,12.4375,17.03125,19.09375,16.1875,13.9375,15.5625,16.28125,16.9375
2012-02-14,14.5625,13.78125,27.71875,145.59375,181.3125,118.1875,70.0,49.34375,46.3125,43.1875,39.96875,37.78125,30.375,25.3125,21.3125,21.1875,21.53125,21.96875,26.21875,24.84375,20.6875,17.6875,16.0,14.75,14.46875,16.875,29.25,40.1875,35.6875,26.78125
2012-02-15,13.78125,27.71875,145.59375,181.3125,118.1875,70.0,49.34375,46.3125,43.1875,39.96875,37.78125,30.375,25.3125,21.3125,21.1875,21.53125,21.96875,26.21875,24.84375,20.6875,17.6875,16.0,14.75,14.46875,16.875,29.25,40.1875,35.6875,26.78125,20.0
2012-02-16,27.71875,145.59375,181.3125,118.1875,70.0,49.34375,46.3125,43.1875,39.96875,37.78125,30.375,25.3125,21.3125,21.1875,21.53125,21.96875,26.21875,24.84375,20.6875,17.6875,16.0,14.75,14.46875,16.875,29.25,40.1875,35.6875,26.78125,20.0,15.9375
2012-02-17,145.59375,181.3125,118.1875,70.0,49.34375,46.3125,43.1875,39.96875,37.78125,30.375,25.3125,21.3125,21.1875,21.53125,21.96875,26.21875,24.84375,20.6875,17.6875,16.0,14.75,14.46875,16.875,29.25,40.1875,35.6875,26.78125,20.0,15.9375,14.46875
2012-02-18,120.84375,76.0625,47.40625,31.53125,23.53125,21.53125,22.96875,24.125,26.875,27.78125,22.0,17.84375,14.84375,13.0,13.0625,13.21875,16.0625,16.5625,16.28125,18.75,21.09375,17.0625,13.0625,10.25,8.125,6.625,5.65625,5.125,5.15625,5.5
2012-02-19,76.0625,47.40625,31.53125,23.53125,21.53125,22.96875,24.125,26.875,27.78125,22.0,17.84375,14.84375,13.0,13.0625,13.21875,16.0625,16.5625,16.28125,18.75,21.09375,17.0625,13.0625,10.25,8.125,6.625,5.65625,5.125,5.15625,5.5,7.25
2012-02-20,47.40625,31.53125,23.53125,21.53125,22.96875,24.125,26.875,27.78125,22.0,17.84375,14.84375,13.0,13.0625,13.21875,16.0625,16.5625,16.28125,18.75,21.09375,17.0625,13.0625,10.25,8.125,6.625,5.65625,5.125,5.15625,5.5,7.25,12.09375
2012-02-21,74.5,53.34375,40.09375,29.9375,26.96875,29.0,38.78125,44.5,38.625,31.625,23.1875,17.0,14.125,14.6875,19.15625,25.15625,21.21875,15.9375,12.625,9.78125,10.46875,19.90625,60.5625,105.09375,106.34375,100.0625,90.03125,68.03125,44.78125,30.59375
2012-02-22,53.34375,40.09375,29.9375,26.96875,29.0,38.78125,44.5,38.625,31.625,23.1875,17.0,14.125,14.6875,19.15625,25.15625,21.21875,15.9375,12.625,9.78125,10.46875,19.90625,60.5625,105.09375,106.34375,100.0625,90.03125,68.03125,44.78125,30.59375,22.09375
2012-02-23,40.09375,29.9375,26.96875,29.0,38.78125,44.5,38.625,31.625,23.1875,17.0,14.125,14.6875,19.15625,25.15625,21.21875,15.9375,12.625,9.78125,10.46875,19.90625,60.5625,105.09375,106.34375,100.0625,90.03125,68.03125,44.78125,30.59375,22.09375,17.15625
2012-02-24,29.9375,26.96875,29.0,38.78125,44.5,38.625,31.625,23.1875,17.0,14.125,14.6875,19.15625,25.15625,21.21875,15.9375,12.625,9.78125,10.46875,19.90625,60.5625,105.09375,106.34375,100.0625,90.03125,68.03125,44.78125,30.59375,22.09375,17.15625,17.21875
2012-02-25,25.46875,21.71875,19.15625,15.75,15.90625,24.75,30.40625,24.8125,19.1875,16.40625,17.09375,20.75,28.15625,31.375,27.6875,25.125,27.03125,32.6875,37.65625,29.15625,22.78125,20.625,19.875,21.4375,257.25,325.75,188.6875,127.40625,135.625,149.4375
2012-02-26,21.71875,19.15625,15.75,15.90625,24.75,30.40625,24.8125,19.1875,16.40625,17.09375,20.75,28.15625,31.375,27.6875,25.125,27.03125,32.6875,37.65625,29.15625,22.78125,20.625,19.875,21.4375,257.25,325.75,188.6875,127.40625,135.625,149.4375,137.0
2012-02-27,19.15625,15.75,15.90625,24.75,30.40625,24.8125,19.1875,16.40625,17.09375,20.75,28.15625,31.375,27.6875,25.125,27.03125,32.6875,37.65625,29.15625,22.78125,20.625,19.875,21.4375,257.25,325.75,188.6875,127.40625,135.625,149.4375,137.0,120.0
2012-02-28,30.0,22.90625,19.96875,20.625,18.625,15.09375,12.46875,12.09375,14.40625,12.90625,10.875,13.28125,18.5625,18.1875,19.0625,23.46875,21.15625,25.03125,44.15625,50.3125,40.1875,31.875,25.59375,22.03125,18.53125,19.96875,58.5625,179.15625,235.8125,183.40625
2012-02-29,22.90625,19.96875,20.625,18.625,15.09375,12.46875,12.09375,14.40625,12.90625,10.875,13.28125,18.5625,18.1875,19.0625,23.46875,21.15625,25.03125,44.15625,50.3125,40.1875,31.875,25.59375,22.03125,18.53125,19.96875,58.5625,179.15625,235.8125,183.40625,117.21875
2012-03-01,19.96875,20.625,18.625,15.09375,12.46875,12.09375,14.40625,12.90625,10.875,13.28125,18.5625,18.1875,19.0625,23.46875,21.15625,25.03125,44.15625,50.3125,40.1875,31.875,25.59375,22.03125,18.53125,19.96875,58.5625,179.15625,235.8125,183.40625,117.21875,95.59375
2012-03-02,20.625,18.625,15.09375,12.46875,12.09375,14.40625,12.90625,10.875,13.28125,18.5625,18.1875,19.0625,23.46875,21.15625,25.03125,44.15625,50.3125,40.1875,31.875,25.59375,22.03125,18.53125,19.96875,58.5625,179.15625,235.8125,183.40625,117.21875,95.59375,88.75
2012-03-03,18.625,15.09375,12.46875,12.09375,14.40625,12.90625,10.875,13.28125,18.5625,18.1875,19.0625,23.46875,21.15625,25.03125,44.15625,50.3125,40.1875,31.875,25.59375,22.03125,18.53125,19.96875,58.5625,179.15625,235.8125,183.40625,117.21875,95.59375,88.75,107.71875
2012-03-04,12.8125,11.625,10.9375,15.9375,31.3125,37.875,45.21875,49.53125,36.9375,27.1875,21.75,19.0625,16.84375,14.25,11.84375,10.59375,10.5625,9.78125,12.78125,27.0625,72.96875,99.375,91.125,100.96875,88.90625,80.5,93.125,80.8125,56.0625,55.0625
2012-03-05,11.625,10.9375,15.9375,31.3125,37.875,45.21875,49.53125,36.9375,27.1875,21.75,19.0625,16.84375,14.25,11.84375,10.59375,10.5625,9.78125,12.78125,27.0625,72.96875,99.375,91.125,100.96875,88.90625,80.5,93.125,80.8125,56.0625,55.0625,63.71875
2012-03-06,10.9375,15.9375,31.3125,37.875,45.21875,49.53125,36.9375,27.1875,21.75,19.0625,16.84375,14.25,11.84375,10.59375,10.5625,9.78125,12.78125,27.0625,72.96875,99.375,91.125,100.96875,88.90625,80.5,93.125,80.8125,56.0625,55.0625,63.71875,50.28125
2012-03-07,18.78125,30.46875,45.0625,48.15625,43.46875,38.40625,53.71875,60.4375,47.84375,36.28125,40.65625,50.3125,42.96875,39.40625,35.4375,30.3125,31.21875,50.65625,59.0,61.78125,62.59375,44.25,33.90625,29.375,24.1875,20.6875,22.53125,27.96875,30.625,31.96875
2012-03-08,30.46875,45.0625,48.15625,43.46875,38.40625,53.71875,60.4375,47.84375,36.28125,40.65625,50.3125,42.96875,39.40625,35.4375,30.3125,31.21875,50.65625,59.0,61.78125,62.59375,44.25,33.90625,29.375,24.1875,20.6875,22.53125,27.96875,30.625,31.96875,28.90625
2012-03-09,45.0625,48.15625,43.46875,38.40625,53.71875,60.4375,47.84375,36.28125,40.65625,50.3125,42.96875,39.40625,35.4375,30.3125,31.21875,50.65625,59.0,61.78125,62.59375,44.25,33.90625,29.375,24.1875,20.6875,22.53125,27.96875,30.625,31.96875,28.90625,25.9375
2012-03-10,48.15625,43.46875,38.40625,53.71875,60.4375,47.84375,36.28125,40.65625,50.3125,42.96875,39.40625,35.4375,30.3125,31.21875,50.65625,59.0,61.78125,62.59375,44.25,33.90625,29.375,24.1875,20.6875,22.53125,27.96875,30.625,31.96875,28.90625,25.9375,25.375
2012-03-11,58.5,41.9375,28.96875,21.5,18.59375,27.6875,56.8125,84.125,96.5625,92.34375,72.34375,58.375,143.65625,163.28125,115.125,156.1875,175.8125,147.6875,154.8125,178.96875,166.78125,127.03125,117.9375,125.6875,118.15625,98.96875,72.03125,49.96875,36.28125,27.84375
2012-03-12,41.9375,28.96875,21.5,18.59375,27.6875,56.8125,84.125,96.5625,92.34375,72.34375,58.375,143.65625,163.28125,115.125,156.1875,175.8125,147.6875,154.8125,178.96875,166.78125,127.03125,117.9375,125.6875,118.15625,98.96875,72.03125,49.96875,36.28125,27.84375,28.40625
2012-03-13,28.96875,21.5,18.59375,27.6875,56.8125,84.125,96.5625,92.34375,72.34375,58.375,143.65625,163.28125,115.125,156.1875,175.8125,147.6875,154.8125,178.96875,166.78125,127.03125,117.9375,125.6875,118.15625,98.96875,72.03125,49.96875,36.28125,27.84375,28.40625,38.84375
2012-03-14,26.4375,29.125,39.34375,38.15625,33.5,44.84375,54.96875,45.375,35.09375,43.34375,57.84375,81.65625,99.9375,92.375,90.625,84.6875,69.25,62.59375,89.71875,110.9375,95.65625,102.34375,110.625,102.84375,144.40625,150.3125,103.09375,71.4375,61.375,85.375
2012-03-15,29.125,39.34375,38.15625,33.5,44.84375,54.96875,45.375,35.09375,43.34375,57.84375,81.65625,99.9375,92.375,90.625,84.6875,69.25,62.59375,89.71875,110.9375,95.65625,102.34375,110.625,102.84375,144.40625,150.3125,103.09375,71.4375,61.375,85.375,102.28125
2012-03-16,39.34375,38.15625,33.5,44.84375,54.96875,45.375,35.09375,43.34375,57.84375,81.65625,99.9375,92.375,90.625,84.6875,69.25,62.59375,89.71875,110.9375,95.65625,102.34375,110.625,102.84375,144.40625,150.3125,103.09375,71.4375,61.375,85.375,102.28125,94.21875
2012-03-17,38.15625,33.5,44.84375,54.96875,45.375,35.09375,43.34375,57.84375,81.65625,99.9375,92.375,90.625,84.6875,69.25,62.59375,89.71875,110.9375,95.65625,102.34375,110.625,102.84375,144.40625,150.3125,103.09375,71.4375,61.375,85.375,102.28125,94.21875,83.28125
2012-03-18,43.5625,32.84375,24.96875,24.09375,29.1875,41.75,49.9375,38.09375,26.21875,21.375,34.5625,50.96875,54.28125,64.25,65.78125,54.90625,51.59375,57.53125,57.53125,50.78125,38.25,27.625,21.5625,28.75,66.28125,79.46875,60.4375,49.53125,45.0,44.84375
2012-03-19,32.84375,24.96875,24.09375,29.1875,41.75,49.9375,38.09375,26.21875,21.375,34.5625,50.96875,54.28125,64.25,65.78125,54.90625,51.59375,57.53125,57.53125,50.78125,38.25,27.625,21.5625,28.75,66.28125,79.46875,60.4375,49.53125,45.0,44.84375,43.5625
2012-03-20,24.96875,24.09375,29.1875,41.75,49.9375,38.09375,26.21875,21.375,34.5625,50.96875,54.28125,64.25,65.78125,54.90625,51.59375,57.53125,57.53125,50.78125,38.25,27.625,21.5625,28.75,66.28125,79.46875,60.4375,49.53125,45.0,44.84375,43.5625,46.375
2012-03-21,36.875,31.46875,32.46875,40.96875,41.9375,32.03125,22.15625,24.5625,39.96875,54.46875,70.59375,75.21875,88.75,106.3125,122.09375,150.9375,149.375,177.96875,179.03125,165.8125,155.78125,115.90625,88.65625,72.375,55.21875,45.375,38.03125,42.6875,62.53125,78.5
2012-03-22,31.46875,32.46875,40.96875,41.9375,32.03125,22.15625,24.5625,39.96875,54.46875,70.59375,75.21875,88.75,106.3125,122.09375,150.9375,149.375,177.96875,179.03125,165.8125,155.78125,115.90625,88.65625,72.375,55.21875,45.375,38.03125,42.6875,62.53125,78.5,79.46875
2012-03-23,32.46875,40.96875,41.9375,32.03125,22.15625,24.5625,39.96875,54.46875,70.59375,75.21875,88.75,106.3125,122.09375,150.9375,149.375,177.96875,179.03125,165.8125,155.78125,115.90625,88.65625,72.375,55.21875,45.375,38.03125,42.6875,62.53125,78.5,79.46875,72.90625
2012-03-24,40.96875,41.9375,32.03125,22.15625,24.5625,39.96875,54.46875,70.59375,75.21875,88.75,106.3125,122.09375,150.9375,149.375,177.96875,179.03125,165.8125,155.78125,115.90625,88.65625,72.375,55.21875,45.375,38.03125,42.6875,62.53125,78.5,79.46875,72.90625,64.5
2012-03-25,177.84375,128.65625,73.875,47.0625,50.21875,58.90625,45.3125,30.65625,23.84375,24.78125,30.375,38.09375,51.84375,62.34375,61.03125,55.1875,44.96875,33.5,28.15625,36.46875,56.40625,68.71875,79.75,102.875,113.78125,111.53125,102.0,78.03125,57.5,46.96875
2012-03-26,128.65625,73.875,47.0625,50.21875,58.90625,45.3125,30.65625,23.84375,24.78125,30.375,38.09375,51.84375,62.34375,61.03125,55.1875,44.96875,33.5,28.15625,36.46875,56.40625,68.71875,79.75,102.875,113.78125,111.53125,102.0,78.03125,57.5,46.96875,37.96875
2012-03-27,73.875,47.0625,50.21875,58.90625,45.3125,30.65625,23.84375,24.78125,30.375,38.09375,51.84375,62.34375,61.03125,55.1875,44.96875,33.5,28.15625,36.46875,56.40625,68.71875,79.75,102.875,113.78125,111.53125,102.0,78.03125,57.5,46.96875,37.96875,35.25
2012-03-28,52.75,75.15625,93.34375,69.125,51.28125,38.375,44.4375,75.46875,96.25,85.21875,61.84375,48.59375,42.4375,43.625,46.625,43.84375,52.3125,91.1875,107.0,131.875,135.71875,126.59375,123.90625,97.0625,78.0,81.75,76.1875,56.34375,46.90625,43.03125
2012-03-29,75.15625,93.34375,69.125,51.28125,38.375,44.4375,75.46875,96.25,85.21875,61.84375,48.59375,42.4375,43.625,46.625,43.84375,52.3125,91.1875,107.0,131.875,135.71875,126.59375,123.90625,97.0625,78.0,81.75,76.1875,56.34375,46.90625,43.03125,36.8125
2012-03-30,93.34375,69.125,51.28125,38.375,44.4375,75.46875,96.25,85.21875,61.84375,48.59375,42.4375,43.625,46.625,43.84375,52.3125,91.1875,107.0,131.875,135.71875,126.59375,123.90625,97.0625,78.0,81.75,76.1875,56.34375,46.90625,43.03125,36.8125,37.9375
2012-03-31,69.125,51.28125,38.375,44.4375,75.46875,96.25,85.21875,61.84375,48.59375,42.4375,43.625,46.625,43.84375,52.3125,91.1875,107.0,131.875,135.71875,126.59375,123.90625,97.0625,78.0,81.75,76.1875,56.34375,46.90625,43.03125,36.8125,37.9375,50.875
2012-04-01,147.5625,99.21875,140.46875,153.8125,107.5,85.4375,72.46875,72.78125,70.09375,50.875,38.375,43.53125,58.5,53.21875,40.6875,31.78125,41.6875,69.6875,75.8125,61.34375,52.96875,48.5625,37.96875,32.21875,40.125,53.0625,49.46875,41.3125,40.625,40.53125
2012-04-02,99.21875,140.46875,153.8125,107.5,85.4375,72.46875,72.78125,70.09375,50.875,38.375,43.53125,58.5,53.21875,40.6875,31.78125,41.6875,69.6875,75.8125,61.34375,52.96875,48.5625,37.96875,32.21875,40.125,53.0625,49.46875,41.3125,40.625,40.53125,42.28125
2012-04-03,140.46875,153.8125,107.5,85.4375,72.46875,72.78125,70.09375,50.875,38.375,43.53125,58.5,53.21875,40.6875,31.78125,41.6875,69.6875,75.8125,61.34375,52.96875,48.5625,37.96875,32.21875,40.125,53.0625,49.46875,41.3125,40.625,40.53125,42.28125,48.21875
2012-04-04,104.8125,80.40625,54.96875,41.1875,32.875,29.8125,34.84375,36.46875,35.53125,66.03125,98.3125,92.3125,92.21875,91.90625,73.0,53.25,41.96875,34.03125,27.1875,22.03125,18.28125,67.4375,177.53125,208.15625,187.5625,167.3125,155.53125,156.25,206.75,379.5
2012-04-05,80.40625,54.96875,41.1875,32.875,29.8125,34.84375,36.46875,35.53125,66.03125,98.3125,92.3125,92.21875,91.90625,73.0,53.25,41.96875,34.03125,27.1875,22.03125,18.28125,67.4375,177.53125,208.15625,187.5625,167.3125,155.53125,156.25,206.75,379.5,491.96875
2012-04-06,54.96875,41.1875,32.875,29.8125,34.84375,36.46875,35.53125,66.03125,98.3125,92.3125,92.21875,91.90625,73.0,53.25,41.96875,34.03125,27.1875,22.03125,18.28125,67.4375,177.53125,208.15625,187.5625,167.3125,155.53125,156.25,206.75,379.5,491.96875,338.0
2012-04-07,41.1875,32.875,29.8125,34.84375,36.46875,35.53125,66.03125,98.3125,92.3125,92.21875,91.90625,73.0,53.25,41.96875,34.03125,27.1875,22.03125,18.28125,67.4375,177.53125,208.15625,187.5625,167.3125,155.53125,156.25,206.75,379.5,491.96875,338.0,186.40625
2012-04-08,93.875,118.78125,92.1875,75.15625,68.25,61.3125,58.78125,67.03125,86.9375,84.96875,63.875,48.625,47.28125,59.78125,59.96875,45.3125,33.5,28.5625,28.96875,27.8125,24.59375,27.8125,34.65625,37.625,48.375,71.875,108.84375,112.15625,84.96875,118.15625
2012-04-09,118.78125,92.1875,75.15625,68.25,61.3125,58.78125,67.03125,86.9375,84.96875,63.875,48.625,47.28125,59.78125,59.96875,45.3125,33.5,28.5625,28.96875,27.8125,24.59375,27.8125,34.65625,37.625,48.375,71.875,108.84375,112.15625,84.96875,118.15625,137.4375
2012-04-10,92.1875,75.15625,68.25,61.3125,58.78125,67.03125,86.9375,84.96875,63.875,48.625,47.28125,59.78125,59.96875,45.3125,33.5,28.5625,28.96875,27.8125,24.59375,27.8125,34.65625,37.625,48.375,71.875,108.84375,112.15625,84.96875,118.15625,137.4375,116.84375
2012-04-11,46.46875,66.0625,75.34375,79.90625,74.3125,58.8125,45.125,43.84375,50.25,54.3125,61.46875,55.625,48.125,47.75,50.40625,57.28125,66.03125,76.03125,72.65625,76.1875,99.625,126.53125,146.46875,134.84375,109.625,105.90625,121.21875,131.40625,130.96875,121.25
2012-04-12,66.0625,75.34375,79.90625,74.3125,58.8125,45.125,43.84375,50.25,54.3125,61.46875,55.625,48.125,47.75,50.40625,57.28125,66.03125,76.03125,72.65625,76.1875,99.625,126.53125,146.46875,134.84375,109.625,105.90625,121.21875,131.40625,130.96875,121.25,104.8125
2012-04-13,75.34375,79.90625,74.3125,58.8125,45.125,43.84375,50.25,54.3125,61.46875,55.625,48.125,47.75,50.40625,57.28125,66.03125,76.03125,72.65625,76.1875,99.625,126.53125,146.46875,134.84375,109.625,105.90625,121.21875,131.40625,130.96875,121.25,104.8125,178.71875
2012-04-14,79.90625,74.3125,58.8125,45.125,43.84375,50.25,54.3125,61.46875,55.625,48.125,47.75,50.40625,57.28125,66.03125,76.03125,72.65625,76.1875,99.625,126.53125,146.46875,134.84375,109.625,105.90625,121.21875,131.40625,130.96875,121.25,104.8125,178.71875,274.9375
2012-04-15,58.59375,45.4375,39.40625,35.65625,34.46875,36.9375,39.5,46.0,52.21875,48.125,42.78125,39.125,34.96875,33.78125,30.90625,48.28125,99.75,143.03125,151.25,121.65625,92.65625,71.53125,52.96875,42.5625,40.6875,42.53125,46.71875,56.40625,75.28125,91.59375
2012-04-16,45.4375,39.40625,35.65625,34.46875,36.9375,39.5,46.0,52.21875,48.125,42.78125,39.125,34.96875,33.78125,30.90625,48.28125,99.75,143.03125,151.25,121.65625,92.65625,71.53125,52.96875,42.5625,40.6875,42.53125,46.71875,56.40625,75.28125,91.59375,84.1875
2012-04-17,39.40625,35.65625,34.46875,36.9375,39.5,46.0,52.21875,48.125,42.78125,39.125,34.96875,33.78125,30.90625,48.28125,99.75,143.03125,151.25,121.65625,92.65625,71.53125,52.96875,42.5625,40.6875,42.53125,46.71875,56.40625,75.28125,91.59375,84.1875,63.8125
2012-04-18,31.28125,30.59375,29.5,24.8125,21.46875,22.34375,39.78125,51.4375,40.46875,33.21875,32.0,37.65625,50.375,63.84375,66.71875,73.125,103.96875,137.84375,152.71875,166.78125,167.59375,139.9375,125.625,118.65625,93.65625,70.28125,55.1875,41.03125,31.5,29.3125
2012-04-19,30.59375,29.5,24.8125,21.46875,22.34375,39.78125,51.4375,40.46875,33.21875,32.0,37.65625,50.375,63.84375,66.71875,73.125,103.96875,137.84375,152.71875,166.78125,167.59375,139.9375,125.625,118.65625,93.65625,70.28125,55.1875,41.03125,31.5,29.3125,32.71875
2012-04-20,29.5,24.8125,21.46875,22.34375,39.78125,51.4375,40.46875,33.21875,32.0,37.65625,50.375,63.84375,66.71875,73.125,103.96875,137.84375,152.71875,166.78125,167.59375,139.9375,125.625,118.65625,93.65625,70.28125,55.1875,41.03125,31.5,29.3125,32.71875,40.96875
2012-04-21,24.8125,21.46875,22.34375,39.78125,51.4375,40.46875,33.21875,32.0,37.65625,50.375,63.84375,66.71875,73.125,103.96875,137.84375,152.71875,166.78125,167.59375,139.9375,125.625,118.65625,93.65625,70.28125,55.1875,41.03125,31.5,29.3125,32.71875,40.96875,54.75
2012-04-22,32.71875,29.25,29.15625,28.5625,32.0625,45.375,63.78125,72.34375,71.53125,69.5,58.4375,49.84375,59.5625,70.1875,63.65625,63.84375,68.5,93.75,123.1875,179.03125,307.5,276.3125,200.625,145.28125,114.15625,93.84375,75.0625,64.90625,70.4375,83.9375
2012-04-23,29.25,29.15625,28.5625,32.0625,45.375,63.78125,72.34375,71.53125,69.5,58.4375,49.84375,59.5625,70.1875,63.65625,63.84375,68.5,93.75,123.1875,179.03125,307.5,276.3125,200.625,145.28125,114.15625,93.84375,75.0625,64.90625,70.4375,83.9375,102.28125
2012-04-24,29.15625,28.5625,32.0625,45.375,63.78125,72.34375,71.53125,69.5,58.4375,49.84375,59.5625,70.1875,63.65625,63.84375,68.5,93.75,123.1875,179.03125,307.5,276.3125,200.625,145.28125,114.15625,93.84375,75.0625,64.90625,70.4375,83.9375,102.28125,111.21875
2012-04-25,91.75,70.125,60.59375,65.15625,91.75,92.8125,97.9375,86.78125,59.0,76.59375,88.46875,70.125,66.375,111.0,129.90625,91.78125,59.4375,42.15625,36.90625,36.1875,35.5,39.0,50.90625,66.40625,74.21875,99.125,177.125,225.0625,173.8125,138.53125
2012-04-26,70.125,60.59375,65.15625,91.75,92.8125,97.9375,86.78125,59.0,76.59375,88.46875,70.125,66.375,111.0,129.90625,91.78125,59.4375,42.15625,36.90625,36.1875,35.5,39.0,50.90625,66.40625,74.21875,99.125,177.125,225.0625,173.8125,138.53125,116.5
2012-04-27,60.59375,65.15625,91.75,92.8125,97.9375,86.78125,59.0,76.59375,88.46875,70.125,66.375,111.0,129.90625,91.78125,59.4375,42.15625,36.90625,36.1875,35.5,39.0,50.90625,66.40625,74.21875,99.125,177.125,225.0625,173.8125,138.53125,116.5,84.8125
2012-04-28,65.15625,91.75,92.8125,97.9375,86.78125,59.0,76.59375,88.46875,70.125,66.375,111.0,129.90625,91.78125,59.4375,42.15625,36.90625,36.1875,35.5,39.0,50.90625,66.40625,74.21875,99.125,177.125,225.0625,173.8125,138.53125,116.5,84.8125,74.90625
2012-04-29,102.46875,72.5,51.625,40.71875,35.84375,38.21875,44.1875,42.15625,32.1875,34.78125,44.4375,48.625,64.6875,70.4375,84.1875,173.71875,236.5,212.46875,181.75,137.96875,115.96875,107.78125,86.46875,67.21875,55.25,51.375,60.875,82.5,87.28125,101.9375
2012-04-30,72.5,51.625,40.71875,35.84375,38.21875,44.1875,42.15625,32.1875,34.78125,44.4375,48.625,64.6875,70.4375,84.1875,173.71875,236.5,212.46875,181.75,137.96875,115.96875,107.78125,86.46875,67.21875,55.25,51.375,60.875,82.5,87.28125,101.9375,171.25
2012-05-01,51.625,40.71875,35.84375,38.21875,44.1875,42.15625,32.1875,34.78125,44.4375,48.625,64.6875,70.4375,84.1875,173.71875,236.5,212.46875,181.75,137.96875,115.96875,107.78125,86.46875,67.21875,55.25,51.375,60.875,82.5,87.28125,101.9375,171.25,427.4375
2012-05-02,82.3125,67.59375,51.03125,47.125,60.96875,93.9375,116.1875,94.53125,73.34375,69.53125,129.84375,190.1875,165.5,126.3125,88.59375,66.75,65.40625,65.4375,62.46875,56.0625,46.59375,36.59375,32.96875,53.8125,71.15625,59.4375,52.875,55.28125,72.4375,138.75
2012-05-03,67.59375,51.03125,47.125,60.96875,93.9375,116.1875,94.53125,73.34375,69.53125,129.84375,190.1875,165.5,126.3125,88.59375,66.75,65.40625,65.4375,62.46875,56.0625,46.59375,36.59375,32.96875,53.8125,71.15625,59.4375,52.875,55.28125,72.4375,138.75,191.0
2012-05-04,51.03125,47.125,60.96875,93.9375,116.1875,94.53125,73.34375,69.53125,129.84375,190.1875,165.5,126.3125,88.59375,66.75,65.40625,65.4375,62.46875,56.0625,46.59375,36.59375,32.96875,53.8125,71.15625,59.4375,52.875,55.28125,72.4375,138.75,191.0,264.59375
2012-05-05,47.125,60.96875,93.9375,116.1875,94.53125,73.34375,69.53125,129.84375,190.1875,165.5,126.3125,88.59375,66.75,65.40625,65.4375,62.46875,56.0625,46.59375,36.59375,32.96875,53.8125,71.15625,59.4375,52.875,55.28125,72.4375,138.75,191.0,264.59375,324.71875
2012-05-06,93.09375,89.71875,105.4375,106.125,85.3125,60.9375,45.4375,36.4375,32.03125,33.5625,36.59375,42.34375,50.34375,59.8125,68.0625,90.5,97.71875,79.34375,76.1875,93.84375,96.90625,83.40625,90.15625,111.625,105.6875,79.8125,57.6875,49.1875,70.0625,103.6875
2012-05-07,89.71875,105.4375,106.125,85.3125,60.9375,45.4375,36.4375,32.03125,33.5625,36.59375,42.34375,50.34375,59.8125,68.0625,90.5,97.71875,79.34375,76.1875,93.84375,96.90625,83.40625,90.15625,111.625,105.6875,79.8125,57.6875,49.1875,70.0625,103.6875,137.5
2012-05-08,105.4375,106.125,85.3125,60.9375,45.4375,36.4375,32.03125,33.5625,36.59375,42.34375,50.34375,59.8125,68.0625,90.5,97.71875,79.34375,76.1875,93.84375,96.90625,83.40625,90.15625,111.625,105.6875,79.8125,57.6875,49.1875,70.0625,103.6875,137.5,155.625
2012-05-09,108.4375,83.78125,64.09375,50.8125,47.5,48.21875,55.84375,63.84375,63.1875,64.4375,68.5625,81.09375,88.59375,130.375,147.375,111.09375,86.09375,75.9375,58.28125,48.875,46.90625,47.96875,54.90625,59.0,108.78125,132.6875,143.5,133.4375,108.28125,114.75
2012-05-10,83.78125,64.09375,50.8125,47.5,48.21875,55.84375,63.84375,63.1875,64.4375,68.5625,81.09375,88.59375,130.375,147.375,111.09375,86.09375,75.9375,58.28125,48.875,46.90625,47.96875,54.90625,59.0,108.78125,132.6875,143.5,133.4375,108.28125,114.75,110.71875
2012-05-11,64.09375,50.8125,47.5,48.21875,55.84375,63.84375,63.1875,64.4375,68.5625,81.09375,88.59375,130.375,147.375,111.09375,86.09375,75.9375,58.28125,48.875,46.90625,47.96875,54.90625,59.0,108.78125,132.6875,143.5,133.4375,108.28125,114.75,110.71875,134.71875
2012-05-12,50.8125,47.5,48.21875,55.84375,63.84375,63.1875,64.4375,68.5625,81.09375,88.59375,130.375,147.375,111.09375,86.09375,75.9375,58.28125,48.875,46.90625,47.96875,54.90625,59.0,108.78125,132.6875,143.5,133.4375,108.28125,114.75,110.71875,134.71875,139.4375
2012-05-13,56.8125,52.9375,53.1875,94.3125,118.34375,99.34375,83.875,64.6875,49.8125,47.90625,52.0625,56.0,73.25,84.0625,86.59375,136.28125,197.5625,257.15625,262.15625,215.25,182.375,158.0,142.625,181.03125,300.75,303.9375,215.09375,156.0625,140.125,142.90625
2012-05-14,52.9375,53.1875,94.3125,118.34375,99.34375,83.875,64.6875,49.8125,47.90625,52.0625,56.0,73.25,84.0625,86.59375,136.28125,197.5625,257.15625,262.15625,215.25,182.375,158.0,142.625,181.03125,300.75,303.9375,215.09375,156.0625,140.125,142.90625,142.875
2012-05-15,53.1875,94.3125,118.34375,99.34375,83.875,64.6875,49.8125,47.90625,52.0625,56.0,73.25,84.0625,86.59375,136.28125,197.5625,257.15625,262.15625,215.25,182.375,158.0,142.625,181.03125,300.75,303.9375,215.09375,156.0625,140.125,142.90625,142.875,117.34375
2012-05-16,100.09375,100.9375,99.34375,93.5,79.03125,72.125,65.3125,52.59375,44.4375,38.875,36.5,39.875,46.09375,53.1875,58.46875,72.09375,83.84375,77.90625,64.8125,53.03125,41.4375,42.0,48.40625,57.125,66.40625,74.46875,76.03125,103.46875,193.65625,349.84375
2012-05-17,100.9375,99.34375,93.5,79.03125,72.125,65.3125,52.59375,44.4375,38.875,36.5,39.875,46.09375,53.1875,58.46875,72.09375,83.84375,77.90625,64.8125,53.03125,41.4375,42.0,48.40625,57.125,66.40625,74.46875,76.03125,103.46875,193.65625,349.84375,331.96875
2012-05-18,99.34375,93.5,79.03125,72.125,65.3125,52.59375,44.4375,38.875,36.5,39.875,46.09375,53.1875,58.46875,72.09375,83.84375,77.90625,64.8125,53.03125,41.4375,42.0,48.40625,57.125,66.40625,74.46875,76.03125,103.46875,193.65625,349.84375,331.96875,334.65625
2012-05-19,93.5,79.03125,72.125,65.3125,52.59375,44.4375,38.875,36.5,39.875,46.09375,53.1875,58.46875,72.09375,83.84375,77.90625,64.8125,53.03125,41.4375,42.0,48.40625,57.125,66.40625,74.46875,76.03125,103.46875,193.65625,349.84375,331.96875,334.65625,383.65625
2012-05-20,54.09375,43.5625,43.625,46.03125,58.34375,148.21875,288.4375,289.3125,243.28125,200.25,217.90625,234.90625,232.625,286.0625,289.3125,247.71875,215.75,175.09375,138.65625,112.75,96.5,91.15625,91.21875,93.9375,92.71875,86.9375,92.75,99.28125,101.84375,129.5625
2012-05-21,43.5625,43.625,46.03125,58.34375,148.21875,288.4375,289.3125,243.28125,200.25,217.90625,234.90625,232.625,286.0625,289.3125,247.71875,215.75,175.09375,138.65625,112.75,96.5,91.15625,91.21875,93.9375,92.71875,86.9375,92.75,99.28125,101.84375,129.5625,150.40625
2012-05-22,43.625,46.03125,58.34375,148.21875,288.4375,289.3125,243.28125,200.25,217.90625,234.90625,232.625,286.0625,289.3125,247.71875,215.75,175.09375,138.65625,112.75,96.5,91.15625,91.21875,93.9375,92.71875,86.9375,92.75,99.28125,101.84375,129.5625,150.40625,133.84375
2012-05-23,46.65625,66.6875,98.46875,114.25,114.40625,96.5,77.03125,82.34375,81.6875,69.03125,68.25,62.34375,61.28125,66.4375,63.8125,124.65625,171.9375,161.0,178.28125,239.84375,325.71875,441.0625,363.75,242.59375,174.53125,147.0625,145.65625,151.71875,200.875,278.1875
2012-05-24,66.6875,98.46875,114.25,114.40625,96.5,77.03125,82.34375,81.6875,69.03125,68.25,62.34375,61.28125,66.4375,63.8125,124.65625,171.9375,161.0,178.28125,239.84375,325.71875,441.0625,363.75,242.59375,174.53125,147.0625,145.65625,151.71875,200.875,278.1875,255.75
2012-05-25,98.46875,114.25,114.40625,96.5,77.03125,82.34375,81.6875,69.03125,68.25,62.34375,61.28125,66.4375,63.8125,124.65625,171.9375,161.0,178.28125,239.84375,325.71875,441.0625,363.75,242.59375,174.53125,147.0625,145.65625,151.71875,200.875,278.1875,255.75,207.296875
2012-05-26,114.25,114.40625,96.5,77.03125,82.34375,81.6875,69.03125,68.25,62.34375,61.28125,66.4375,63.8125,124.65625,171.9375,161.0,178.28125,239.84375,325.71875,441.0625,363.75,242.59375,174.53125,147.0625,145.65625,151.71875,200.875,278.1875,255.75,207.296875,193.25
2012-05-27,135.25,154.75,128.96875,96.8125,79.875,78.75,72.125,69.09375,73.0,75.59375,73.03125,60.15625,52.5,56.0,60.1875,60.3125,71.6875,115.375,147.1875,140.28125,143.34375,135.6875,121.6875,230.875,486.1875,586.1875,446.5,284.96875,193.875,154.234375
2012-05-28,154.75,128.96875,96.8125,79.875,78.75,72.125,69.09375,73.0,75.59375,73.03125,60.15625,52.5,56.0,60.1875,60.3125,71.6875,115.375,147.1875,140.28125,143.34375,135.6875,121.6875,230.875,486.1875,586.1875,446.5,284.96875,193.875,154.234375,174.796875
2012-05-29,128.96875,96.8125,79.875,78.75,72.125,69.09375,73.0,75.59375,73.03125,60.15625,52.5,56.0,60.1875,60.3125,71.6875,115.375,147.1875,140.28125,143.34375,135.6875,121.6875,230.875,486.1875,586.1875,446.5,284.96875,193.875,154.234375,174.796875,203.75
2012-05-30,131.40625,83.875,64.21875,63.6875,63.71875,60.53125,60.375,64.40625,64.40625,57.78125,57.65625,75.53125,114.59375,162.625,202.40625,205.15625,218.875,243.1875,209.8125,146.03125,102.0625,81.53125,77.90625,101.28125,149.34375,172.828125,184.75,291.25,431.96875,379.6875
2012-05-31,83.875,64.21875,63.6875,63.71875,60.53125,60.375,64.40625,64.40625,57.78125,57.65625,75.53125,114.59375,162.625,202.40625,205.15625,218.875,243.1875,209.8125,146.03125,102.0625,81.53125,77.90625,101.28125,149.34375,172.828125,184.75,291.25,431.96875,379.6875,279.65625
2012-06-01,64.21875,63.6875,63.71875,60.53125,60.375,64.40625,64.40625,57.78125,57.65625,75.53125,114.59375,162.625,202.40625,205.15625,218.875,243.1875,209.8125,146.03125,102.0625,81.53125,77.90625,101.28125,149.34375,172.828125,184.75,291.25,431.96875,379.6875,279.65625,223.375
2012-06-02,63.6875,63.71875,60.53125,60.375,64.40625,64.40625,57.78125,57.65625,75.53125,114.59375,162.625,202.40625,205.15625,218.875,243.1875,209.8125,146.03125,102.0625,81.53125,77.90625,101.28125,149.34375,172.828125,184.75,291.25,431.96875,379.6875,279.65625,223.375,227.625
2012-06-03,93.125,85.4375,90.3125,125.0,138.34375,129.4375,124.0,110.875,121.6875,116.21875,90.5625,73.78125,58.15625,44.90625,48.3125,64.09375,61.25,47.40625,38.9375,38.09375,52.125,64.796875,79.4375,82.0625,64.640625,68.484375,81.96875,83.953125,125.671875,250.78125
2012-06-04,85.4375,90.3125,125.0,138.34375,129.4375,124.0,110.875,121.6875,116.21875,90.5625,73.78125,58.15625,44.90625,48.3125,64.09375,61.25,47.40625,38.9375,38.09375,52.125,64.796875,79.4375,82.0625,64.640625,68.484375,81.96875,83.953125,125.671875,250.78125,260.359375
2012-06-05,90.3125,125.0,138.34375,129.4375,124.0,110.875,121.6875,116.21875,90.5625,73.78125,58.15625,44.90625,48.3125,64.09375,61.25,47.40625,38.9375,38.09375,52.125,64.796875,79.4375,82.0625,64.640625,68.484375,81.96875,83.953125,125.671875,250.78125,260.359375,177.453125
2012-06-06,113.40625,174.8125,173.9375,119.28125,96.4375,136.15625,146.25,120.375,94.3125,67.6875,57.90625,67.46875,90.84375,119.40625,148.46875,139.03125,104.0,72.984375,55.21875,44.265625,38.1875,34.578125,36.765625,43.5,44.015625,39.515625,40.34375,51.71875,64.1875,62.9375
2012-06-07,174.8125,173.9375,119.28125,96.4375,136.15625,146.25,120.375,94.3125,67.6875,57.90625,67.46875,90.84375,119.40625,148.46875,139.03125,104.0,72.984375,55.21875,44.265625,38.1875,34.578125,36.765625,43.5,44.015625,39.515625,40.34375,51.71875,64.1875,62.9375,55.671875
2012-06-08,173.9375,119.28125,96.4375,136.15625,146.25,120.375,94.3125,67.6875,57.90625,67.46875,90.84375,119.40625,148.46875,139.03125,104.0,72.984375,55.21875,44.265625,38.1875,34.578125,36.765625,43.5,44.015625,39.515625,40.34375,51.71875,64.1875,62.9375,55.671875,61.171875
2012-06-09,119.28125,96.4375,136.15625,146.25,120.375,94.3125,67.6875,57.90625,67.46875,90.84375,119.40625,148.46875,139.03125,104.0,72.984375,55.21875,44.265625,38.1875,34.578125,36.765625,43.5,44.015625,39.515625,40.34375,51.71875,64.1875,62.9375,55.671875,61.171875,73.75
2012-06-10,184.84375,135.96875,103.1875,79.875,62.71875,50.9375,45.6875,46.40625,49.3125,53.5625,53.53125,60.71875,68.6875,68.875,66.3125,94.125,106.484375,82.484375,78.96875,88.234375,85.25,87.46875,105.140625,126.0625,135.53125,138.875,152.125,149.84375,179.625,214.75
2012-06-11,135.96875,103.1875,79.875,62.71875,50.9375,45.6875,46.40625,49.3125,53.5625,53.53125,60.71875,68.6875,68.875,66.3125,94.125,106.484375,82.484375,78.96875,88.234375,85.25,87.46875,105.140625,126.0625,135.53125,138.875,152.125,149.84375,179.625,214.75,178.03125
2012-06-12,103.1875,79.875,62.71875,50.9375,45.6875,46.40625,49.3125,53.5625,53.53125,60.71875,68.6875,68.875,66.3125,94.125,106.484375,82.484375,78.96875,88.234375,85.25,87.46875,105.140625,126.0625,135.53125,138.875,152.125,149.84375,179.625,214.75,178.03125,169.671875
2012-06-13,91.78125,63.90625,46.96875,40.1875,64.5,101.34375,97.96875,76.75,62.1875,55.40625,57.671875,60.75,62.078125,79.59375,99.0,119.390625,132.296875,107.0625,87.40625,77.9375,66.5625,65.421875,75.25,74.265625,57.125,50.390625,64.125,117.109375,173.640625,159.171875
2012-06-14,63.90625,46.96875,40.1875,64.5,101.34375,97.96875,76.75,62.1875,55.40625,57.671875,60.75,62.078125,79.59375,99.0,119.390625,132.296875,107.0625,87.40625,77.9375,66.5625,65.421875,75.25,74.265625,57.125,50.390625,64.125,117.109375,173.640625,159.171875,138.21875
2012-06-15,46.96875,40.1875,64.5,101.34375,97.96875,76.75,62.1875,55.40625,57.671875,60.75,62.078125,79.59375,99.0,119.390625,132.296875,107.0625,87.40625,77.9375,66.5625,65.421875,75.25,74.265625,57.125,50.390625,64.125,117.109375,173.640625,159.171875,138.21875,222.078125
2012-06-16,40.1875,64.5,101.34375,97.96875,76.75,62.1875,55.40625,57.671875,60.75,62.078125,79.59375,99.0,119.390625,132.296875,107.0625,87.40625,77.9375,66.5625,65.421875,75.25,74.265625,57.125,50.390625,64.125,117.109375,173.640625,159.171875,138.21875,222.078125,243.140625
2012-06-17,72.21875,84.84375,84.3125,73.6875,59.5625,45.96875,35.953125,33.234375,35.328125,34.78125,33.96875,38.375,48.609375,59.140625,59.84375,61.84375,72.578125,84.859375,89.75,78.125,72.828125,78.5625,116.125,136.34375,112.734375,91.421875,69.03125,55.09375,53.515625,64.09375
2012-06-18,84.84375,84.3125,73.6875,59.5625,45.96875,35.953125,33.234375,35.328125,34.78125,33.96875,38.375,48.609375,59.140625,59.84375,61.84375,72.578125,84.859375,89.75,78.125,72.828125,78.5625,116.125,136.34375,112.734375,91.421875,69.03125,55.09375,53.515625,64.09375,74.015625
2012-06-19,84.3125,73.6875,59.5625,45.96875,35.953125,33.234375,35.328125,34.78125,33.96875,38.375,48.609375,59.140625,59.84375,61.84375,72.578125,84.859375,89.75,78.125,72.828125,78.5625,116.125,136.34375,112.734375,91.421875,69.03125,55.09375,53.515625,64.09375,74.015625,82.015625
2012-06-20,74.875,67.21875,60.34375,51.53125,48.15625,48.390625,51.5,63.953125,93.828125,129.734375,122.59375,94.828125,73.296875,65.953125,68.34375,67.671875,85.890625,120.671875,147.234375,125.953125,87.078125,72.1875,70.46875,70.953125,75.5,93.25,120.25,165.359375,218.203125,381.0625
2012-06-21,67.21875,60.34375,51.53125,48.15625,48.390625,51.5,63.953125,93.828125,129.734375,122.59375,94.828125,73.296875,65.953125,68.34375,67.671875,85.890625,120.671875,147.234375,125.953125,87.078125,72.1875,70.46875,70.953125,75.5,93.25,120.25,165.359375,218.203125,381.0625,459.125
2012-06-22,60.34375,51.53125,48.15625,48.390625,51.5,63.953125,93.828125,129.734375,122.59375,94.828125,73.296875,65.953125,68.34375,67.671875,85.890625,120.671875,147.234375,125.953125,87.078125,72.1875,70.46875,70.953125,75.5,93.25,120.25,165.359375,218.203125,381.0625,459.125,376.375
2012-06-23,51.53125,48.15625,48.390625,51.5,63.953125,93.828125,129.734375,122.59375,94.828125,73.296875,65.953125,68.34375,67.671875,85.890625,120.671875,147.234375,125.953125,87.078125,72.1875,70.46875,70.953125,75.5,93.25,120.25,165.359375,218.203125,381.0625,459.125,376.375,256.890625
2012-06-24,45.578125,41.953125,36.84375,36.03125,35.828125,31.21875,29.609375,42.078125,58.875,56.296875,55.359375,69.234375,101.0625,114.171875,99.046875,90.5,82.671875,68.4375,56.359375,52.5,54.703125,139.46875,225.703125,191.984375,138.25,109.96875,104.640625,88.53125,61.5,49.328125
2012-06-25,41.953125,36.84375,36.03125,35.828125,31.21875,29.609375,42.078125,58.875,56.296875,55.359375,69.234375,101.0625,114.171875,99.046875,90.5,82.671875,68.4375,56.359375,52.5,54.703125,139.46875,225.703125,191.984375,138.25,109.96875,104.640625,88.53125,61.5,49.328125,46.90625
2012-06-26,36.84375,36.03125,35.828125,31.21875,29.609375,42.078125,58.875,56.296875,55.359375,69.234375,101.0625,114.171875,99.046875,90.5,82.671875,68.4375,56.359375,52.5,54.703125,139.46875,225.703125,191.984375,138.25,109.96875,104.640625,88.53125,61.5,49.328125,46.90625,75.75
2012-06-27,42.28125,44.328125,56.171875,95.03125,119.15625,109.515625,86.40625,72.078125,67.484375,83.515625,141.765625,152.640625,194.578125,247.046875,207.28125,147.703125,130.5,129.3125,108.40625,84.453125,68.25,59.46875,58.5625,63.21875,71.609375,90.359375,94.3125,78.90625,72.21875,80.3125
2012-06-28,44.328125,56.171875,95.03125,119.15625,109.515625,86.40625,72.078125,67.484375,83.515625,141.765625,152.640625,194.578125,247.046875,207.28125,147.703125,130.5,129.3125,108.40625,84.453125,68.25,59.46875,58.5625,63.21875,71.609375,90.359375,94.3125,78.90625,72.21875,80.3125,87.15625
2012-06-29,56.171875,95.03125,119.15625,109.515625,86.40625,72.078125,67.484375,83.515625,141.765625,152.640625,194.578125,247.046875,207.28125,147.703125,130.5,129.3125,108.40625,84.453125,68.25,59.46875,58.5625,63.21875,71.609375,90.359375,94.3125,78.90625,72.21875,80.3125,87.15625,98.375
2012-06-30,95.03125,119.15625,109.515625,86.40625,72.078125,67.484375,83.515625,141.765625,152.640625,194.578125,247.046875,207.28125,147.703125,130.5,129.3125,108.40625,84.453125,68.25,59.46875,58.5625,63.21875,71.609375,90.359375,94.3125,78.90625,72.21875,80.3125,87.15625,98.375,107.09375
2012-07-01,129.359375,109.796875,85.15625,73.4375,68.03125,95.0625,220.546875,236.421875,169.625,116.875,82.609375,67.484375,70.953125,84.515625,89.171875,76.71875,69.21875,126.578125,219.71875,195.171875,126.78125,83.171875,59.609375,57.25,82.65625,103.65625,100.984375,84.453125,69.34375,62.28125
2012-07-02,109.796875,85.15625,73.4375,68.03125,95.0625,220.546875,236.421875,169.625,116.875,82.609375,67.484375,70.953125,84.515625,89.171875,76.71875,69.21875,126.578125,219.71875,195.171875,126.78125,83.171875,59.609375,57.25,82.65625,103.65625,100.984375,84.453125,69.34375,62.28125,53.84375
2012-07-03,85.15625,73.4375,68.03125,95.0625,220.546875,236.421875,169.625,116.875,82.609375,67.484375,70.953125,84.515625,89.171875,76.71875,69.21875,126.578125,219.71875,195.171875,126.78125,83.171875,59.609375,57.25,82.65625,103.65625,100.984375,84.453125,69.34375,62.28125,53.84375,44.59375
2012-07-04,139.0,129.140625,119.6875,124.625,115.609375,94.78125,71.71875,52.578125,55.453125,68.296875,62.625,55.125,49.453125,41.015625,35.203125,42.84375,65.265625,69.359375,71.53125,77.125,94.953125,156.640625,161.984375,115.40625,77.25,55.046875,55.1875,71.453125,112.71875,122.21875
2012-07-05,129.140625,119.6875,124.625,115.609375,94.78125,71.71875,52.578125,55.453125,68.296875,62.625,55.125,49.453125,41.015625,35.203125,42.84375,65.265625,69.359375,71.53125,77.125,94.953125,156.640625,161.984375,115.40625,77.25,55.046875,55.1875,71.453125,112.71875,122.21875,92.53125
2012-07-06,119.6875,124.625,115.609375,94.78125,71.71875,52.578125,55.453125,68.296875,62.625,55.125,49.453125,41.015625,35.203125,42.84375,65.265625,69.359375,71.53125,77.125,94.953125,156.640625,161.984375,115.40625,77.25,55.046875,55.1875,71.453125,112.71875,122.21875,92.53125,72.0
2012-07-07,124.625,115.609375,94.78125,71.71875,52.578125,55.453125,68.296875,62.625,55.125,49.453125,41.015625,35.203125,42.84375,65.265625,69.359375,71.53125,77.125,94.953125,156.640625,161.984375,115.40625,77.25,55.046875,55.1875,71.453125,112.71875,122.21875,92.53125,72.0,66.09375
2012-07-08,154.6875,124.546875,105.453125,100.34375,96.34375,89.015625,78.296875,82.625,96.4375,114.796875,163.609375,304.34375,272.140625,185.703125,147.921875,121.8125,106.9375,105.90625,130.484375,126.171875,90.71875,69.5,57.328125,53.078125,67.859375,222.421875,390.09375,432.9375,392.3125,301.0625
2012-07-09,124.546875,105.453125,100.34375,96.34375,89.015625,78.296875,82.625,96.4375,114.796875,163.609375,304.34375,272.140625,185.703125,147.921875,121.8125,106.9375,105.90625,130.484375,126.171875,90.71875,69.5,57.328125,53.078125,67.859375,222.421875,390.09375,432.9375,392.3125,301.0625,207.78125
2012-07-10,105.453125,100.34375,96.34375,89.015625,78.296875,82.625,96.4375,114.796875,163.609375,304.34375,272.140625,185.703125,147.921875,121.8125,106.9375,105.90625,130.484375,126.171875,90.71875,69.5,57.328125,53.078125,67.859375,222.421875,390.09375,432.9375,392.3125,301.0625,207.78125,146.25
2012-07-11,99.890625,108.421875,132.015625,117.65625,90.609375,77.796875,69.03125,70.9375,86.40625,87.125,80.546875,76.375,68.875,81.796875,98.40625,85.796875,67.265625,65.84375,67.15625,61.59375,93.6875,241.5625,262.4375,191.890625,140.4375,110.71875,101.484375,90.6875,85.015625,91.90625
2012-07-12,108.421875,132.015625,117.65625,90.609375,77.796875,69.03125,70.9375,86.40625,87.125,80.546875,76.375,68.875,81.796875,98.40625,85.796875,67.265625,65.84375,67.15625,61.59375,93.6875,241.5625,262.4375,191.890625,140.4375,110.71875,101.484375,90.6875,85.015625,91.90625,90.765625
2012-07-13,132.015625,117.65625,90.609375,77.796875,69.03125,70.9375,86.40625,87.125,80.546875,76.375,68.875,81.796875,98.40625,85.796875,67.265625,65.84375,67.15625,61.59375,93.6875,241.5625,262.4375,191.890625,140.4375,110.71875,101.484375,90.6875,85.015625,91.90625,90.765625,82.0625
2012-07-14,117.65625,90.609375,77.796875,69.03125,70.9375,86.40625,87.125,80.546875,76.375,68.875,81.796875,98.40625,85.796875,67.265625,65.84375,67.15625,61.59375,93.6875,241.5625,262.4375,191.890625,140.4375,110.71875,101.484375,90.6875,85.015625,91.90625,90.765625,82.0625,96.703125
2012-07-15,102.453125,81.796875,74.390625,64.34375,54.59375,47.59375,48.453125,62.453125,77.21875,80.625,85.296875,95.265625,93.828125,76.078125,55.203125,43.96875,39.3125,40.703125,46.484375,62.921875,106.9375,120.578125,107.9375,96.953125,88.328125,79.109375,69.46875,70.90625,79.046875,82.8125
2012-07-16,81.796875,74.390625,64.34375,54.59375,47.59375,48.453125,62.453125,77.21875,80.625,85.296875,95.265625,93.828125,76.078125,55.203125,43.96875,39.3125,40.703125,46.484375,62.921875,106.9375,120.578125,107.9375,96.953125,88.328125,79.109375,69.46875,70.90625,79.046875,82.8125,99.984375
2012-07-17,74.390625,64.34375,54.59375,47.59375,48.453125,62.453125,77.21875,80.625,85.296875,95.265625,93.828125,76.078125,55.203125,43.96875,39.3125,40.703125,46.484375,62.921875,106.9375,120.578125,107.9375,96.953125,88.328125,79.109375,69.46875,70.90625,79.046875,82.8125,99.984375,106.109375
2012-07-18,100.984375,100.953125,86.3125,74.1875,64.921875,61.640625,73.234375,147.078125,201.34375,175.640625,156.109375,138.734375,136.640625,141.59375,127.625,115.078125,113.90625,124.875,184.859375,243.46875,213.28125,160.5,120.640625,105.65625,127.625,140.921875,123.859375,99.671875,90.78125,91.078125
2012-07-19,100.953125,86.3125,74.1875,64.921875,61.640625,73.234375,147.078125,201.34375,175.640625,156.109375,138.734375,136.640625,141.59375,127.625,115.078125,113.90625,124.875,184.859375,243.46875,213.28125,160.5,120.640625,105.65625,127.625,140.921875,123.859375,99.671875,90.78125,91.078125,88.8125
2012-07-20,86.3125,74.1875,64.921875,61.640625,73.234375,147.078125,201.34375,175.640625,156.109375,138.734375,136.640625,141.59375,127.625,115.078125,113.90625,124.875,184.859375,243.46875,213.28125,160.5,120.640625,105.65625,127.625,140.921875,123.859375,99.671875,90.78125,91.078125,88.8125,103.140625
2012-07-21,74.1875,64.921875,61.640625,73.234375,147.078125,201.34375,175.640625,156.109375,138.734375,136.640625,141.59375,127.625,115.078125,113.90625,124.875,184.859375,243.46875,213.28125,160.5,120.640625,105.65625,127.625,140.921875,123.859375,99.671875,90.78125,91.078125,88.8125,103.140625,121.375
2012-07-22,78.453125,67.828125,73.484375,92.265625,159.640625,169.5625,128.546875,105.828125,88.5,77.125,90.859375,138.390625,156.40625,148.03125,134.78125,126.546875,112.421875,89.09375,75.703125,77.296875,86.703125,96.796875,95.3125,83.453125,71.34375,59.375,88.65625,141.46875,146.3125,131.0625
2012-07-23,67.828125,73.484375,92.265625,159.640625,169.5625,128.546875,105.828125,88.5,77.125,90.859375,138.390625,156.40625,148.03125,134.78125,126.546875,112.421875,89.09375,75.703125,77.296875,86.703125,96.796875,95.3125,83.453125,71.34375,59.375,88.65625,141.46875,146.3125,131.0625,108.59375
2012-07-24,73.484375,92.265625,159.640625,169.5625,128.546875,105.828125,88.5,77.125,90.859375,138.390625,156.40625,148.03125,134.78125,126.546875,112.421875,89.09375,75.703125,77.296875,86.703125,96.796875,95.3125,83.453125,71.34375,59.375,88.65625,141.46875,146.3125,131.0625,108.59375,108.5
2012-07-25,73.71875,70.15625,69.453125,70.890625,79.671875,108.484375,141.3125,141.375,131.03125,120.59375,103.625,95.0625,91.59375,89.9375,96.796875,117.046875,124.390625,104.796875,86.84375,76.53125,149.046875,231.578125,223.59375,182.46875,152.15625,132.125,114.515625,104.265625,101.984375,117.5
2012-07-26,70.15625,69.453125,70.890625,79.671875,108.484375,141.3125,141.375,131.03125,120.59375,103.625,95.0625,91.59375,89.9375,96.796875,117.046875,124.390625,104.796875,86.84375,76.53125,149.046875,231.578125,223.59375,182.46875,152.15625,132.125,114.515625,104.265625,101.984375,117.5,118.203125
2012-07-27,69.453125,70.890625,79.671875,108.484375,141.3125,141.375,131.03125,120.59375,103.625,95.0625,91.59375,89.9375,96.796875,117.046875,124.390625,104.796875,86.84375,76.53125,149.046875,231.578125,223.59375,182.46875,152.15625,132.125,114.515625,104.265625,101.984375,117.5,118.203125,95.28125
2012-07-28,70.890625,79.671875,108.484375,141.3125,141.375,131.03125,120.59375,103.625,95.0625,91.59375,89.9375,96.796875,117.046875,124.390625,104.796875,86.84375,76.53125,149.046875,231.578125,223.59375,182.46875,152.15625,132.125,114.515625,104.265625,101.984375,117.5,118.203125,95.28125,72.609375
2012-07-29,62.203125,71.046875,99.125,131.375,135.875,128.0625,113.109375,91.65625,78.96875,74.203125,70.21875,64.203125,54.765625,46.578125,45.796875,52.015625,59.4375,61.75,63.421875,72.5,69.671875,53.8125,45.390625,67.921875,120.9375,136.875,145.65625,127.546875,91.34375,83.875
2012-07-30,71.046875,99.125,131.375,135.875,128.0625,113.109375,91.65625,78.96875,74.203125,70.21875,64.203125,54.765625,46.578125,45.796875,52.015625,59.4375,61.75,63.421875,72.5,69.671875,53.8125,45.390625,67.921875,120.9375,136.875,145.65625,127.546875,91.34375,83.875,97.4375
2012-07-31,99.125,131.375,135.875,128.0625,113.109375,91.65625,78.96875,74.203125,70.21875,64.203125,54.765625,46.578125,45.796875,52.015625,59.4375,61.75,63.421875,72.5,69.671875,53.8125,45.390625,67.921875,120.9375,136.875,145.65625,127.546875,91.34375,83.875,97.4375,113.53125
2012-08-01,79.53125,92.75,91.8125,83.609375,79.921875,75.75,66.78125,57.203125,49.5625,46.0,52.796875,61.890625,59.859375,63.078125,69.84375,65.5625,73.765625,82.390625,72.515625,67.21875,70.234375,78.703125,92.234375,103.265625,93.5625,89.953125,94.03125,114.96875,139.609375,144.453125
2012-08-02,92.75,91.8125,83.609375,79.921875,75.75,66.78125,57.203125,49.5625,46.0,52.796875,61.890625,59.859375,63.078125,69.84375,65.5625,73.765625,82.390625,72.515625,67.21875,70.234375,78.703125,92.234375,103.265625,93.5625,89.953125,94.03125,114.96875,139.609375,144.453125,151.484375
2012-08-03,91.8125,83.609375,79.921875,75.75,66.78125,57.203125,49.5625,46.0,52.796875,61.890625,59.859375,63.078125,69.84375,65.5625,73.765625,82.390625,72.515625,67.21875,70.234375,78.703125,92.234375,103.265625,93.5625,89.953125,94.03125,114.96875,139.609375,144.453125,151.484375,165.265625
2012-08-04,83.609375,79.921875,75.75,66.78125,57.203125,49.5625,46.0,52.796875,61.890625,59.859375,63.078125,69.84375,65.5625,73.765625,82.390625,72.515625,67.21875,70.234375,78.703125,92.234375,103.265625,93.5625,89.953125,94.03125,114.96875,139.609375,144.453125,151.484375,165.265625,145.703125
2012-08-05,66.96875,62.59375,63.1875,61.1875,61.0,53.703125,41.328125,32.90625,36.09375,51.25,62.4375,66.09375,64.53125,65.875,68.0625,61.546875,63.078125,80.53125,78.34375,72.9375,98.5625,164.609375,277.390625,296.125,297.90625,270.453125,216.21875,159.296875,190.46875,448.625
2012-08-06,62.59375,63.1875,61.1875,61.0,53.703125,41.328125,32.90625,36.09375,51.25,62.4375,66.09375,64.53125,65.875,68.0625,61.546875,63.078125,80.53125,78.34375,72.9375,98.5625,164.609375,277.390625,296.125,297.90625,270.453125,216.21875,159.296875,190.46875,448.625,676.875
2012-08-07,63.1875,61.1875,61.0,53.703125,41.328125,32.90625,36.09375,51.25,62.4375,66.09375,64.53125,65.875,68.0625,61.546875,63.078125,80.53125,78.34375,72.9375,98.5625,164.609375,277.390625,296.125,297.90625,270.453125,216.21875,159.296875,190.46875,448.625,676.875,511.125
2012-08-08,51.8125,73.515625,91.359375,83.734375,77.296875,68.109375,57.421875,48.90625,43.421875,44.453125,59.390625,87.5,130.78125,136.109375,107.796875,76.796875,67.234375,98.421875,106.203125,86.90625,71.640625,65.890625,71.65625,73.71875,70.515625,69.234375,64.078125,54.640625,46.09375,38.296875
2012-08-09,73.515625,91.359375,83.734375,77.296875,68.109375,57.421875,48.90625,43.421875,44.453125,59.390625,87.5,130.78125,136.109375,107.796875,76.796875,67.234375,98.421875,106.203125,86.90625,71.640625,65.890625,71.65625,73.71875,70.515625,69.234375,64.078125,54.640625,46.09375,38.296875,39.953125
2012-08-10,91.359375,83.734375,77.296875,68.109375,57.421875,48.90625,43.421875,44.453125,59.390625,87.5,130.78125,136.109375,107.796875,76.796875,67.234375,98.421875,106.203125,86.90625,71.640625,65.890625,71.65625,73.71875,70.515625,69.234375,64.078125,54.640625,46.09375,38.296875,39.953125,46.609375
2012-08-11,83.734375,77.296875,68.109375,57.421875,48.90625,43.421875,44.453125,59.390625,87.5,130.78125,136.109375,107.796875,76.796875,67.234375,98.421875,106.203125,86.90625,71.640625,65.890625,71.65625,73.71875,70.515625,69.234375,64.078125,54.640625,46.09375,38.296875,39.953125,46.609375,43.171875
2012-08-12,45.671875,41.75,38.0,34.5625,32.4375,47.484375,86.40625,97.421875,86.375,83.15625,74.125,60.21875,62.65625,75.078125,78.328125,99.65625,117.359375,94.921875,65.171875,66.078125,84.25,98.875,119.53125,118.859375,117.0,124.875,147.875,165.15625,195.8125,454.2109375
2012-08-13,41.75,38.0,34.5625,32.4375,47.484375,86.40625,97.421875,86.375,83.15625,74.125,60.21875,62.65625,75.078125,78.328125,99.65625,117.359375,94.921875,65.171875,66.078125,84.25,98.875,119.53125,118.859375,117.0,124.875,147.875,165.15625,195.8125,454.2109375,483.796875
2012-08-14,38.0,34.5625,32.4375,47.484375,86.40625,97.421875,86.375,83.15625,74.125,60.21875,62.65625,75.078125,78.328125,99.65625,117.359375,94.921875,65.171875,66.078125,84.25,98.875,119.53125,118.859375,117.0,124.875,147.875,165.15625,195.8125,454.2109375,483.796875,432.5625
2012-08-15,38.125,41.25,43.046875,51.4375,69.03125,82.015625,84.890625,110.859375,116.984375,92.984375,83.515625,90.875,88.84375,80.625,117.484375,127.453125,94.5625,75.140625,66.5625,62.34375,66.921875,65.765625,73.96875,88.6953125,104.25,118.28125,125.9921875,113.484375,95.140625,99.21875
2012-08-16,41.25,43.046875,51.4375,69.03125,82.015625,84.890625,110.859375,116.984375,92.984375,83.515625,90.875,88.84375,80.625,117.484375,127.453125,94.5625,75.140625,66.5625,62.34375,66.921875,65.765625,73.96875,88.6953125,104.25,118.28125,125.9921875,113.484375,95.140625,99.21875,119.203125
2012-08-17,43.046875,51.4375,69.03125,82.015625,84.890625,110.859375,116.984375,92.984375,83.515625,90.875,88.84375,80.625,117.484375,127.453125,94.5625,75.140625,66.5625,62.34375,66.921875,65.765625,73.96875,88.6953125,104.25,118.28125,125.9921875,113.484375,95.140625,99.21875,119.203125,103.6640625
2012-08-18,51.4375,69.03125,82.015625,84.890625,110.859375,116.984375,92.984375,83.515625,90.875,88.84375,80.625,117.484375,127.453125,94.5625,75.140625,66.5625,62.34375,66.921875,65.765625,73.96875,88.6953125,104.25,118.28125,125.9921875,113.484375,95.140625,99.21875,119.203125,103.6640625,87.1484375
2012-08-19,112.109375,90.234375,78.375,76.71875,74.6875,63.359375,51.390625,45.53125,59.4375,130.265625,152.734375,119.5,84.4375,58.96875,50.421875,51.65625,64.453125,69.03125,54.6796875,48.0,48.9453125,60.859375,78.0625,79.4921875,81.53125,109.140625,153.4609375,133.9609375,89.296875,66.84375
2012-08-20,90.234375,78.375,76.71875,74.6875,63.359375,51.390625,45.53125,59.4375,130.265625,152.734375,119.5,84.4375,58.96875,50.421875,51.65625,64.453125,69.03125,54.6796875,48.0,48.9453125,60.859375,78.0625,79.4921875,81.53125,109.140625,153.4609375,133.9609375,89.296875,66.84375,61.546875
2012-08-21,78.375,76.71875,74.6875,63.359375,51.390625,45.53125,59.4375,130.265625,152.734375,119.5,84.4375,58.96875,50.421875,51.65625,64.453125,69.03125,54.6796875,48.0,48.9453125,60.859375,78.0625,79.4921875,81.53125,109.140625,153.4609375,133.9609375,89.296875,66.84375,61.546875,77.296875
2012-08-22,74.6875,92.671875,114.765625,106.6875,91.953125,90.9375,92.90625,82.375,63.109375,52.515625,58.546875,75.546875,94.40625,97.234375,84.609375,65.671875,81.296875,122.5234375,105.5859375,81.734375,82.46875,85.796875,83.7578125,80.609375,81.125,89.0078125,106.40625,103.6953125,89.9765625,109.78125
2012-08-23,92.671875,114.765625,106.6875,91.953125,90.9375,92.90625,82.375,63.109375,52.515625,58.546875,75.546875,94.40625,97.234375,84.609375,65.671875,81.296875,122.5234375,105.5859375,81.734375,82.46875,85.796875,83.7578125,80.609375,81.125,89.0078125,106.40625,103.6953125,89.9765625,109.78125,110.78125
2012-08-24,114.765625,106.6875,91.953125,90.9375,92.90625,82.375,63.109375,52.515625,58.546875,75.546875,94.40625,97.234375,84.609375,65.671875,81.296875,122.5234375,105.5859375,81.734375,82.46875,85.796875,83.7578125,80.609375,81.125,89.0078125,106.40625,103.6953125,89.9765625,109.78125,110.78125,128.578125
2012-08-25,106.6875,91.953125,90.9375,92.90625,82.375,63.109375,52.515625,58.546875,75.546875,94.40625,97.234375,84.609375,65.671875,81.296875,122.5234375,105.5859375,81.734375,82.46875,85.796875,83.7578125,80.609375,81.125,89.0078125,106.40625,103.6953125,89.9765625,109.78125,110.78125,128.578125,196.875
2012-08-26,108.21875,98.671875,105.171875,118.421875,110.109375,93.078125,78.75,75.1875,75.65625,74.453125,72.5,72.46875,89.7578125,106.109375,115.1484375,116.5546875,152.0703125,147.0703125,111.875,97.6328125,90.953125,154.90625,186.1015625,204.484375,219.6875,167.7734375,137.84375,148.28125,146.453125,130.1640625
2012-08-27,98.671875,105.171875,118.421875,110.109375,93.078125,78.75,75.1875,75.65625,74.453125,72.5,72.46875,89.7578125,106.109375,115.1484375,116.5546875,152.0703125,147.0703125,111.875,97.6328125,90.953125,154.90625,186.1015625,204.484375,219.6875,167.7734375,137.84375,148.28125,146.453125,130.1640625,110.3125
2012-08-28,105.171875,118.421875,110.109375,93.078125,78.75,75.1875,75.65625,74.453125,72.5,72.46875,89.7578125,106.109375,115.1484375,116.5546875,152.0703125,147.0703125,111.875,97.6328125,90.953125,154.90625,186.1015625,204.484375,219.6875,167.7734375,137.84375,148.28125,146.453125,130.1640625,110.3125,103.03125
2012-08-29,119.96875,105.78125,82.6875,74.03125,66.4375,57.953125,49.609375,48.578125,51.5625,55.4921875,82.3359375,93.2734375,112.1015625,123.1484375,106.296875,92.8359375,95.0,168.6953125,204.2265625,162.2578125,135.6640625,143.6015625,159.203125,328.7421875,483.3359375,561.828125,388.7109375,223.421875,163.0859375,135.6015625
2012-08-30,105.78125,82.6875,74.03125,66.4375,57.953125,49.609375,48.578125,51.5625,55.4921875,82.3359375,93.2734375,112.1015625,123.1484375,106.296875,92.8359375,95.0,168.6953125,204.2265625,162.2578125,135.6640625,143.6015625,159.203125,328.7421875,483.3359375,561.828125,388.7109375,223.421875,163.0859375,135.6015625,133.4296875
2012-08-31,82.6875,74.03125,66.4375,57.953125,49.609375,48.578125,51.5625,55.4921875,82.3359375,93.2734375,112.1015625,123.1484375,106.296875,92.8359375,95.0,168.6953125,204.2265625,162.2578125,135.6640625,143.6015625,159.203125,328.7421875,483.3359375,561.828125,388.7109375,223.421875,163.0859375,135.6015625,133.4296875,175.0234375
2012-09-01,74.03125,66.4375,57.953125,49.609375,48.578125,51.5625,55.4921875,82.3359375,93.2734375,112.1015625,123.1484375,106.296875,92.8359375,95.0,168.6953125,204.2265625,162.2578125,135.6640625,143.6015625,159.203125,328.7421875,483.3359375,561.828125,388.7109375,223.421875,163.0859375,135.6015625,133.4296875,175.0234375,167.578125
2012-09-02,87.140625,82.875,78.53125,84.96875,91.96875,103.6796875,89.625,63.96875,51.9765625,57.046875,75.5546875,88.078125,83.4609375,67.9296875,53.4609375,46.7265625,46.703125,49.4296875,65.46875,95.9140625,111.5,125.7578125,129.4375,110.0859375,100.0859375,112.921875,122.265625,136.6796875,167.1875,151.296875
2012-09-03,82.875,78.53125,84.96875,91.96875,103.6796875,89.625,63.96875,51.9765625,57.046875,75.5546875,88.078125,83.4609375,67.9296875,53.4609375,46.7265625,46.703125,49.4296875,65.46875,95.9140625,111.5,125.7578125,129.4375,110.0859375,100.0859375,112.921875,122.265625,136.6796875,167.1875,151.296875,125.7890625
2012-09-04,78.53125,84.96875,91.96875,103.6796875,89.625,63.96875,51.9765625,57.046875,75.5546875,88.078125,83.4609375,67.9296875,53.4609375,46.7265625,46.703125,49.4296875,65.46875,95.9140625,111.5,125.7578125,129.4375,110.0859375,100.0859375,112.921875,122.265625,136.6796875,167.1875,151.296875,125.7890625,117.5703125
2012-09-05,67.578125,100.3046875,119.859375,94.6796875,84.1484375,109.21875,111.8515625,93.3671875,86.7109375,89.90625,86.3203125,73.15625,66.359375,73.046875,76.15625,78.265625,83.6796875,78.9609375,68.265625,70.2421875,70.78125,64.2421875,60.2421875,54.125,54.2421875,61.1328125,80.96875,105.9296875,113.671875,151.0390625
2012-09-06,100.3046875,119.859375,94.6796875,84.1484375,109.21875,111.8515625,93.3671875,86.7109375,89.90625,86.3203125,73.15625,66.359375,73.046875,76.15625,78.265625,83.6796875,78.9609375,68.265625,70.2421875,70.78125,64.2421875,60.2421875,54.125,54.2421875,61.1328125,80.96875,105.9296875,113.671875,151.0390625,148.9921875
2012-09-07,119.859375,94.6796875,84.1484375,109.21875,111.8515625,93.3671875,86.7109375,89.90625,86.3203125,73.15625,66.359375,73.046875,76.15625,78.265625,83.6796875,78.9609375,68.265625,70.2421875,70.78125,64.2421875,60.2421875,54.125,54.2421875,61.1328125,80.96875,105.9296875,113.671875,151.0390625,148.9921875,136.421875
2012-09-08,94.6796875,84.1484375,109.21875,111.8515625,93.3671875,86.7109375,89.90625,86.3203125,73.15625,66.359375,73.046875,76.15625,78.265625,83.6796875,78.9609375,68.265625,70.2421875,70.78125,64.2421875,60.2421875,54.125,54.2421875,61.1328125,80.96875,105.9296875,113.671875,151.0390625,148.9921875,136.421875,143.9453125
2012-09-09,104.6328125,97.4453125,111.4609375,208.0,294.8203125,283.078125,253.6328125,212.015625,155.3125,117.359375,100.3359375,97.125,102.5625,101.953125,92.03125,77.0703125,88.21875,175.1328125,237.4609375,205.28125,159.765625,147.03125,143.8515625,126.546875,98.9375,75.671875,75.59375,90.28125,95.921875,94.5
2012-09-10,97.4453125,111.4609375,208.0,294.8203125,283.078125,253.6328125,212.015625,155.3125,117.359375,100.3359375,97.125,102.5625,101.953125,92.03125,77.0703125,88.21875,175.1328125,237.4609375,205.28125,159.765625,147.03125,143.8515625,126.546875,98.9375,75.671875,75.59375,90.28125,95.921875,94.5,82.5625
2012-09-11,111.4609375,208.0,294.8203125,283.078125,253.6328125,212.015625,155.3125,117.359375,100.3359375,97.125,102.5625,101.953125,92.03125,77.0703125,88.21875,175.1328125,237.4609375,205.28125,159.765625,147.03125,143.8515625,126.546875,98.9375,75.671875,75.59375,90.28125,95.921875,94.5,82.5625,64.8125
2012-09-12,159.015625,168.03125,127.078125,109.9296875,108.7421875,109.2421875,107.140625,123.375,116.703125,121.46875,195.484375,267.0625,213.8046875,142.796875,115.1796875,113.625,124.6328125,154.6328125,180.8984375,180.4375,156.0859375,139.6640625,120.9921875,90.25,65.9296875,50.625,41.7578125,44.09375,67.578125,83.7109375
2012-09-13,168.03125,127.078125,109.9296875,108.7421875,109.2421875,107.140625,123.375,116.703125,121.46875,195.484375,267.0625,213.8046875,142.796875,115.1796875,113.625,124.6328125,154.6328125,180.8984375,180.4375,156.0859375,139.6640625,120.9921875,90.25,65.9296875,50.625,41.7578125,44.09375,67.578125,83.7109375,81.4140625
2012-09-14,127.078125,109.9296875,108.7421875,109.2421875,107.140625,123.375,116.703125,121.46875,195.484375,267.0625,213.8046875,142.796875,115.1796875,113.625,124.6328125,154.6328125,180.8984375,180.4375,156.0859375,139.6640625,120.9921875,90.25,65.9296875,50.625,41.7578125,44.09375,67.578125,83.7109375,81.4140625,68.375
2012-09-15,109.9296875,108.7421875,109.2421875,107.140625,123.375,116.703125,121.46875,195.484375,267.0625,213.8046875,142.796875,115.1796875,113.625,124.6328125,154.6328125,180.8984375,180.4375,156.0859375,139.6640625,120.9921875,90.25,65.9296875,50.625,41.7578125,44.09375,67.578125,83.7109375,81.4140625,68.375,49.9765625
2012-09-16,293.2578125,193.625,133.109375,110.46875,111.171875,100.796875,98.671875,104.03125,93.65625,95.7421875,105.921875,101.890625,91.65625,84.234375,85.5625,86.6875,102.59375,121.6015625,123.3046875,117.6875,123.6015625,125.9140625,110.4609375,87.203125,79.3046875,89.046875,88.8046875,101.3671875,124.8828125,127.1484375
2012-09-17,193.625,133.109375,110.46875,111.171875,100.796875,98.671875,104.03125,93.65625,95.7421875,105.921875,101.890625,91.65625,84.234375,85.5625,86.6875,102.59375,121.6015625,123.3046875,117.6875,123.6015625,125.9140625,110.4609375,87.203125,79.3046875,89.046875,88.8046875,101.3671875,124.8828125,127.1484375,132.953125
2012-09-18,133.109375,110.46875,111.171875,100.796875,98.671875,104.03125,93.65625,95.7421875,105.921875,101.890625,91.65625,84.234375,85.5625,86.6875,102.59375,121.6015625,123.3046875,117.6875,123.6015625,125.9140625,110.4609375,87.203125,79.3046875,89.046875,88.8046875,101.3671875,124.8828125,127.1484375,132.953125,137.7265625
2012-09-19,148.9609375,135.9765625,135.5546875,123.8046875,117.3046875,140.2890625,239.8046875,256.6796875,214.2109375,185.3359375,166.34375,155.3671875,129.84375,101.6796875,93.0078125,103.2890625,127.6953125,140.84375,119.453125,95.7421875,84.359375,70.6796875,56.1015625,45.8359375,39.2734375,34.9609375,30.9765625,27.359375,23.875,21.3515625
2012-09-20,135.9765625,135.5546875,123.8046875,117.3046875,140.2890625,239.8046875,256.6796875,214.2109375,185.3359375,166.34375,155.3671875,129.84375,101.6796875,93.0078125,103.2890625,127.6953125,140.84375,119.453125,95.7421875,84.359375,70.6796875,56.1015625,45.8359375,39.2734375,34.9609375,30.9765625,27.359375,23.875,21.3515625,19.03125
2012-09-21,135.5546875,123.8046875,117.3046875,140.2890625,239.8046875,256.6796875,214.2109375,185.3359375,166.34375,155.3671875,129.84375,101.6796875,93.0078125,103.2890625,127.6953125,140.84375,119.453125,95.7421875,84.359375,70.6796875,56.1015625,45.8359375,39.2734375,34.9609375,30.9765625,27.359375,23.875,21.3515625,19.03125,17.3515625
2012-09-22,123.8046875,117.3046875,140.2890625,239.8046875,256.6796875,214.2109375,185.3359375,166.34375,155.3671875,129.84375,101.6796875,93.0078125,103.2890625,127.6953125,140.84375,119.453125,95.7421875,84.359375,70.6796875,56.1015625,45.8359375,39.2734375,34.9609375,30.9765625,27.359375,23.875,21.3515625,19.03125,17.3515625,15.859375
2012-09-23,175.171875,180.703125,163.828125,155.0625,159.3125,172.984375,162.21875,135.9296875,113.2109375,96.90625,94.296875,101.8671875,110.9296875,111.828125,112.40625,141.0390625,154.9296875,145.03125,124.640625,108.421875,111.0703125,113.1796875,130.421875,175.6875,175.1875,137.34375,105.3984375,87.796875,74.7890625,58.0703125
2012-09-24,180.703125,163.828125,155.0625,159.3125,172.984375,162.21875,135.9296875,113.2109375,96.90625,94.296875,101.8671875,110.9296875,111.828125,112.40625,141.0390625,154.9296875,145.03125,124.640625,108.421875,111.0703125,113.1796875,130.421875,175.6875,175.1875,137.34375,105.3984375,87.796875,74.7890625,58.0703125,46.671875
2012-09-25,163.828125,155.0625,159.3125,172.984375,162.21875,135.9296875,113.2109375,96.90625,94.296875,101.8671875,110.9296875,111.828125,112.40625,141.0390625,154.9296875,145.03125,124.640625,108.421875,111.0703125,113.1796875,130.421875,175.6875,175.1875,137.34375,105.3984375,87.796875,74.7890625,58.0703125,46.671875,43.1953125
2012-09-26,276.234375,579.953125,480.109375,335.53125,259.296875,205.40625,183.1171875,219.0234375,240.015625,253.1484375,261.734375,251.75,213.96875,169.6875,165.6875,152.015625,120.8046875,98.84375,87.9921875,111.828125,154.6875,146.0078125,169.9140625,178.4921875,174.4609375,166.2890625,190.078125,180.6875,142.2734375,108.859375
2012-09-27,579.953125,480.109375,335.53125,259.296875,205.40625,183.1171875,219.0234375,240.015625,253.1484375,261.734375,251.75,213.96875,169.6875,165.6875,152.015625,120.8046875,98.84375,87.9921875,111.828125,154.6875,146.0078125,169.9140625,178.4921875,174.4609375,166.2890625,190.078125,180.6875,142.2734375,108.859375,80.171875
2012-09-28,480.109375,335.53125,259.296875,205.40625,183.1171875,219.0234375,240.015625,253.1484375,261.734375,251.75,213.96875,169.6875,165.6875,152.015625,120.8046875,98.84375,87.9921875,111.828125,154.6875,146.0078125,169.9140625,178.4921875,174.4609375,166.2890625,190.078125,180.6875,142.2734375,108.859375,80.171875,63.1796875
2012-09-29,335.53125,259.296875,205.40625,183.1171875,219.0234375,240.015625,253.1484375,261.734375,251.75,213.96875,169.6875,165.6875,152.015625,120.8046875,98.84375,87.9921875,111.828125,154.6875,146.0078125,169.9140625,178.4921875,174.4609375,166.2890625,190.078125,180.6875,142.2734375,108.859375,80.171875,63.1796875,84.1171875
2012-09-30,364.625,359.9140625,289.6875,237.6171875,205.3828125,184.1796875,180.328125,159.25,160.4296875,171.5,163.6171875,138.9140625,120.609375,110.5078125,104.6171875,121.3984375,146.328125,167.046875,160.3046875,157.5234375,143.0234375,109.46875,150.9375,175.625,208.828125,201.421875,229.703125,246.5234375,185.53125,125.7265625
2012-10-01,359.9140625,289.6875,237.6171875,205.3828125,184.1796875,180.328125,159.25,160.4296875,171.5,163.6171875,138.9140625,120.609375,110.5078125,104.6171875,121.3984375,146.328125,167.046875,160.3046875,157.5234375,143.0234375,109.46875,150.9375,175.625,208.828125,201.421875,229.703125,246.5234375,185.53125,125.7265625,91.578125
2012-10-02,289.6875,237.6171875,205.3828125,184.1796875,180.328125,159.25,160.4296875,171.5,163.6171875,138.9140625,120.609375,110.5078125,104.6171875,121.3984375,146.328125,167.046875,160.3046875,157.5234375,143.0234375,109.46875,150.9375,175.625,208.828125,201.421875,229.703125,246.5234375,185.53125,125.7265625,91.578125,136.09375
2012-10-03,292.875,253.75,221.28125,198.03125,220.515625,203.09375,180.5546875,192.4609375,213.5390625,203.640625,182.9140625,158.1640625,145.7109375,129.640625,107.90625,94.7578125,83.6484375,70.53125,62.1953125,60.4375,69.421875,81.421875,124.21875,146.828125,114.7109375,82.078125,70.6875,117.171875,132.515625,101.2734375
2012-10-04,253.75,221.28125,198.03125,220.515625,203.09375,180.5546875,192.4609375,213.5390625,203.640625,182.9140625,158.1640625,145.7109375,129.640625,107.90625,94.7578125,83.6484375,70.53125,62.1953125,60.4375,69.421875,81.421875,124.21875,146.828125,114.7109375,82.078125,70.6875,117.171875,132.515625,101.2734375,87.9140625
2012-10-05,221.28125,198.03125,220.515625,203.09375,180.5546875,192.4609375,213.5390625,203.640625,182.9140625,158.1640625,145.7109375,129.640625,107.90625,94.7578125,83.6484375,70.53125,62.1953125,60.4375,69.421875,81.421875,124.21875,146.828125,114.7109375,82.078125,70.6875,117.171875,132.515625,101.2734375,87.9140625,88.1015625
2012-10-06,198.03125,220.515625,203.09375,180.5546875,192.4609375,213.5390625,203.640625,182.9140625,158.1640625,145.7109375,129.640625,107.90625,94.7578125,83.6484375,70.53125,62.1953125,60.4375,69.421875,81.421875,124.21875,146.828125,114.7109375,82.078125,70.6875,117.171875,132.515625,101.2734375,87.9140625,88.1015625,93.859375
2012-10-07,302.21875,260.0390625,225.5,210.4609375,195.7890625,176.609375,165.3125,159.078125,153.8125,152.421875,129.6796875,102.828125,87.203125,76.0703125,79.125,82.3203125,75.28125,67.1328125,84.5390625,106.75,93.8984375,73.6953125,70.1796875,119.8125,136.1953125,100.5078125,95.0,96.171875,79.796875,59.9453125
2012-10-08,260.0390625,225.5,210.4609375,195.7890625,176.609375,165.3125,159.078125,153.8125,152.421875,129.6796875,102.828125,87.203125,76.0703125,79.125,82.3203125,75.28125,67.1328125,84.5390625,106.75,93.8984375,73.6953125,70.1796875,119.8125,136.1953125,100.5078125,95.0,96.171875,79.796875,59.9453125,52.3671875
2012-10-09,225.5,210.4609375,195.7890625,176.609375,165.3125,159.078125,153.8125,152.421875,129.6796875,102.828125,87.203125,76.0703125,79.125,82.3203125,75.28125,67.1328125,84.5390625,106.75,93.8984375,73.6953125,70.1796875,119.8125,136.1953125,100.5078125,95.0,96.171875,79.796875,59.9453125,52.3671875,131.7578125
2012-10-10,243.546875,213.0546875,178.125,175.109375,157.734375,136.890625,118.03125,99.0546875,85.6875,76.2265625,68.6875,62.984375,60.0390625,61.21875,62.671875,60.515625,56.1171875,49.0859375,41.9921875,36.453125,31.828125,30.1875,32.3671875,34.2265625,32.3828125,73.25,138.0,130.921875,95.4140625,98.9765625
2012-10-11,213.0546875,178.125,175.109375,157.734375,136.890625,118.03125,99.0546875,85.6875,76.2265625,68.6875,62.984375,60.0390625,61.21875,62.671875,60.515625,56.1171875,49.0859375,41.9921875,36.453125,31.828125,30.1875,32.3671875,34.2265625,32.3828125,73.25,138.0,130.921875,95.4140625,98.9765625,118.8671875
2012-10-12,178.125,175.109375,157.734375,136.890625,118.03125,99.0546875,85.6875,76.2265625,68.6875,62.984375,60.0390625,61.21875,62.671875,60.515625,56.1171875,49.0859375,41.9921875,36.453125,31.828125,30.1875,32.3671875,34.2265625,32.3828125,73.25,138.0,130.921875,95.4140625,98.9765625,118.8671875,98.90625
2012-10-13,175.109375,157.734375,136.890625,118.03125,99.0546875,85.6875,76.2265625,68.6875,62.984375,60.0390625,61.21875,62.671875,60.515625,56.1171875,49.0859375,41.9921875,36.453125,31.828125,30.1875,32.3671875,34.2265625,32.3828125,73.25,138.0,130.921875,95.4140625,98.9765625,118.8671875,98.90625,69.5234375
2012-10-14,157.8828125,172.7265625,175.515625,164.453125,131.6015625,108.8984375,93.59375,82.8125,77.140625,71.03125,72.859375,103.109375,116.0078125,99.0703125,90.328125,98.8984375,101.953125,99.375,117.46875,120.1328125,111.2265625,97.9609375,91.96875,84.5859375,64.3984375,51.5,46.8046875,52.765625,56.09375,57.0
2012-10-15,172.7265625,175.515625,164.453125,131.6015625,108.8984375,93.59375,82.8125,77.140625,71.03125,72.859375,103.109375,116.0078125,99.0703125,90.328125,98.8984375,101.953125,99.375,117.46875,120.1328125,111.2265625,97.9609375,91.96875,84.5859375,64.3984375,51.5,46.8046875,52.765625,56.09375,57.0,53.0859375
2012-10-16,175.515625,164.453125,131.6015625,108.8984375,93.59375,82.8125,77.140625,71.03125,72.859375,103.109375,116.0078125,99.0703125,90.328125,98.8984375,101.953125,99.375,117.46875,120.1328125,111.2265625,97.9609375,91.96875,84.5859375,64.3984375,51.5,46.8046875,52.765625,56.09375,57.0,53.0859375,42.9609375
2012-10-17,138.8515625,115.296875,96.1796875,89.96875,91.1875,99.3046875,135.25,178.8046875,153.859375,107.8046875,89.96875,85.703125,86.609375,88.203125,89.1484375,81.5625,71.5703125,79.5234375,80.7734375,70.265625,71.0234375,79.65625,108.6796875,119.6484375,97.546875,72.0859375,57.0,47.3515625,36.265625,28.1953125
2012-10-18,115.296875,96.1796875,89.96875,91.1875,99.3046875,135.25,178.8046875,153.859375,107.8046875,89.96875,85.703125,86.609375,88.203125,89.1484375,81.5625,71.5703125,79.5234375,80.7734375,70.265625,71.0234375,79.65625,108.6796875,119.6484375,97.546875,72.0859375,57.0,47.3515625,36.265625,28.1953125,22.953125
2012-10-19,96.1796875,89.96875,91.1875,99.3046875,135.25,178.8046875,153.859375,107.8046875,89.96875,85.703125,86.609375,88.203125,89.1484375,81.5625,71.5703125,79.5234375,80.7734375,70.265625,71.0234375,79.65625,108.6796875,119.6484375,97.546875,72.0859375,57.0,47.3515625,36.265625,28.1953125,22.953125,19.734375
2012-10-20,89.96875,91.1875,99.3046875,135.25,178.8046875,153.859375,107.8046875,89.96875,85.703125,86.609375,88.203125,89.1484375,81.5625,71.5703125,79.5234375,80.7734375,70.265625,71.0234375,79.65625,108.6796875,119.6484375,97.546875,72.0859375,57.0,47.3515625,36.265625,28.1953125,22.953125,19.734375,16.90625
2012-10-21,84.0859375,77.71875,82.7890625,100.6640625,103.34375,91.421875,77.328125,64.34375,57.546875,53.609375,59.015625,60.8359375,52.46875,48.671875,56.828125,59.0078125,52.3671875,48.7890625,46.125,50.828125,51.8671875,43.0234375,39.0546875,37.953125,39.0390625,37.2890625,29.2421875,22.78125,18.7734375,15.59375
2012-10-22,77.71875,82.7890625,100.6640625,103.34375,91.421875,77.328125,64.34375,57.546875,53.609375,59.015625,60.8359375,52.46875,48.671875,56.828125,59.0078125,52.3671875,48.7890625,46.125,50.828125,51.8671875,43.0234375,39.0546875,37.953125,39.0390625,37.2890625,29.2421875,22.78125,18.7734375,15.59375,13.1484375
2012-10-23,82.7890625,100.6640625,103.34375,91.421875,77.328125,64.34375,57.546875,53.609375,59.015625,60.8359375,52.46875,48.671875,56.828125,59.0078125,52.3671875,48.7890625,46.125,50.828125,51.8671875,43.0234375,39.0546875,37.953125,39.0390625,37.2890625,29.2421875,22.78125,18.7734375,15.59375,13.1484375,11.75
2012-10-24,116.0234375,96.3046875,82.8046875,70.6015625,61.3671875,54.953125,49.5625,56.96875,71.6640625,67.984375,55.796875,47.25,40.2890625,36.15625,36.984375,43.1953125,63.453125,77.421875,63.515625,46.4765625,35.5859375,29.5859375,40.0859375,62.1640625,56.78125,40.7265625,31.0546875,34.0859375,59.171875,73.8515625
2012-10-25,96.3046875,82.8046875,70.6015625,61.3671875,54.953125,49.5625,56.96875,71.6640625,67.984375,55.796875,47.25,40.2890625,36.15625,36.984375,43.1953125,63.453125,77.421875,63.515625,46.4765625,35.5859375,29.5859375,40.0859375,62.1640625,56.78125,40.7265625,31.0546875,34.0859375,59.171875,73.8515625,61.6640625
2012-10-26,82.8046875,70.6015625,61.3671875,54.953125,49.5625,56.96875,71.6640625,67.984375,55.796875,47.25,40.2890625,36.15625,36.984375,43.1953125,63.453125,77.421875,63.515625,46.4765625,35.5859375,29.5859375,40.0859375,62.1640625,56.78125,40.7265625,31.0546875,34.0859375,59.171875,73.8515625,61.6640625,46.0234375
2012-10-27,70.6015625,61.3671875,54.953125,49.5625,56.96875,71.6640625,67.984375,55.796875,47.25,40.2890625,36.15625,36.984375,43.1953125,63.453125,77.421875,63.515625,46.4765625,35.5859375,29.5859375,40.0859375,62.1640625,56.78125,40.7265625,31.0546875,34.0859375,59.171875,73.8515625,61.6640625,46.0234375,33.015625
2012-10-28,61.7109375,56.1953125,59.734375,67.8125,105.4453125,116.359375,104.53125,99.1171875,80.046875,63.171875,55.3203125,57.34375,69.25,68.6484375,54.8359375,42.0859375,32.8984375,26.546875,22.4609375,18.4609375,15.71875,13.5546875,11.859375,10.2578125,9.5625,9.5234375,8.0,6.578125,6.07421875,5.7421875
2012-10-29,56.1953125,59.734375,67.8125,105.4453125,116.359375,104.53125,99.1171875,80.046875,63.171875,55.3203125,57.34375,69.25,68.6484375,54.8359375,42.0859375,32.8984375,26.546875,22.4609375,18.4609375,15.71875,13.5546875,11.859375,10.2578125,9.5625,9.5234375,8.0,6.578125,6.07421875,5.7421875,5.94921875
2012-10-30,59.734375,67.8125,105.4453125,116.359375,104.53125,99.1171875,80.046875,63.171875,55.3203125,57.34375,69.25,68.6484375,54.8359375,42.0859375,32.8984375,26.546875,22.4609375,18.4609375,15.71875,13.5546875,11.859375,10.2578125,9.5625,9.5234375,8.0,6.578125,6.07421875,5.7421875,5.94921875,5.9296875
2012-10-31,115.703125,113.6015625,91.9140625,80.3984375,73.9453125,80.84375,88.1953125,85.7265625,90.8515625,88.4453125,78.796875,67.9140625,55.578125,46.125,37.09375,30.0390625,27.3125,33.9140625,39.84375,35.15625,28.69140625,22.8125,18.359375,15.07421875,12.40234375,10.4921875,9.6875,9.296875,9.03125,9.18359375
2012-11-01,113.6015625,91.9140625,80.3984375,73.9453125,80.84375,88.1953125,85.7265625,90.8515625,88.4453125,78.796875,67.9140625,55.578125,46.125,37.09375,30.0390625,27.3125,33.9140625,39.84375,35.15625,28.69140625,22.8125,18.359375,15.07421875,12.40234375,10.4921875,9.6875,9.296875,9.03125,9.18359375,8.58203125
2012-11-02,91.9140625,80.3984375,73.9453125,80.84375,88.1953125,85.7265625,90.8515625,88.4453125,78.796875,67.9140625,55.578125,46.125,37.09375,30.0390625,27.3125,33.9140625,39.84375,35.15625,28.69140625,22.8125,18.359375,15.07421875,12.40234375,10.4921875,9.6875,9.296875,9.03125,9.18359375,8.58203125,7.96484375
2012-11-03,80.3984375,73.9453125,80.84375,88.1953125,85.7265625,90.8515625,88.4453125,78.796875,67.9140625,55.578125,46.125,37.09375,30.0390625,27.3125,33.9140625,39.84375,35.15625,28.69140625,22.8125,18.359375,15.07421875,12.40234375,10.4921875,9.6875,9.296875,9.03125,9.18359375,8.58203125,7.96484375,7.4140625
2012-11-04,90.53125,127.8125,125.8046875,91.5078125,75.21875,65.4765625,54.703125,59.734375,69.4609375,62.1796875,59.3984375,67.5703125,60.0,44.96875,37.75,39.7578125,42.546875,44.95703125,53.90234375,53.22265625,39.8515625,31.69921875,35.99609375,39.31640625,31.41015625,24.69140625,19.609375,17.06640625,17.0625,16.13671875
2012-11-05,127.8125,125.8046875,91.5078125,75.21875,65.4765625,54.703125,59.734375,69.4609375,62.1796875,59.3984375,67.5703125,60.0,44.96875,37.75,39.7578125,42.546875,44.95703125,53.90234375,53.22265625,39.8515625,31.69921875,35.99609375,39.31640625,31.41015625,24.69140625,19.609375,17.06640625,17.0625,16.13671875,14.22265625
2012-11-06,125.8046875,91.5078125,75.21875,65.4765625,54.703125,59.734375,69.4609375,62.1796875,59.3984375,67.5703125,60.0,44.96875,37.75,39.7578125,42.546875,44.95703125,53.90234375,53.22265625,39.8515625,31.69921875,35.99609375,39.31640625,31.41015625,24.69140625,19.609375,17.06640625,17.0625,16.13671875,14.22265625,12.36328125
2012-11-07,115.3828125,91.09375,72.1171875,63.8984375,129.0859375,162.3046875,137.875,165.84375,196.7109375,172.0546875,118.4296875,277.9609375,424.9765625,290.1875,168.4296875,112.90625,91.73828125,104.55859375,130.52734375,208.77734375,210.66015625,171.86328125,137.44140625,108.29296875,86.8515625,67.26953125,62.5234375,75.796875,77.1328125,61.4765625
2012-11-08,91.09375,72.1171875,63.8984375,129.0859375,162.3046875,137.875,165.84375,196.7109375,172.0546875,118.4296875,277.9609375,424.9765625,290.1875,168.4296875,112.90625,91.73828125,104.55859375,130.52734375,208.77734375,210.66015625,171.86328125,137.44140625,108.29296875,86.8515625,67.26953125,62.5234375,75.796875,77.1328125,61.4765625,48.59375
2012-11-09,72.1171875,63.8984375,129.0859375,162.3046875,137.875,165.84375,196.7109375,172.0546875,118.4296875,277.9609375,424.9765625,290.1875,168.4296875,112.90625,91.73828125,104.55859375,130.52734375,208.77734375,210.66015625,171.86328125,137.44140625,108.29296875,86.8515625,67.26953125,62.5234375,75.796875,77.1328125,61.4765625,48.59375,40.54296875
2012-11-10,63.8984375,129.0859375,162.3046875,137.875,165.84375,196.7109375,172.0546875,118.4296875,277.9609375,424.9765625,290.1875,168.4296875,112.90625,91.73828125,104.55859375,130.52734375,208.77734375,210.66015625,171.86328125,137.44140625,108.29296875,86.8515625,67.26953125,62.5234375,75.796875,77.1328125,61.4765625,48.59375,40.54296875,35.078125
2012-11-11,70.265625,83.3046875,68.3828125,57.6640625,67.421875,82.2265625,81.3046875,78.1953125,73.578125,64.51171875,53.9609375,42.7421875,34.734375,32.7265625,32.39453125,27.69140625,24.90625,22.50390625,18.97265625,17.42578125,27.87890625,51.546875,72.1328125,81.46484375,73.53125,55.8984375,40.94140625,29.44140625,22.03125,17.79296875
2012-11-12,83.3046875,68.3828125,57.6640625,67.421875,82.2265625,81.3046875,78.1953125,73.578125,64.51171875,53.9609375,42.7421875,34.734375,32.7265625,32.39453125,27.69140625,24.90625,22.50390625,18.97265625,17.42578125,27.87890625,51.546875,72.1328125,81.46484375,73.53125,55.8984375,40.94140625,29.44140625,22.03125,17.79296875,14.734375
2012-11-13,68.3828125,57.6640625,67.421875,82.2265625,81.3046875,78.1953125,73.578125,64.51171875,53.9609375,42.7421875,34.734375,32.7265625,32.39453125,27.69140625,24.90625,22.50390625,18.97265625,17.42578125,27.87890625,51.546875,72.1328125,81.46484375,73.53125,55.8984375,40.94140625,29.44140625,22.03125,17.79296875,14.734375,12.46875
2012-11-14,40.4921875,80.40625,126.28125,109.0703125,102.4375,106.2265625,86.4765625,60.203125,43.90625,36.1015625,47.30859375,76.17578125,87.51171875,91.3203125,80.07421875,55.2734375,41.37109375,34.74609375,28.09375,22.484375,17.80859375,19.0234375,38.3828125,59.1796875,61.71875,53.4609375,41.71875,34.9296875,29.1796875,22.796875
2012-11-15,80.40625,126.28125,109.0703125,102.4375,106.2265625,86.4765625,60.203125,43.90625,36.1015625,47.30859375,76.17578125,87.51171875,91.3203125,80.07421875,55.2734375,41.37109375,34.74609375,28.09375,22.484375,17.80859375,19.0234375,38.3828125,59.1796875,61.71875,53.4609375,41.71875,34.9296875,29.1796875,22.796875,17.9296875
2012-11-16,126.28125,109.0703125,102.4375,106.2265625,86.4765625,60.203125,43.90625,36.1015625,47.30859375,76.17578125,87.51171875,91.3203125,80.07421875,55.2734375,41.37109375,34.74609375,28.09375,22.484375,17.80859375,19.0234375,38.3828125,59.1796875,61.71875,53.4609375,41.71875,34.9296875,29.1796875,22.796875,17.9296875,14.5859375
2012-11-17,109.0703125,102.4375,106.2265625,86.4765625,60.203125,43.90625,36.1015625,47.30859375,76.17578125,87.51171875,91.3203125,80.07421875,55.2734375,41.37109375,34.74609375,28.09375,22.484375,17.80859375,19.0234375,38.3828125,59.1796875,61.71875,53.4609375,41.71875,34.9296875,29.1796875,22.796875,17.9296875,14.5859375,12.1640625
2012-11-18,82.3125,67.859375,58.69921875,49.72265625,45.8515625,63.30078125,74.046875,65.8984375,64.15625,61.08984375,55.1640625,46.44140625,38.64453125,34.76953125,27.2890625,21.890625,21.4375,24.15234375,22.234375,38.34375,58.86328125,44.6875,31.46484375,23.125,17.7734375,14.375,15.1796875,17.34375,15.6875,14.3671875
2012-11-19,67.859375,58.69921875,49.72265625,45.8515625,63.30078125,74.046875,65.8984375,64.15625,61.08984375,55.1640625,46.44140625,38.64453125,34.76953125,27.2890625,21.890625,21.4375,24.15234375,22.234375,38.34375,58.86328125,44.6875,31.46484375,23.125,17.7734375,14.375,15.1796875,17.34375,15.6875,14.3671875,12.921875
2012-11-20,58.69921875,49.72265625,45.8515625,63.30078125,74.046875,65.8984375,64.15625,61.08984375,55.1640625,46.44140625,38.64453125,34.76953125,27.2890625,21.890625,21.4375,24.15234375,22.234375,38.34375,58.86328125,44.6875,31.46484375,23.125,17.7734375,14.375,15.1796875,17.34375,15.6875,14.3671875,12.921875,15.078125
2012-11-21,60.50390625,69.546875,84.94921875,118.4375,132.234375,106.54296875,76.14453125,57.44140625,51.06640625,44.23046875,34.890625,26.80078125,21.12890625,17.0546875,23.73046875,35.2578125,35.26171875,27.66015625,21.08203125,16.78125,14.078125,13.28125,13.3515625,12.3359375,11.3203125,11.59375,13.3515625,14.1875,13.4921875,12.078125
2012-11-22,69.546875,84.94921875,118.4375,132.234375,106.54296875,76.14453125,57.44140625,51.06640625,44.23046875,34.890625,26.80078125,21.12890625,17.0546875,23.73046875,35.2578125,35.26171875,27.66015625,21.08203125,16.78125,14.078125,13.28125,13.3515625,12.3359375,11.3203125,11.59375,13.3515625,14.1875,13.4921875,12.078125,10.484375
2012-11-23,84.94921875,118.4375,132.234375,106.54296875,76.14453125,57.44140625,51.06640625,44.23046875,34.890625,26.80078125,21.12890625,17.0546875,23.73046875,35.2578125,35.26171875,27.66015625,21.08203125,16.78125,14.078125,13.28125,13.3515625,12.3359375,11.3203125,11.59375,13.3515625,14.1875,13.4921875,12.078125,10.484375,9.3984375
2012-11-24,118.4375,132.234375,106.54296875,76.14453125,57.44140625,51.06640625,44.23046875,34.890625,26.80078125,21.12890625,17.0546875,23.73046875,35.2578125,35.26171875,27.66015625,21.08203125,16.78125,14.078125,13.28125,13.3515625,12.3359375,11.3203125,11.59375,13.3515625,14.1875,13.4921875,12.078125,10.484375,9.3984375,9.609375
2012-11-25,125.44140625,98.16015625,84.5625,90.51953125,74.04296875,51.203125,36.71875,27.44921875,21.46875,17.6328125,16.24609375,16.40234375,15.07421875,13.203125,11.2109375,10.2890625,9.1875,8.0703125,10.2578125,15.84375,16.703125,14.28125,13.0859375,12.703125,11.4921875,12.765625,23.8671875,39.078125,40.75,32.9609375
2012-11-26,98.16015625,84.5625,90.51953125,74.04296875,51.203125,36.71875,27.44921875,21.46875,17.6328125,16.24609375,16.40234375,15.07421875,13.203125,11.2109375,10.2890625,9.1875,8.0703125,10.2578125,15.84375,16.703125,14.28125,13.0859375,12.703125,11.4921875,12.765625,23.8671875,39.078125,40.75,32.9609375,24.3984375
2012-11-27,84.5625,90.51953125,74.04296875,51.203125,36.71875,27.44921875,21.46875,17.6328125,16.24609375,16.40234375,15.07421875,13.203125,11.2109375,10.2890625,9.1875,8.0703125,10.2578125,15.84375,16.703125,14.28125,13.0859375,12.703125,11.4921875,12.765625,23.8671875,39.078125,40.75,32.9609375,24.3984375,18.25
2012-11-28,76.5078125,60.125,49.640625,43.6953125,35.25,29.70703125,23.796875,19.05078125,15.6328125,13.03125,11.25,10.05859375,9.16015625,8.390625,7.5390625,6.875,6.078125,5.28125,5.15625,5.1640625,4.96875,4.90625,5.3203125,5.59375,5.8984375,6.421875,7.0234375,42.2890625,82.6328125,57.4765625
2012-11-29,60.125,49.640625,43.6953125,35.25,29.70703125,23.796875,19.05078125,15.6328125,13.03125,11.25,10.05859375,9.16015625,8.390625,7.5390625,6.875,6.078125,5.28125,5.15625,5.1640625,4.96875,4.90625,5.3203125,5.59375,5.8984375,6.421875,7.0234375,42.2890625,82.6328125,57.4765625,37.328125
2012-11-30,49.640625,43.6953125,35.25,29.70703125,23.796875,19.05078125,15.6328125,13.03125,11.25,10.05859375,9.16015625,8.390625,7.5390625,6.875,6.078125,5.28125,5.15625,5.1640625,4.96875,4.90625,5.3203125,5.59375,5.8984375,6.421875,7.0234375,42.2890625,82.6328125,57.4765625,37.328125,25.8828125
2012-12-01,43.6953125,35.25,29.70703125,23.796875,19.05078125,15.6328125,13.03125,11.25,10.05859375,9.16015625,8.390625,7.5390625,6.875,6.078125,5.28125,5.15625,5.1640625,4.96875,4.90625,5.3203125,5.59375,5.8984375,6.421875,7.0234375,42.2890625,82.6328125,57.4765625,37.328125,25.8828125,19.6328125
2012-12-02,25.50390625,20.78125,17.16796875,14.7265625,13.9140625,16.4453125,18.4609375,16.98828125,14.3203125,12.2109375,10.8046875,10.484375,10.7109375,10.5234375,9.9375,8.890625,7.890625,7.90625,9.5625,9.8046875,8.921875,8.203125,7.5390625,6.6796875,5.7734375,5.609375,5.265625,5.0859375,6.171875,10.7421875
2012-12-03,20.78125,17.16796875,14.7265625,13.9140625,16.4453125,18.4609375,16.98828125,14.3203125,12.2109375,10.8046875,10.484375,10.7109375,10.5234375,9.9375,8.890625,7.890625,7.90625,9.5625,9.8046875,8.921875,8.203125,7.5390625,6.6796875,5.7734375,5.609375,5.265625,5.0859375,6.171875,10.7421875,11.8828125
2012-12-04,17.16796875,14.7265625,13.9140625,16.4453125,18.4609375,16.98828125,14.3203125,12.2109375,10.8046875,10.484375,10.7109375,10.5234375,9.9375,8.890625,7.890625,7.90625,9.5625,9.8046875,8.921875,8.203125,7.5390625,6.6796875,5.7734375,5.609375,5.265625,5.0859375,6.171875,10.7421875,11.8828125,11.125
2012-12-05,15.64453125,13.734375,12.13671875,10.84375,10.0078125,11.56640625,15.0546875,14.953125,13.2734375,12.078125,11.59375,12.1015625,11.5703125,10.578125,9.7421875,8.453125,7.609375,7.359375,7.0859375,6.8359375,6.5390625,6.1015625,5.859375,14.6484375,35.203125,32.5,23.96875,18.078125,13.5859375,11.78125
2012-12-06,13.734375,12.13671875,10.84375,10.0078125,11.56640625,15.0546875,14.953125,13.2734375,12.078125,11.59375,12.1015625,11.5703125,10.578125,9.7421875,8.453125,7.609375,7.359375,7.0859375,6.8359375,6.5390625,6.1015625,5.859375,14.6484375,35.203125,32.5,23.96875,18.078125,13.5859375,11.78125,12.2890625
2012-12-07,12.13671875,10.84375,10.0078125,11.56640625,15.0546875,14.953125,13.2734375,12.078125,11.59375,12.1015625,11.5703125,10.578125,9.7421875,8.453125,7.609375,7.359375,7.0859375,6.8359375,6.5390625,6.1015625,5.859375,14.6484375,35.203125,32.5,23.96875,18.078125,13.5859375,11.78125,12.2890625,10.6640625
2012-12-08,10.84375,10.0078125,11.56640625,15.0546875,14.953125,13.2734375,12.078125,11.59375,12.1015625,11.5703125,10.578125,9.7421875,8.453125,7.609375,7.359375,7.0859375,6.8359375,6.5390625,6.1015625,5.859375,14.6484375,35.203125,32.5,23.96875,18.078125,13.5859375,11.78125,12.2890625,10.6640625,9.15625
2012-12-09,21.390625,19.98828125,17.703125,15.3515625,12.859375,11.671875,14.21875,18.9921875,19.3125,16.140625,13.2265625,11.7890625,10.96875,9.6015625,8.90625,7.9453125,7.0546875,5.9765625,5.234375,4.890625,4.7421875,4.7421875,4.5,5.4296875,6.953125,8.546875,8.78125,8.0703125,7.1796875,6.7578125
2012-12-10,19.98828125,17.703125,15.3515625,12.859375,11.671875,14.21875,18.9921875,19.3125,16.140625,13.2265625,11.7890625,10.96875,9.6015625,8.90625,7.9453125,7.0546875,5.9765625,5.234375,4.890625,4.7421875,4.7421875,4.5,5.4296875,6.953125,8.546875,8.78125,8.0703125,7.1796875,6.7578125,6.9296875
2012-12-11,17.703125,15.3515625,12.859375,11.671875,14.21875,18.9921875,19.3125,16.140625,13.2265625,11.7890625,10.96875,9.6015625,8.90625,7.9453125,7.0546875,5.9765625,5.234375,4.890625,4.7421875,4.7421875,4.5,5.4296875,6.953125,8.546875,8.78125,8.0703125,7.1796875,6.7578125,6.9296875,8.5390625
2012-12-12,18.5390625,15.671875,13.0,11.71875,11.3515625,10.2109375,8.8671875,7.75,6.90625,7.9921875,12.6328125,15.546875,14.5859375,12.9140625,11.890625,11.5078125,10.7890625,9.8515625,11.984375,16.828125,15.2421875,13.0703125,11.0546875,9.796875,20.109375,61.296875,67.6171875,45.625,30.6640625,21.6484375
2012-12-13,15.671875,13.0,11.71875,11.3515625,10.2109375,8.8671875,7.75,6.90625,7.9921875,12.6328125,15.546875,14.5859375,12.9140625,11.890625,11.5078125,10.7890625,9.8515625,11.984375,16.828125,15.2421875,13.0703125,11.0546875,9.796875,20.109375,61.296875,67.6171875,45.625,30.6640625,21.6484375,17.1875
2012-12-14,13.0,11.71875,11.3515625,10.2109375,8.8671875,7.75,6.90625,7.9921875,12.6328125,15.546875,14.5859375,12.9140625,11.890625,11.5078125,10.7890625,9.8515625,11.984375,16.828125,15.2421875,13.0703125,11.0546875,9.796875,20.109375,61.296875,67.6171875,45.625,30.6640625,21.6484375,17.1875,12.8359375
2012-12-15,11.71875,11.3515625,10.2109375,8.8671875,7.75,6.90625,7.9921875,12.6328125,15.546875,14.5859375,12.9140625,11.890625,11.5078125,10.7890625,9.8515625,11.984375,16.828125,15.2421875,13.0703125,11.0546875,9.796875,20.109375,61.296875,67.6171875,45.625,30.6640625,21.6484375,17.1875,12.8359375,10.0390625
2012-12-16,12.9609375,12.875,13.9921875,17.03125,19.3046875,19.1640625,16.8203125,14.265625,11.8984375,10.0625,8.78125,8.84375,11.6484375,24.0390625,35.484375,32.15625,25.5625,18.7109375,14.5546875,11.0234375,8.390625,6.640625,5.53125,4.890625,4.640625,4.4609375,4.2265625,4.0234375,4.140625,4.984375
2012-12-17,12.875,13.9921875,17.03125,19.3046875,19.1640625,16.8203125,14.265625,11.8984375,10.0625,8.78125,8.84375,11.6484375,24.0390625,35.484375,32.15625,25.5625,18.7109375,14.5546875,11.0234375,8.390625,6.640625,5.53125,4.890625,4.640625,4.4609375,4.2265625,4.0234375,4.140625,4.984375,6.09375
2012-12-18,13.9921875,17.03125,19.3046875,19.1640625,16.8203125,14.265625,11.8984375,10.0625,8.78125,8.84375,11.6484375,24.0390625,35.484375,32.15625,25.5625,18.7109375,14.5546875,11.0234375,8.390625,6.640625,5.53125,4.890625,4.640625,4.4609375,4.2265625,4.0234375,4.140625,4.984375,6.09375,6.7421875
2012-12-19,9.03125,7.7890625,7.5546875,8.7265625,8.7890625,8.2421875,7.46875,6.7421875,6.296875,6.5234375,6.9296875,7.4609375,14.203125,26.0234375,24.21875,18.1171875,12.765625,9.8046875,8.0078125,6.5078125,5.328125,4.5625,4.5703125,4.6328125,4.9296875,6.4296875,7.40625,6.9375,6.0859375,5.4453125
2012-12-20,7.7890625,7.5546875,8.7265625,8.7890625,8.2421875,7.46875,6.7421875,6.296875,6.5234375,6.9296875,7.4609375,14.203125,26.0234375,24.21875,18.1171875,12.765625,9.8046875,8.0078125,6.5078125,5.328125,4.5625,4.5703125,4.6328125,4.9296875,6.4296875,7.40625,6.9375,6.0859375,5.4453125,4.6953125
2012-12-21,7.5546875,8.7265625,8.7890625,8.2421875,7.46875,6.7421875,6.296875,6.5234375,6.9296875,7.4609375,14.203125,26.0234375,24.21875,18.1171875,12.765625,9.8046875,8.0078125,6.5078125,5.328125,4.5625,4.5703125,4.6328125,4.9296875,6.4296875,7.40625,6.9375,6.0859375,5.4453125,4.6953125,4.0390625
2012-12-22,8.7265625,8.7890625,8.2421875,7.46875,6.7421875,6.296875,6.5234375,6.9296875,7.4609375,14.203125,26.0234375,24.21875,18.1171875,12.765625,9.8046875,8.0078125,6.5078125,5.328125,4.5625,4.5703125,4.6328125,4.9296875,6.4296875,7.40625,6.9375,6.0859375,5.4453125,4.6953125,4.0390625,3.5546875
2012-12-23,5.9765625,6.03125,6.671875,6.171875,6.140625,6.171875,5.8359375,5.03125,4.4765625,4.265625,4.1796875,4.1875,4.40625,4.375,5.09375,4.2421875,3.5234375,3.046875,2.875,2.8984375,2.84375,3.0625,3.4765625,4.1484375,7.3046875,15.75,15.8125,12.9921875,10.421875,8.390625
2012-12-24,6.03125,6.671875,6.171875,6.140625,6.171875,5.8359375,5.03125,4.4765625,4.265625,4.1796875,4.1875,4.40625,4.375,5.09375,4.2421875,3.5234375,3.046875,2.875,2.8984375,2.84375,3.0625,3.4765625,4.1484375,7.3046875,15.75,15.8125,12.9921875,10.421875,8.390625,7.0390625
2012-12-25,6.671875,6.171875,6.140625,6.171875,5.8359375,5.03125,4.4765625,4.265625,4.1796875,4.1875,4.40625,4.375,5.09375,4.2421875,3.5234375,3.046875,2.875,2.8984375,2.84375,3.0625,3.4765625,4.1484375,7.3046875,15.75,15.8125,12.9921875,10.421875,8.390625,7.0390625,5.796875
2012-12-26,5.1328125,4.7265625,5.109375,7.5078125,15.0859375,20.8515625,17.75,13.6640625,10.6015625,8.3984375,7.8359375,9.3359375,12.9921875,15.15625,14.2421875,13.0234375,11.6953125,10.4765625,9.3359375,8.4453125,7.6640625,6.5078125,5.6015625,6.375,11.828125,24.484375,43.6640625,72.140625,72.5078125,57.3828125
2012-12-27,4.7265625,5.109375,7.5078125,15.0859375,20.8515625,17.75,13.6640625,10.6015625,8.3984375,7.8359375,9.3359375,12.9921875,15.15625,14.2421875,13.0234375,11.6953125,10.4765625,9.3359375,8.4453125,7.6640625,6.5078125,5.6015625,6.375,11.828125,24.484375,43.6640625,72.140625,72.5078125,57.3828125,51.5078125
2012-12-28,5.109375,7.5078125,15.0859375,20.8515625,17.75,13.6640625,10.6015625,8.3984375,7.8359375,9.3359375,12.9921875,15.15625,14.2421875,13.0234375,11.6953125,10.4765625,9.3359375,8.4453125,7.6640625,6.5078125,5.6015625,6.375,11.828125,24.484375,43.6640625,72.140625,72.5078125,57.3828125,51.5078125,42.921875
2012-12-29,7.5078125,15.0859375,20.8515625,17.75,13.6640625,10.6015625,8.3984375,7.8359375,9.3359375,12.9921875,15.15625,14.2421875,13.0234375,11.6953125,10.4765625,9.3359375,8.4453125,7.6640625,6.5078125,5.6015625,6.375,11.828125,24.484375,43.6640625,72.140625,72.5078125,57.3828125,51.5078125,42.921875,37.09375
2012-12-30,6.671875,10.1328125,10.8359375,9.75,8.4296875,7.046875,5.828125,5.1640625,5.5859375,11.4609375,24.640625,27.5078125,23.3125,21.5,21.6484375,18.796875,15.5234375,24.6484375,50.3203125,49.9921875,35.8828125,39.515625,49.28125,37.140625,28.453125,24.9375,20.390625,17.1484375,15.484375,14.1015625
2012-12-31,10.1328125,10.8359375,9.75,8.4296875,7.046875,5.828125,5.1640625,5.5859375,11.4609375,24.640625,27.5078125,23.3125,21.5,21.6484375,18.796875,15.5234375,24.6484375,50.3203125,49.9921875,35.8828125,39.515625,49.28125,37.140625,28.453125,24.9375,20.390625,17.1484375,15.484375,14.1015625,12.8671875
2013-01-01,10.8359375,9.75,8.4296875,7.046875,5.828125,5.1640625,5.5859375,11.4609375,24.640625,27.5078125,23.3125,21.5,21.6484375,18.796875,15.5234375,24.6484375,50.3203125,49.9921875,35.8828125,39.515625,49.28125,37.140625,28.453125,24.9375,20.390625,17.1484375,15.484375,14.1015625,12.8671875,12.3828125
2013-01-02,9.75,8.4296875,7.046875,5.828125,5.1640625,5.5859375,11.4609375,24.640625,27.5078125,23.3125,21.5,21.6484375,18.796875,15.5234375,24.6484375,50.3203125,49.9921875,35.8828125,39.515625,49.28125,37.140625,28.453125,24.9375,20.390625,17.1484375,15.484375,14.1015625,12.8671875,12.3828125,12.421875
2013-01-03,10.953125,8.9921875,7.78125,8.3125,10.40625,9.9375,8.9765625,18.859375,35.1484375,30.8203125,23.9765625,19.515625,15.328125,11.84375,9.75,8.5234375,7.5625,6.5625,6.4921875,6.921875,6.421875,31.921875,97.921875,108.640625,84.296875,55.9375,38.5,31.0625,29.59375,35.875
2013-01-04,8.9921875,7.78125,8.3125,10.40625,9.9375,8.9765625,18.859375,35.1484375,30.8203125,23.9765625,19.515625,15.328125,11.84375,9.75,8.5234375,7.5625,6.5625,6.4921875,6.921875,6.421875,31.921875,97.921875,108.640625,84.296875,55.9375,38.5,31.0625,29.59375,35.875,38.3125
2013-01-05,7.78125,8.3125,10.40625,9.9375,8.9765625,18.859375,35.1484375,30.8203125,23.9765625,19.515625,15.328125,11.84375,9.75,8.5234375,7.5625,6.5625,6.4921875,6.921875,6.421875,31.921875,97.921875,108.640625,84.296875,55.9375,38.5,31.0625,29.59375,35.875,38.3125,30.90625
2013-01-06,8.3125,10.40625,9.9375,8.9765625,18.859375,35.1484375,30.8203125,23.9765625,19.515625,15.328125,11.84375,9.75,8.5234375,7.5625,6.5625,6.4921875,6.921875,6.421875,31.921875,97.921875,108.640625,84.296875,55.9375,38.5,31.0625,29.59375,35.875,38.3125,30.90625,23.28125
2013-01-07,8.359375,10.1484375,9.6484375,8.5,8.5234375,10.5234375,14.90625,21.6328125,28.6640625,26.078125,19.9375,14.9765625,12.0625,10.125,8.9296875,9.1875,12.5703125,17.8828125,18.765625,18.546875,18.90625,15.59375,16.984375,23.40625,23.90625,21.484375,18.15625,15.234375,12.421875,10.828125
2013-01-08,10.1484375,9.6484375,8.5,8.5234375,10.5234375,14.90625,21.6328125,28.6640625,26.078125,19.9375,14.9765625,12.0625,10.125,8.9296875,9.1875,12.5703125,17.8828125,18.765625,18.546875,18.90625,15.59375,16.984375,23.40625,23.90625,21.484375,18.15625,15.234375,12.421875,10.828125,12.734375
2013-01-09,9.6484375,8.5,8.5234375,10.5234375,14.90625,21.6328125,28.6640625,26.078125,19.9375,14.9765625,12.0625,10.125,8.9296875,9.1875,12.5703125,17.8828125,18.765625,18.546875,18.90625,15.59375,16.984375,23.40625,23.90625,21.484375,18.15625,15.234375,12.421875,10.828125,12.734375,16.578125
2013-01-10,14.1875,15.2578125,13.4609375,11.171875,9.4609375,8.1640625,6.9609375,6.0078125,5.4609375,5.140625,5.046875,5.6875,7.8515625,13.609375,15.2734375,14.515625,13.8046875,12.859375,12.953125,11.65625,9.796875,8.0625,7.234375,7.15625,7.890625,9.59375,9.90625,9.90625,9.53125,9.90625
2013-01-11,15.2578125,13.4609375,11.171875,9.4609375,8.1640625,6.9609375,6.0078125,5.4609375,5.140625,5.046875,5.6875,7.8515625,13.609375,15.2734375,14.515625,13.8046875,12.859375,12.953125,11.65625,9.796875,8.0625,7.234375,7.15625,7.890625,9.59375,9.90625,9.90625,9.53125,9.90625,10.765625
2013-01-12,13.4609375,11.171875,9.4609375,8.1640625,6.9609375,6.0078125,5.4609375,5.140625,5.046875,5.6875,7.8515625,13.609375,15.2734375,14.515625,13.8046875,12.859375,12.953125,11.65625,9.796875,8.0625,7.234375,7.15625,7.890625,9.59375,9.90625,9.90625,9.53125,9.90625,10.765625,11.1875
2013-01-13,11.171875,9.4609375,8.1640625,6.9609375,6.0078125,5.4609375,5.140625,5.046875,5.6875,7.8515625,13.609375,15.2734375,14.515625,13.8046875,12.859375,12.953125,11.65625,9.796875,8.0625,7.234375,7.15625,7.890625,9.59375,9.90625,9.90625,9.53125,9.90625,10.765625,11.1875,10.765625
2013-01-14,26.625,32.4140625,31.828125,24.140625,17.8984375,13.75,10.8984375,9.1328125,9.5234375,14.3515625,18.8828125,17.609375,14.53125,11.515625,9.421875,7.90625,11.296875,17.59375,16.0625,13.0625,10.859375,10.234375,15.859375,31.96875,40.953125,42.296875,35.75,29.9375,26.96875,50.109375
2013-01-15,32.4140625,31.828125,24.140625,17.8984375,13.75,10.8984375,9.1328125,9.5234375,14.3515625,18.8828125,17.609375,14.53125,11.515625,9.421875,7.90625,11.296875,17.59375,16.0625,13.0625,10.859375,10.234375,15.859375,31.96875,40.953125,42.296875,35.75,29.9375,26.96875,50.109375,71.125
2013-01-16,31.828125,24.140625,17.8984375,13.75,10.8984375,9.1328125,9.5234375,14.3515625,18.8828125,17.609375,14.53125,11.515625,9.421875,7.90625,11.296875,17.59375,16.0625,13.0625,10.859375,10.234375,15.859375,31.96875,40.953125,42.296875,35.75,29.9375,26.96875,50.109375,71.125,52.171875
2013-01-17,23.875,17.6875,13.796875,10.9609375,11.6640625,15.6796875,15.25,12.8671875,10.6875,9.0859375,7.765625,6.640625,5.90625,5.28125,5.609375,7.03125,7.375,6.90625,6.328125,5.78125,5.25,4.78125,4.3125,4.234375,4.78125,6.59375,10.125,15.15625,16.828125,20.578125
2013-01-18,17.6875,13.796875,10.9609375,11.6640625,15.6796875,15.25,12.8671875,10.6875,9.0859375,7.765625,6.640625,5.90625,5.28125,5.609375,7.03125,7.375,6.90625,6.328125,5.78125,5.25,4.78125,4.3125,4.234375,4.78125,6.59375,10.125,15.15625,16.828125,20.578125,29.75
2013-01-19,13.796875,10.9609375,11.6640625,15.6796875,15.25,12.8671875,10.6875,9.0859375,7.765625,6.640625,5.90625,5.28125,5.609375,7.03125,7.375,6.90625,6.328125,5.78125,5.25,4.78125,4.3125,4.234375,4.78125,6.59375,10.125,15.15625,16.828125,20.578125,29.75,36.921875
2013-01-20,10.9609375,11.6640625,15.6796875,15.25,12.8671875,10.6875,9.0859375,7.765625,6.640625,5.90625,5.28125,5.609375,7.03125,7.375,6.90625,6.328125,5.78125,5.25,4.78125,4.3125,4.234375,4.78125,6.59375,10.125,15.15625,16.828125,20.578125,29.75,36.921875,37.484375
2013-01-21,8.7265625,7.4140625,6.828125,6.984375,7.609375,8.296875,8.234375,8.046875,7.359375,7.265625,6.6875,6.03125,5.34375,4.53125,4.4375,6.84375,14.984375,20.71875,20.4375,17.296875,14.109375,11.4375,9.421875,8.03125,7.8125,9.125,11.4375,12.53125,12.78125,12.625
2013-01-22,7.4140625,6.828125,6.984375,7.609375,8.296875,8.234375,8.046875,7.359375,7.265625,6.6875,6.03125,5.34375,4.53125,4.4375,6.84375,14.984375,20.71875,20.4375,17.296875,14.109375,11.4375,9.421875,8.03125,7.8125,9.125,11.4375,12.53125,12.78125,12.625,13.15625
2013-01-23,6.828125,6.984375,7.609375,8.296875,8.234375,8.046875,7.359375,7.265625,6.6875,6.03125,5.34375,4.53125,4.4375,6.84375,14.984375,20.71875,20.4375,17.296875,14.109375,11.4375,9.421875,8.03125,7.8125,9.125,11.4375,12.53125,12.78125,12.625,13.15625,14.359375
2013-01-24,10.1328125,12.265625,11.671875,10.25,9.203125,8.71875,7.84375,6.703125,13.234375,31.703125,33.375,25.625,20.828125,16.828125,13.40625,11.484375,11.234375,12.125,15.609375,15.296875,34.359375,62.828125,49.40625,34.078125,23.984375,24.078125,35.328125,35.40625,28.59375,25.0625
2013-01-25,12.265625,11.671875,10.25,9.203125,8.71875,7.84375,6.703125,13.234375,31.703125,33.375,25.625,20.828125,16.828125,13.40625,11.484375,11.234375,12.125,15.609375,15.296875,34.359375,62.828125,49.40625,34.078125,23.984375,24.078125,35.328125,35.40625,28.59375,25.0625,23.921875
2013-01-26,11.671875,10.25,9.203125,8.71875,7.84375,6.703125,13.234375,31.703125,33.375,25.625,20.828125,16.828125,13.40625,11.484375,11.234375,12.125,15.609375,15.296875,34.359375,62.828125,49.40625,34.078125,23.984375,24.078125,35.328125,35.40625,28.59375,25.0625,23.921875,23.4375
2013-01-27,10.25,9.203125,8.71875,7.84375,6.703125,13.234375,31.703125,33.375,25.625,20.828125,16.828125,13.40625,11.484375,11.234375,12.125,15.609375,15.296875,34.359375,62.828125,49.40625,34.078125,23.984375,24.078125,35.328125,35.40625,28.59375,25.0625,23.921875,23.4375,19.5625
2013-01-28,8.53125,7.71875,6.609375,5.765625,5.3125,4.734375,4.265625,4.53125,5.546875,7.015625,10.859375,18.390625,26.890625,31.25,30.203125,23.03125,17.015625,13.234375,11.203125,14.9375,21.78125,20.21875,17.5,15.15625,12.265625,10.5625,9.109375,22.359375,46.90625,39.984375
2013-01-29,7.71875,6.609375,5.765625,5.3125,4.734375,4.265625,4.53125,5.546875,7.015625,10.859375,18.390625,26.890625,31.25,30.203125,23.03125,17.015625,13.234375,11.203125,14.9375,21.78125,20.21875,17.5,15.15625,12.265625,10.5625,9.109375,22.359375,46.90625,39.984375,29.140625
2013-01-30,6.609375,5.765625,5.3125,4.734375,4.265625,4.53125,5.546875,7.015625,10.859375,18.390625,26.890625,31.25,30.203125,23.03125,17.015625,13.234375,11.203125,14.9375,21.78125,20.21875,17.5,15.15625,12.265625,10.5625,9.109375,22.359375,46.90625,39.984375,29.140625,20.46875
2013-01-31,7.75,6.859375,6.390625,5.921875,5.28125,4.859375,4.546875,4.5625,5.453125,6.59375,6.796875,14.78125,30.65625,28.078125,22.484375,17.09375,12.8125,13.3125,18.4375,17.140625,14.9375,17.453125,26.234375,27.890625,26.953125,26.71875,23.5,18.515625,14.28125,24.140625
2013-02-01,6.859375,6.390625,5.921875,5.28125,4.859375,4.546875,4.5625,5.453125,6.59375,6.796875,14.78125,30.65625,28.078125,22.484375,17.09375,12.8125,13.3125,18.4375,17.140625,14.9375,17.453125,26.234375,27.890625,26.953125,26.71875,23.5,18.515625,14.28125,24.140625,42.453125
2013-02-02,6.390625,5.921875,5.28125,4.859375,4.546875,4.5625,5.453125,6.59375,6.796875,14.78125,30.65625,28.078125,22.484375,17.09375,12.8125,13.3125,18.4375,17.140625,14.9375,17.453125,26.234375,27.890625,26.953125,26.71875,23.5,18.515625,14.28125,24.140625,42.453125,34.46875
2013-02-03,5.921875,5.28125,4.859375,4.546875,4.5625,5.453125,6.59375,6.796875,14.78125,30.65625,28.078125,22.484375,17.09375,12.8125,13.3125,18.4375,17.140625,14.9375,17.453125,26.234375,27.890625,26.953125,26.71875,23.5,18.515625,14.28125,24.140625,42.453125,34.46875,25.4375
2013-02-04,12.421875,10.59375,8.90625,8.078125,8.640625,10.03125,9.875,8.703125,7.453125,6.203125,4.84375,4.25,3.9375,4.5625,8.4375,21.421875,39.609375,40.53125,36.140625,59.265625,75.75,56.578125,61.25,67.734375,48.578125,36.734375,31.59375,26.328125,21.546875,19.75
2013-02-05,10.59375,8.90625,8.078125,8.640625,10.03125,9.875,8.703125,7.453125,6.203125,4.84375,4.25,3.9375,4.5625,8.4375,21.421875,39.609375,40.53125,36.140625,59.265625,75.75,56.578125,61.25,67.734375,48.578125,36.734375,31.59375,26.328125,21.546875,19.75,26.046875
2013-02-06,8.90625,8.078125,8.640625,10.03125,9.875,8.703125,7.453125,6.203125,4.84375,4.25,3.9375,4.5625,8.4375,21.421875,39.609375,40.53125,36.140625,59.265625,75.75,56.578125,61.25,67.734375,48.578125,36.734375,31.59375,26.328125,21.546875,19.75,26.046875,41.0
2013-02-07,9.796875,11.78125,12.828125,13.375,15.34375,13.453125,10.578125,8.4375,8.421875,10.15625,16.71875,27.5,29.5,33.1875,29.40625,24.5625,24.90625,29.28125,34.359375,39.84375,32.078125,25.734375,31.296875,52.3125,63.171875,52.859375,42.875,34.109375,28.15625,22.75
2013-02-08,11.78125,12.828125,13.375,15.34375,13.453125,10.578125,8.4375,8.421875,10.15625,16.71875,27.5,29.5,33.1875,29.40625,24.5625,24.90625,29.28125,34.359375,39.84375,32.078125,25.734375,31.296875,52.3125,63.171875,52.859375,42.875,34.109375,28.15625,22.75,17.8125
2013-02-09,12.828125,13.375,15.34375,13.453125,10.578125,8.4375,8.421875,10.15625,16.71875,27.5,29.5,33.1875,29.40625,24.5625,24.90625,29.28125,34.359375,39.84375,32.078125,25.734375,31.296875,52.3125,63.171875,52.859375,42.875,34.109375,28.15625,22.75,17.8125,14.25
2013-02-10,13.375,15.34375,13.453125,10.578125,8.4375,8.421875,10.15625,16.71875,27.5,29.5,33.1875,29.40625,24.5625,24.90625,29.28125,34.359375,39.84375,32.078125,25.734375,31.296875,52.3125,63.171875,52.859375,42.875,34.109375,28.15625,22.75,17.8125,14.25,29.9375
2013-02-11,9.765625,8.28125,6.84375,19.3125,41.8125,33.640625,24.171875,21.5625,22.21875,23.515625,32.0625,30.9375,26.21875,20.59375,46.71875,75.46875,55.96875,42.03125,36.1875,28.03125,21.6875,17.25,13.21875,11.6875,12.65625,12.09375,11.4375,12.28125,13.8125,18.1875
2013-02-12,8.28125,6.84375,19.3125,41.8125,33.640625,24.171875,21.5625,22.21875,23.515625,32.0625,30.9375,26.21875,20.59375,46.71875,75.46875,55.96875,42.03125,36.1875,28.03125,21.6875,17.25,13.21875,11.6875,12.65625,12.09375,11.4375,12.28125,13.8125,18.1875,19.71875
2013-02-13,6.84375,19.3125,41.8125,33.640625,24.171875,21.5625,22.21875,23.515625,32.0625,30.9375,26.21875,20.59375,46.71875,75.46875,55.96875,42.03125,36.1875,28.03125,21.6875,17.25,13.21875,11.6875,12.65625,12.09375,11.4375,12.28125,13.8125,18.1875,19.71875,15.46875
2013-02-14,7.28125,8.015625,9.578125,9.484375,8.28125,7.046875,8.328125,13.875,16.671875,21.234375,35.8125,40.28125,37.734375,35.859375,27.5625,21.625,18.65625,21.53125,27.28125,24.375,19.375,16.5,18.03125,19.09375,19.875,23.8125,24.03125,21.75,18.21875,14.9375
2013-02-15,8.015625,9.578125,9.484375,8.28125,7.046875,8.328125,13.875,16.671875,21.234375,35.8125,40.28125,37.734375,35.859375,27.5625,21.625,18.65625,21.53125,27.28125,24.375,19.375,16.5,18.03125,19.09375,19.875,23.8125,24.03125,21.75,18.21875,14.9375,13.125
2013-02-16,9.578125,9.484375,8.28125,7.046875,8.328125,13.875,16.671875,21.234375,35.8125,40.28125,37.734375,35.859375,27.5625,21.625,18.65625,21.53125,27.28125,24.375,19.375,16.5,18.03125,19.09375,19.875,23.8125,24.03125,21.75,18.21875,14.9375,13.125,13.125
2013-02-17,9.484375,8.28125,7.046875,8.328125,13.875,16.671875,21.234375,35.8125,40.28125,37.734375,35.859375,27.5625,21.625,18.65625,21.53125,27.28125,24.375,19.375,16.5,18.03125,19.09375,19.875,23.8125,24.03125,21.75,18.21875,14.9375,13.125,13.125,14.78125
2013-02-18,9.984375,8.65625,7.890625,8.0625,8.734375,9.28125,14.046875,25.328125,47.34375,66.96875,53.75,37.28125,26.875,28.5625,30.53125,22.65625,20.28125,31.53125,45.71875,41.46875,40.96875,43.875,42.5625,42.59375,32.4375,25.90625,22.34375,20.125,18.96875,21.25
2013-02-19,8.65625,7.890625,8.0625,8.734375,9.28125,14.046875,25.328125,47.34375,66.96875,53.75,37.28125,26.875,28.5625,30.53125,22.65625,20.28125,31.53125,45.71875,41.46875,40.96875,43.875,42.5625,42.59375,32.4375,25.90625,22.34375,20.125,18.96875,21.25,34.90625
2013-02-20,7.890625,8.0625,8.734375,9.28125,14.046875,25.328125,47.34375,66.96875,53.75,37.28125,26.875,28.5625,30.53125,22.65625,20.28125,31.53125,45.71875,41.46875,40.96875,43.875,42.5625,42.59375,32.4375,25.90625,22.34375,20.125,18.96875,21.25,34.90625,43.28125
2013-02-21,5.953125,5.78125,5.109375,14.140625,33.984375,41.0,39.03125,29.8125,22.0625,17.03125,15.75,16.25,13.875,11.125,9.6875,9.6875,10.21875,9.75,8.53125,7.1875,8.25,13.15625,14.34375,17.6875,20.96875,20.71875,21.34375,18.1875,14.5625,11.75
2013-02-22,5.78125,5.109375,14.140625,33.984375,41.0,39.03125,29.8125,22.0625,17.03125,15.75,16.25,13.875,11.125,9.6875,9.6875,10.21875,9.75,8.53125,7.1875,8.25,13.15625,14.34375,17.6875,20.96875,20.71875,21.34375,18.1875,14.5625,11.75,9.78125
2013-02-23,5.109375,14.140625,33.984375,41.0,39.03125,29.8125,22.0625,17.03125,15.75,16.25,13.875,11.125,9.6875,9.6875,10.21875,9.75,8.53125,7.1875,8.25,13.15625,14.34375,17.6875,20.96875,20.71875,21.34375,18.1875,14.5625,11.75,9.78125,8.0625
2013-02-24,14.140625,33.984375,41.0,39.03125,29.8125,22.0625,17.03125,15.75,16.25,13.875,11.125,9.6875,9.6875,10.21875,9.75,8.53125,7.1875,8.25,13.15625,14.34375,17.6875,20.96875,20.71875,21.34375,18.1875,14.5625,11.75,9.78125,8.0625,6.84375
2013-02-25,17.359375,13.9375,12.21875,12.53125,10.75,9.15625,9.125,11.59375,14.46875,15.5625,18.625,19.21875,38.59375,63.4375,51.90625,36.0,28.5,28.40625,38.21875,45.90625,40.6875,41.125,45.59375,39.40625,31.65625,26.34375,21.875,19.40625,27.1875,63.34375
2013-02-26,13.9375,12.21875,12.53125,10.75,9.15625,9.125,11.59375,14.46875,15.5625,18.625,19.21875,38.59375,63.4375,51.90625,36.0,28.5,28.40625,38.21875,45.90625,40.6875,41.125,45.59375,39.40625,31.65625,26.34375,21.875,19.40625,27.1875,63.34375,81.96875
2013-02-27,12.21875,12.53125,10.75,9.15625,9.125,11.59375,14.46875,15.5625,18.625,19.21875,38.59375,63.4375,51.90625,36.0,28.5,28.40625,38.21875,45.90625,40.6875,41.125,45.59375,39.40625,31.65625,26.34375,21.875,19.40625,27.1875,63.34375,81.96875,67.4375
2013-02-28,8.78125,7.28125,6.28125,7.4375,16.125,27.59375,26.5,20.75,15.5,13.15625,14.625,16.9375,21.875,32.09375,32.34375,42.3125,71.25,71.1875,61.09375,49.9375,35.75,29.09375,30.4375,31.90625,28.125,33.90625,60.75,71.125,60.6875,51.75
2013-03-01,7.28125,6.28125,7.4375,16.125,27.59375,26.5,20.75,15.5,13.15625,14.625,16.9375,21.875,32.09375,32.34375,42.3125,71.25,71.1875,61.09375,49.9375,35.75,29.09375,30.4375,31.90625,28.125,33.90625,60.75,71.125,60.6875,51.75,42.1875
2013-03-02,6.28125,7.4375,16.125,27.59375,26.5,20.75,15.5,13.15625,14.625,16.9375,21.875,32.09375,32.34375,42.3125,71.25,71.1875,61.09375,49.9375,35.75,29.09375,30.4375,31.90625,28.125,33.90625,60.75,71.125,60.6875,51.75,42.1875,29.84375
2013-03-03,7.4375,16.125,27.59375,26.5,20.75,15.5,13.15625,14.625,16.9375,21.875,32.09375,32.34375,42.3125,71.25,71.1875,61.09375,49.9375,35.75,29.09375,30.4375,31.90625,28.125,33.90625,60.75,71.125,60.6875,51.75,42.1875,29.84375,25.78125
2013-03-04,7.46875,7.71875,7.15625,7.28125,10.0625,14.9375,18.3125,22.9375,26.0,23.09375,21.5625,17.78125,13.96875,11.09375,9.5625,10.0625,17.09375,26.0,23.03125,20.46875,22.0,24.21875,21.625,16.03125,11.9375,9.65625,9.3125,10.46875,12.03125,13.21875
2013-03-05,7.71875,7.15625,7.28125,10.0625,14.9375,18.3125,22.9375,26.0,23.09375,21.5625,17.78125,13.96875,11.09375,9.5625,10.0625,17.09375,26.0,23.03125,20.46875,22.0,24.21875,21.625,16.03125,11.9375,9.65625,9.3125,10.46875,12.03125,13.21875,18.75
2013-03-06,7.15625,7.28125,10.0625,14.9375,18.3125,22.9375,26.0,23.09375,21.5625,17.78125,13.96875,11.09375,9.5625,10.0625,17.09375,26.0,23.03125,20.46875,22.0,24.21875,21.625,16.03125,11.9375,9.65625,9.3125,10.46875,12.03125,13.21875,18.75,25.59375
2013-03-07,9.4375,10.6875,22.8125,50.34375,66.78125,68.5625,107.78125,135.5,103.4375,68.40625,45.625,32.65625,24.75,18.15625,14.375,13.03125,12.25,12.40625,23.125,46.15625,57.3125,54.25,42.21875,31.3125,25.375,22.75,21.53125,19.71875,22.53125,31.09375
2013-03-08,10.6875,22.8125,50.34375,66.78125,68.5625,107.78125,135.5,103.4375,68.40625,45.625,32.65625,24.75,18.15625,14.375,13.03125,12.25,12.40625,23.125,46.15625,57.3125,54.25,42.21875,31.3125,25.375,22.75,21.53125,19.71875,22.53125,31.09375,37.4375
2013-03-09,22.8125,50.34375,66.78125,68.5625,107.78125,135.5,103.4375,68.40625,45.625,32.65625,24.75,18.15625,14.375,13.03125,12.25,12.40625,23.125,46.15625,57.3125,54.25,42.21875,31.3125,25.375,22.75,21.53125,19.71875,22.53125,31.09375,37.4375,43.125
2013-03-10,50.34375,66.78125,68.5625,107.78125,135.5,103.4375,68.40625,45.625,32.65625,24.75,18.15625,14.375,13.03125,12.25,12.40625,23.125,46.15625,57.3125,54.25,42.21875,31.3125,25.375,22.75,21.53125,19.71875,22.53125,31.09375,37.4375,43.125,50.21875
2013-03-11,31.125,27.15625,25.65625,28.5,37.8125,39.78125,33.125,28.15625,23.25,18.4375,19.96875,24.15625,22.3125,23.875,26.40625,31.6875,36.625,36.09375,34.0,31.09375,24.375,18.9375,15.34375,18.15625,25.90625,34.09375,49.1875,72.21875,82.5625,88.96875
2013-03-12,27.15625,25.65625,28.5,37.8125,39.78125,33.125,28.15625,23.25,18.4375,19.96875,24.15625,22.3125,23.875,26.40625,31.6875,36.625,36.09375,34.0,31.09375,24.375,18.9375,15.34375,18.15625,25.90625,34.09375,49.1875,72.21875,82.5625,88.96875,100.21875
2013-03-13,25.65625,28.5,37.8125,39.78125,33.125,28.15625,23.25,18.4375,19.96875,24.15625,22.3125,23.875,26.40625,31.6875,36.625,36.09375,34.0,31.09375,24.375,18.9375,15.34375,18.15625,25.90625,34.09375,49.1875,72.21875,82.5625,88.96875,100.21875,100.5625
2013-03-14,41.90625,33.75,23.59375,17.0625,14.59375,16.875,19.75,21.3125,22.34375,19.78125,19.59375,18.8125,17.34375,43.09375,71.40625,66.96875,58.8125,85.40625,118.5,123.4375,105.375,89.4375,114.28125,112.09375,92.8125,82.40625,75.5,67.28125,52.40625,43.96875
2013-03-15,33.75,23.59375,17.0625,14.59375,16.875,19.75,21.3125,22.34375,19.78125,19.59375,18.8125,17.34375,43.09375,71.40625,66.96875,58.8125,85.40625,118.5,123.4375,105.375,89.4375,114.28125,112.09375,92.8125,82.40625,75.5,67.28125,52.40625,43.96875,49.8125
2013-03-16,23.59375,17.0625,14.59375,16.875,19.75,21.3125,22.34375,19.78125,19.59375,18.8125,17.34375,43.09375,71.40625,66.96875,58.8125,85.40625,118.5,123.4375,105.375,89.4375,114.28125,112.09375,92.8125,82.40625,75.5,67.28125,52.40625,43.96875,49.8125,79.40625
2013-03-17,17.0625,14.59375,16.875,19.75,21.3125,22.34375,19.78125,19.59375,18.8125,17.34375,43.09375,71.40625,66.96875,58.8125,85.40625,118.5,123.4375,105.375,89.4375,114.28125,112.09375,92.8125,82.40625,75.5,67.28125,52.40625,43.96875,49.8125,79.40625,104.71875
2013-03-18,44.3125,33.625,27.21875,21.84375,18.09375,17.59375,25.09375,37.3125,42.0625,37.6875,37.21875,52.9375,62.5625,71.0,69.625,52.125,40.1875,30.78125,26.875,78.21875,134.59375,117.34375,97.90625,74.53125,50.25,37.375,34.34375,34.4375,28.65625,21.625
2013-03-19,33.625,27.21875,21.84375,18.09375,17.59375,25.09375,37.3125,42.0625,37.6875,37.21875,52.9375,62.5625,71.0,69.625,52.125,40.1875,30.78125,26.875,78.21875,134.59375,117.34375,97.90625,74.53125,50.25,37.375,34.34375,34.4375,28.65625,21.625,21.75
2013-03-20,27.21875,21.84375,18.09375,17.59375,25.09375,37.3125,42.0625,37.6875,37.21875,52.9375,62.5625,71.0,69.625,52.125,40.1875,30.78125,26.875,78.21875,134.59375,117.34375,97.90625,74.53125,50.25,37.375,34.34375,34.4375,28.65625,21.625,21.75,29.15625
2013-03-21,23.0,37.4375,47.59375,35.0,31.09375,38.21875,41.65625,36.78125,42.53125,67.59375,74.71875,54.21875,35.8125,24.09375,16.78125,12.59375,10.84375,13.03125,20.53125,25.5,24.21875,24.09375,40.53125,60.53125,60.6875,53.3125,52.3125,49.65625,62.65625,91.0625
2013-03-22,37.4375,47.59375,35.0,31.09375,38.21875,41.65625,36.78125,42.53125,67.59375,74.71875,54.21875,35.8125,24.09375,16.78125,12.59375,10.84375,13.03125,20.53125,25.5,24.21875,24.09375,40.53125,60.53125,60.6875,53.3125,52.3125,49.65625,62.65625,91.0625,81.96875
2013-03-23,47.59375,35.0,31.09375,38.21875,41.65625,36.78125,42.53125,67.59375,74.71875,54.21875,35.8125,24.09375,16.78125,12.59375,10.84375,13.03125,20.53125,25.5,24.21875,24.09375,40.53125,60.53125,60.6875,53.3125,52.3125,49.65625,62.65625,91.0625,81.96875,55.3125
2013-03-24,35.0,31.09375,38.21875,41.65625,36.78125,42.53125,67.59375,74.71875,54.21875,35.8125,24.09375,16.78125,12.59375,10.84375,13.03125,20.53125,25.5,24.21875,24.09375,40.53125,60.53125,60.6875,53.3125,52.3125,49.65625,62.65625,91.0625,81.96875,55.3125,38.3125
2013-03-25,25.53125,28.125,41.03125,54.0,54.59375,54.28125,50.5625,39.96875,41.0625,45.96875,38.0,31.0,26.46875,23.9375,22.4375,21.90625,26.21875,33.15625,31.46875,25.65625,22.84375,25.71875,29.84375,34.15625,32.21875,37.84375,57.96875,58.75,52.40625,55.6875
2013-03-26,28.125,41.03125,54.0,54.59375,54.28125,50.5625,39.96875,41.0625,45.96875,38.0,31.0,26.46875,23.9375,22.4375,21.90625,26.21875,33.15625,31.46875,25.65625,22.84375,25.71875,29.84375,34.15625,32.21875,37.84375,57.96875,58.75,52.40625,55.6875,47.1875
2013-03-27,41.03125,54.0,54.59375,54.28125,50.5625,39.96875,41.0625,45.96875,38.0,31.0,26.46875,23.9375,22.4375,21.90625,26.21875,33.15625,31.46875,25.65625,22.84375,25.71875,29.84375,34.15625,32.21875,37.84375,57.96875,58.75,52.40625,55.6875,47.1875,39.4375
2013-03-28,35.8125,33.09375,31.28125,35.5,37.53125,32.625,25.25,22.125,21.15625,18.84375,25.875,40.9375,47.15625,42.71875,29.4375,23.4375,29.90625,41.15625,51.53125,52.4375,36.28125,24.28125,17.15625,14.25,18.78125,37.0625,47.71875,45.8125,46.75,48.28125
2013-03-29,33.09375,31.28125,35.5,37.53125,32.625,25.25,22.125,21.15625,18.84375,25.875,40.9375,47.15625,42.71875,29.4375,23.4375,29.90625,41.15625,51.53125,52.4375,36.28125,24.28125,17.15625,14.25,18.78125,37.0625,47.71875,45.8125,46.75,48.28125,50.75
2013-03-30,31.28125,35.5,37.53125,32.625,25.25,22.125,21.15625,18.84375,25.875,40.9375,47.15625,42.71875,29.4375,23.4375,29.90625,41.15625,51.53125,52.4375,36.28125,24.28125,17.15625,14.25,18.78125,37.0625,47.71875,45.8125,46.75,48.28125,50.75,47.53125
2013-03-31,35.5,37.53125,32.625,25.25,22.125,21.15625,18.84375,25.875,40.9375,47.15625,42.71875,29.4375,23.4375,29.90625,41.15625,51.53125,52.4375,36.28125,24.28125,17.15625,14.25,18.78125,37.0625,47.71875,45.8125,46.75,48.28125,50.75,47.53125,57.8125
2013-04-01,39.625,34.15625,29.6875,31.40625,36.53125,38.25,43.0625,68.09375,97.03125,90.28125,85.71875,96.28125,94.875,81.0625,61.25,52.40625,51.4375,50.8125,47.34375,40.9375,36.96875,31.78125,27.8125,28.4375,23.90625,21.90625,31.75,47.8125,53.8125,49.28125
2013-04-02,34.15625,29.6875,31.40625,36.53125,38.25,43.0625,68.09375,97.03125,90.28125,85.71875,96.28125,94.875,81.0625,61.25,52.40625,51.4375,50.8125,47.34375,40.9375,36.96875,31.78125,27.8125,28.4375,23.90625,21.90625,31.75,47.8125,53.8125,49.28125,42.9375
2013-04-03,29.6875,31.40625,36.53125,38.25,43.0625,68.09375,97.03125,90.28125,85.71875,96.28125,94.875,81.0625,61.25,52.40625,51.4375,50.8125,47.34375,40.9375,36.96875,31.78125,27.8125,28.4375,23.90625,21.90625,31.75,47.8125,53.8125,49.28125,42.9375,43.46875
2013-04-04,42.84375,38.84375,30.4375,22.125,22.28125,34.4375,83.5625,98.90625,66.375,66.71875,576.625,524.84375,295.25,170.625,103.40625,68.9375,48.9375,37.84375,35.96875,52.6875,67.1875,62.78125,51.4375,50.875,55.28125,44.5,39.375,38.59375,32.9375,38.34375
2013-04-05,38.84375,30.4375,22.125,22.28125,34.4375,83.5625,98.90625,66.375,66.71875,576.625,524.84375,295.25,170.625,103.40625,68.9375,48.9375,37.84375,35.96875,52.6875,67.1875,62.78125,51.4375,50.875,55.28125,44.5,39.375,38.59375,32.9375,38.34375,65.375
2013-04-06,30.4375,22.125,22.28125,34.4375,83.5625,98.90625,66.375,66.71875,576.625,524.84375,295.25,170.625,103.40625,68.9375,48.9375,37.84375,35.96875,52.6875,67.1875,62.78125,51.4375,50.875,55.28125,44.5,39.375,38.59375,32.9375,38.34375,65.375,73.46875
2013-04-07,22.125,22.28125,34.4375,83.5625,98.90625,66.375,66.71875,576.625,524.84375,295.25,170.625,103.40625,68.9375,48.9375,37.84375,35.96875,52.6875,67.1875,62.78125,51.4375,50.875,55.28125,44.5,39.375,38.59375,32.9375,38.34375,65.375,73.46875,56.625
2013-04-08,80.75,81.59375,77.59375,80.21875,74.46875,57.3125,39.78125,29.125,26.65625,27.4375,32.375,37.5,50.6875,72.96875,105.46875,111.09375,103.71875,93.21875,68.59375,49.21875,36.625,69.5625,97.4375,67.53125,47.1875,42.5,68.15625,83.40625,75.4375,68.96875
2013-04-09,81.59375,77.59375,80.21875,74.46875,57.3125,39.78125,29.125,26.65625,27.4375,32.375,37.5,50.6875,72.96875,105.46875,111.09375,103.71875,93.21875,68.59375,49.21875,36.625,69.5625,97.4375,67.53125,47.1875,42.5,68.15625,83.40625,75.4375,68.96875,57.25
2013-04-10,77.59375,80.21875,74.46875,57.3125,39.78125,29.125,26.65625,27.4375,32.375,37.5,50.6875,72.96875,105.46875,111.09375,103.71875,93.21875,68.59375,49.21875,36.625,69.5625,97.4375,67.53125,47.1875,42.5,68.15625,83.40625,75.4375,68.96875,57.25,50.6875
2013-04-11,101.375,101.625,156.59375,166.78125,142.3125,113.625,101.59375,87.84375,69.375,61.25,59.125,66.125,72.09375,84.5,122.625,119.0625,92.28125,69.6875,48.21875,37.34375,32.25,32.9375,34.53125,28.4375,23.375,20.3125,17.625,16.96875,17.21875,18.0625
2013-04-12,101.625,156.59375,166.78125,142.3125,113.625,101.59375,87.84375,69.375,61.25,59.125,66.125,72.09375,84.5,122.625,119.0625,92.28125,69.6875,48.21875,37.34375,32.25,32.9375,34.53125,28.4375,23.375,20.3125,17.625,16.96875,17.21875,18.0625,28.75
2013-04-13,156.59375,166.78125,142.3125,113.625,101.59375,87.84375,69.375,61.25,59.125,66.125,72.09375,84.5,122.625,119.0625,92.28125,69.6875,48.21875,37.34375,32.25,32.9375,34.53125,28.4375,23.375,20.3125,17.625,16.96875,17.21875,18.0625,28.75,75.34375
2013-04-14,166.78125,142.3125,113.625,101.59375,87.84375,69.375,61.25,59.125,66.125,72.09375,84.5,122.625,119.0625,92.28125,69.6875,48.21875,37.34375,32.25,32.9375,34.53125,28.4375,23.375,20.3125,17.625,16.96875,17.21875,18.0625,28.75,75.34375,317.0625
2013-04-15,91.15625,66.1875,59.90625,59.21875,51.25,47.96875,47.5625,45.21875,46.5625,48.4375,51.5625,52.21875,46.875,42.625,36.375,36.40625,47.4375,47.21875,50.6875,53.40625,41.6875,35.75,32.5625,27.84375,31.0,37.96875,40.25,42.65625,38.46875,30.09375
2013-04-16,66.1875,59.90625,59.21875,51.25,47.96875,47.5625,45.21875,46.5625,48.4375,51.5625,52.21875,46.875,42.625,36.375,36.40625,47.4375,47.21875,50.6875,53.40625,41.6875,35.75,32.5625,27.84375,31.0,37.96875,40.25,42.65625,38.46875,30.09375,25.65625
2013-04-17,59.90625,59.21875,51.25,47.96875,47.5625,45.21875,46.5625,48.4375,51.5625,52.21875,46.875,42.625,36.375,36.40625,47.4375,47.21875,50.6875,53.40625,41.6875,35.75,32.5625,27.84375,31.0,37.96875,40.25,42.65625,38.46875,30.09375,25.65625,26.03125
2013-04-18,127.5625,78.5,57.25,51.875,55.4375,57.4375,52.75,44.8125,34.5625,45.21875,59.78125,65.84375,68.84375,55.0,41.40625,38.0,42.25,52.28125,67.875,68.59375,62.90625,60.0625,52.46875,52.25,64.6875,68.59375,67.40625,62.53125,56.59375,80.625
2013-04-19,78.5,57.25,51.875,55.4375,57.4375,52.75,44.8125,34.5625,45.21875,59.78125,65.84375,68.84375,55.0,41.40625,38.0,42.25,52.28125,67.875,68.59375,62.90625,60.0625,52.46875,52.25,64.6875,68.59375,67.40625,62.53125,56.59375,80.625,109.375
2013-04-20,57.25,51.875,55.4375,57.4375,52.75,44.8125,34.5625,45.21875,59.78125,65.84375,68.84375,55.0,41.40625,38.0,42.25,52.28125,67.875,68.59375,62.90625,60.0625,52.46875,52.25,64.6875,68.59375,67.40625,62.53125,56.59375,80.625,109.375,91.03125
2013-04-21,51.875,55.4375,57.4375,52.75,44.8125,34.5625,45.21875,59.78125,65.84375,68.84375,55.0,41.40625,38.0,42.25,52.28125,67.875,68.59375,62.90625,60.0625,52.46875,52.25,64.6875,68.59375,67.40625,62.53125,56.59375,80.625,109.375,91.03125,65.90625
2013-04-22,40.78125,60.15625,85.71875,74.5,52.96875,36.65625,31.96875,31.0,25.59375,21.46875,30.125,48.84375,48.03125,35.28125,26.59375,21.375,17.15625,15.96875,15.0,13.0625,12.03125,11.84375,13.3125,14.78125,17.375,21.5,26.6875,34.71875,34.5625,38.59375
2013-04-23,60.15625,85.71875,74.5,52.96875,36.65625,31.96875,31.0,25.59375,21.46875,30.125,48.84375,48.03125,35.28125,26.59375,21.375,17.15625,15.96875,15.0,13.0625,12.03125,11.84375,13.3125,14.78125,17.375,21.5,26.6875,34.71875,34.5625,38.59375,52.125
2013-04-24,85.71875,74.5,52.96875,36.65625,31.96875,31.0,25.59375,21.46875,30.125,48.84375,48.03125,35.28125,26.59375,21.375,17.15625,15.96875,15.0,13.0625,12.03125,11.84375,13.3125,14.78125,17.375,21.5,26.6875,34.71875,34.5625,38.59375,52.125,61.78125
2013-04-25,105.78125,66.59375,49.03125,38.78125,28.25,21.75,17.15625,16.625,22.9375,32.71875,38.65625,39.75,43.90625,59.90625,72.1875,63.34375,60.0,67.90625,69.8125,66.75,65.75,64.84375,75.25,81.125,63.25,44.875,36.03125,52.5,86.6875,101.125
2013-04-26,66.59375,49.03125,38.78125,28.25,21.75,17.15625,16.625,22.9375,32.71875,38.65625,39.75,43.90625,59.90625,72.1875,63.34375,60.0,67.90625,69.8125,66.75,65.75,64.84375,75.25,81.125,63.25,44.875,36.03125,52.5,86.6875,101.125,134.5625
2013-04-27,49.03125,38.78125,28.25,21.75,17.15625,16.625,22.9375,32.71875,38.65625,39.75,43.90625,59.90625,72.1875,63.34375,60.0,67.90625,69.8125,66.75,65.75,64.84375,75.25,81.125,63.25,44.875,36.03125,52.5,86.6875,101.125,134.5625,193.0
2013-04-28,38.78125,28.25,21.75,17.15625,16.625,22.9375,32.71875,38.65625,39.75,43.90625,59.90625,72.1875,63.34375,60.0,67.90625,69.8125,66.75,65.75,64.84375,75.25,81.125,63.25,44.875,36.03125,52.5,86.6875,101.125,134.5625,193.0,183.15625
2013-04-29,76.4375,53.3125,43.40625,41.40625,47.5,89.71875,113.1875,115.15625,113.21875,90.8125,69.15625,63.34375,58.3125,50.34375,53.375,55.53125,48.09375,45.3125,54.03125,58.5,52.9375,53.03125,59.4375,58.875,51.8125,40.25,29.5625,22.65625,22.28125,28.96875
2013-04-30,53.3125,43.40625,41.40625,47.5,89.71875,113.1875,115.15625,113.21875,90.8125,69.15625,63.34375,58.3125,50.34375,53.375,55.53125,48.09375,45.3125,54.03125,58.5,52.9375,53.03125,59.4375,58.875,51.8125,40.25,29.5625,22.65625,22.28125,28.96875,45.09375
2013-05-01,43.40625,41.40625,47.5,89.71875,113.1875,115.15625,113.21875,90.8125,69.15625,63.34375,58.3125,50.34375,53.375,55.53125,48.09375,45.3125,54.03125,58.5,52.9375,53.03125,59.4375,58.875,51.8125,40.25,29.5625,22.65625,22.28125,28.96875,45.09375,62.28125
2013-05-02,79.03125,93.21875,90.21875,86.09375,69.96875,57.90625,60.1875,61.03125,59.40625,53.875,47.625,39.1875,33.6875,32.125,31.3125,29.46875,24.3125,22.15625,26.15625,31.90625,42.125,55.4375,76.6875,111.1875,117.0,113.8125,143.3125,178.4375,230.96875,201.78125
2013-05-03,93.21875,90.21875,86.09375,69.96875,57.90625,60.1875,61.03125,59.40625,53.875,47.625,39.1875,33.6875,32.125,31.3125,29.46875,24.3125,22.15625,26.15625,31.90625,42.125,55.4375,76.6875,111.1875,117.0,113.8125,143.3125,178.4375,230.96875,201.78125,168.6875
2013-05-04,90.21875,86.09375,69.96875,57.90625,60.1875,61.03125,59.40625,53.875,47.625,39.1875,33.6875,32.125,31.3125,29.46875,24.3125,22.15625,26.15625,31.90625,42.125,55.4375,76.6875,111.1875,117.0,113.8125,143.3125,178.4375,230.96875,201.78125,168.6875,129.53125
2013-05-05,86.09375,69.96875,57.90625,60.1875,61.03125,59.40625,53.875,47.625,39.1875,33.6875,32.125,31.3125,29.46875,24.3125,22.15625,26.15625,31.90625,42.125,55.4375,76.6875,111.1875,117.0,113.8125,143.3125,178.4375,230.96875,201.78125,168.6875,129.53125,82.34375
2013-05-06,129.1875,83.46875,69.65625,63.4375,48.875,56.40625,68.53125,66.9375,87.75,129.9375,131.875,253.65625,337.8125,362.625,717.90625,549.90625,307.21875,186.59375,157.84375,173.875,200.625,191.78125,182.15625,150.0,106.53125,81.40625,93.9375,111.625,174.65625,227.75
2013-05-07,83.46875,69.65625,63.4375,48.875,56.40625,68.53125,66.9375,87.75,129.9375,131.875,253.65625,337.8125,362.625,717.90625,549.90625,307.21875,186.59375,157.84375,173.875,200.625,191.78125,182.15625,150.0,106.53125,81.40625,93.9375,111.625,174.65625,227.75,181.75
2013-05-08,69.65625,63.4375,48.875,56.40625,68.53125,66.9375,87.75,129.9375,131.875,253.65625,337.8125,362.625,717.90625,549.90625,307.21875,186.59375,157.84375,173.875,200.625,191.78125,182.15625,150.0,106.53125,81.40625,93.9375,111.625,174.65625,227.75,181.75,132.0
2013-05-09,118.0625,81.78125,66.71875,56.5625,56.5,91.03125,95.1875,68.09375,79.75,101.34375,90.46875,72.09375,69.0,83.1875,86.0,79.125,78.84375,76.28125,66.46875,77.46875,107.84375,172.375,188.75,150.03125,108.25,95.34375,110.125,112.78125,97.75,85.65625
2013-05-10,81.78125,66.71875,56.5625,56.5,91.03125,95.1875,68.09375,79.75,101.34375,90.46875,72.09375,69.0,83.1875,86.0,79.125,78.84375,76.28125,66.46875,77.46875,107.84375,172.375,188.75,150.03125,108.25,95.34375,110.125,112.78125,97.75,85.65625,84.75
2013-05-11,66.71875,56.5625,56.5,91.03125,95.1875,68.09375,79.75,101.34375,90.46875,72.09375,69.0,83.1875,86.0,79.125,78.84375,76.28125,66.46875,77.46875,107.84375,172.375,188.75,150.03125,108.25,95.34375,110.125,112.78125,97.75,85.65625,84.75,107.25
2013-05-12,56.5625,56.5,91.03125,95.1875,68.09375,79.75,101.34375,90.46875,72.09375,69.0,83.1875,86.0,79.125,78.84375,76.28125,66.46875,77.46875,107.84375,172.375,188.75,150.03125,108.25,95.34375,110.125,112.78125,97.75,85.65625,84.75,107.25,144.6875
2013-05-13,131.5625,85.9375,56.625,55.59375,80.78125,99.6875,113.34375,97.84375,82.15625,77.1875,62.84375,58.15625,68.46875,68.96875,60.25,63.0625,67.65625,76.78125,94.8125,124.96875,180.0625,167.25,114.96875,78.96875,60.875,53.03125,75.625,226.5,300.09375,255.375
2013-05-14,85.9375,56.625,55.59375,80.78125,99.6875,113.34375,97.84375,82.15625,77.1875,62.84375,58.15625,68.46875,68.96875,60.25,63.0625,67.65625,76.78125,94.8125,124.96875,180.0625,167.25,114.96875,78.96875,60.875,53.03125,75.625,226.5,300.09375,255.375,186.9375
2013-05-15,56.625,55.59375,80.78125,99.6875,113.34375,97.84375,82.15625,77.1875,62.84375,58.15625,68.46875,68.96875,60.25,63.0625,67.65625,76.78125,94.8125,124.96875,180.0625,167.25,114.96875,78.96875,60.875,53.03125,75.625,226.5,300.09375,255.375,186.9375,153.375
2013-05-16,111.875,86.75,83.59375,96.625,109.125,123.28125,116.125,111.71875,99.90625,71.40625,46.875,34.9375,31.875,31.15625,33.03125,32.5,27.8125,22.71875,17.71875,14.75,13.0625,11.375,10.53125,10.59375,18.78125,46.65625,62.0625,57.03125,48.96875,42.96875
2013-05-17,86.75,83.59375,96.625,109.125,123.28125,116.125,111.71875,99.90625,71.40625,46.875,34.9375,31.875,31.15625,33.03125,32.5,27.8125,22.71875,17.71875,14.75,13.0625,11.375,10.53125,10.59375,18.78125,46.65625,62.0625,57.03125,48.96875,42.96875,38.0625
2013-05-18,83.59375,96.625,109.125,123.28125,116.125,111.71875,99.90625,71.40625,46.875,34.9375,31.875,31.15625,33.03125,32.5,27.8125,22.71875,17.71875,14.75,13.0625,11.375,10.53125,10.59375,18.78125,46.65625,62.0625,57.03125,48.96875,42.96875,38.0625,34.625
2013-05-19,96.625,109.125,123.28125,116.125,111.71875,99.90625,71.40625,46.875,34.9375,31.875,31.15625,33.03125,32.5,27.8125,22.71875,17.71875,14.75,13.0625,11.375,10.53125,10.59375,18.78125,46.65625,62.0625,57.03125,48.96875,42.96875,38.0625,34.625,39.46875
2013-05-20,144.53125,123.8125,100.5,83.59375,84.5,103.03125,95.90625,67.0,50.09375,39.90625,40.65625,52.0625,56.375,67.25,86.21875,80.28125,86.0625,101.78125,97.875,97.5,97.125,82.3125,69.40625,78.21875,82.28125,69.65625,70.6875,91.5,181.9375,216.90625
2013-05-21,123.8125,100.5,83.59375,84.5,103.03125,95.90625,67.0,50.09375,39.90625,40.65625,52.0625,56.375,67.25,86.21875,80.28125,86.0625,101.78125,97.875,97.5,97.125,82.3125,69.40625,78.21875,82.28125,69.65625,70.6875,91.5,181.9375,216.90625,206.5
2013-05-22,100.5,83.59375,84.5,103.03125,95.90625,67.0,50.09375,39.90625,40.65625,52.0625,56.375,67.25,86.21875,80.28125,86.0625,101.78125,97.875,97.5,97.125,82.3125,69.40625,78.21875,82.28125,69.65625,70.6875,91.5,181.9375,216.90625,206.5,263.8125
2013-05-23,92.21875,80.5625,76.5625,82.59375,71.53125,66.96875,92.3125,121.5625,122.5,91.875,70.96875,70.90625,72.09375,73.375,63.25,72.34375,90.875,80.34375,71.65625,71.4375,120.09375,165.28125,258.5,308.78125,281.8125,207.21875,142.96875,126.625,150.8125,203.34375
2013-05-24,80.5625,76.5625,82.59375,71.53125,66.96875,92.3125,121.5625,122.5,91.875,70.96875,70.90625,72.09375,73.375,63.25,72.34375,90.875,80.34375,71.65625,71.4375,120.09375,165.28125,258.5,308.78125,281.8125,207.21875,142.96875,126.625,150.8125,203.34375,278.84375
2013-05-25,76.5625,82.59375,71.53125,66.96875,92.3125,121.5625,122.5,91.875,70.96875,70.90625,72.09375,73.375,63.25,72.34375,90.875,80.34375,71.65625,71.4375,120.09375,165.28125,258.5,308.78125,281.8125,207.21875,142.96875,126.625,150.8125,203.34375,278.84375,271.203125
2013-05-26,82.59375,71.53125,66.96875,92.3125,121.5625,122.5,91.875,70.96875,70.90625,72.09375,73.375,63.25,72.34375,90.875,80.34375,71.65625,71.4375,120.09375,165.28125,258.5,308.78125,281.8125,207.21875,142.96875,126.625,150.8125,203.34375,278.84375,271.203125,190.140625
2013-05-27,93.0625,63.59375,51.90625,55.84375,97.28125,100.53125,67.75,48.4375,41.4375,42.1875,42.0625,39.75,40.78125,44.40625,43.625,47.28125,66.96875,82.65625,102.4375,104.21875,114.0625,157.34375,168.6875,154.90625,123.75,182.3125,185.4375,120.21875,96.015625,89.984375
2013-05-28,63.59375,51.90625,55.84375,97.28125,100.53125,67.75,48.4375,41.4375,42.1875,42.0625,39.75,40.78125,44.40625,43.625,47.28125,66.96875,82.65625,102.4375,104.21875,114.0625,157.34375,168.6875,154.90625,123.75,182.3125,185.4375,120.21875,96.015625,89.984375,82.40625
2013-05-29,51.90625,55.84375,97.28125,100.53125,67.75,48.4375,41.4375,42.1875,42.0625,39.75,40.78125,44.40625,43.625,47.28125,66.96875,82.65625,102.4375,104.21875,114.0625,157.34375,168.6875,154.90625,123.75,182.3125,185.4375,120.21875,96.015625,89.984375,82.40625,95.4375
2013-05-30,100.15625,101.5625,113.8125,102.8125,124.25,133.9375,243.90625,633.21875,461.625,272.84375,182.75,131.9375,108.40625,140.625,185.5625,370.8125,507.84375,427.09375,296.125,213.625,180.09375,225.90625,259.5625,216.0,169.4375,150.71875,146.171875,146.484375,141.5,130.3125
2013-05-31,101.5625,113.8125,102.8125,124.25,133.9375,243.90625,633.21875,461.625,272.84375,182.75,131.9375,108.40625,140.625,185.5625,370.8125,507.84375,427.09375,296.125,213.625,180.09375,225.90625,259.5625,216.0,169.4375,150.71875,146.171875,146.484375,141.5,130.3125,116.703125
2013-06-01,113.8125,102.8125,124.25,133.9375,243.90625,633.21875,461.625,272.84375,182.75,131.9375,108.40625,140.625,185.5625,370.8125,507.84375,427.09375,296.125,213.625,180.09375,225.90625,259.5625,216.0,169.4375,150.71875,146.171875,146.484375,141.5,130.3125,116.703125,116.921875
2013-06-02,102.8125,124.25,133.9375,243.90625,633.21875,461.625,272.84375,182.75,131.9375,108.40625,140.625,185.5625,370.8125,507.84375,427.09375,296.125,213.625,180.09375,225.90625,259.5625,216.0,169.4375,150.71875,146.171875,146.484375,141.5,130.3125,116.703125,116.921875,132.5625
2013-06-03,122.90625,120.71875,165.15625,145.96875,103.125,79.0,62.75,53.0,53.5,75.71875,203.4375,398.75,341.125,242.5625,187.5625,183.40625,163.96875,155.21875,153.96875,147.90625,289.6875,484.40625,469.25,353.9375,256.75,204.15625,186.28125,184.421875,221.34375,365.28125
2013-06-04,120.71875,165.15625,145.96875,103.125,79.0,62.75,53.0,53.5,75.71875,203.4375,398.75,341.125,242.5625,187.5625,183.40625,163.96875,155.21875,153.96875,147.90625,289.6875,484.40625,469.25,353.9375,256.75,204.15625,186.28125,184.421875,221.34375,365.28125,506.921875
2013-06-05,165.15625,145.96875,103.125,79.0,62.75,53.0,53.5,75.71875,203.4375,398.75,341.125,242.5625,187.5625,183.40625,163.96875,155.21875,153.96875,147.90625,289.6875,484.40625,469.25,353.9375,256.75,204.15625,186.28125,184.421875,221.34375,365.28125,506.921875,548.859375
2013-06-06,160.4375,106.71875,99.96875,107.5,108.6875,107.40625,130.9375,183.375,220.9375,210.6875,190.0625,172.0,195.15625,235.78125,343.65625,287.9375,183.625,132.078125,113.828125,110.421875,122.765625,139.9375,134.546875,138.109375,152.6875,162.625,164.765625,152.28125,138.546875,145.140625
2013-06-07,106.71875,99.96875,107.5,108.6875,107.40625,130.9375,183.375,220.9375,210.6875,190.0625,172.0,195.15625,235.78125,343.65625,287.9375,183.625,132.078125,113.828125,110.421875,122.765625,139.9375,134.546875,138.109375,152.6875,162.625,164.765625,152.28125,138.546875,145.140625,150.8125
2013-06-08,99.96875,107.5,108.6875,107.40625,130.9375,183.375,220.9375,210.6875,190.0625,172.0,195.15625,235.78125,343.65625,287.9375,183.625,132.078125,113.828125,110.421875,122.765625,139.9375,134.546875,138.109375,152.6875,162.625,164.765625,152.28125,138.546875,145.140625,150.8125,144.96875
2013-06-09,107.5,108.6875,107.40625,130.9375,183.375,220.9375,210.6875,190.0625,172.0,195.15625,235.78125,343.65625,287.9375,183.625,132.078125,113.828125,110.421875,122.765625,139.9375,134.546875,138.109375,152.6875,162.625,164.765625,152.28125,138.546875,145.140625,150.8125,144.96875,129.734375
2013-06-10,95.625,112.03125,101.46875,85.0,67.75,110.78125,155.1875,178.0,155.8125,104.90625,70.125,56.6875,64.25,120.84375,155.65625,151.65625,125.96875,99.234375,95.296875,101.0625,92.265625,137.4375,306.796875,315.5625,234.640625,197.25,364.875,401.796875,313.75,299.5
2013-06-11,112.03125,101.46875,85.0,67.75,110.78125,155.1875,178.0,155.8125,104.90625,70.125,56.6875,64.25,120.84375,155.65625,151.65625,125.96875,99.234375,95.296875,101.0625,92.265625,137.4375,306.796875,315.5625,234.640625,197.25,364.875,401.796875,313.75,299.5,281.53125
2013-06-12,101.46875,85.0,67.75,110.78125,155.1875,178.0,155.8125,104.90625,70.125,56.6875,64.25,120.84375,155.65625,151.65625,125.96875,99.234375,95.296875,101.0625,92.265625,137.4375,306.796875,315.5625,234.640625,197.25,364.875,401.796875,313.75,299.5,281.53125,242.8125
2013-06-13,183.875,207.375,242.3125,272.59375,226.78125,188.875,153.21875,110.59375,88.15625,86.59375,105.546875,112.203125,98.078125,96.59375,101.546875,92.546875,82.828125,95.578125,113.109375,140.5,164.40625,136.203125,93.8125,67.78125,53.71875,46.515625,42.734375,56.3125,200.40625,299.515625
2013-06-14,207.375,242.3125,272.59375,226.78125,188.875,153.21875,110.59375,88.15625,86.59375,105.546875,112.203125,98.078125,96.59375,101.546875,92.546875,82.828125,95.578125,113.109375,140.5,164.40625,136.203125,93.8125,67.78125,53.71875,46.515625,42.734375,56.3125,200.40625,299.515625,290.359375
2013-06-15,242.3125,272.59375,226.78125,188.875,153.21875,110.59375,88.15625,86.59375,105.546875,112.203125,98.078125,96.59375,101.546875,92.546875,82.828125,95.578125,113.109375,140.5,164.40625,136.203125,93.8125,67.78125,53.71875,46.515625,42.734375,56.3125,200.40625,299.515625,290.359375,334.109375
2013-06-16,272.59375,226.78125,188.875,153.21875,110.59375,88.15625,86.59375,105.546875,112.203125,98.078125,96.59375,101.546875,92.546875,82.828125,95.578125,113.109375,140.5,164.40625,136.203125,93.8125,67.78125,53.71875,46.515625,42.734375,56.3125,200.40625,299.515625,290.359375,334.109375,328.0625
2013-06-17,330.0,234.6875,197.25,172.4375,147.625,160.953125,246.640625,253.40625,190.71875,144.0625,127.21875,124.625,147.15625,145.0,116.265625,92.140625,77.15625,68.9375,83.859375,90.859375,77.421875,65.84375,65.40625,76.140625,85.890625,132.359375,166.5,158.8125,139.0,120.25
2013-06-18,234.6875,197.25,172.4375,147.625,160.953125,246.640625,253.40625,190.71875,144.0625,127.21875,124.625,147.15625,145.0,116.265625,92.140625,77.15625,68.9375,83.859375,90.859375,77.421875,65.84375,65.40625,76.140625,85.890625,132.359375,166.5,158.8125,139.0,120.25,135.84375
2013-06-19,197.25,172.4375,147.625,160.953125,246.640625,253.40625,190.71875,144.0625,127.21875,124.625,147.15625,145.0,116.265625,92.140625,77.15625,68.9375,83.859375,90.859375,77.421875,65.84375,65.40625,76.140625,85.890625,132.359375,166.5,158.8125,139.0,120.25,135.84375,169.9375
2013-06-20,157.03125,135.4375,124.75,132.5,133.703125,118.703125,127.34375,132.0625,123.71875,132.875,150.765625,148.65625,120.203125,90.6875,88.0625,88.296875,87.0,94.390625,101.15625,96.265625,81.421875,70.171875,65.828125,66.546875,79.703125,93.140625,87.828125,73.765625,60.015625,58.078125
2013-06-21,135.4375,124.75,132.5,133.703125,118.703125,127.34375,132.0625,123.71875,132.875,150.765625,148.65625,120.203125,90.6875,88.0625,88.296875,87.0,94.390625,101.15625,96.265625,81.421875,70.171875,65.828125,66.546875,79.703125,93.140625,87.828125,73.765625,60.015625,58.078125,61.96875
2013-06-22,124.75,132.5,133.703125,118.703125,127.34375,132.0625,123.71875,132.875,150.765625,148.65625,120.203125,90.6875,88.0625,88.296875,87.0,94.390625,101.15625,96.265625,81.421875,70.171875,65.828125,66.546875,79.703125,93.140625,87.828125,73.765625,60.015625,58.078125,61.96875,65.4375
2013-06-23,132.5,133.703125,118.703125,127.34375,132.0625,123.71875,132.875,150.765625,148.65625,120.203125,90.6875,88.0625,88.296875,87.0,94.390625,101.15625,96.265625,81.421875,70.171875,65.828125,66.546875,79.703125,93.140625,87.828125,73.765625,60.015625,58.078125,61.96875,65.4375,71.4375
2013-06-24,146.59375,128.140625,137.890625,137.15625,136.25,131.1875,121.59375,125.46875,129.828125,120.625,106.0625,94.34375,95.859375,97.90625,100.359375,100.578125,112.125,167.515625,217.40625,298.125,350.171875,385.5625,384.359375,334.140625,259.46875,186.984375,144.0625,131.859375,125.5625,114.078125
2013-06-25,128.140625,137.890625,137.15625,136.25,131.1875,121.59375,125.46875,129.828125,120.625,106.0625,94.34375,95.859375,97.90625,100.359375,100.578125,112.125,167.515625,217.40625,298.125,350.171875,385.5625,384.359375,334.140625,259.46875,186.984375,144.0625,131.859375,125.5625,114.078125,100.265625
2013-06-26,137.890625,137.15625,136.25,131.1875,121.59375,125.46875,129.828125,120.625,106.0625,94.34375,95.859375,97.90625,100.359375,100.578125,112.125,167.515625,217.40625,298.125,350.171875,385.5625,384.359375,334.140625,259.46875,186.984375,144.0625,131.859375,125.5625,114.078125,100.265625,93.5
2013-06-27,100.578125,96.09375,102.484375,111.875,115.46875,127.3125,160.5,156.203125,171.984375,162.796875,140.390625,130.375,216.0,272.921875,217.109375,151.578125,110.390625,92.25,105.484375,130.75,173.375,173.859375,156.421875,154.25,127.65625,94.015625,109.875,171.734375,179.59375,146.15625
2013-06-28,96.09375,102.484375,111.875,115.46875,127.3125,160.5,156.203125,171.984375,162.796875,140.390625,130.375,216.0,272.921875,217.109375,151.578125,110.390625,92.25,105.484375,130.75,173.375,173.859375,156.421875,154.25,127.65625,94.015625,109.875,171.734375,179.59375,146.15625,114.578125
2013-06-29,102.484375,111.875,115.46875,127.3125,160.5,156.203125,171.984375,162.796875,140.390625,130.375,216.0,272.921875,217.109375,151.578125,110.390625,92.25,105.484375,130.75,173.375,173.859375,156.421875,154.25,127.65625,94.015625,109.875,171.734375,179.59375,146.15625,114.578125,89.875
2013-06-30,111.875,115.46875,127.3125,160.5,156.203125,171.984375,162.796875,140.390625,130.375,216.0,272.921875,217.109375,151.578125,110.390625,92.25,105.484375,130.75,173.375,173.859375,156.421875,154.25,127.65625,94.015625,109.875,171.734375,179.59375,146.15625,114.578125,89.875,72.859375
2013-07-01,88.03125,90.578125,101.0,103.5625,91.84375,83.5,80.65625,70.953125,73.953125,113.171875,148.1875,148.703125,132.8125,111.65625,100.953125,98.265625,86.796875,78.25,77.0,72.28125,82.921875,144.59375,177.609375,222.25,307.15625,295.734375,276.8125,229.015625,217.203125,263.21875
2013-07-02,90.578125,101.0,103.5625,91.84375,83.5,80.65625,70.953125,73.953125,113.171875,148.1875,148.703125,132.8125,111.65625,100.953125,98.265625,86.796875,78.25,77.0,72.28125,82.921875,144.59375,177.609375,222.25,307.15625,295.734375,276.8125,229.015625,217.203125,263.21875,339.53125
2013-07-03,101.0,103.5625,91.84375,83.5,80.65625,70.953125,73.953125,113.171875,148.1875,148.703125,132.8125,111.65625,100.953125,98.265625,86.796875,78.25,77.0,72.28125,82.921875,144.59375,177.609375,222.25,307.15625,295.734375,276.8125,229.015625,217.203125,263.21875,339.53125,293.9375
2013-07-04,282.796875,306.109375,233.234375,212.859375,201.703125,157.25,116.375,131.734375,127.96875,100.265625,93.875,114.3125,119.984375,105.828125,115.0625,123.515625,178.453125,319.921875,320.1875,269.890625,311.328125,474.828125,581.734375,440.296875,282.0,198.109375,171.296875,168.1875,166.625,145.84375
2013-07-05,306.109375,233.234375,212.859375,201.703125,157.25,116.375,131.734375,127.96875,100.265625,93.875,114.3125,119.984375,105.828125,115.0625,123.515625,178.453125,319.921875,320.1875,269.890625,311.328125,474.828125,581.734375,440.296875,282.0,198.109375,171.296875,168.1875,166.625,145.84375,118.953125
2013-07-06,233.234375,212.859375,201.703125,157.25,116.375,131.734375,127.96875,100.265625,93.875,114.3125,119.984375,105.828125,115.0625,123.515625,178.453125,319.921875,320.1875,269.890625,311.328125,474.828125,581.734375,440.296875,282.0,198.109375,171.296875,168.1875,166.625,145.84375,118.953125,110.578125
2013-07-07,212.859375,201.703125,157.25,116.375,131.734375,127.96875,100.265625,93.875,114.3125,119.984375,105.828125,115.0625,123.515625,178.453125,319.921875,320.1875,269.890625,311.328125,474.828125,581.734375,440.296875,282.0,198.109375,171.296875,168.1875,166.625,145.84375,118.953125,110.578125,113.046875
2013-07-08,209.203125,180.78125,140.390625,110.21875,91.0,88.8125,96.359375,118.359375,118.9375,101.625,101.78125,107.828125,109.515625,105.671875,99.1875,100.8125,116.625,129.375,116.640625,94.734375,79.25,86.296875,96.09375,85.578125,77.28125,78.265625,131.46875,183.578125,169.328125,147.828125
2013-07-09,180.78125,140.390625,110.21875,91.0,88.8125,96.359375,118.359375,118.9375,101.625,101.78125,107.828125,109.515625,105.671875,99.1875,100.8125,116.625,129.375,116.640625,94.734375,79.25,86.296875,96.09375,85.578125,77.28125,78.265625,131.46875,183.578125,169.328125,147.828125,155.53125
2013-07-10,140.390625,110.21875,91.0,88.8125,96.359375,118.359375,118.9375,101.625,101.78125,107.828125,109.515625,105.671875,99.1875,100.8125,116.625,129.375,116.640625,94.734375,79.25,86.296875,96.09375,85.578125,77.28125,78.265625,131.46875,183.578125,169.328125,147.828125,155.53125,168.125
2013-07-11,128.234375,98.234375,90.65625,107.734375,130.328125,129.46875,114.703125,121.34375,134.140625,193.40625,250.625,260.109375,202.0625,144.25,112.53125,105.84375,156.625,189.78125,190.71875,337.140625,412.640625,327.703125,275.609375,219.671875,251.609375,296.203125,327.734375,269.421875,192.28125,155.71875
2013-07-12,98.234375,90.65625,107.734375,130.328125,129.46875,114.703125,121.34375,134.140625,193.40625,250.625,260.109375,202.0625,144.25,112.53125,105.84375,156.625,189.78125,190.71875,337.140625,412.640625,327.703125,275.609375,219.671875,251.609375,296.203125,327.734375,269.421875,192.28125,155.71875,144.453125
2013-07-13,90.65625,107.734375,130.328125,129.46875,114.703125,121.34375,134.140625,193.40625,250.625,260.109375,202.0625,144.25,112.53125,105.84375,156.625,189.78125,190.71875,337.140625,412.640625,327.703125,275.609375,219.671875,251.609375,296.203125,327.734375,269.421875,192.28125,155.71875,144.453125,140.421875
2013-07-14,107.734375,130.328125,129.46875,114.703125,121.34375,134.140625,193.40625,250.625,260.109375,202.0625,144.25,112.53125,105.84375,156.625,189.78125,190.71875,337.140625,412.640625,327.703125,275.609375,219.671875,251.609375,296.203125,327.734375,269.421875,192.28125,155.71875,144.453125,140.421875,134.1875
2013-07-15,96.015625,103.078125,96.625,100.90625,193.171875,273.734375,228.21875,241.078125,232.796875,182.5,133.53125,106.875,106.265625,114.984375,123.4375,109.671875,90.21875,83.921875,89.71875,97.359375,93.34375,84.390625,76.203125,72.859375,72.015625,71.21875,81.828125,85.703125,73.875,60.203125
2013-07-16,103.078125,96.625,100.90625,193.171875,273.734375,228.21875,241.078125,232.796875,182.5,133.53125,106.875,106.265625,114.984375,123.4375,109.671875,90.21875,83.921875,89.71875,97.359375,93.34375,84.390625,76.203125,72.859375,72.015625,71.21875,81.828125,85.703125,73.875,60.203125,49.890625
2013-07-17,96.625,100.90625,193.171875,273.734375,228.21875,241.078125,232.796875,182.5,133.53125,106.875,106.265625,114.984375,123.4375,109.671875,90.21875,83.921875,89.71875,97.359375,93.34375,84.390625,76.203125,72.859375,72.015625,71.21875,81.828125,85.703125,73.875,60.203125,49.890625,52.4375
2013-07-18,128.46875,251.96875,289.3125,236.9375,203.453125,183.578125,171.984375,155.078125,133.21875,115.34375,99.59375,90.234375,92.4375,97.09375,98.40625,89.875,78.453125,74.296875,85.796875,152.359375,257.8125,321.328125,306.046875,218.984375,152.5,131.359375,149.96875,176.78125,178.8125,175.90625
2013-07-19,251.96875,289.3125,236.9375,203.453125,183.578125,171.984375,155.078125,133.21875,115.34375,99.59375,90.234375,92.4375,97.09375,98.40625,89.875,78.453125,74.296875,85.796875,152.359375,257.8125,321.328125,306.046875,218.984375,152.5,131.359375,149.96875,176.78125,178.8125,175.90625,184.0
2013-07-20,289.3125,236.9375,203.453125,183.578125,171.984375,155.078125,133.21875,115.34375,99.59375,90.234375,92.4375,97.09375,98.40625,89.875,78.453125,74.296875,85.796875,152.359375,257.8125,321.328125,306.046875,218.984375,152.5,131.359375,149.96875,176.78125,178.8125,175.90625,184.0,171.140625
2013-07-21,236.9375,203.453125,183.578125,171.984375,155.078125,133.21875,115.34375,99.59375,90.234375,92.4375,97.09375,98.40625,89.875,78.453125,74.296875,85.796875,152.359375,257.8125,321.328125,306.046875,218.984375,152.5,131.359375,149.96875,176.78125,178.8125,175.90625,184.0,171.140625,152.234375
2013-07-22,295.203125,316.953125,260.375,200.4375,161.078125,153.546875,141.234375,125.578125,127.796875,125.46875,120.578125,145.84375,144.25,128.375,145.84375,138.171875,143.5625,153.078125,133.734375,120.265625,102.390625,88.453125,87.0625,79.109375,66.1875,63.484375,72.890625,88.40625,110.171875,102.71875
2013-07-23,316.953125,260.375,200.4375,161.078125,153.546875,141.234375,125.578125,127.796875,125.46875,120.578125,145.84375,144.25,128.375,145.84375,138.171875,143.5625,153.078125,133.734375,120.265625,102.390625,88.453125,87.0625,79.109375,66.1875,63.484375,72.890625,88.40625,110.171875,102.71875,80.65625
2013-07-24,260.375,200.4375,161.078125,153.546875,141.234375,125.578125,127.796875,125.46875,120.578125,145.84375,144.25,128.375,145.84375,138.171875,143.5625,153.078125,133.734375,120.265625,102.390625,88.453125,87.0625,79.109375,66.1875,63.484375,72.890625,88.40625,110.171875,102.71875,80.65625,76.59375
2013-07-25,234.265625,168.328125,130.640625,114.03125,126.84375,125.46875,102.90625,88.921875,90.703125,119.265625,295.9375,306.734375,209.953125,157.03125,128.515625,124.03125,121.84375,139.28125,161.734375,165.109375,151.125,162.765625,198.171875,204.5,196.78125,164.421875,130.34375,109.1875,100.84375,93.15625
2013-07-26,168.328125,130.640625,114.03125,126.84375,125.46875,102.90625,88.921875,90.703125,119.265625,295.9375,306.734375,209.953125,157.03125,128.515625,124.03125,121.84375,139.28125,161.734375,165.109375,151.125,162.765625,198.171875,204.5,196.78125,164.421875,130.34375,109.1875,100.84375,93.15625,87.921875
2013-07-27,130.640625,114.03125,126.84375,125.46875,102.90625,88.921875,90.703125,119.265625,295.9375,306.734375,209.953125,157.03125,128.515625,124.03125,121.84375,139.28125,161.734375,165.109375,151.125,162.765625,198.171875,204.5,196.78125,164.421875,130.34375,109.1875,100.84375,93.15625,87.921875,104.71875
2013-07-28,114.03125,126.84375,125.46875,102.90625,88.921875,90.703125,119.265625,295.9375,306.734375,209.953125,157.03125,128.515625,124.03125,121.84375,139.28125,161.734375,165.109375,151.125,162.765625,198.171875,204.5,196.78125,164.421875,130.34375,109.1875,100.84375,93.15625,87.921875,104.71875,119.6875
2013-07-29,148.484375,131.59375,129.984375,142.8125,138.640625,140.046875,135.953125,119.9375,117.09375,174.5625,182.84375,162.046875,142.96875,119.4375,135.21875,138.515625,144.1875,146.71875,122.8125,125.046875,144.703125,165.234375,146.609375,108.46875,81.921875,66.171875,80.046875,89.671875,86.546875,89.171875
2013-07-30,131.59375,129.984375,142.8125,138.640625,140.046875,135.953125,119.9375,117.09375,174.5625,182.84375,162.046875,142.96875,119.4375,135.21875,138.515625,144.1875,146.71875,122.8125,125.046875,144.703125,165.234375,146.609375,108.46875,81.921875,66.171875,80.046875,89.671875,86.546875,89.171875,87.6875
2013-07-31,129.984375,142.8125,138.640625,140.046875,135.953125,119.9375,117.09375,174.5625,182.84375,162.046875,142.96875,119.4375,135.21875,138.515625,144.1875,146.71875,122.8125,125.046875,144.703125,165.234375,146.609375,108.46875,81.921875,66.171875,80.046875,89.671875,86.546875,89.171875,87.6875,82.3125
2013-08-01,183.015625,222.078125,365.859375,360.8125,260.015625,187.828125,200.90625,191.765625,168.125,154.09375,136.90625,132.984375,133.46875,142.546875,134.453125,115.515625,102.359375,91.46875,84.859375,77.5,68.15625,65.359375,68.359375,73.265625,78.796875,84.4375,76.578125,66.828125,64.734375,60.015625
2013-08-02,222.078125,365.859375,360.8125,260.015625,187.828125,200.90625,191.765625,168.125,154.09375,136.90625,132.984375,133.46875,142.546875,134.453125,115.515625,102.359375,91.46875,84.859375,77.5,68.15625,65.359375,68.359375,73.265625,78.796875,84.4375,76.578125,66.828125,64.734375,60.015625,51.453125
2013-08-03,365.859375,360.8125,260.015625,187.828125,200.90625,191.765625,168.125,154.09375,136.90625,132.984375,133.46875,142.546875,134.453125,115.515625,102.359375,91.46875,84.859375,77.5,68.15625,65.359375,68.359375,73.265625,78.796875,84.4375,76.578125,66.828125,64.734375,60.015625,51.453125,44.078125
2013-08-04,360.8125,260.015625,187.828125,200.90625,191.765625,168.125,154.09375,136.90625,132.984375,133.46875,142.546875,134.453125,115.515625,102.359375,91.46875,84.859375,77.5,68.15625,65.359375,68.359375,73.265625,78.796875,84.4375,76.578125,66.828125,64.734375,60.015625,51.453125,44.078125,38.8125
2013-08-05,156.90625,158.546875,164.359375,154.15625,154.296875,150.609375,150.578125,137.90625,108.03125,88.015625,104.90625,116.6875,110.4375,106.375,98.40625,100.6875,142.125,227.671875,205.359375,136.703125,103.015625,96.75,106.625,110.734375,97.40625,108.921875,120.84375,120.796875,133.453125,139.953125
2013-08-06,158.546875,164.359375,154.15625,154.296875,150.609375,150.578125,137.90625,108.03125,88.015625,104.90625,116.6875,110.4375,106.375,98.40625,100.6875,142.125,227.671875,205.359375,136.703125,103.015625,96.75,106.625,110.734375,97.40625,108.921875,120.84375,120.796875,133.453125,139.953125,128.609375
2013-08-07,164.359375,154.15625,154.296875,150.609375,150.578125,137.90625,108.03125,88.015625,104.90625,116.6875,110.4375,106.375,98.40625,100.6875,142.125,227.671875,205.359375,136.703125,103.015625,96.75,106.625,110.734375,97.40625,108.921875,120.84375,120.796875,133.453125,139.953125,128.609375,112.078125
2013-08-08,178.5625,154.046875,145.421875,152.734375,149.5625,167.71875,161.296875,131.21875,111.890625,104.21875,109.46875,107.71875,108.359375,102.28125,102.296875,110.78125,107.1875,136.640625,187.65625,159.8125,111.46875,94.328125,86.6875,77.15625,71.78125,75.0625,76.78125,77.4375,73.125,69.703125
2013-08-09,154.046875,145.421875,152.734375,149.5625,167.71875,161.296875,131.21875,111.890625,104.21875,109.46875,107.71875,108.359375,102.28125,102.296875,110.78125,107.1875,136.640625,187.65625,159.8125,111.46875,94.328125,86.6875,77.15625,71.78125,75.0625,76.78125,77.4375,73.125,69.703125,95.765625
2013-08-10,145.421875,152.734375,149.5625,167.71875,161.296875,131.21875,111.890625,104.21875,109.46875,107.71875,108.359375,102.28125,102.296875,110.78125,107.1875,136.640625,187.65625,159.8125,111.46875,94.328125,86.6875,77.15625,71.78125,75.0625,76.78125,77.4375,73.125,69.703125,95.765625,265.328125
2013-08-11,152.734375,149.5625,167.71875,161.296875,131.21875,111.890625,104.21875,109.46875,107.71875,108.359375,102.28125,102.296875,110.78125,107.1875,136.640625,187.65625,159.8125,111.46875,94.328125,86.6875,77.15625,71.78125,75.0625,76.78125,77.4375,73.125,69.703125,95.765625,265.328125,344.96875
2013-08-12,155.3125,126.375,107.359375,93.109375,82.0,75.046875,71.5,73.1875,71.703125,65.328125,74.34375,100.765625,105.84375,99.5,97.6875,89.703125,83.75,76.46875,66.515625,61.640625,69.765625,77.375,68.140625,56.15625,65.890625,86.96875,100.546875,99.21875,97.484375,115.59375
2013-08-13,126.375,107.359375,93.109375,82.0,75.046875,71.5,73.1875,71.703125,65.328125,74.34375,100.765625,105.84375,99.5,97.6875,89.703125,83.75,76.46875,66.515625,61.640625,69.765625,77.375,68.140625,56.15625,65.890625,86.96875,100.546875,99.21875,97.484375,115.59375,167.53125
2013-08-14,107.359375,93.109375,82.0,75.046875,71.5,73.1875,71.703125,65.328125,74.34375,100.765625,105.84375,99.5,97.6875,89.703125,83.75,76.46875,66.515625,61.640625,69.765625,77.375,68.140625,56.15625,65.890625,86.96875,100.546875,99.21875,97.484375,115.59375,167.53125,166.734375
2013-08-15,143.5625,114.3125,97.8125,102.34375,113.140625,101.28125,90.78125,112.546875,136.34375,132.953125,112.3125,93.609375,78.25,65.84375,58.21875,51.84375,46.703125,45.84375,49.765625,94.640625,132.328125,110.515625,85.8125,68.59375,69.140625,89.296875,234.828125,381.109375,294.890625,189.21875
2013-08-16,114.3125,97.8125,102.34375,113.140625,101.28125,90.78125,112.546875,136.34375,132.953125,112.3125,93.609375,78.25,65.84375,58.21875,51.84375,46.703125,45.84375,49.765625,94.640625,132.328125,110.515625,85.8125,68.59375,69.140625,89.296875,234.828125,381.109375,294.890625,189.21875,128.1015625
2013-08-17,97.8125,102.34375,113.140625,101.28125,90.78125,112.546875,136.34375,132.953125,112.3125,93.609375,78.25,65.84375,58.21875,51.84375,46.703125,45.84375,49.765625,94.640625,132.328125,110.515625,85.8125,68.59375,69.140625,89.296875,234.828125,381.109375,294.890625,189.21875,128.1015625,95.1875
2013-08-18,102.34375,113.140625,101.28125,90.78125,112.546875,136.34375,132.953125,112.3125,93.609375,78.25,65.84375,58.21875,51.84375,46.703125,45.84375,49.765625,94.640625,132.328125,110.515625,85.8125,68.59375,69.140625,89.296875,234.828125,381.109375,294.890625,189.21875,128.1015625,95.1875,84.7734375
2013-08-19,87.203125,77.28125,76.671875,98.6875,115.140625,116.421875,109.171875,111.90625,118.3125,105.703125,92.71875,84.5,82.34375,78.34375,70.1875,63.984375,60.21875,61.875,69.71875,75.171875,73.484375,64.84375,60.0625,62.6875,58.4375,59.328125,104.5703125,163.0234375,193.625,273.3828125
2013-08-20,77.28125,76.671875,98.6875,115.140625,116.421875,109.171875,111.90625,118.3125,105.703125,92.71875,84.5,82.34375,78.34375,70.1875,63.984375,60.21875,61.875,69.71875,75.171875,73.484375,64.84375,60.0625,62.6875,58.4375,59.328125,104.5703125,163.0234375,193.625,273.3828125,486.8828125
2013-08-21,76.671875,98.6875,115.140625,116.421875,109.171875,111.90625,118.3125,105.703125,92.71875,84.5,82.34375,78.34375,70.1875,63.984375,60.21875,61.875,69.71875,75.171875,73.484375,64.84375,60.0625,62.6875,58.4375,59.328125,104.5703125,163.0234375,193.625,273.3828125,486.8828125,592.390625
2013-08-22,92.890625,120.25,132.75,121.28125,103.640625,92.046875,90.3125,91.21875,100.8125,100.90625,92.140625,82.875,69.796875,58.65625,54.03125,55.203125,54.21875,51.140625,50.609375,57.046875,72.34375,78.15625,94.921875,115.5625,129.53125,182.875,206.4453125,212.0546875,227.3359375,202.609375
2013-08-23,120.25,132.75,121.28125,103.640625,92.046875,90.3125,91.21875,100.8125,100.90625,92.140625,82.875,69.796875,58.65625,54.03125,55.203125,54.21875,51.140625,50.609375,57.046875,72.34375,78.15625,94.921875,115.5625,129.53125,182.875,206.4453125,212.0546875,227.3359375,202.609375,149.515625
2013-08-24,132.75,121.28125,103.640625,92.046875,90.3125,91.21875,100.8125,100.90625,92.140625,82.875,69.796875,58.65625,54.03125,55.203125,54.21875,51.140625,50.609375,57.046875,72.34375,78.15625,94.921875,115.5625,129.53125,182.875,206.4453125,212.0546875,227.3359375,202.609375,149.515625,109.9375
2013-08-25,121.28125,103.640625,92.046875,90.3125,91.21875,100.8125,100.90625,92.140625,82.875,69.796875,58.65625,54.03125,55.203125,54.21875,51.140625,50.609375,57.046875,72.34375,78.15625,94.921875,115.5625,129.53125,182.875,206.4453125,212.0546875,227.3359375,202.609375,149.515625,109.9375,93.8125
2013-08-26,116.21875,99.71875,103.78125,109.453125,100.40625,87.984375,82.203125,77.5625,75.671875,72.234375,96.390625,119.234375,109.328125,111.015625,117.890625,147.453125,161.234375,147.6875,133.734375,125.90625,156.59375,227.2890625,269.25,230.5546875,169.59375,129.84375,133.3984375,173.6875,169.078125,131.5625
2013-08-27,99.71875,103.78125,109.453125,100.40625,87.984375,82.203125,77.5625,75.671875,72.234375,96.390625,119.234375,109.328125,111.015625,117.890625,147.453125,161.234375,147.6875,133.734375,125.90625,156.59375,227.2890625,269.25,230.5546875,169.59375,129.84375,133.3984375,173.6875,169.078125,131.5625,103.3203125
2013-08-28,103.78125,109.453125,100.40625,87.984375,82.203125,77.5625,75.671875,72.234375,96.390625,119.234375,109.328125,111.015625,117.890625,147.453125,161.234375,147.6875,133.734375,125.90625,156.59375,227.2890625,269.25,230.5546875,169.59375,129.84375,133.3984375,173.6875,169.078125,131.5625,103.3203125,103.4296875
2013-08-29,95.59375,90.875,94.484375,103.453125,92.09375,73.25,61.125,66.375,90.0,102.984375,108.515625,124.890625,238.78125,242.28125,168.21875,126.0625,144.046875,176.015625,170.65625,145.953125,110.6171875,81.203125,84.1484375,111.3203125,116.4453125,101.078125,104.671875,118.015625,157.46875,204.6484375
2013-08-30,90.875,94.484375,103.453125,92.09375,73.25,61.125,66.375,90.0,102.984375,108.515625,124.890625,238.78125,242.28125,168.21875,126.0625,144.046875,176.015625,170.65625,145.953125,110.6171875,81.203125,84.1484375,111.3203125,116.4453125,101.078125,104.671875,118.015625,157.46875,204.6484375,217.953125
2013-08-31,94.484375,103.453125,92.09375,73.25,61.125,66.375,90.0,102.984375,108.515625,124.890625,238.78125,242.28125,168.21875,126.0625,144.046875,176.015625,170.65625,145.953125,110.6171875,81.203125,84.1484375,111.3203125,116.4453125,101.078125,104.671875,118.015625,157.46875,204.6484375,217.953125,188.1015625
2013-09-01,103.453125,92.09375,73.25,61.125,66.375,90.0,102.984375,108.515625,124.890625,238.78125,242.28125,168.21875,126.0625,144.046875,176.015625,170.65625,145.953125,110.6171875,81.203125,84.1484375,111.3203125,116.4453125,101.078125,104.671875,118.015625,157.46875,204.6484375,217.953125,188.1015625,172.1171875
2013-09-02,81.71875,76.96875,80.453125,91.09375,87.265625,137.53125,166.015625,165.3125,149.234375,118.859375,109.359375,148.921875,148.40625,118.6484375,98.5,84.4609375,81.7734375,128.0,155.984375,148.7421875,145.390625,148.578125,143.265625,140.421875,186.2734375,223.1171875,182.1953125,136.6640625,113.8515625,119.46875
2013-09-03,76.96875,80.453125,91.09375,87.265625,137.53125,166.015625,165.3125,149.234375,118.859375,109.359375,148.921875,148.40625,118.6484375,98.5,84.4609375,81.7734375,128.0,155.984375,148.7421875,145.390625,148.578125,143.265625,140.421875,186.2734375,223.1171875,182.1953125,136.6640625,113.8515625,119.46875,127.3984375
2013-09-04,80.453125,91.09375,87.265625,137.53125,166.015625,165.3125,149.234375,118.859375,109.359375,148.921875,148.40625,118.6484375,98.5,84.4609375,81.7734375,128.0,155.984375,148.7421875,145.390625,148.578125,143.265625,140.421875,186.2734375,223.1171875,182.1953125,136.6640625,113.8515625,119.46875,127.3984375,142.203125
2013-09-05,51.453125,55.09375,72.671875,94.03125,89.875,107.171875,168.03125,175.515625,149.96875,125.7734375,123.109375,132.9375,174.1796875,211.515625,187.9140625,143.1953125,112.3515625,105.265625,108.0625,132.9140625,141.7265625,124.0078125,105.5859375,111.4296875,134.484375,149.28125,151.171875,129.640625,111.03125,250.1171875
2013-09-06,55.09375,72.671875,94.03125,89.875,107.171875,168.03125,175.515625,149.96875,125.7734375,123.109375,132.9375,174.1796875,211.515625,187.9140625,143.1953125,112.3515625,105.265625,108.0625,132.9140625,141.7265625,124.0078125,105.5859375,111.4296875,134.484375,149.28125,151.171875,129.640625,111.03125,250.1171875,283.6484375
2013-09-07,72.671875,94.03125,89.875,107.171875,168.03125,175.515625,149.96875,125.7734375,123.109375,132.9375,174.1796875,211.515625,187.9140625,143.1953125,112.3515625,105.265625,108.0625,132.9140625,141.7265625,124.0078125,105.5859375,111.4296875,134.484375,149.28125,151.171875,129.640625,111.03125,250.1171875,283.6484375,224.984375
2013-09-08,94.03125,89.875,107.171875,168.03125,175.515625,149.96875,125.7734375,123.109375,132.9375,174.1796875,211.515625,187.9140625,143.1953125,112.3515625,105.265625,108.0625,132.9140625,141.7265625,124.0078125,105.5859375,111.4296875,134.484375,149.28125,151.171875,129.640625,111.03125,250.1171875,283.6484375,224.984375,201.2578125
2013-09-09,179.609375,170.5,143.9375,138.46875,114.59375,93.3984375,88.4765625,91.5703125,127.75,133.03125,109.203125,104.4921875,135.109375,167.8046875,143.390625,114.7890625,101.4375,88.6796875,77.5390625,76.953125,82.9453125,74.6953125,58.8359375,47.0703125,69.5546875,101.75,96.1328125,75.984375,62.0859375,51.421875
2013-09-10,170.5,143.9375,138.46875,114.59375,93.3984375,88.4765625,91.5703125,127.75,133.03125,109.203125,104.4921875,135.109375,167.8046875,143.390625,114.7890625,101.4375,88.6796875,77.5390625,76.953125,82.9453125,74.6953125,58.8359375,47.0703125,69.5546875,101.75,96.1328125,75.984375,62.0859375,51.421875,42.5703125
2013-09-11,143.9375,138.46875,114.59375,93.3984375,88.4765625,91.5703125,127.75,133.03125,109.203125,104.4921875,135.109375,167.8046875,143.390625,114.7890625,101.4375,88.6796875,77.5390625,76.953125,82.9453125,74.6953125,58.8359375,47.0703125,69.5546875,101.75,96.1328125,75.984375,62.0859375,51.421875,42.5703125,38.109375
2013-09-12,226.796875,188.3125,162.1875,127.234375,104.5234375,94.140625,94.8046875,151.890625,288.1328125,314.6640625,279.5546875,225.0078125,175.5,142.9609375,116.5,101.1953125,134.6328125,144.453125,114.7578125,92.6015625,89.2734375,114.984375,169.140625,182.703125,167.4296875,162.7578125,134.109375,98.109375,77.15625,76.3671875
2013-09-13,188.3125,162.1875,127.234375,104.5234375,94.140625,94.8046875,151.890625,288.1328125,314.6640625,279.5546875,225.0078125,175.5,142.9609375,116.5,101.1953125,134.6328125,144.453125,114.7578125,92.6015625,89.2734375,114.984375,169.140625,182.703125,167.4296875,162.7578125,134.109375,98.109375,77.15625,76.3671875,79.75
2013-09-14,162.1875,127.234375,104.5234375,94.140625,94.8046875,151.890625,288.1328125,314.6640625,279.5546875,225.0078125,175.5,142.9609375,116.5,101.1953125,134.6328125,144.453125,114.7578125,92.6015625,89.2734375,114.984375,169.140625,182.703125,167.4296875,162.7578125,134.109375,98.109375,77.15625,76.3671875,79.75,74.46875
2013-09-15,127.234375,104.5234375,94.140625,94.8046875,151.890625,288.1328125,314.6640625,279.5546875,225.0078125,175.5,142.9609375,116.5,101.1953125,134.6328125,144.453125,114.7578125,92.6015625,89.2734375,114.984375,169.140625,182.703125,167.4296875,162.7578125,134.109375,98.109375,77.15625,76.3671875,79.75,74.46875,70.1015625
2013-09-16,111.1171875,94.4609375,90.6953125,144.1640625,256.1640625,326.7890625,262.4609375,180.96875,146.359375,136.2578125,124.8203125,159.3984375,180.3046875,213.5703125,240.03125,227.1640625,193.3046875,192.96875,222.125,211.28125,161.9453125,140.21875,166.2109375,329.8984375,352.3671875,252.015625,190.953125,182.640625,172.9375,144.4609375
2013-09-17,94.4609375,90.6953125,144.1640625,256.1640625,326.7890625,262.4609375,180.96875,146.359375,136.2578125,124.8203125,159.3984375,180.3046875,213.5703125,240.03125,227.1640625,193.3046875,192.96875,222.125,211.28125,161.9453125,140.21875,166.2109375,329.8984375,352.3671875,252.015625,190.953125,182.640625,172.9375,144.4609375,122.9453125
2013-09-18,90.6953125,144.1640625,256.1640625,326.7890625,262.4609375,180.96875,146.359375,136.2578125,124.8203125,159.3984375,180.3046875,213.5703125,240.03125,227.1640625,193.3046875,192.96875,222.125,211.28125,161.9453125,140.21875,166.2109375,329.8984375,352.3671875,252.015625,190.953125,182.640625,172.9375,144.4609375,122.9453125,136.8984375
2013-09-19,212.0390625,328.078125,307.484375,257.3515625,220.6328125,190.7890625,159.9140625,128.21875,102.3828125,87.6875,99.5,211.609375,265.0,231.890625,202.015625,171.0546875,176.0,213.1015625,201.1796875,167.421875,142.4765625,120.4921875,114.2265625,191.3828125,202.0546875,161.1875,145.875,164.921875,239.34375,259.5703125
2013-09-20,328.078125,307.484375,257.3515625,220.6328125,190.7890625,159.9140625,128.21875,102.3828125,87.6875,99.5,211.609375,265.0,231.890625,202.015625,171.0546875,176.0,213.1015625,201.1796875,167.421875,142.4765625,120.4921875,114.2265625,191.3828125,202.0546875,161.1875,145.875,164.921875,239.34375,259.5703125,230.5546875
2013-09-21,307.484375,257.3515625,220.6328125,190.7890625,159.9140625,128.21875,102.3828125,87.6875,99.5,211.609375,265.0,231.890625,202.015625,171.0546875,176.0,213.1015625,201.1796875,167.421875,142.4765625,120.4921875,114.2265625,191.3828125,202.0546875,161.1875,145.875,164.921875,239.34375,259.5703125,230.5546875,196.1953125
2013-09-22,257.3515625,220.6328125,190.7890625,159.9140625,128.21875,102.3828125,87.6875,99.5,211.609375,265.0,231.890625,202.015625,171.0546875,176.0,213.1015625,201.1796875,167.421875,142.4765625,120.4921875,114.2265625,191.3828125,202.0546875,161.1875,145.875,164.921875,239.34375,259.5703125,230.5546875,196.1953125,153.96875
2013-09-23,138.515625,120.6328125,112.8984375,104.796875,97.3359375,86.1328125,80.2421875,82.4609375,99.2890625,114.5234375,124.2734375,184.5546875,252.921875,223.2109375,179.9765625,174.5234375,174.5390625,170.78125,174.6328125,155.09375,124.6796875,108.5078125,97.171875,84.125,88.625,103.234375,109.265625,105.5546875,104.3046875,97.015625
2013-09-24,120.6328125,112.8984375,104.796875,97.3359375,86.1328125,80.2421875,82.4609375,99.2890625,114.5234375,124.2734375,184.5546875,252.921875,223.2109375,179.9765625,174.5234375,174.5390625,170.78125,174.6328125,155.09375,124.6796875,108.5078125,97.171875,84.125,88.625,103.234375,109.265625,105.5546875,104.3046875,97.015625,79.65625
2013-09-25,112.8984375,104.796875,97.3359375,86.1328125,80.2421875,82.4609375,99.2890625,114.5234375,124.2734375,184.5546875,252.921875,223.2109375,179.9765625,174.5234375,174.5390625,170.78125,174.6328125,155.09375,124.6796875,108.5078125,97.171875,84.125,88.625,103.234375,109.265625,105.5546875,104.3046875,97.015625,79.65625,66.9765625
2013-09-26,81.75,67.5859375,66.453125,127.0546875,168.109375,154.640625,152.796875,152.2734375,144.9609375,140.84375,142.8125,125.671875,119.6953125,186.6484375,286.4453125,367.828125,381.1328125,277.296875,187.4140625,172.546875,162.1796875,146.140625,127.0,107.40625,106.0234375,131.7734375,161.015625,165.34375,160.765625,165.984375
2013-09-27,67.5859375,66.453125,127.0546875,168.109375,154.640625,152.796875,152.2734375,144.9609375,140.84375,142.8125,125.671875,119.6953125,186.6484375,286.4453125,367.828125,381.1328125,277.296875,187.4140625,172.546875,162.1796875,146.140625,127.0,107.40625,106.0234375,131.7734375,161.015625,165.34375,160.765625,165.984375,216.8671875
2013-09-28,66.453125,127.0546875,168.109375,154.640625,152.796875,152.2734375,144.9609375,140.84375,142.8125,125.671875,119.6953125,186.6484375,286.4453125,367.828125,381.1328125,277.296875,187.4140625,172.546875,162.1796875,146.140625,127.0,107.40625,106.0234375,131.7734375,161.015625,165.34375,160.765625,165.984375,216.8671875,197.3203125
2013-09-29,127.0546875,168.109375,154.640625,152.796875,152.2734375,144.9609375,140.84375,142.8125,125.671875,119.6953125,186.6484375,286.4453125,367.828125,381.1328125,277.296875,187.4140625,172.546875,162.1796875,146.140625,127.0,107.40625,106.0234375,131.7734375,161.015625,165.34375,160.765625,165.984375,216.8671875,197.3203125,139.3125
2013-09-30,92.0703125,108.2578125,106.5,111.265625,115.2890625,114.1640625,118.8984375,110.0,98.0703125,86.8203125,76.1640625,75.390625,76.625,69.359375,69.6796875,82.0,94.9609375,106.2421875,110.8046875,105.7890625,88.0234375,71.6484375,81.125,96.546875,102.8359375,92.1953125,74.203125,69.3828125,61.15625,89.296875
2013-10-01,108.2578125,106.5,111.265625,115.2890625,114.1640625,118.8984375,110.0,98.0703125,86.8203125,76.1640625,75.390625,76.625,69.359375,69.6796875,82.0,94.9609375,106.2421875,110.8046875,105.7890625,88.0234375,71.6484375,81.125,96.546875,102.8359375,92.1953125,74.203125,69.3828125,61.15625,89.296875,122.1875
2013-10-02,106.5,111.265625,115.2890625,114.1640625,118.8984375,110.0,98.0703125,86.8203125,76.1640625,75.390625,76.625,69.359375,69.6796875,82.0,94.9609375,106.2421875,110.8046875,105.7890625,88.0234375,71.6484375,81.125,96.546875,102.8359375,92.1953125,74.203125,69.3828125,61.15625,89.296875,122.1875,101.734375
2013-10-03,181.3359375,141.015625,137.53125,149.015625,152.3046875,191.7265625,166.671875,111.734375,121.9609375,132.4921875,119.6953125,118.4140625,108.7265625,97.9921875,102.171875,154.1171875,256.59375,222.2890625,139.171875,95.171875,70.6171875,54.0234375,43.703125,36.5703125,31.734375,28.515625,25.859375,25.734375,31.4140625,52.7890625
2013-10-04,141.015625,137.53125,149.015625,152.3046875,191.7265625,166.671875,111.734375,121.9609375,132.4921875,119.6953125,118.4140625,108.7265625,97.9921875,102.171875,154.1171875,256.59375,222.2890625,139.171875,95.171875,70.6171875,54.0234375,43.703125,36.5703125,31.734375,28.515625,25.859375,25.734375,31.4140625,52.7890625,74.3046875
2013-10-05,137.53125,149.015625,152.3046875,191.7265625,166.671875,111.734375,121.9609375,132.4921875,119.6953125,118.4140625,108.7265625,97.9921875,102.171875,154.1171875,256.59375,222.2890625,139.171875,95.171875,70.6171875,54.0234375,43.703125,36.5703125,31.734375,28.515625,25.859375,25.734375,31.4140625,52.7890625,74.3046875,84.90625
2013-10-06,149.015625,152.3046875,191.7265625,166.671875,111.734375,121.9609375,132.4921875,119.6953125,118.4140625,108.7265625,97.9921875,102.171875,154.1171875,256.59375,222.2890625,139.171875,95.171875,70.6171875,54.0234375,43.703125,36.5703125,31.734375,28.515625,25.859375,25.734375,31.4140625,52.7890625,74.3046875,84.90625,101.2265625
2013-10-07,196.2578125,217.984375,185.4609375,125.9296875,115.1640625,109.1640625,112.03125,109.0703125,129.8203125,256.4140625,229.2890625,151.8515625,109.2421875,81.546875,65.46875,59.296875,54.890625,49.0234375,44.828125,42.046875,38.265625,34.484375,31.3046875,28.859375,26.9921875,25.2265625,23.75,22.421875,20.796875,19.703125
2013-10-08,217.984375,185.4609375,125.9296875,115.1640625,109.1640625,112.03125,109.0703125,129.8203125,256.4140625,229.2890625,151.8515625,109.2421875,81.546875,65.46875,59.296875,54.890625,49.0234375,44.828125,42.046875,38.265625,34.484375,31.3046875,28.859375,26.9921875,25.2265625,23.75,22.421875,20.796875,19.703125,22.34375
2013-10-09,185.4609375,125.9296875,115.1640625,109.1640625,112.03125,109.0703125,129.8203125,256.4140625,229.2890625,151.8515625,109.2421875,81.546875,65.46875,59.296875,54.890625,49.0234375,44.828125,42.046875,38.265625,34.484375,31.3046875,28.859375,26.9921875,25.2265625,23.75,22.421875,20.796875,19.703125,22.34375,34.53125
2013-10-10,120.4296875,93.5625,78.9375,73.0546875,67.578125,63.453125,65.2890625,87.515625,104.78125,103.078125,93.859375,92.8046875,86.9453125,86.1875,86.078125,71.6875,70.2578125,70.90625,74.8359375,77.0625,60.0078125,47.625,45.46875,51.1875,55.6640625,49.84375,38.9140625,30.9921875,25.0390625,20.734375
2013-10-11,93.5625,78.9375,73.0546875,67.578125,63.453125,65.2890625,87.515625,104.78125,103.078125,93.859375,92.8046875,86.9453125,86.1875,86.078125,71.6875,70.2578125,70.90625,74.8359375,77.0625,60.0078125,47.625,45.46875,51.1875,55.6640625,49.84375,38.9140625,30.9921875,25.0390625,20.734375,17.3203125
2013-10-12,78.9375,73.0546875,67.578125,63.453125,65.2890625,87.515625,104.78125,103.078125,93.859375,92.8046875,86.9453125,86.1875,86.078125,71.6875,70.2578125,70.90625,74.8359375,77.0625,60.0078125,47.625,45.46875,51.1875,55.6640625,49.84375,38.9140625,30.9921875,25.0390625,20.734375,17.3203125,15.03125
2013-10-13,73.0546875,67.578125,63.453125,65.2890625,87.515625,104.78125,103.078125,93.859375,92.8046875,86.9453125,86.1875,86.078125,71.6875,70.2578125,70.90625,74.8359375,77.0625,60.0078125,47.625,45.46875,51.1875,55.6640625,49.84375,38.9140625,30.9921875,25.0390625,20.734375,17.3203125,15.03125,13.328125
2013-10-14,105.8125,88.390625,80.7265625,95.1640625,164.5546875,177.140625,128.0703125,90.3671875,77.3984375,81.3984375,85.8671875,133.7109375,654.3125,666.8359375,442.6875,278.4140625,188.359375,145.015625,123.9765625,109.9765625,100.1484375,94.7109375,94.4921875,93.0234375,90.6640625,124.734375,182.21875,183.4140625,154.921875,122.9140625
2013-10-15,88.390625,80.7265625,95.1640625,164.5546875,177.140625,128.0703125,90.3671875,77.3984375,81.3984375,85.8671875,133.7109375,654.3125,666.8359375,442.6875,278.4140625,188.359375,145.015625,123.9765625,109.9765625,100.1484375,94.7109375,94.4921875,93.0234375,90.6640625,124.734375,182.21875,183.4140625,154.921875,122.9140625,99.4375
2013-10-16,80.7265625,95.1640625,164.5546875,177.140625,128.0703125,90.3671875,77.3984375,81.3984375,85.8671875,133.7109375,654.3125,666.8359375,442.6875,278.4140625,188.359375,145.015625,123.9765625,109.9765625,100.1484375,94.7109375,94.4921875,93.0234375,90.6640625,124.734375,182.21875,183.4140625,154.921875,122.9140625,99.4375,84.34375
2013-10-17,99.171875,99.4375,110.078125,97.9375,81.8515625,74.65625,70.4296875,68.4140625,61.0,50.6484375,43.296875,38.15625,35.0,40.1875,56.9375,61.6875,49.9609375,41.0625,35.8046875,29.2578125,24.8046875,22.265625,19.3671875,16.84375,14.4296875,12.609375,11.671875,10.625,9.7109375,10.7265625
2013-10-18,99.4375,110.078125,97.9375,81.8515625,74.65625,70.4296875,68.4140625,61.0,50.6484375,43.296875,38.15625,35.0,40.1875,56.9375,61.6875,49.9609375,41.0625,35.8046875,29.2578125,24.8046875,22.265625,19.3671875,16.84375,14.4296875,12.609375,11.671875,10.625,9.7109375,10.7265625,16.8515625
2013-10-19,110.078125,97.9375,81.8515625,74.65625,70.4296875,68.4140625,61.0,50.6484375,43.296875,38.15625,35.0,40.1875,56.9375,61.6875,49.9609375,41.0625,35.8046875,29.2578125,24.8046875,22.265625,19.3671875,16.84375,14.4296875,12.609375,11.671875,10.625,9.7109375,10.7265625,16.8515625,24.125
2013-10-20,97.9375,81.8515625,74.65625,70.4296875,68.4140625,61.0,50.6484375,43.296875,38.15625,35.0,40.1875,56.9375,61.6875,49.9609375,41.0625,35.8046875,29.2578125,24.8046875,22.265625,19.3671875,16.84375,14.4296875,12.609375,11.671875,10.625,9.7109375,10.7265625,16.8515625,24.125,23.3359375
2013-10-21,198.1015625,160.8515625,139.90625,136.3671875,155.359375,547.453125,449.5859375,254.4609375,159.828125,111.09375,87.3984375,74.6875,66.984375,61.40625,57.2578125,56.4296875,60.640625,72.40625,71.921875,60.3984375,50.8984375,53.6484375,61.2109375,55.5,45.6953125,38.3203125,33.3203125,29.4921875,26.5625,24.21875
2013-10-22,160.8515625,139.90625,136.3671875,155.359375,547.453125,449.5859375,254.4609375,159.828125,111.09375,87.3984375,74.6875,66.984375,61.40625,57.2578125,56.4296875,60.640625,72.40625,71.921875,60.3984375,50.8984375,53.6484375,61.2109375,55.5,45.6953125,38.3203125,33.3203125,29.4921875,26.5625,24.21875,21.7890625
2013-10-23,139.90625,136.3671875,155.359375,547.453125,449.5859375,254.4609375,159.828125,111.09375,87.3984375,74.6875,66.984375,61.40625,57.2578125,56.4296875,60.640625,72.40625,71.921875,60.3984375,50.8984375,53.6484375,61.2109375,55.5,45.6953125,38.3203125,33.3203125,29.4921875,26.5625,24.21875,21.7890625,20.2734375
2013-10-24,94.515625,89.1875,91.703125,83.9921875,74.515625,68.1796875,60.25,60.65625,60.8046875,51.6796875,43.296875,39.1484375,51.796875,74.21875,109.5234375,107.2890625,92.6953125,95.8125,96.1875,121.234375,116.546875,79.4765625,56.2578125,45.03125,37.4375,31.75,28.7890625,30.390625,34.9453125,31.4453125
2013-10-25,89.1875,91.703125,83.9921875,74.515625,68.1796875,60.25,60.65625,60.8046875,51.6796875,43.296875,39.1484375,51.796875,74.21875,109.5234375,107.2890625,92.6953125,95.8125,96.1875,121.234375,116.546875,79.4765625,56.2578125,45.03125,37.4375,31.75,28.7890625,30.390625,34.9453125,31.4453125,24.90625
2013-10-26,91.703125,83.9921875,74.515625,68.1796875,60.25,60.65625,60.8046875,51.6796875,43.296875,39.1484375,51.796875,74.21875,109.5234375,107.2890625,92.6953125,95.8125,96.1875,121.234375,116.546875,79.4765625,56.2578125,45.03125,37.4375,31.75,28.7890625,30.390625,34.9453125,31.4453125,24.90625,20.4296875
2013-10-27,83.9921875,74.515625,68.1796875,60.25,60.65625,60.8046875,51.6796875,43.296875,39.1484375,51.796875,74.21875,109.5234375,107.2890625,92.6953125,95.8125,96.1875,121.234375,116.546875,79.4765625,56.2578125,45.03125,37.4375,31.75,28.7890625,30.390625,34.9453125,31.4453125,24.90625,20.4296875,32.0546875
2013-10-28,89.4453125,82.1640625,77.7421875,87.546875,97.203125,83.125,62.9140625,59.515625,92.3359375,105.46875,85.515625,66.5546875,51.0390625,73.0,97.7109375,83.0078125,78.421875,78.0859375,67.96875,56.1328125,60.9140625,78.3828125,69.171875,49.8359375,36.421875,28.25,24.3671875,21.5625,17.9140625,15.421875
2013-10-29,82.1640625,77.7421875,87.546875,97.203125,83.125,62.9140625,59.515625,92.3359375,105.46875,85.515625,66.5546875,51.0390625,73.0,97.7109375,83.0078125,78.421875,78.0859375,67.96875,56.1328125,60.9140625,78.3828125,69.171875,49.8359375,36.421875,28.25,24.3671875,21.5625,17.9140625,15.421875,13.296875
2013-10-30,77.7421875,87.546875,97.203125,83.125,62.9140625,59.515625,92.3359375,105.46875,85.515625,66.5546875,51.0390625,73.0,97.7109375,83.0078125,78.421875,78.0859375,67.96875,56.1328125,60.9140625,78.3828125,69.171875,49.8359375,36.421875,28.25,24.3671875,21.5625,17.9140625,15.421875,13.296875,11.8125
2013-10-31,65.8359375,60.0703125,51.3203125,44.59375,39.484375,35.84375,43.9296875,97.1875,233.9921875,221.15625,140.3046875,90.2265625,100.09375,105.703125,98.7890625,83.9453125,58.9296875,43.34375,33.5234375,32.25,32.3203125,28.0234375,23.34375,19.078125,16.625,15.4296875,53.0859375,89.9765625,62.6484375,42.2109375
2013-11-01,60.0703125,51.3203125,44.59375,39.484375,35.84375,43.9296875,97.1875,233.9921875,221.15625,140.3046875,90.2265625,100.09375,105.703125,98.7890625,83.9453125,58.9296875,43.34375,33.5234375,32.25,32.3203125,28.0234375,23.34375,19.078125,16.625,15.4296875,53.0859375,89.9765625,62.6484375,42.2109375,31.390625
2013-11-02,51.3203125,44.59375,39.484375,35.84375,43.9296875,97.1875,233.9921875,221.15625,140.3046875,90.2265625,100.09375,105.703125,98.7890625,83.9453125,58.9296875,43.34375,33.5234375,32.25,32.3203125,28.0234375,23.34375,19.078125,16.625,15.4296875,53.0859375,89.9765625,62.6484375,42.2109375,31.390625,28.0390625
2013-11-03,44.59375,39.484375,35.84375,43.9296875,97.1875,233.9921875,221.15625,140.3046875,90.2265625,100.09375,105.703125,98.7890625,83.9453125,58.9296875,43.34375,33.5234375,32.25,32.3203125,28.0234375,23.34375,19.078125,16.625,15.4296875,53.0859375,89.9765625,62.6484375,42.2109375,31.390625,28.0390625,31.4765625
2013-11-04,43.0625,40.3515625,51.4140625,199.3828125,236.7109375,157.8125,106.6875,78.7109375,61.65625,56.515625,56.984375,51.9765625,49.8359375,48.3828125,43.1484375,43.625,42.796875,35.5625,30.0625,26.921875,26.3203125,24.90625,21.03125,19.9296875,22.953125,22.3359375,20.46875,23.03125,39.3359375,57.9921875
2013-11-05,40.3515625,51.4140625,199.3828125,236.7109375,157.8125,106.6875,78.7109375,61.65625,56.515625,56.984375,51.9765625,49.8359375,48.3828125,43.1484375,43.625,42.796875,35.5625,30.0625,26.921875,26.3203125,24.90625,21.03125,19.9296875,22.953125,22.3359375,20.46875,23.03125,39.3359375,57.9921875,84.734375
2013-11-06,51.4140625,199.3828125,236.7109375,157.8125,106.6875,78.7109375,61.65625,56.515625,56.984375,51.9765625,49.8359375,48.3828125,43.1484375,43.625,42.796875,35.5625,30.0625,26.921875,26.3203125,24.90625,21.03125,19.9296875,22.953125,22.3359375,20.46875,23.03125,39.3359375,57.9921875,84.734375,94.546875
2013-11-07,167.328125,182.2578125,135.5234375,91.3046875,67.46875,57.53125,53.40625,53.375,62.84375,66.328125,56.296875,43.9609375,36.8671875,34.6640625,31.921875,27.25,23.2421875,44.234375,80.21875,70.171875,50.625,40.3515625,34.0703125,27.59375,21.1953125,17.9375,110.8125,179.2734375,135.859375,98.0625
2013-11-08,182.2578125,135.5234375,91.3046875,67.46875,57.53125,53.40625,53.375,62.84375,66.328125,56.296875,43.9609375,36.8671875,34.6640625,31.921875,27.25,23.2421875,44.234375,80.21875,70.171875,50.625,40.3515625,34.0703125,27.59375,21.1953125,17.9375,110.8125,179.2734375,135.859375,98.0625,66.234375
2013-11-09,135.5234375,91.3046875,67.46875,57.53125,53.40625,53.375,62.84375,66.328125,56.296875,43.9609375,36.8671875,34.6640625,31.921875,27.25,23.2421875,44.234375,80.21875,70.171875,50.625,40.3515625,34.0703125,27.59375,21.1953125,17.9375,110.8125,179.2734375,135.859375,98.0625,66.234375,44.796875
2013-11-10,91.3046875,67.46875,57.53125,53.40625,53.375,62.84375,66.328125,56.296875,43.9609375,36.8671875,34.6640625,31.921875,27.25,23.2421875,44.234375,80.21875,70.171875,50.625,40.3515625,34.0703125,27.59375,21.1953125,17.9375,110.8125,179.2734375,135.859375,98.0625,66.234375,44.796875,31.9453125
2013-11-11,74.125,68.1796875,63.515625,67.375,82.6171875,79.140625,85.2265625,82.625,59.890625,47.0234375,38.8125,31.609375,27.3984375,27.6015625,35.8828125,50.0234375,74.3046875,113.5625,185.3359375,190.625,131.7421875,97.09375,86.5859375,74.5859375,58.7265625,43.1328125,32.375,25.0703125,20.1796875,16.6015625
2013-11-12,68.1796875,63.515625,67.375,82.6171875,79.140625,85.2265625,82.625,59.890625,47.0234375,38.8125,31.609375,27.3984375,27.6015625,35.8828125,50.0234375,74.3046875,113.5625,185.3359375,190.625,131.7421875,97.09375,86.5859375,74.5859375,58.7265625,43.1328125,32.375,25.0703125,20.1796875,16.6015625,14.140625
2013-11-13,63.515625,67.375,82.6171875,79.140625,85.2265625,82.625,59.890625,47.0234375,38.8125,31.609375,27.3984375,27.6015625,35.8828125,50.0234375,74.3046875,113.5625,185.3359375,190.625,131.7421875,97.09375,86.5859375,74.5859375,58.7265625,43.1328125,32.375,25.0703125,20.1796875,16.6015625,14.140625,13.0234375
2013-11-14,107.625,101.2265625,98.9375,151.1875,147.984375,100.6953125,73.765625,56.875,43.15625,39.9296875,45.0390625,43.5625,34.9921875,28.25,23.578125,20.2265625,17.46875,15.28125,13.453125,11.9375,11.4296875,10.8046875,9.765625,8.046875,6.9375,6.1875,8.859375,13.5625,13.8046875,12.2890625
2013-11-15,101.2265625,98.9375,151.1875,147.984375,100.6953125,73.765625,56.875,43.15625,39.9296875,45.0390625,43.5625,34.9921875,28.25,23.578125,20.2265625,17.46875,15.28125,13.453125,11.9375,11.4296875,10.8046875,9.765625,8.046875,6.9375,6.1875,8.859375,13.5625,13.8046875,12.2890625,11.5546875
2013-11-16,98.9375,151.1875,147.984375,100.6953125,73.765625,56.875,43.15625,39.9296875,45.0390625,43.5625,34.9921875,28.25,23.578125,20.2265625,17.46875,15.28125,13.453125,11.9375,11.4296875,10.8046875,9.765625,8.046875,6.9375,6.1875,8.859375,13.5625,13.8046875,12.2890625,11.5546875,11.703125
2013-11-17,151.1875,147.984375,100.6953125,73.765625,56.875,43.15625,39.9296875,45.0390625,43.5625,34.9921875,28.25,23.578125,20.2265625,17.46875,15.28125,13.453125,11.9375,11.4296875,10.8046875,9.765625,8.046875,6.9375,6.1875,8.859375,13.5625,13.8046875,12.2890625,11.5546875,11.703125,18.1640625
2013-11-18,73.7109375,55.875,48.1796875,51.6328125,50.4375,45.921875,46.2109375,84.03125,107.1796875,83.2421875,82.9375,109.8359375,144.03125,122.0078125,77.5234375,51.96875,37.3359375,28.2578125,45.6640625,74.4921875,61.0,43.1875,31.8125,24.140625,18.875,15.8828125,14.765625,14.0390625,13.3046875,16.6484375
2013-11-19,55.875,48.1796875,51.6328125,50.4375,45.921875,46.2109375,84.03125,107.1796875,83.2421875,82.9375,109.8359375,144.03125,122.0078125,77.5234375,51.96875,37.3359375,28.2578125,45.6640625,74.4921875,61.0,43.1875,31.8125,24.140625,18.875,15.8828125,14.765625,14.0390625,13.3046875,16.6484375,23.921875
2013-11-20,48.1796875,51.6328125,50.4375,45.921875,46.2109375,84.03125,107.1796875,83.2421875,82.9375,109.8359375,144.03125,122.0078125,77.5234375,51.96875,37.3359375,28.2578125,45.6640625,74.4921875,61.0,43.1875,31.8125,24.140625,18.875,15.8828125,14.765625,14.0390625,13.3046875,16.6484375,23.921875,25.5546875
2013-11-21,41.1875,36.9296875,36.8671875,38.6015625,38.5703125,33.984375,28.0859375,23.5625,22.5234375,19.765625,17.3125,21.7578125,32.1796875,40.828125,73.71875,86.125,59.2421875,39.4765625,27.8359375,20.5625,16.015625,12.9921875,10.8046875,9.4921875,8.2109375,7.09375,6.375,5.796875,5.390625,4.8203125
2013-11-22,36.9296875,36.8671875,38.6015625,38.5703125,33.984375,28.0859375,23.5625,22.5234375,19.765625,17.3125,21.7578125,32.1796875,40.828125,73.71875,86.125,59.2421875,39.4765625,27.8359375,20.5625,16.015625,12.9921875,10.8046875,9.4921875,8.2109375,7.09375,6.375,5.796875,5.390625,4.8203125,4.6796875
2013-11-23,36.8671875,38.6015625,38.5703125,33.984375,28.0859375,23.5625,22.5234375,19.765625,17.3125,21.7578125,32.1796875,40.828125,73.71875,86.125,59.2421875,39.4765625,27.8359375,20.5625,16.015625,12.9921875,10.8046875,9.4921875,8.2109375,7.09375,6.375,5.796875,5.390625,4.8203125,4.6796875,4.71875
2013-11-24,38.6015625,38.5703125,33.984375,28.0859375,23.5625,22.5234375,19.765625,17.3125,21.7578125,32.1796875,40.828125,73.71875,86.125,59.2421875,39.4765625,27.8359375,20.5625,16.015625,12.9921875,10.8046875,9.4921875,8.2109375,7.09375,6.375,5.796875,5.390625,4.8203125,4.6796875,4.71875,4.8359375
2013-11-25,43.84375,58.640625,56.21875,47.78125,38.1953125,30.390625,24.375,20.1875,17.5390625,15.53125,14.265625,13.6484375,12.3671875,10.9296875,9.9453125,9.359375,8.734375,7.3046875,7.390625,8.28125,7.5703125,6.703125,5.84375,5.1796875,4.6796875,4.734375,4.953125,5.078125,5.4921875,7.265625
2013-11-26,58.640625,56.21875,47.78125,38.1953125,30.390625,24.375,20.1875,17.5390625,15.53125,14.265625,13.6484375,12.3671875,10.9296875,9.9453125,9.359375,8.734375,7.3046875,7.390625,8.28125,7.5703125,6.703125,5.84375,5.1796875,4.6796875,4.734375,4.953125,5.078125,5.4921875,7.265625,13.5546875
2013-11-27,56.21875,47.78125,38.1953125,30.390625,24.375,20.1875,17.5390625,15.53125,14.265625,13.6484375,12.3671875,10.9296875,9.9453125,9.359375,8.734375,7.3046875,7.390625,8.28125,7.5703125,6.703125,5.84375,5.1796875,4.6796875,4.734375,4.953125,5.078125,5.4921875,7.265625,13.5546875,17.7421875
2013-11-28,80.3671875,70.4609375,50.796875,37.03125,29.0078125,23.5234375,19.8125,17.125,15.0625,13.359375,12.03125,11.046875,10.03125,8.96875,7.8203125,6.9609375,6.484375,8.359375,10.03125,10.84375,11.328125,12.1640625,12.8671875,24.9375,54.671875,116.3828125,137.9609375,102.765625,76.2109375,59.0
2013-11-29,70.4609375,50.796875,37.03125,29.0078125,23.5234375,19.8125,17.125,15.0625,13.359375,12.03125,11.046875,10.03125,8.96875,7.8203125,6.9609375,6.484375,8.359375,10.03125,10.84375,11.328125,12.1640625,12.8671875,24.9375,54.671875,116.3828125,137.9609375,102.765625,76.2109375,59.0,47.703125
2013-11-30,50.796875,37.03125,29.0078125,23.5234375,19.8125,17.125,15.0625,13.359375,12.03125,11.046875,10.03125,8.96875,7.8203125,6.9609375,6.484375,8.359375,10.03125,10.84375,11.328125,12.1640625,12.8671875,24.9375,54.671875,116.3828125,137.9609375,102.765625,76.2109375,59.0,47.703125,39.421875
2013-12-01,37.03125,29.0078125,23.5234375,19.8125,17.125,15.0625,13.359375,12.03125,11.046875,10.03125,8.96875,7.8203125,6.9609375,6.484375,8.359375,10.03125,10.84375,11.328125,12.1640625,12.8671875,24.9375,54.671875,116.3828125,137.9609375,102.765625,76.2109375,59.0,47.703125,39.421875,33.7265625
2013-12-02,36.46875,29.0703125,23.75,20.015625,17.34375,15.40625,14.046875,12.5390625,11.5,10.484375,9.53125,8.84375,9.3125,128.609375,349.5234375,263.7265625,159.3359375,116.234375,82.625,53.9453125,37.53125,27.8359375,21.8359375,17.5546875,14.5859375,12.6015625,10.75,9.515625,8.4921875,7.6953125
2013-12-03,29.0703125,23.75,20.015625,17.34375,15.40625,14.046875,12.5390625,11.5,10.484375,9.53125,8.84375,9.3125,128.609375,349.5234375,263.7265625,159.3359375,116.234375,82.625,53.9453125,37.53125,27.8359375,21.8359375,17.5546875,14.5859375,12.6015625,10.75,9.515625,8.4921875,7.6953125,7.34375
2013-12-04,23.75,20.015625,17.34375,15.40625,14.046875,12.5390625,11.5,10.484375,9.53125,8.84375,9.3125,128.609375,349.5234375,263.7265625,159.3359375,116.234375,82.625,53.9453125,37.53125,27.8359375,21.8359375,17.5546875,14.5859375,12.6015625,10.75,9.515625,8.4921875,7.6953125,7.34375,6.859375
2013-12-05,20.5390625,17.8828125,15.890625,14.484375,13.0703125,11.9609375,13.0078125,17.2890625,23.46875,26.1796875,22.5234375,18.5703125,16.40625,14.6796875,13.25,13.3203125,16.4921875,27.9140625,44.6953125,43.7578125,38.7421875,37.7265625,36.1328125,30.15625,22.15625,16.3828125,12.78125,10.2890625,8.4453125,7.3203125
2013-12-06,17.8828125,15.890625,14.484375,13.0703125,11.9609375,13.0078125,17.2890625,23.46875,26.1796875,22.5234375,18.5703125,16.40625,14.6796875,13.25,13.3203125,16.4921875,27.9140625,44.6953125,43.7578125,38.7421875,37.7265625,36.1328125,30.15625,22.15625,16.3828125,12.78125,10.2890625,8.4453125,7.3203125,6.671875
2013-12-07,15.890625,14.484375,13.0703125,11.9609375,13.0078125,17.2890625,23.46875,26.1796875,22.5234375,18.5703125,16.40625,14.6796875,13.25,13.3203125,16.4921875,27.9140625,44.6953125,43.7578125,38.7421875,37.7265625,36.1328125,30.15625,22.15625,16.3828125,12.78125,10.2890625,8.4453125,7.3203125,6.671875,6.0390625
2013-12-08,14.484375,13.0703125,11.9609375,13.0078125,17.2890625,23.46875,26.1796875,22.5234375,18.5703125,16.40625,14.6796875,13.25,13.3203125,16.4921875,27.9140625,44.6953125,43.7578125,38.7421875,37.7265625,36.1328125,30.15625,22.15625,16.3828125,12.78125,10.2890625,8.4453125,7.3203125,6.671875,6.0390625,5.4296875
2013-12-09,14.15625,12.8515625,11.8203125,11.078125,10.2265625,9.390625,13.0859375,39.734375,64.71875,52.8046875,36.140625,25.3359375,18.7890625,14.7109375,11.7265625,9.8046875,9.828125,12.859375,14.515625,14.625,13.09375,10.9140625,8.8359375,7.6484375,6.9765625,6.359375,6.03125,5.84375,5.234375,4.3125
2013-12-10,12.8515625,11.8203125,11.078125,10.2265625,9.390625,13.0859375,39.734375,64.71875,52.8046875,36.140625,25.3359375,18.7890625,14.7109375,11.7265625,9.8046875,9.828125,12.859375,14.515625,14.625,13.09375,10.9140625,8.8359375,7.6484375,6.9765625,6.359375,6.03125,5.84375,5.234375,4.3125,3.671875
2013-12-11,11.8203125,11.078125,10.2265625,9.390625,13.0859375,39.734375,64.71875,52.8046875,36.140625,25.3359375,18.7890625,14.7109375,11.7265625,9.8046875,9.828125,12.859375,14.515625,14.625,13.09375,10.9140625,8.8359375,7.6484375,6.9765625,6.359375,6.03125,5.84375,5.234375,4.3125,3.671875,3.484375
2013-12-12,14.40625,13.734375,12.5234375,17.0390625,44.296875,80.15625,75.296875,50.25,33.375,23.5625,17.515625,14.53125,12.3671875,14.75,21.1875,20.03125,17.484375,16.859375,14.625,12.234375,9.7421875,7.9375,6.875,6.171875,5.796875,5.203125,5.0625,5.15625,4.9453125,4.53125
2013-12-13,13.734375,12.5234375,17.0390625,44.296875,80.15625,75.296875,50.25,33.375,23.5625,17.515625,14.53125,12.3671875,14.75,21.1875,20.03125,17.484375,16.859375,14.625,12.234375,9.7421875,7.9375,6.875,6.171875,5.796875,5.203125,5.0625,5.15625,4.9453125,4.53125,4.1484375
2013-12-14,12.5234375,17.0390625,44.296875,80.15625,75.296875,50.25,33.375,23.5625,17.515625,14.53125,12.3671875,14.75,21.1875,20.03125,17.484375,16.859375,14.625,12.234375,9.7421875,7.9375,6.875,6.171875,5.796875,5.203125,5.0625,5.15625,4.9453125,4.53125,4.1484375,3.875
2013-12-15,17.0390625,44.296875,80.15625,75.296875,50.25,33.375,23.5625,17.515625,14.53125,12.3671875,14.75,21.1875,20.03125,17.484375,16.859375,14.625,12.234375,9.7421875,7.9375,6.875,6.171875,5.796875,5.203125,5.0625,5.15625,4.9453125,4.53125,4.1484375,3.875,3.265625
2013-12-16,39.8203125,95.671875,144.703125,106.5390625,64.1796875,40.3828125,27.8359375,20.375,15.671875,12.671875,10.3046875,8.75,7.953125,7.484375,6.5625,5.921875,5.390625,5.1015625,4.359375,5.4140625,6.890625,8.5078125,9.25,10.8515625,15.5859375,22.2109375,19.8828125,15.953125,13.609375,11.125
2013-12-17,95.671875,144.703125,106.5390625,64.1796875,40.3828125,27.8359375,20.375,15.671875,12.671875,10.3046875,8.75,7.953125,7.484375,6.5625,5.921875,5.390625,5.1015625,4.359375,5.4140625,6.890625,8.5078125,9.25,10.8515625,15.5859375,22.2109375,19.8828125,15.953125,13.609375,11.125,8.484375
2013-12-18,144.703125,106.5390625,64.1796875,40.3828125,27.8359375,20.375,15.671875,12.671875,10.3046875,8.75,7.953125,7.484375,6.5625,5.921875,5.390625,5.1015625,4.359375,5.4140625,6.890625,8.5078125,9.25,10.8515625,15.5859375,22.2109375,19.8828125,15.953125,13.609375,11.125,8.484375,7.046875
2013-12-19,80.2421875,50.9296875,34.7734375,24.96875,18.6953125,14.734375,11.9453125,9.796875,8.53125,7.796875,7.0625,6.1953125,5.7578125,5.3125,4.8984375,4.328125,3.9609375,40.5625,91.0625,66.875,43.390625,28.875,21.171875,15.375,12.421875,9.59375,7.765625,6.828125,6.0,5.53125
2013-12-20,50.9296875,34.7734375,24.96875,18.6953125,14.734375,11.9453125,9.796875,8.53125,7.796875,7.0625,6.1953125,5.7578125,5.3125,4.8984375,4.328125,3.9609375,40.5625,91.0625,66.875,43.390625,28.875,21.171875,15.375,12.421875,9.59375,7.765625,6.828125,6.0,5.53125,4.703125
2013-12-21,34.7734375,24.96875,18.6953125,14.734375,11.9453125,9.796875,8.53125,7.796875,7.0625,6.1953125,5.7578125,5.3125,4.8984375,4.328125,3.9609375,40.5625,91.0625,66.875,43.390625,28.875,21.171875,15.375,12.421875,9.59375,7.765625,6.828125,6.0,5.53125,4.703125,4.59375
2013-12-22,24.96875,18.6953125,14.734375,11.9453125,9.796875,8.53125,7.796875,7.0625,6.1953125,5.7578125,5.3125,4.8984375,4.328125,3.9609375,40.5625,91.0625,66.875,43.390625,28.875,21.171875,15.375,12.421875,9.59375,7.765625,6.828125,6.0,5.53125,4.703125,4.59375,4.796875
2013-12-23,19.1875,15.171875,12.4765625,10.359375,8.8203125,7.796875,6.8046875,5.953125,5.4453125,5.0,4.6484375,4.453125,4.5546875,4.375,4.40625,4.9765625,8.40625,12.234375,13.515625,13.40625,11.15625,8.78125,7.28125,8.078125,12.171875,11.796875,9.765625,8.59375,27.875,70.015625
2013-12-24,15.171875,12.4765625,10.359375,8.8203125,7.796875,6.8046875,5.953125,5.4453125,5.0,4.6484375,4.453125,4.5546875,4.375,4.40625,4.9765625,8.40625,12.234375,13.515625,13.40625,11.15625,8.78125,7.28125,8.078125,12.171875,11.796875,9.765625,8.59375,27.875,70.015625,64.109375
2013-12-25,12.4765625,10.359375,8.8203125,7.796875,6.8046875,5.953125,5.4453125,5.0,4.6484375,4.453125,4.5546875,4.375,4.40625,4.9765625,8.40625,12.234375,13.515625,13.40625,11.15625,8.78125,7.28125,8.078125,12.171875,11.796875,9.765625,8.59375,27.875,70.015625,64.109375,42.21875
2013-12-26,10.6640625,9.2890625,7.9921875,7.0,6.2265625,5.6171875,5.1484375,4.9375,4.6484375,4.421875,3.9921875,3.625,3.6484375,3.796875,3.890625,3.34375,3.46875,3.296875,2.984375,2.890625,2.84375,2.796875,2.75,3.15625,8.765625,19.53125,18.84375,14.609375,11.21875,9.046875
2013-12-27,9.2890625,7.9921875,7.0,6.2265625,5.6171875,5.1484375,4.9375,4.6484375,4.421875,3.9921875,3.625,3.6484375,3.796875,3.890625,3.34375,3.46875,3.296875,2.984375,2.890625,2.84375,2.796875,2.75,3.15625,8.765625,19.53125,18.84375,14.609375,11.21875,9.046875,7.375
2013-12-28,7.9921875,7.0,6.2265625,5.6171875,5.1484375,4.9375,4.6484375,4.421875,3.9921875,3.625,3.6484375,3.796875,3.890625,3.34375,3.46875,3.296875,2.984375,2.890625,2.84375,2.796875,2.75,3.15625,8.765625,19.53125,18.84375,14.609375,11.21875,9.046875,7.375,6.1875
2013-12-29,7.0,6.2265625,5.6171875,5.1484375,4.9375,4.6484375,4.421875,3.9921875,3.625,3.6484375,3.796875,3.890625,3.34375,3.46875,3.296875,2.984375,2.890625,2.84375,2.796875,2.75,3.15625,8.765625,19.53125,18.84375,14.609375,11.21875,9.046875,7.375,6.1875,5.5
2013-12-30,6.140625,5.8203125,5.203125,4.7578125,4.578125,4.375,4.296875,4.34375,4.3046875,4.296875,4.1875,3.875,3.5625,3.625,3.890625,4.765625,4.828125,4.75,4.59375,4.515625,4.125,3.65625,4.90625,8.09375,9.6875,9.9375,10.671875,11.546875,11.796875,10.703125
2013-12-31,5.8203125,5.203125,4.7578125,4.578125,4.375,4.296875,4.34375,4.3046875,4.296875,4.1875,3.875,3.5625,3.625,3.890625,4.765625,4.828125,4.75,4.59375,4.515625,4.125,3.65625,4.90625,8.09375,9.6875,9.9375,10.671875,11.546875,11.796875,10.703125,9.796875
2014-01-01,5.203125,4.7578125,4.578125,4.375,4.296875,4.34375,4.3046875,4.296875,4.1875,3.875,3.5625,3.625,3.890625,4.765625,4.828125,4.75,4.59375,4.515625,4.125,3.65625,4.90625,8.09375,9.6875,9.9375,10.671875,11.546875,11.796875,10.703125,9.796875,9.015625
2014-01-02,4.7578125,4.578125,4.375,4.296875,4.34375,4.3046875,4.296875,4.1875,3.875,3.5625,3.625,3.890625,4.765625,4.828125,4.75,4.59375,4.515625,4.125,3.65625,4.90625,8.09375,9.6875,9.9375,10.671875,11.546875,11.796875,10.703125,9.796875,9.015625,7.921875
2014-01-03,5.328125,4.734375,4.1796875,3.90625,3.7890625,3.8359375,3.953125,3.6875,3.609375,3.53125,3.28125,3.296875,3.359375,3.421875,3.21875,3.4375,3.3125,3.234375,3.5,4.046875,4.578125,4.296875,4.0625,3.875,3.65625,3.671875,3.625,3.5625,4.71875,7.75
2014-01-04,4.734375,4.1796875,3.90625,3.7890625,3.8359375,3.953125,3.6875,3.609375,3.53125,3.28125,3.296875,3.359375,3.421875,3.21875,3.4375,3.3125,3.234375,3.5,4.046875,4.578125,4.296875,4.0625,3.875,3.65625,3.671875,3.625,3.5625,4.71875,7.75,10.296875
2014-01-05,4.1796875,3.90625,3.7890625,3.8359375,3.953125,3.6875,3.609375,3.53125,3.28125,3.296875,3.359375,3.421875,3.21875,3.4375,3.3125,3.234375,3.5,4.046875,4.578125,4.296875,4.0625,3.875,3.65625,3.671875,3.625,3.5625,4.71875,7.75,10.296875,12.21875
2014-01-06,3.90625,3.7890625,3.8359375,3.953125,3.6875,3.609375,3.53125,3.28125,3.296875,3.359375,3.421875,3.21875,3.4375,3.3125,3.234375,3.5,4.046875,4.578125,4.296875,4.0625,3.875,3.65625,3.671875,3.625,3.5625,4.71875,7.75,10.296875,12.21875,15.28125
2014-01-07,9.2109375,9.453125,8.21875,6.890625,5.953125,5.390625,4.78125,4.28125,4.109375,3.765625,3.53125,3.46875,3.53125,3.578125,3.671875,3.296875,3.5,3.546875,3.234375,4.28125,8.59375,12.53125,13.71875,12.09375,10.609375,9.203125,7.703125,6.21875,5.3125,5.078125
2014-01-08,9.453125,8.21875,6.890625,5.953125,5.390625,4.78125,4.28125,4.109375,3.765625,3.53125,3.46875,3.53125,3.578125,3.671875,3.296875,3.5,3.546875,3.234375,4.28125,8.59375,12.53125,13.71875,12.09375,10.609375,9.203125,7.703125,6.21875,5.3125,5.078125,13.0625
2014-01-09,8.21875,6.890625,5.953125,5.390625,4.78125,4.28125,4.109375,3.765625,3.53125,3.46875,3.53125,3.578125,3.671875,3.296875,3.5,3.546875,3.234375,4.28125,8.59375,12.53125,13.71875,12.09375,10.609375,9.203125,7.703125,6.21875,5.3125,5.078125,13.0625,32.625
2014-01-10,7.359375,6.609375,5.828125,5.09375,4.53125,4.234375,3.984375,3.6875,3.609375,3.59375,3.515625,3.25,3.203125,3.453125,4.078125,3.90625,3.5625,3.21875,3.171875,3.015625,2.8125,2.859375,3.71875,4.828125,5.984375,8.828125,17.234375,20.46875,17.1875,13.53125
2014-01-11,6.609375,5.828125,5.09375,4.53125,4.234375,3.984375,3.6875,3.609375,3.59375,3.515625,3.25,3.203125,3.453125,4.078125,3.90625,3.5625,3.21875,3.171875,3.015625,2.8125,2.859375,3.71875,4.828125,5.984375,8.828125,17.234375,20.46875,17.1875,13.53125,10.796875
2014-01-12,5.828125,5.09375,4.53125,4.234375,3.984375,3.6875,3.609375,3.59375,3.515625,3.25,3.203125,3.453125,4.078125,3.90625,3.5625,3.21875,3.171875,3.015625,2.8125,2.859375,3.71875,4.828125,5.984375,8.828125,17.234375,20.46875,17.1875,13.53125,10.796875,8.828125
2014-01-13,5.09375,4.53125,4.234375,3.984375,3.6875,3.609375,3.59375,3.515625,3.25,3.203125,3.453125,4.078125,3.90625,3.5625,3.21875,3.171875,3.015625,2.8125,2.859375,3.71875,4.828125,5.984375,8.828125,17.234375,20.46875,17.1875,13.53125,10.796875,8.828125,8.1875
2014-01-14,5.203125,4.96875,4.59375,4.0625,3.53125,3.46875,3.3125,3.203125,3.15625,3.265625,3.359375,3.375,3.5,3.875,4.125,4.0625,3.9375,3.9375,4.3125,4.984375,6.671875,8.046875,8.203125,7.90625,6.234375,5.328125,4.796875,4.296875,3.65625,3.515625
2014-01-15,4.96875,4.59375,4.0625,3.53125,3.46875,3.3125,3.203125,3.15625,3.265625,3.359375,3.375,3.5,3.875,4.125,4.0625,3.9375,3.9375,4.3125,4.984375,6.671875,8.046875,8.203125,7.90625,6.234375,5.328125,4.796875,4.296875,3.65625,3.515625,3.296875
2014-01-16,4.59375,4.0625,3.53125,3.46875,3.3125,3.203125,3.15625,3.265625,3.359375,3.375,3.5,3.875,4.125,4.0625,3.9375,3.9375,4.3125,4.984375,6.671875,8.046875,8.203125,7.90625,6.234375,5.328125,4.796875,4.296875,3.65625,3.515625,3.296875,3.15625
2014-01-17,3.734375,3.40625,3.203125,3.125,3.0625,3.03125,3.21875,3.453125,3.34375,3.515625,3.640625,3.8125,3.765625,3.6875,3.75,3.953125,3.984375,4.015625,3.921875,3.921875,3.828125,3.640625,3.46875,3.34375,3.296875,3.296875,3.25,3.140625,3.078125,4.078125
2014-01-18,3.40625,3.203125,3.125,3.0625,3.03125,3.21875,3.453125,3.34375,3.515625,3.640625,3.8125,3.765625,3.6875,3.75,3.953125,3.984375,4.015625,3.921875,3.921875,3.828125,3.640625,3.46875,3.34375,3.296875,3.296875,3.25,3.140625,3.078125,4.078125,5.578125
2014-01-19,3.203125,3.125,3.0625,3.03125,3.21875,3.453125,3.34375,3.515625,3.640625,3.8125,3.765625,3.6875,3.75,3.953125,3.984375,4.015625,3.921875,3.921875,3.828125,3.640625,3.46875,3.34375,3.296875,3.296875,3.25,3.140625,3.078125,4.078125,5.578125,6.4375
2014-01-20,3.125,3.0625,3.03125,3.21875,3.453125,3.34375,3.515625,3.640625,3.8125,3.765625,3.6875,3.75,3.953125,3.984375,4.015625,3.921875,3.921875,3.828125,3.640625,3.46875,3.34375,3.296875,3.296875,3.25,3.140625,3.078125,4.078125,5.578125,6.4375,6.78125
2014-01-21,2.953125,2.890625,2.921875,3.0,3.078125,3.015625,2.921875,2.96875,3.0625,3.375,3.5,3.5625,4.5,6.703125,9.484375,10.21875,9.3125,8.15625,7.1875,6.296875,5.546875,4.96875,4.609375,4.34375,4.0,4.46875,4.578125,4.53125,4.59375,5.21875
2014-01-22,2.890625,2.921875,3.0,3.078125,3.015625,2.921875,2.96875,3.0625,3.375,3.5,3.5625,4.5,6.703125,9.484375,10.21875,9.3125,8.15625,7.1875,6.296875,5.546875,4.96875,4.609375,4.34375,4.0,4.46875,4.578125,4.53125,4.59375,5.21875,6.0
2014-01-23,2.921875,3.0,3.078125,3.015625,2.921875,2.96875,3.0625,3.375,3.5,3.5625,4.5,6.703125,9.484375,10.21875,9.3125,8.15625,7.1875,6.296875,5.546875,4.96875,4.609375,4.34375,4.0,4.46875,4.578125,4.53125,4.59375,5.21875,6.0,7.65625
2014-01-24,3.046875,3.09375,3.171875,3.125,3.078125,2.921875,2.765625,2.984375,3.09375,3.078125,3.21875,3.390625,4.1875,5.09375,5.703125,5.53125,5.109375,5.421875,6.921875,7.09375,6.453125,5.796875,6.046875,10.28125,15.703125,15.546875,12.859375,10.65625,11.609375,18.390625
2014-01-25,3.09375,3.171875,3.125,3.078125,2.921875,2.765625,2.984375,3.09375,3.078125,3.21875,3.390625,4.1875,5.09375,5.703125,5.53125,5.109375,5.421875,6.921875,7.09375,6.453125,5.796875,6.046875,10.28125,15.703125,15.546875,12.859375,10.65625,11.609375,18.390625,22.046875
2014-01-26,3.171875,3.125,3.078125,2.921875,2.765625,2.984375,3.09375,3.078125,3.21875,3.390625,4.1875,5.09375,5.703125,5.53125,5.109375,5.421875,6.921875,7.09375,6.453125,5.796875,6.046875,10.28125,15.703125,15.546875,12.859375,10.65625,11.609375,18.390625,22.046875,23.078125
2014-01-27,3.125,3.078125,2.921875,2.765625,2.984375,3.09375,3.078125,3.21875,3.390625,4.1875,5.09375,5.703125,5.53125,5.109375,5.421875,6.921875,7.09375,6.453125,5.796875,6.046875,10.28125,15.703125,15.546875,12.859375,10.65625,11.609375,18.390625,22.046875,23.078125,25.640625
2014-01-28,3.125,3.0625,2.859375,2.84375,2.84375,2.734375,2.78125,2.796875,2.78125,2.796875,3.0625,3.15625,3.03125,2.875,3.015625,4.609375,10.71875,14.984375,15.4375,14.046875,10.890625,8.09375,6.4375,5.828125,5.296875,4.65625,4.171875,4.046875,4.96875,5.21875
2014-01-29,3.0625,2.859375,2.84375,2.84375,2.734375,2.78125,2.796875,2.78125,2.796875,3.0625,3.15625,3.03125,2.875,3.015625,4.609375,10.71875,14.984375,15.4375,14.046875,10.890625,8.09375,6.4375,5.828125,5.296875,4.65625,4.171875,4.046875,4.96875,5.21875,5.0
2014-01-30,2.859375,2.84375,2.84375,2.734375,2.78125,2.796875,2.78125,2.796875,3.0625,3.15625,3.03125,2.875,3.015625,4.609375,10.71875,14.984375,15.4375,14.046875,10.890625,8.09375,6.4375,5.828125,5.296875,4.65625,4.171875,4.046875,4.96875,5.21875,5.0,4.71875
2014-01-31,3.265625,3.140625,3.203125,3.0625,3.15625,4.09375,5.359375,7.03125,7.359375,6.90625,6.046875,6.296875,8.21875,8.390625,8.5625,9.421875,8.890625,7.6875,6.671875,6.125,5.40625,4.703125,5.0,6.390625,7.75,8.65625,8.71875,8.328125,7.75,7.234375
2014-02-01,3.140625,3.203125,3.0625,3.15625,4.09375,5.359375,7.03125,7.359375,6.90625,6.046875,6.296875,8.21875,8.390625,8.5625,9.421875,8.890625,7.6875,6.671875,6.125,5.40625,4.703125,5.0,6.390625,7.75,8.65625,8.71875,8.328125,7.75,7.234375,8.84375
2014-02-02,3.203125,3.0625,3.15625,4.09375,5.359375,7.03125,7.359375,6.90625,6.046875,6.296875,8.21875,8.390625,8.5625,9.421875,8.890625,7.6875,6.671875,6.125,5.40625,4.703125,5.0,6.390625,7.75,8.65625,8.71875,8.328125,7.75,7.234375,8.84375,10.65625
2014-02-03,3.0625,3.15625,4.09375,5.359375,7.03125,7.359375,6.90625,6.046875,6.296875,8.21875,8.390625,8.5625,9.421875,8.890625,7.6875,6.671875,6.125,5.40625,4.703125,5.0,6.390625,7.75,8.65625,8.71875,8.328125,7.75,7.234375,8.84375,10.65625,11.15625
2014-02-04,3.25,3.109375,3.1875,3.515625,3.390625,3.1875,3.046875,3.25,3.046875,3.03125,2.984375,2.875,2.84375,2.90625,2.765625,2.765625,2.78125,2.6875,2.984375,4.15625,5.203125,5.546875,6.234375,6.671875,6.890625,6.59375,5.78125,4.8125,4.5625,4.84375
2014-02-05,3.109375,3.1875,3.515625,3.390625,3.1875,3.046875,3.25,3.046875,3.03125,2.984375,2.875,2.84375,2.90625,2.765625,2.765625,2.78125,2.6875,2.984375,4.15625,5.203125,5.546875,6.234375,6.671875,6.890625,6.59375,5.78125,4.8125,4.5625,4.84375,4.90625
2014-02-06,3.1875,3.515625,3.390625,3.1875,3.046875,3.25,3.046875,3.03125,2.984375,2.875,2.84375,2.90625,2.765625,2.765625,2.78125,2.6875,2.984375,4.15625,5.203125,5.546875,6.234375,6.671875,6.890625,6.59375,5.78125,4.8125,4.5625,4.84375,4.90625,4.53125
2014-02-07,5.296875,5.265625,4.875,4.40625,5.015625,9.890625,18.84375,18.40625,15.390625,12.515625,10.21875,8.140625,6.90625,5.84375,5.484375,5.9375,7.28125,7.734375,7.4375,7.171875,7.15625,7.296875,7.25,7.9375,13.21875,20.8125,19.4375,15.25,13.6875,16.21875
2014-02-08,5.265625,4.875,4.40625,5.015625,9.890625,18.84375,18.40625,15.390625,12.515625,10.21875,8.140625,6.90625,5.84375,5.484375,5.9375,7.28125,7.734375,7.4375,7.171875,7.15625,7.296875,7.25,7.9375,13.21875,20.8125,19.4375,15.25,13.6875,16.21875,16.625
2014-02-09,4.875,4.40625,5.015625,9.890625,18.84375,18.40625,15.390625,12.515625,10.21875,8.140625,6.90625,5.84375,5.484375,5.9375,7.28125,7.734375,7.4375,7.171875,7.15625,7.296875,7.25,7.9375,13.21875,20.8125,19.4375,15.25,13.6875,16.21875,16.625,14.78125
2014-02-10,4.40625,5.015625,9.890625,18.84375,18.40625,15.390625,12.515625,10.21875,8.140625,6.90625,5.84375,5.484375,5.9375,7.28125,7.734375,7.4375,7.171875,7.15625,7.296875,7.25,7.9375,13.21875,20.8125,19.4375,15.25,13.6875,16.21875,16.625,14.78125,13.0625
2014-02-11,4.015625,4.40625,4.828125,6.578125,9.0,8.953125,8.15625,8.1875,9.140625,17.703125,26.671875,24.09375,18.015625,14.4375,14.25,15.21875,13.40625,12.8125,14.90625,15.9375,14.9375,13.78125,14.71875,15.0625,13.8125,12.0625,13.0625,17.25,15.9375,12.5
2014-02-12,4.40625,4.828125,6.578125,9.0,8.953125,8.15625,8.1875,9.140625,17.703125,26.671875,24.09375,18.015625,14.4375,14.25,15.21875,13.40625,12.8125,14.90625,15.9375,14.9375,13.78125,14.71875,15.0625,13.8125,12.0625,13.0625,17.25,15.9375,12.5,9.6875
2014-02-13,4.828125,6.578125,9.0,8.953125,8.15625,8.1875,9.140625,17.703125,26.671875,24.09375,18.015625,14.4375,14.25,15.21875,13.40625,12.8125,14.90625,15.9375,14.9375,13.78125,14.71875,15.0625,13.8125,12.0625,13.0625,17.25,15.9375,12.5,9.6875,8.71875
2014-02-14,7.078125,8.859375,8.4375,7.53125,7.109375,6.34375,6.625,9.71875,15.3125,21.125,20.265625,16.0625,13.09375,10.9375,9.3125,7.3125,6.46875,6.59375,6.03125,5.40625,5.25,5.21875,4.65625,4.03125,3.96875,4.0625,4.0,4.25,4.53125,5.21875
2014-02-15,8.859375,8.4375,7.53125,7.109375,6.34375,6.625,9.71875,15.3125,21.125,20.265625,16.0625,13.09375,10.9375,9.3125,7.3125,6.46875,6.59375,6.03125,5.40625,5.25,5.21875,4.65625,4.03125,3.96875,4.0625,4.0,4.25,4.53125,5.21875,5.8125
2014-02-16,8.4375,7.53125,7.109375,6.34375,6.625,9.71875,15.3125,21.125,20.265625,16.0625,13.09375,10.9375,9.3125,7.3125,6.46875,6.59375,6.03125,5.40625,5.25,5.21875,4.65625,4.03125,3.96875,4.0625,4.0,4.25,4.53125,5.21875,5.8125,5.59375
2014-02-17,7.53125,7.109375,6.34375,6.625,9.71875,15.3125,21.125,20.265625,16.0625,13.09375,10.9375,9.3125,7.3125,6.46875,6.59375,6.03125,5.40625,5.25,5.21875,4.65625,4.03125,3.96875,4.0625,4.0,4.25,4.53125,5.21875,5.8125,5.59375,5.75
2014-02-18,5.53125,5.53125,6.59375,6.859375,6.40625,6.234375,7.140625,8.09375,8.328125,8.0625,7.625,7.1875,7.34375,8.15625,13.84375,20.21875,24.28125,31.71875,28.84375,25.75,26.28125,22.09375,16.125,12.375,9.59375,7.5625,6.40625,5.71875,5.71875,16.34375
2014-02-19,5.53125,6.59375,6.859375,6.40625,6.234375,7.140625,8.09375,8.328125,8.0625,7.625,7.1875,7.34375,8.15625,13.84375,20.21875,24.28125,31.71875,28.84375,25.75,26.28125,22.09375,16.125,12.375,9.59375,7.5625,6.40625,5.71875,5.71875,16.34375,43.4375
2014-02-20,6.59375,6.859375,6.40625,6.234375,7.140625,8.09375,8.328125,8.0625,7.625,7.1875,7.34375,8.15625,13.84375,20.21875,24.28125,31.71875,28.84375,25.75,26.28125,22.09375,16.125,12.375,9.59375,7.5625,6.40625,5.71875,5.71875,16.34375,43.4375,63.0
2014-02-21,6.625,6.984375,6.640625,6.328125,5.71875,6.0,7.09375,7.90625,8.1875,7.9375,7.40625,6.28125,5.46875,5.09375,4.6875,4.0,3.6875,3.40625,3.21875,3.21875,3.5625,5.28125,9.875,21.90625,35.75,30.40625,26.46875,21.75,16.78125,14.71875
2014-02-22,6.984375,6.640625,6.328125,5.71875,6.0,7.09375,7.90625,8.1875,7.9375,7.40625,6.28125,5.46875,5.09375,4.6875,4.0,3.6875,3.40625,3.21875,3.21875,3.5625,5.28125,9.875,21.90625,35.75,30.40625,26.46875,21.75,16.78125,14.71875,15.90625
2014-02-23,6.640625,6.328125,5.71875,6.0,7.09375,7.90625,8.1875,7.9375,7.40625,6.28125,5.46875,5.09375,4.6875,4.0,3.6875,3.40625,3.21875,3.21875,3.5625,5.28125,9.875,21.90625,35.75,30.40625,26.46875,21.75,16.78125,14.71875,15.90625,19.125
2014-02-24,6.328125,5.71875,6.0,7.09375,7.90625,8.1875,7.9375,7.40625,6.28125,5.46875,5.09375,4.6875,4.0,3.6875,3.40625,3.21875,3.21875,3.5625,5.28125,9.875,21.90625,35.75,30.40625,26.46875,21.75,16.78125,14.71875,15.90625,19.125,21.875
2014-02-25,10.34375,9.453125,8.3125,7.09375,6.5,7.46875,9.875,11.3125,12.28125,11.78125,9.65625,7.8125,7.03125,6.28125,5.78125,5.15625,4.46875,3.90625,4.1875,7.90625,16.375,23.0,20.59375,15.96875,12.28125,9.375,7.6875,7.09375,7.65625,7.53125
2014-02-26,9.453125,8.3125,7.09375,6.5,7.46875,9.875,11.3125,12.28125,11.78125,9.65625,7.8125,7.03125,6.28125,5.78125,5.15625,4.46875,3.90625,4.1875,7.90625,16.375,23.0,20.59375,15.96875,12.28125,9.375,7.6875,7.09375,7.65625,7.53125,6.8125
2014-02-27,8.3125,7.09375,6.5,7.46875,9.875,11.3125,12.28125,11.78125,9.65625,7.8125,7.03125,6.28125,5.78125,5.15625,4.46875,3.90625,4.1875,7.90625,16.375,23.0,20.59375,15.96875,12.28125,9.375,7.6875,7.09375,7.65625,7.53125,6.8125,6.34375
2014-02-28,8.15625,7.8125,7.03125,6.34375,5.46875,4.625,4.25,4.21875,4.0625,3.875,4.0625,4.65625,4.46875,5.28125,7.21875,7.5625,8.71875,12.21875,12.6875,11.1875,8.96875,10.78125,19.75,21.21875,18.75,21.8125,24.625,21.84375,16.59375,16.0
2014-03-01,7.8125,7.03125,6.34375,5.46875,4.625,4.25,4.21875,4.0625,3.875,4.0625,4.65625,4.46875,5.28125,7.21875,7.5625,8.71875,12.21875,12.6875,11.1875,8.96875,10.78125,19.75,21.21875,18.75,21.8125,24.625,21.84375,16.59375,16.0,40.6875
2014-03-02,7.03125,6.34375,5.46875,4.625,4.25,4.21875,4.0625,3.875,4.0625,4.65625,4.46875,5.28125,7.21875,7.5625,8.71875,12.21875,12.6875,11.1875,8.96875,10.78125,19.75,21.21875,18.75,21.8125,24.625,21.84375,16.59375,16.0,40.6875,89.71875
2014-03-03,6.34375,5.46875,4.625,4.25,4.21875,4.0625,3.875,4.0625,4.65625,4.46875,5.28125,7.21875,7.5625,8.71875,12.21875,12.6875,11.1875,8.96875,10.78125,19.75,21.21875,18.75,21.8125,24.625,21.84375,16.59375,16.0,40.6875,89.71875,99.71875
2014-03-04,4.6875,4.59375,5.5,6.8125,8.375,8.375,8.46875,9.28125,8.59375,7.90625,7.71875,7.84375,9.0,9.34375,8.5625,7.375,5.875,5.21875,4.96875,14.03125,57.125,70.96875,48.875,34.875,54.0625,96.09375,85.40625,56.625,37.21875,26.53125
2014-03-05,4.59375,5.5,6.8125,8.375,8.375,8.46875,9.28125,8.59375,7.90625,7.71875,7.84375,9.0,9.34375,8.5625,7.375,5.875,5.21875,4.96875,14.03125,57.125,70.96875,48.875,34.875,54.0625,96.09375,85.40625,56.625,37.21875,26.53125,23.25
2014-03-06,5.5,6.8125,8.375,8.375,8.46875,9.28125,8.59375,7.90625,7.71875,7.84375,9.0,9.34375,8.5625,7.375,5.875,5.21875,4.96875,14.03125,57.125,70.96875,48.875,34.875,54.0625,96.09375,85.40625,56.625,37.21875,26.53125,23.25,28.1875
2014-03-07,4.75,4.40625,4.125,3.9375,4.1875,4.65625,4.75,5.1875,7.75,10.0625,12.4375,13.53125,12.625,10.875,9.71875,7.96875,6.46875,5.625,5.1875,5.65625,7.96875,11.03125,10.46875,8.65625,6.96875,6.90625,8.4375,8.75,8.1875,7.5
2014-03-08,4.40625,4.125,3.9375,4.1875,4.65625,4.75,5.1875,7.75,10.0625,12.4375,13.53125,12.625,10.875,9.71875,7.96875,6.46875,5.625,5.1875,5.65625,7.96875,11.03125,10.46875,8.65625,6.96875,6.90625,8.4375,8.75,8.1875,7.5,10.4375
2014-03-09,4.125,3.9375,4.1875,4.65625,4.75,5.1875,7.75,10.0625,12.4375,13.53125,12.625,10.875,9.71875,7.96875,6.46875,5.625,5.1875,5.65625,7.96875,11.03125,10.46875,8.65625,6.96875,6.90625,8.4375,8.75,8.1875,7.5,10.4375,16.125
2014-03-10,3.9375,4.1875,4.65625,4.75,5.1875,7.75,10.0625,12.4375,13.53125,12.625,10.875,9.71875,7.96875,6.46875,5.625,5.1875,5.65625,7.96875,11.03125,10.46875,8.65625,6.96875,6.90625,8.4375,8.75,8.1875,7.5,10.4375,16.125,17.96875
2014-03-11,3.8125,3.84375,3.96875,3.75,3.40625,3.1875,3.0,2.84375,2.875,3.96875,6.6875,9.34375,11.75,13.71875,16.375,23.125,22.875,17.8125,14.0,12.25,12.15625,14.1875,15.34375,17.375,19.65625,27.03125,36.1875,32.59375,35.40625,40.5
2014-03-12,3.84375,3.96875,3.75,3.40625,3.1875,3.0,2.84375,2.875,3.96875,6.6875,9.34375,11.75,13.71875,16.375,23.125,22.875,17.8125,14.0,12.25,12.15625,14.1875,15.34375,17.375,19.65625,27.03125,36.1875,32.59375,35.40625,40.5,36.59375
2014-03-13,3.96875,3.75,3.40625,3.1875,3.0,2.84375,2.875,3.96875,6.6875,9.34375,11.75,13.71875,16.375,23.125,22.875,17.8125,14.0,12.25,12.15625,14.1875,15.34375,17.375,19.65625,27.03125,36.1875,32.59375,35.40625,40.5,36.59375,40.0625
2014-03-14,3.15625,3.25,3.34375,3.65625,3.90625,4.84375,11.15625,119.9375,173.0625,106.40625,60.96875,40.125,31.40625,24.59375,20.75,19.90625,18.0,17.4375,17.15625,20.40625,37.0625,45.15625,52.59375,59.6875,45.09375,32.5625,36.0625,55.9375,56.4375,53.5
2014-03-15,3.25,3.34375,3.65625,3.90625,4.84375,11.15625,119.9375,173.0625,106.40625,60.96875,40.125,31.40625,24.59375,20.75,19.90625,18.0,17.4375,17.15625,20.40625,37.0625,45.15625,52.59375,59.6875,45.09375,32.5625,36.0625,55.9375,56.4375,53.5,51.6875
2014-03-16,3.34375,3.65625,3.90625,4.84375,11.15625,119.9375,173.0625,106.40625,60.96875,40.125,31.40625,24.59375,20.75,19.90625,18.0,17.4375,17.15625,20.40625,37.0625,45.15625,52.59375,59.6875,45.09375,32.5625,36.0625,55.9375,56.4375,53.5,51.6875,37.46875
2014-03-17,3.65625,3.90625,4.84375,11.15625,119.9375,173.0625,106.40625,60.96875,40.125,31.40625,24.59375,20.75,19.90625,18.0,17.4375,17.15625,20.40625,37.0625,45.15625,52.59375,59.6875,45.09375,32.5625,36.0625,55.9375,56.4375,53.5,51.6875,37.46875,27.3125
2014-03-18,15.375,22.78125,21.3125,20.34375,23.21875,19.125,16.46875,15.75,17.5,27.40625,29.28125,22.46875,18.375,21.3125,25.59375,22.5,19.21875,18.40625,18.65625,17.78125,28.03125,46.78125,52.625,96.0,117.84375,82.96875,58.03125,47.8125,47.75,53.25
2014-03-19,22.78125,21.3125,20.34375,23.21875,19.125,16.46875,15.75,17.5,27.40625,29.28125,22.46875,18.375,21.3125,25.59375,22.5,19.21875,18.40625,18.65625,17.78125,28.03125,46.78125,52.625,96.0,117.84375,82.96875,58.03125,47.8125,47.75,53.25,49.15625
2014-03-20,21.3125,20.34375,23.21875,19.125,16.46875,15.75,17.5,27.40625,29.28125,22.46875,18.375,21.3125,25.59375,22.5,19.21875,18.40625,18.65625,17.78125,28.03125,46.78125,52.625,96.0,117.84375,82.96875,58.03125,47.8125,47.75,53.25,49.15625,34.28125
2014-03-21,30.40625,33.25,25.53125,20.34375,17.9375,17.03125,18.0,18.25,19.28125,21.15625,24.96875,28.4375,35.25,44.53125,52.53125,45.875,32.8125,26.90625,26.84375,25.625,24.96875,23.46875,32.5625,38.59375,31.5,33.625,38.59375,31.90625,31.34375,45.125
2014-03-22,33.25,25.53125,20.34375,17.9375,17.03125,18.0,18.25,19.28125,21.15625,24.96875,28.4375,35.25,44.53125,52.53125,45.875,32.8125,26.90625,26.84375,25.625,24.96875,23.46875,32.5625,38.59375,31.5,33.625,38.59375,31.90625,31.34375,45.125,48.21875
2014-03-23,25.53125,20.34375,17.9375,17.03125,18.0,18.25,19.28125,21.15625,24.96875,28.4375,35.25,44.53125,52.53125,45.875,32.8125,26.90625,26.84375,25.625,24.96875,23.46875,32.5625,38.59375,31.5,33.625,38.59375,31.90625,31.34375,45.125,48.21875,38.5625
2014-03-24,20.34375,17.9375,17.03125,18.0,18.25,19.28125,21.15625,24.96875,28.4375,35.25,44.53125,52.53125,45.875,32.8125,26.90625,26.84375,25.625,24.96875,23.46875,32.5625,38.59375,31.5,33.625,38.59375,31.90625,31.34375,45.125,48.21875,38.5625,36.5
2014-03-25,25.96875,20.15625,18.53125,26.5625,34.875,27.28125,20.625,22.9375,44.40625,65.21875,67.28125,67.84375,62.09375,66.5,65.40625,47.46875,36.84375,32.21875,31.71875,30.25,32.8125,30.625,25.78125,21.90625,18.28125,14.96875,11.9375,9.3125,7.34375,5.84375
2014-03-26,20.15625,18.53125,26.5625,34.875,27.28125,20.625,22.9375,44.40625,65.21875,67.28125,67.84375,62.09375,66.5,65.40625,47.46875,36.84375,32.21875,31.71875,30.25,32.8125,30.625,25.78125,21.90625,18.28125,14.96875,11.9375,9.3125,7.34375,5.84375,4.6875
2014-03-27,18.53125,26.5625,34.875,27.28125,20.625,22.9375,44.40625,65.21875,67.28125,67.84375,62.09375,66.5,65.40625,47.46875,36.84375,32.21875,31.71875,30.25,32.8125,30.625,25.78125,21.90625,18.28125,14.96875,11.9375,9.3125,7.34375,5.84375,4.6875,3.84375
2014-03-28,18.8125,17.1875,20.65625,28.0,28.0625,30.59375,45.21875,51.8125,46.34375,58.46875,57.9375,46.84375,41.0,36.21875,30.3125,31.3125,38.25,41.8125,40.71875,35.96875,39.5,50.0,53.9375,44.375,31.875,35.125,72.71875,92.0625,71.78125,63.53125
2014-03-29,17.1875,20.65625,28.0,28.0625,30.59375,45.21875,51.8125,46.34375,58.46875,57.9375,46.84375,41.0,36.21875,30.3125,31.3125,38.25,41.8125,40.71875,35.96875,39.5,50.0,53.9375,44.375,31.875,35.125,72.71875,92.0625,71.78125,63.53125,93.65625
2014-03-30,20.65625,28.0,28.0625,30.59375,45.21875,51.8125,46.34375,58.46875,57.9375,46.84375,41.0,36.21875,30.3125,31.3125,38.25,41.8125,40.71875,35.96875,39.5,50.0,53.9375,44.375,31.875,35.125,72.71875,92.0625,71.78125,63.53125,93.65625,105.0625
2014-03-31,28.0,28.0625,30.59375,45.21875,51.8125,46.34375,58.46875,57.9375,46.84375,41.0,36.21875,30.3125,31.3125,38.25,41.8125,40.71875,35.96875,39.5,50.0,53.9375,44.375,31.875,35.125,72.71875,92.0625,71.78125,63.53125,93.65625,105.0625,84.03125
2014-04-01,34.71875,34.53125,30.65625,38.78125,55.96875,59.78125,57.96875,47.96875,46.53125,48.6875,55.3125,59.78125,69.21875,106.5,121.03125,155.9375,159.1875,123.125,104.6875,199.71875,201.25,115.15625,69.59375,46.5,33.65625,39.9375,90.0625,109.4375,81.59375,56.90625
2014-04-02,34.53125,30.65625,38.78125,55.96875,59.78125,57.96875,47.96875,46.53125,48.6875,55.3125,59.78125,69.21875,106.5,121.03125,155.9375,159.1875,123.125,104.6875,199.71875,201.25,115.15625,69.59375,46.5,33.65625,39.9375,90.0625,109.4375,81.59375,56.90625,42.71875
2014-04-03,30.65625,38.78125,55.96875,59.78125,57.96875,47.96875,46.53125,48.6875,55.3125,59.78125,69.21875,106.5,121.03125,155.9375,159.1875,123.125,104.6875,199.71875,201.25,115.15625,69.59375,46.5,33.65625,39.9375,90.0625,109.4375,81.59375,56.90625,42.71875,36.0625
2014-04-04,62.53125,79.0,66.59375,49.5625,35.4375,29.21875,31.125,39.96875,41.4375,33.53125,27.78125,23.59375,19.21875,24.28125,32.6875,31.5,34.3125,48.21875,62.90625,94.875,130.84375,115.96875,82.84375,54.4375,36.84375,34.125,42.25,72.90625,98.59375,88.53125
2014-04-05,79.0,66.59375,49.5625,35.4375,29.21875,31.125,39.96875,41.4375,33.53125,27.78125,23.59375,19.21875,24.28125,32.6875,31.5,34.3125,48.21875,62.90625,94.875,130.84375,115.96875,82.84375,54.4375,36.84375,34.125,42.25,72.90625,98.59375,88.53125,81.25
2014-04-06,66.59375,49.5625,35.4375,29.21875,31.125,39.96875,41.4375,33.53125,27.78125,23.59375,19.21875,24.28125,32.6875,31.5,34.3125,48.21875,62.90625,94.875,130.84375,115.96875,82.84375,54.4375,36.84375,34.125,42.25,72.90625,98.59375,88.53125,81.25,73.84375
2014-04-07,49.5625,35.4375,29.21875,31.125,39.96875,41.4375,33.53125,27.78125,23.59375,19.21875,24.28125,32.6875,31.5,34.3125,48.21875,62.90625,94.875,130.84375,115.96875,82.84375,54.4375,36.84375,34.125,42.25,72.90625,98.59375,88.53125,81.25,73.84375,57.5
2014-04-08,60.125,45.78125,41.9375,46.34375,53.125,56.875,55.1875,61.96875,67.34375,64.34375,70.9375,77.8125,62.28125,49.03125,78.15625,121.375,130.40625,98.96875,62.3125,40.5,35.71875,44.65625,61.875,84.78125,94.0,119.46875,146.875,150.09375,117.84375,96.9375
2014-04-09,45.78125,41.9375,46.34375,53.125,56.875,55.1875,61.96875,67.34375,64.34375,70.9375,77.8125,62.28125,49.03125,78.15625,121.375,130.40625,98.96875,62.3125,40.5,35.71875,44.65625,61.875,84.78125,94.0,119.46875,146.875,150.09375,117.84375,96.9375,116.4375
2014-04-10,41.9375,46.34375,53.125,56.875,55.1875,61.96875,67.34375,64.34375,70.9375,77.8125,62.28125,49.03125,78.15625,121.375,130.40625,98.96875,62.3125,40.5,35.71875,44.65625,61.875,84.78125,94.0,119.46875,146.875,150.09375,117.84375,96.9375,116.4375,115.96875
2014-04-11,56.3125,66.25,82.75,80.5,86.5625,119.53125,139.09375,114.40625,99.4375,84.46875,61.125,43.96875,29.90625,21.03125,16.59375,25.09375,37.65625,34.0,34.21875,40.9375,72.90625,109.46875,122.65625,123.1875,108.78125,90.0625,84.125,78.125,106.0625,149.21875
2014-04-12,66.25,82.75,80.5,86.5625,119.53125,139.09375,114.40625,99.4375,84.46875,61.125,43.96875,29.90625,21.03125,16.59375,25.09375,37.65625,34.0,34.21875,40.9375,72.90625,109.46875,122.65625,123.1875,108.78125,90.0625,84.125,78.125,106.0625,149.21875,123.78125
2014-04-13,82.75,80.5,86.5625,119.53125,139.09375,114.40625,99.4375,84.46875,61.125,43.96875,29.90625,21.03125,16.59375,25.09375,37.65625,34.0,34.21875,40.9375,72.90625,109.46875,122.65625,123.1875,108.78125,90.0625,84.125,78.125,106.0625,149.21875,123.78125,80.59375
2014-04-14,80.5,86.5625,119.53125,139.09375,114.40625,99.4375,84.46875,61.125,43.96875,29.90625,21.03125,16.59375,25.09375,37.65625,34.0,34.21875,40.9375,72.90625,109.46875,122.65625,123.1875,108.78125,90.0625,84.125,78.125,106.0625,149.21875,123.78125,80.59375,54.6875
2014-04-15,100.53125,104.90625,116.71875,115.5,102.4375,121.5625,118.5625,78.78125,61.75,60.90625,55.96875,69.125,77.5,71.9375,71.46875,63.28125,55.15625,59.28125,77.28125,98.09375,185.875,192.40625,130.0,118.125,113.6875,86.46875,61.78125,47.28125,36.78125,31.3125
2014-04-16,104.90625,116.71875,115.5,102.4375,121.5625,118.5625,78.78125,61.75,60.90625,55.96875,69.125,77.5,71.9375,71.46875,63.28125,55.15625,59.28125,77.28125,98.09375,185.875,192.40625,130.0,118.125,113.6875,86.46875,61.78125,47.28125,36.78125,31.3125,30.1875
2014-04-17,116.71875,115.5,102.4375,121.5625,118.5625,78.78125,61.75,60.90625,55.96875,69.125,77.5,71.9375,71.46875,63.28125,55.15625,59.28125,77.28125,98.09375,185.875,192.40625,130.0,118.125,113.6875,86.46875,61.78125,47.28125,36.78125,31.3125,30.1875,29.09375
2014-04-18,63.25,45.875,35.25,29.09375,29.90625,34.6875,41.25,45.53125,47.125,55.9375,61.5625,141.625,171.78125,134.9375,104.65625,85.3125,101.03125,103.03125,90.84375,78.875,71.40625,79.15625,83.125,100.625,138.5625,137.6875,108.125,77.0625,64.0,64.46875
2014-04-19,45.875,35.25,29.09375,29.90625,34.6875,41.25,45.53125,47.125,55.9375,61.5625,141.625,171.78125,134.9375,104.65625,85.3125,101.03125,103.03125,90.84375,78.875,71.40625,79.15625,83.125,100.625,138.5625,137.6875,108.125,77.0625,64.0,64.46875,81.59375
2014-04-20,35.25,29.09375,29.90625,34.6875,41.25,45.53125,47.125,55.9375,61.5625,141.625,171.78125,134.9375,104.65625,85.3125,101.03125,103.03125,90.84375,78.875,71.40625,79.15625,83.125,100.625,138.5625,137.6875,108.125,77.0625,64.0,64.46875,81.59375,110.25
2014-04-21,29.09375,29.90625,34.6875,41.25,45.53125,47.125,55.9375,61.5625,141.625,171.78125,134.9375,104.65625,85.3125,101.03125,103.03125,90.84375,78.875,71.40625,79.15625,83.125,100.625,138.5625,137.6875,108.125,77.0625,64.0,64.46875,81.59375,110.25,99.5625
2014-04-22,36.1875,36.84375,51.3125,53.96875,52.21875,51.625,47.5625,43.75,45.25,72.40625,82.03125,59.71875,44.1875,60.03125,95.75,97.6875,80.65625,60.875,45.46875,43.875,67.375,104.34375,104.71875,96.4375,117.875,138.0625,128.0,104.625,105.4375,106.9375
2014-04-23,36.84375,51.3125,53.96875,52.21875,51.625,47.5625,43.75,45.25,72.40625,82.03125,59.71875,44.1875,60.03125,95.75,97.6875,80.65625,60.875,45.46875,43.875,67.375,104.34375,104.71875,96.4375,117.875,138.0625,128.0,104.625,105.4375,106.9375,86.625
2014-04-24,51.3125,53.96875,52.21875,51.625,47.5625,43.75,45.25,72.40625,82.03125,59.71875,44.1875,60.03125,95.75,97.6875,80.65625,60.875,45.46875,43.875,67.375,104.34375,104.71875,96.4375,117.875,138.0625,128.0,104.625,105.4375,106.9375,86.625,82.625
2014-04-25,47.15625,33.0,46.96875,67.28125,87.1875,103.5625,109.40625,116.6875,115.46875,105.125,88.90625,70.6875,54.8125,44.6875,36.625,32.09375,34.8125,47.09375,57.1875,56.1875,52.9375,52.65625,53.125,65.15625,81.75,94.875,95.5,99.9375,142.125,181.59375
2014-04-26,33.0,46.96875,67.28125,87.1875,103.5625,109.40625,116.6875,115.46875,105.125,88.90625,70.6875,54.8125,44.6875,36.625,32.09375,34.8125,47.09375,57.1875,56.1875,52.9375,52.65625,53.125,65.15625,81.75,94.875,95.5,99.9375,142.125,181.59375,188.15625
2014-04-27,46.96875,67.28125,87.1875,103.5625,109.40625,116.6875,115.46875,105.125,88.90625,70.6875,54.8125,44.6875,36.625,32.09375,34.8125,47.09375,57.1875,56.1875,52.9375,52.65625,53.125,65.15625,81.75,94.875,95.5,99.9375,142.125,181.59375,188.15625,162.375
2014-04-28,67.28125,87.1875,103.5625,109.40625,116.6875,115.46875,105.125,88.90625,70.6875,54.8125,44.6875,36.625,32.09375,34.8125,47.09375,57.1875,56.1875,52.9375,52.65625,53.125,65.15625,81.75,94.875,95.5,99.9375,142.125,181.59375,188.15625,162.375,115.96875
2014-04-29,50.375,68.09375,105.28125,119.1875,107.6875,87.46875,131.46875,161.46875,125.59375,112.09375,114.90625,99.3125,81.84375,72.09375,80.3125,93.84375,85.1875,65.8125,49.84375,41.65625,39.0,51.65625,79.875,80.9375,77.53125,76.625,73.5625,88.40625,113.125,111.0625
2014-04-30,68.09375,105.28125,119.1875,107.6875,87.46875,131.46875,161.46875,125.59375,112.09375,114.90625,99.3125,81.84375,72.09375,80.3125,93.84375,85.1875,65.8125,49.84375,41.65625,39.0,51.65625,79.875,80.9375,77.53125,76.625,73.5625,88.40625,113.125,111.0625,97.1875
2014-05-01,105.28125,119.1875,107.6875,87.46875,131.46875,161.46875,125.59375,112.09375,114.90625,99.3125,81.84375,72.09375,80.3125,93.84375,85.1875,65.8125,49.84375,41.65625,39.0,51.65625,79.875,80.9375,77.53125,76.625,73.5625,88.40625,113.125,111.0625,97.1875,87.125
2014-05-02,129.34375,102.0625,65.90625,46.9375,43.59375,46.125,48.75,52.53125,50.34375,44.1875,48.65625,63.53125,69.46875,74.125,71.21875,69.90625,77.09375,117.03125,379.40625,547.875,468.625,416.21875,305.53125,228.6875,180.09375,142.46875,113.28125,86.8125,68.65625,60.28125
2014-05-03,102.0625,65.90625,46.9375,43.59375,46.125,48.75,52.53125,50.34375,44.1875,48.65625,63.53125,69.46875,74.125,71.21875,69.90625,77.09375,117.03125,379.40625,547.875,468.625,416.21875,305.53125,228.6875,180.09375,142.46875,113.28125,86.8125,68.65625,60.28125,57.09375
2014-05-04,65.90625,46.9375,43.59375,46.125,48.75,52.53125,50.34375,44.1875,48.65625,63.53125,69.46875,74.125,71.21875,69.90625,77.09375,117.03125,379.40625,547.875,468.625,416.21875,305.53125,228.6875,180.09375,142.46875,113.28125,86.8125,68.65625,60.28125,57.09375,49.4375
2014-05-05,46.9375,43.59375,46.125,48.75,52.53125,50.34375,44.1875,48.65625,63.53125,69.46875,74.125,71.21875,69.90625,77.09375,117.03125,379.40625,547.875,468.625,416.21875,305.53125,228.6875,180.09375,142.46875,113.28125,86.8125,68.65625,60.28125,57.09375,49.4375,45.375
2014-05-06,71.59375,58.84375,47.8125,36.21875,32.03125,49.21875,60.875,45.40625,36.0,32.1875,34.4375,44.1875,47.53125,54.03125,80.6875,83.71875,67.09375,74.15625,87.8125,122.5625,145.84375,149.90625,142.28125,111.625,80.34375,79.21875,82.84375,91.09375,150.40625,172.03125
2014-05-07,58.84375,47.8125,36.21875,32.03125,49.21875,60.875,45.40625,36.0,32.1875,34.4375,44.1875,47.53125,54.03125,80.6875,83.71875,67.09375,74.15625,87.8125,122.5625,145.84375,149.90625,142.28125,111.625,80.34375,79.21875,82.84375,91.09375,150.40625,172.03125,136.65625
2014-05-08,47.8125,36.21875,32.03125,49.21875,60.875,45.40625,36.0,32.1875,34.4375,44.1875,47.53125,54.03125,80.6875,83.71875,67.09375,74.15625,87.8125,122.5625,145.84375,149.90625,142.28125,111.625,80.34375,79.21875,82.84375,91.09375,150.40625,172.03125,136.65625,95.375
2014-05-09,49.53125,44.375,48.15625,43.25,32.65625,26.28125,26.03125,28.75,32.40625,42.8125,61.1875,80.71875,86.09375,70.40625,57.96875,50.59375,43.9375,42.8125,47.21875,52.90625,60.78125,66.71875,70.65625,70.21875,61.0,53.28125,54.96875,59.0,70.40625,119.875
2014-05-10,44.375,48.15625,43.25,32.65625,26.28125,26.03125,28.75,32.40625,42.8125,61.1875,80.71875,86.09375,70.40625,57.96875,50.59375,43.9375,42.8125,47.21875,52.90625,60.78125,66.71875,70.65625,70.21875,61.0,53.28125,54.96875,59.0,70.40625,119.875,185.15625
2014-05-11,48.15625,43.25,32.65625,26.28125,26.03125,28.75,32.40625,42.8125,61.1875,80.71875,86.09375,70.40625,57.96875,50.59375,43.9375,42.8125,47.21875,52.90625,60.78125,66.71875,70.65625,70.21875,61.0,53.28125,54.96875,59.0,70.40625,119.875,185.15625,246.34375
2014-05-12,43.25,32.65625,26.28125,26.03125,28.75,32.40625,42.8125,61.1875,80.71875,86.09375,70.40625,57.96875,50.59375,43.9375,42.8125,47.21875,52.90625,60.78125,66.71875,70.65625,70.21875,61.0,53.28125,54.96875,59.0,70.40625,119.875,185.15625,246.34375,249.0
2014-05-13,27.1875,49.53125,63.375,60.40625,57.75,74.15625,97.25,91.5625,70.75,62.21875,59.6875,68.84375,98.40625,110.6875,95.65625,80.125,86.09375,82.1875,77.53125,77.75,63.46875,49.875,42.15625,39.75,55.125,85.9375,102.125,131.46875,130.65625,91.96875
2014-05-14,49.53125,63.375,60.40625,57.75,74.15625,97.25,91.5625,70.75,62.21875,59.6875,68.84375,98.40625,110.6875,95.65625,80.125,86.09375,82.1875,77.53125,77.75,63.46875,49.875,42.15625,39.75,55.125,85.9375,102.125,131.46875,130.65625,91.96875,61.84375
2014-05-15,63.375,60.40625,57.75,74.15625,97.25,91.5625,70.75,62.21875,59.6875,68.84375,98.40625,110.6875,95.65625,80.125,86.09375,82.1875,77.53125,77.75,63.46875,49.875,42.15625,39.75,55.125,85.9375,102.125,131.46875,130.65625,91.96875,61.84375,44.34375
2014-05-16,42.09375,63.4375,89.3125,76.1875,62.78125,59.46875,73.65625,87.5625,81.8125,77.84375,70.34375,76.40625,81.96875,75.3125,64.65625,52.78125,48.0,47.5,45.84375,37.46875,30.84375,29.25,37.53125,57.375,82.34375,97.71875,103.375,109.5625,106.75,122.4375
2014-05-17,63.4375,89.3125,76.1875,62.78125,59.46875,73.65625,87.5625,81.8125,77.84375,70.34375,76.40625,81.96875,75.3125,64.65625,52.78125,48.0,47.5,45.84375,37.46875,30.84375,29.25,37.53125,57.375,82.34375,97.71875,103.375,109.5625,106.75,122.4375,160.0
2014-05-18,89.3125,76.1875,62.78125,59.46875,73.65625,87.5625,81.8125,77.84375,70.34375,76.40625,81.96875,75.3125,64.65625,52.78125,48.0,47.5,45.84375,37.46875,30.84375,29.25,37.53125,57.375,82.34375,97.71875,103.375,109.5625,106.75,122.4375,160.0,149.40625
2014-05-19,76.1875,62.78125,59.46875,73.65625,87.5625,81.8125,77.84375,70.34375,76.40625,81.96875,75.3125,64.65625,52.78125,48.0,47.5,45.84375,37.46875,30.84375,29.25,37.53125,57.375,82.34375,97.71875,103.375,109.5625,106.75,122.4375,160.0,149.40625,117.625
2014-05-20,73.34375,61.4375,57.59375,52.53125,47.78125,37.625,39.96875,47.53125,54.75,56.59375,57.75,70.1875,73.375,63.53125,58.28125,51.71875,45.6875,71.96875,84.90625,70.28125,74.125,77.15625,77.65625,122.375,232.28125,332.71875,347.21875,392.1875,352.8125,253.0
2014-05-21,61.4375,57.59375,52.53125,47.78125,37.625,39.96875,47.53125,54.75,56.59375,57.75,70.1875,73.375,63.53125,58.28125,51.71875,45.6875,71.96875,84.90625,70.28125,74.125,77.15625,77.65625,122.375,232.28125,332.71875,347.21875,392.1875,352.8125,253.0,179.15625
2014-05-22,57.59375,52.53125,47.78125,37.625,39.96875,47.53125,54.75,56.59375,57.75,70.1875,73.375,63.53125,58.28125,51.71875,45.6875,71.96875,84.90625,70.28125,74.125,77.15625,77.65625,122.375,232.28125,332.71875,347.21875,392.1875,352.8125,253.0,179.15625,139.3125
2014-05-23,61.4375,50.15625,47.125,43.71875,39.25,39.1875,47.0,64.90625,68.90625,54.96875,48.09375,55.1875,80.71875,133.34375,124.96875,78.4375,50.65625,67.21875,142.5,170.125,164.96875,155.90625,130.3125,186.46875,314.1875,248.59375,143.53125,93.625,74.4375,89.1875
2014-05-24,50.15625,47.125,43.71875,39.25,39.1875,47.0,64.90625,68.90625,54.96875,48.09375,55.1875,80.71875,133.34375,124.96875,78.4375,50.65625,67.21875,142.5,170.125,164.96875,155.90625,130.3125,186.46875,314.1875,248.59375,143.53125,93.625,74.4375,89.1875,122.84375
2014-05-25,47.125,43.71875,39.25,39.1875,47.0,64.90625,68.90625,54.96875,48.09375,55.1875,80.71875,133.34375,124.96875,78.4375,50.65625,67.21875,142.5,170.125,164.96875,155.90625,130.3125,186.46875,314.1875,248.59375,143.53125,93.625,74.4375,89.1875,122.84375,121.9375
2014-05-26,43.71875,39.25,39.1875,47.0,64.90625,68.90625,54.96875,48.09375,55.1875,80.71875,133.34375,124.96875,78.4375,50.65625,67.21875,142.5,170.125,164.96875,155.90625,130.3125,186.46875,314.1875,248.59375,143.53125,93.625,74.4375,89.1875,122.84375,121.9375,102.78125
2014-05-27,163.40625,121.0,102.8125,100.875,80.78125,60.375,48.46875,35.9375,29.53125,28.28125,41.0,58.40625,70.0625,68.1875,47.6875,36.0625,29.75,24.6875,24.5625,30.03125,40.34375,46.3125,43.96875,42.28125,36.0,32.125,32.90625,38.09375,58.65625,72.21875
2014-05-28,121.0,102.8125,100.875,80.78125,60.375,48.46875,35.9375,29.53125,28.28125,41.0,58.40625,70.0625,68.1875,47.6875,36.0625,29.75,24.6875,24.5625,30.03125,40.34375,46.3125,43.96875,42.28125,36.0,32.125,32.90625,38.09375,58.65625,72.21875,64.4375
2014-05-29,102.8125,100.875,80.78125,60.375,48.46875,35.9375,29.53125,28.28125,41.0,58.40625,70.0625,68.1875,47.6875,36.0625,29.75,24.6875,24.5625,30.03125,40.34375,46.3125,43.96875,42.28125,36.0,32.125,32.90625,38.09375,58.65625,72.21875,64.4375,63.96875
2014-05-30,64.25,54.53125,51.03125,55.875,66.625,85.5625,81.75,84.59375,188.90625,192.4375,123.5625,84.75,63.53125,53.0625,48.875,43.03125,73.9375,186.03125,251.65625,184.875,112.625,91.46875,153.625,218.53125,407.84375,387.34375,254.84375,198.09375,201.78125,206.75
2014-05-31,54.53125,51.03125,55.875,66.625,85.5625,81.75,84.59375,188.90625,192.4375,123.5625,84.75,63.53125,53.0625,48.875,43.03125,73.9375,186.03125,251.65625,184.875,112.625,91.46875,153.625,218.53125,407.84375,387.34375,254.84375,198.09375,201.78125,206.75,271.78125
2014-06-01,51.03125,55.875,66.625,85.5625,81.75,84.59375,188.90625,192.4375,123.5625,84.75,63.53125,53.0625,48.875,43.03125,73.9375,186.03125,251.65625,184.875,112.625,91.46875,153.625,218.53125,407.84375,387.34375,254.84375,198.09375,201.78125,206.75,271.78125,308.03125
2014-06-02,55.875,66.625,85.5625,81.75,84.59375,188.90625,192.4375,123.5625,84.75,63.53125,53.0625,48.875,43.03125,73.9375,186.03125,251.65625,184.875,112.625,91.46875,153.625,218.53125,407.84375,387.34375,254.84375,198.09375,201.78125,206.75,271.78125,308.03125,266.46875
2014-06-03,87.875,76.625,133.75,193.75,162.53125,122.09375,122.75,143.0,176.3125,203.1875,370.46875,367.78125,248.09375,187.0625,161.96875,137.84375,115.90625,103.0625,89.21875,72.1875,68.125,69.09375,77.0625,88.28125,93.625,93.21875,79.71875,73.90625,84.25,100.84375
2014-06-04,76.625,133.75,193.75,162.53125,122.09375,122.75,143.0,176.3125,203.1875,370.46875,367.78125,248.09375,187.0625,161.96875,137.84375,115.90625,103.0625,89.21875,72.1875,68.125,69.09375,77.0625,88.28125,93.625,93.21875,79.71875,73.90625,84.25,100.84375,110.09375
2014-06-05,133.75,193.75,162.53125,122.09375,122.75,143.0,176.3125,203.1875,370.46875,367.78125,248.09375,187.0625,161.96875,137.84375,115.90625,103.0625,89.21875,72.1875,68.125,69.09375,77.0625,88.28125,93.625,93.21875,79.71875,73.90625,84.25,100.84375,110.09375,108.28125
2014-06-06,121.46875,95.09375,82.1875,73.4375,64.46875,61.78125,99.90625,162.4375,200.1875,236.71875,261.5625,217.5,171.125,156.46875,158.9375,142.78125,106.65625,71.96875,49.875,42.71875,46.9375,54.28125,71.1875,91.1875,112.875,225.59375,562.875,658.59375,476.46875,467.9375
2014-06-07,95.09375,82.1875,73.4375,64.46875,61.78125,99.90625,162.4375,200.1875,236.71875,261.5625,217.5,171.125,156.46875,158.9375,142.78125,106.65625,71.96875,49.875,42.71875,46.9375,54.28125,71.1875,91.1875,112.875,225.59375,562.875,658.59375,476.46875,467.9375,419.84375
2014-06-08,82.1875,73.4375,64.46875,61.78125,99.90625,162.4375,200.1875,236.71875,261.5625,217.5,171.125,156.46875,158.9375,142.78125,106.65625,71.96875,49.875,42.71875,46.9375,54.28125,71.1875,91.1875,112.875,225.59375,562.875,658.59375,476.46875,467.9375,419.84375,314.796875
2014-06-09,73.4375,64.46875,61.78125,99.90625,162.4375,200.1875,236.71875,261.5625,217.5,171.125,156.46875,158.9375,142.78125,106.65625,71.96875,49.875,42.71875,46.9375,54.28125,71.1875,91.1875,112.875,225.59375,562.875,658.59375,476.46875,467.9375,419.84375,314.796875,241.453125
2014-06-10,58.75,96.28125,265.65625,393.4375,354.6875,292.78125,248.65625,186.84375,132.9375,105.3125,91.375,116.3125,152.53125,165.84375,162.4375,143.78125,117.46875,93.5,89.0,92.28125,88.46875,91.40625,90.125,84.625,87.46875,91.78125,97.390625,97.265625,99.171875,111.65625
2014-06-11,96.28125,265.65625,393.4375,354.6875,292.78125,248.65625,186.84375,132.9375,105.3125,91.375,116.3125,152.53125,165.84375,162.4375,143.78125,117.46875,93.5,89.0,92.28125,88.46875,91.40625,90.125,84.625,87.46875,91.78125,97.390625,97.265625,99.171875,111.65625,161.484375
2014-06-12,265.65625,393.4375,354.6875,292.78125,248.65625,186.84375,132.9375,105.3125,91.375,116.3125,152.53125,165.84375,162.4375,143.78125,117.46875,93.5,89.0,92.28125,88.46875,91.40625,90.125,84.625,87.46875,91.78125,97.390625,97.265625,99.171875,111.65625,161.484375,209.484375
2014-06-13,205.84375,231.59375,179.375,134.9375,123.40625,134.96875,132.125,125.09375,119.03125,136.46875,159.40625,137.8125,98.65625,75.8125,80.90625,87.84375,79.6875,71.6875,72.4375,72.6875,91.0625,114.09375,110.78125,105.265625,119.171875,130.765625,109.984375,79.546875,64.234375,63.0
2014-06-14,231.59375,179.375,134.9375,123.40625,134.96875,132.125,125.09375,119.03125,136.46875,159.40625,137.8125,98.65625,75.8125,80.90625,87.84375,79.6875,71.6875,72.4375,72.6875,91.0625,114.09375,110.78125,105.265625,119.171875,130.765625,109.984375,79.546875,64.234375,63.0,76.65625
2014-06-15,179.375,134.9375,123.40625,134.96875,132.125,125.09375,119.03125,136.46875,159.40625,137.8125,98.65625,75.8125,80.90625,87.84375,79.6875,71.6875,72.4375,72.6875,91.0625,114.09375,110.78125,105.265625,119.171875,130.765625,109.984375,79.546875,64.234375,63.0,76.65625,85.328125
2014-06-16,134.9375,123.40625,134.96875,132.125,125.09375,119.03125,136.46875,159.40625,137.8125,98.65625,75.8125,80.90625,87.84375,79.6875,71.6875,72.4375,72.6875,91.0625,114.09375,110.78125,105.265625,119.171875,130.765625,109.984375,79.546875,64.234375,63.0,76.65625,85.328125,83.875
2014-06-17,121.5,102.3125,86.4375,82.96875,86.96875,97.09375,108.09375,110.0,105.0,89.8125,90.90625,90.625,94.21875,84.03125,70.53125,68.0,79.375,117.90625,142.625,126.265625,98.921875,87.4375,87.078125,83.984375,81.3125,77.640625,71.1875,75.515625,94.0,124.359375
2014-06-18,102.3125,86.4375,82.96875,86.96875,97.09375,108.09375,110.0,105.0,89.8125,90.90625,90.625,94.21875,84.03125,70.53125,68.0,79.375,117.90625,142.625,126.265625,98.921875,87.4375,87.078125,83.984375,81.3125,77.640625,71.1875,75.515625,94.0,124.359375,218.015625
2014-06-19,86.4375,82.96875,86.96875,97.09375,108.09375,110.0,105.0,89.8125,90.90625,90.625,94.21875,84.03125,70.53125,68.0,79.375,117.90625,142.625,126.265625,98.921875,87.4375,87.078125,83.984375,81.3125,77.640625,71.1875,75.515625,94.0,124.359375,218.015625,221.484375
2014-06-20,76.78125,71.3125,77.21875,110.71875,138.90625,136.34375,116.90625,89.875,67.78125,60.53125,66.84375,76.28125,93.03125,96.46875,81.15625,78.8125,93.515625,91.34375,87.09375,103.609375,135.46875,154.546875,134.171875,117.421875,135.53125,126.328125,100.65625,101.453125,111.03125,201.5
2014-06-21,71.3125,77.21875,110.71875,138.90625,136.34375,116.90625,89.875,67.78125,60.53125,66.84375,76.28125,93.03125,96.46875,81.15625,78.8125,93.515625,91.34375,87.09375,103.609375,135.46875,154.546875,134.171875,117.421875,135.53125,126.328125,100.65625,101.453125,111.03125,201.5,207.8125
2014-06-22,77.21875,110.71875,138.90625,136.34375,116.90625,89.875,67.78125,60.53125,66.84375,76.28125,93.03125,96.46875,81.15625,78.8125,93.515625,91.34375,87.09375,103.609375,135.46875,154.546875,134.171875,117.421875,135.53125,126.328125,100.65625,101.453125,111.03125,201.5,207.8125,144.328125
2014-06-23,110.71875,138.90625,136.34375,116.90625,89.875,67.78125,60.53125,66.84375,76.28125,93.03125,96.46875,81.15625,78.8125,93.515625,91.34375,87.09375,103.609375,135.46875,154.546875,134.171875,117.421875,135.53125,126.328125,100.65625,101.453125,111.03125,201.5,207.8125,144.328125,102.8125
2014-06-24,104.75,104.1875,85.90625,71.4375,63.71875,64.65625,69.15625,76.0625,80.46875,80.03125,78.5,105.4375,136.90625,118.359375,105.734375,151.25,185.015625,180.171875,167.34375,196.34375,198.09375,178.53125,241.90625,283.46875,226.125,165.015625,138.5625,178.9375,202.578125,157.828125
2014-06-25,104.1875,85.90625,71.4375,63.71875,64.65625,69.15625,76.0625,80.46875,80.03125,78.5,105.4375,136.90625,118.359375,105.734375,151.25,185.015625,180.171875,167.34375,196.34375,198.09375,178.53125,241.90625,283.46875,226.125,165.015625,138.5625,178.9375,202.578125,157.828125,108.515625
2014-06-26,85.90625,71.4375,63.71875,64.65625,69.15625,76.0625,80.46875,80.03125,78.5,105.4375,136.90625,118.359375,105.734375,151.25,185.015625,180.171875,167.34375,196.34375,198.09375,178.53125,241.90625,283.46875,226.125,165.015625,138.5625,178.9375,202.578125,157.828125,108.515625,82.03125
2014-06-27,61.875,55.3125,63.15625,63.0,60.4375,64.21875,117.375,312.75,601.234375,568.53125,487.890625,373.390625,279.0,218.328125,186.6875,203.96875,239.046875,234.171875,194.8125,170.75,183.40625,286.28125,472.6875,422.296875,299.46875,224.484375,188.546875,171.71875,152.984375,135.890625
2014-06-28,55.3125,63.15625,63.0,60.4375,64.21875,117.375,312.75,601.234375,568.53125,487.890625,373.390625,279.0,218.328125,186.6875,203.96875,239.046875,234.171875,194.8125,170.75,183.40625,286.28125,472.6875,422.296875,299.46875,224.484375,188.546875,171.71875,152.984375,135.890625,127.078125
2014-06-29,63.15625,63.0,60.4375,64.21875,117.375,312.75,601.234375,568.53125,487.890625,373.390625,279.0,218.328125,186.6875,203.96875,239.046875,234.171875,194.8125,170.75,183.40625,286.28125,472.6875,422.296875,299.46875,224.484375,188.546875,171.71875,152.984375,135.890625,127.078125,123.53125
2014-06-30,63.0,60.4375,64.21875,117.375,312.75,601.234375,568.53125,487.890625,373.390625,279.0,218.328125,186.6875,203.96875,239.046875,234.171875,194.8125,170.75,183.40625,286.28125,472.6875,422.296875,299.46875,224.484375,188.546875,171.71875,152.984375,135.890625,127.078125,123.53125,124.984375
2014-07-01,63.4375,54.59375,53.09375,83.28125,153.34375,162.828125,127.703125,131.625,142.6875,119.8125,97.5,88.859375,105.875,108.953125,108.640625,145.6875,166.15625,136.21875,102.453125,86.359375,78.65625,69.484375,64.84375,67.03125,78.28125,83.46875,77.03125,78.171875,81.0625,80.640625
2014-07-02,54.59375,53.09375,83.28125,153.34375,162.828125,127.703125,131.625,142.6875,119.8125,97.5,88.859375,105.875,108.953125,108.640625,145.6875,166.15625,136.21875,102.453125,86.359375,78.65625,69.484375,64.84375,67.03125,78.28125,83.46875,77.03125,78.171875,81.0625,80.640625,95.0
2014-07-03,53.09375,83.28125,153.34375,162.828125,127.703125,131.625,142.6875,119.8125,97.5,88.859375,105.875,108.953125,108.640625,145.6875,166.15625,136.21875,102.453125,86.359375,78.65625,69.484375,64.84375,67.03125,78.28125,83.46875,77.03125,78.171875,81.0625,80.640625,95.0,115.484375
2014-07-04,59.15625,63.6875,73.96875,112.984375,164.890625,166.859375,135.84375,102.671875,84.90625,82.03125,79.125,69.4375,70.328125,78.53125,82.890625,92.640625,150.546875,174.296875,147.203125,178.546875,285.25,318.1875,276.0,218.03125,309.71875,387.0,335.125,361.609375,600.0625,510.75
2014-07-05,63.6875,73.96875,112.984375,164.890625,166.859375,135.84375,102.671875,84.90625,82.03125,79.125,69.4375,70.328125,78.53125,82.890625,92.640625,150.546875,174.296875,147.203125,178.546875,285.25,318.1875,276.0,218.03125,309.71875,387.0,335.125,361.609375,600.0625,510.75,327.71875
2014-07-06,73.96875,112.984375,164.890625,166.859375,135.84375,102.671875,84.90625,82.03125,79.125,69.4375,70.328125,78.53125,82.890625,92.640625,150.546875,174.296875,147.203125,178.546875,285.25,318.1875,276.0,218.03125,309.71875,387.0,335.125,361.609375,600.0625,510.75,327.71875,235.625
2014-07-07,112.984375,164.890625,166.859375,135.84375,102.671875,84.90625,82.03125,79.125,69.4375,70.328125,78.53125,82.890625,92.640625,150.546875,174.296875,147.203125,178.546875,285.25,318.1875,276.0,218.03125,309.71875,387.0,335.125,361.609375,600.0625,510.75,327.71875,235.625,195.609375
2014-07-08,182.375,283.140625,235.5,176.609375,146.5625,121.0625,108.984375,115.03125,122.390625,115.984375,127.875,175.59375,168.9375,125.59375,101.140625,92.953125,103.109375,169.734375,370.71875,431.96875,413.09375,391.78125,308.953125,234.375,253.734375,274.0,253.234375,222.25,193.28125,167.90625
2014-07-09,283.140625,235.5,176.609375,146.5625,121.0625,108.984375,115.03125,122.390625,115.984375,127.875,175.59375,168.9375,125.59375,101.140625,92.953125,103.109375,169.734375,370.71875,431.96875,413.09375,391.78125,308.953125,234.375,253.734375,274.0,253.234375,222.25,193.28125,167.90625,143.984375
2014-07-10,235.5,176.609375,146.5625,121.0625,108.984375,115.03125,122.390625,115.984375,127.875,175.59375,168.9375,125.59375,101.140625,92.953125,103.109375,169.734375,370.71875,431.96875,413.09375,391.78125,308.953125,234.375,253.734375,274.0,253.234375,222.25,193.28125,167.90625,143.984375,141.015625
2014-07-11,149.1875,119.640625,143.703125,152.828125,173.1875,159.1875,145.75,169.03125,179.359375,178.703125,155.8125,128.015625,108.21875,105.234375,108.5,107.03125,104.484375,102.984375,106.703125,116.21875,110.578125,106.40625,107.09375,116.71875,118.453125,111.46875,148.03125,194.953125,232.125,223.46875
2014-07-12,119.640625,143.703125,152.828125,173.1875,159.1875,145.75,169.03125,179.359375,178.703125,155.8125,128.015625,108.21875,105.234375,108.5,107.03125,104.484375,102.984375,106.703125,116.21875,110.578125,106.40625,107.09375,116.71875,118.453125,111.46875,148.03125,194.953125,232.125,223.46875,183.578125
2014-07-13,143.703125,152.828125,173.1875,159.1875,145.75,169.03125,179.359375,178.703125,155.8125,128.015625,108.21875,105.234375,108.5,107.03125,104.484375,102.984375,106.703125,116.21875,110.578125,106.40625,107.09375,116.71875,118.453125,111.46875,148.03125,194.953125,232.125,223.46875,183.578125,145.84375
2014-07-14,152.828125,173.1875,159.1875,145.75,169.03125,179.359375,178.703125,155.8125,128.015625,108.21875,105.234375,108.5,107.03125,104.484375,102.984375,106.703125,116.21875,110.578125,106.40625,107.09375,116.71875,118.453125,111.46875,148.03125,194.953125,232.125,223.46875,183.578125,145.84375,116.265625
2014-07-15,133.21875,133.359375,129.328125,149.421875,143.078125,108.453125,88.75,82.03125,76.5625,79.359375,96.28125,134.6875,153.484375,161.15625,160.1875,198.3125,233.046875,184.734375,124.703125,111.546875,108.171875,89.265625,80.03125,76.9375,69.40625,76.5625,90.4375,88.046875,86.921875,84.515625
2014-07-16,133.359375,129.328125,149.421875,143.078125,108.453125,88.75,82.03125,76.5625,79.359375,96.28125,134.6875,153.484375,161.15625,160.1875,198.3125,233.046875,184.734375,124.703125,111.546875,108.171875,89.265625,80.03125,76.9375,69.40625,76.5625,90.4375,88.046875,86.921875,84.515625,100.890625
2014-07-17,129.328125,149.421875,143.078125,108.453125,88.75,82.03125,76.5625,79.359375,96.28125,134.6875,153.484375,161.15625,160.1875,198.3125,233.046875,184.734375,124.703125,111.546875,108.171875,89.265625,80.03125,76.9375,69.40625,76.5625,90.4375,88.046875,86.921875,84.515625,100.890625,144.1875
2014-07-18,149.578125,142.9375,110.75,96.65625,102.109375,112.15625,112.453125,111.109375,101.203125,98.578125,108.484375,123.9375,123.875,113.5,107.296875,94.28125,97.96875,98.34375,82.515625,74.28125,75.125,87.671875,88.734375,78.234375,78.265625,75.65625,76.9375,89.734375,107.90625,116.640625
2014-07-19,142.9375,110.75,96.65625,102.109375,112.15625,112.453125,111.109375,101.203125,98.578125,108.484375,123.9375,123.875,113.5,107.296875,94.28125,97.96875,98.34375,82.515625,74.28125,75.125,87.671875,88.734375,78.234375,78.265625,75.65625,76.9375,89.734375,107.90625,116.640625,101.59375
2014-07-20,110.75,96.65625,102.109375,112.15625,112.453125,111.109375,101.203125,98.578125,108.484375,123.9375,123.875,113.5,107.296875,94.28125,97.96875,98.34375,82.515625,74.28125,75.125,87.671875,88.734375,78.234375,78.265625,75.65625,76.9375,89.734375,107.90625,116.640625,101.59375,88.078125
2014-07-21,96.65625,102.109375,112.15625,112.453125,111.109375,101.203125,98.578125,108.484375,123.9375,123.875,113.5,107.296875,94.28125,97.96875,98.34375,82.515625,74.28125,75.125,87.671875,88.734375,78.234375,78.265625,75.65625,76.9375,89.734375,107.90625,116.640625,101.59375,88.078125,83.125
2014-07-22,171.03125,201.609375,174.671875,151.109375,134.9375,124.09375,115.15625,105.59375,102.671875,167.65625,205.265625,187.21875,161.6875,129.921875,97.09375,79.9375,87.625,89.953125,79.9375,82.03125,110.0625,122.703125,105.4375,94.8125,98.703125,121.0,128.203125,126.5,118.765625,94.75
2014-07-23,201.609375,174.671875,151.109375,134.9375,124.09375,115.15625,105.59375,102.671875,167.65625,205.265625,187.21875,161.6875,129.921875,97.09375,79.9375,87.625,89.953125,79.9375,82.03125,110.0625,122.703125,105.4375,94.8125,98.703125,121.0,128.203125,126.5,118.765625,94.75,80.328125
2014-07-24,174.671875,151.109375,134.9375,124.09375,115.15625,105.59375,102.671875,167.65625,205.265625,187.21875,161.6875,129.921875,97.09375,79.9375,87.625,89.953125,79.9375,82.03125,110.0625,122.703125,105.4375,94.8125,98.703125,121.0,128.203125,126.5,118.765625,94.75,80.328125,114.953125
2014-07-25,133.34375,135.515625,135.3125,123.65625,116.34375,108.84375,102.453125,103.5,98.28125,87.90625,91.40625,94.609375,89.890625,79.78125,63.109375,50.328125,53.484375,70.0625,74.1875,77.84375,83.078125,72.0,98.578125,148.1875,149.484375,144.765625,134.21875,178.515625,220.53125,176.828125
2014-07-26,135.515625,135.3125,123.65625,116.34375,108.84375,102.453125,103.5,98.28125,87.90625,91.40625,94.609375,89.890625,79.78125,63.109375,50.328125,53.484375,70.0625,74.1875,77.84375,83.078125,72.0,98.578125,148.1875,149.484375,144.765625,134.21875,178.515625,220.53125,176.828125,117.8125
2014-07-27,135.3125,123.65625,116.34375,108.84375,102.453125,103.5,98.28125,87.90625,91.40625,94.609375,89.890625,79.78125,63.109375,50.328125,53.484375,70.0625,74.1875,77.84375,83.078125,72.0,98.578125,148.1875,149.484375,144.765625,134.21875,178.515625,220.53125,176.828125,117.8125,80.96875
2014-07-28,123.65625,116.34375,108.84375,102.453125,103.5,98.28125,87.90625,91.40625,94.609375,89.890625,79.78125,63.109375,50.328125,53.484375,70.0625,74.1875,77.84375,83.078125,72.0,98.578125,148.1875,149.484375,144.765625,134.21875,178.515625,220.53125,176.828125,117.8125,80.96875,62.140625
2014-07-29,135.578125,133.515625,136.140625,139.6875,150.21875,134.078125,254.984375,409.71875,361.46875,241.921875,164.265625,126.71875,109.015625,111.953125,130.875,139.359375,147.953125,140.4375,127.40625,115.0,100.6875,93.46875,91.765625,86.828125,89.71875,183.984375,320.59375,286.625,199.90625,171.8125
2014-07-30,133.515625,136.140625,139.6875,150.21875,134.078125,254.984375,409.71875,361.46875,241.921875,164.265625,126.71875,109.015625,111.953125,130.875,139.359375,147.953125,140.4375,127.40625,115.0,100.6875,93.46875,91.765625,86.828125,89.71875,183.984375,320.59375,286.625,199.90625,171.8125,158.6875
2014-07-31,136.140625,139.6875,150.21875,134.078125,254.984375,409.71875,361.46875,241.921875,164.265625,126.71875,109.015625,111.953125,130.875,139.359375,147.953125,140.4375,127.40625,115.0,100.6875,93.46875,91.765625,86.828125,89.71875,183.984375,320.59375,286.625,199.90625,171.8125,158.6875,142.140625
2014-08-01,153.515625,127.359375,108.5625,96.984375,178.78125,395.09375,348.078125,222.296875,148.8125,120.3125,113.84375,100.765625,95.59375,97.40625,124.40625,178.734375,195.703125,175.109375,139.578125,121.640625,118.734375,106.390625,90.328125,78.5625,68.625,60.015625,60.203125,62.484375,70.0,82.03125
2014-08-02,127.359375,108.5625,96.984375,178.78125,395.09375,348.078125,222.296875,148.8125,120.3125,113.84375,100.765625,95.59375,97.40625,124.40625,178.734375,195.703125,175.109375,139.578125,121.640625,118.734375,106.390625,90.328125,78.5625,68.625,60.015625,60.203125,62.484375,70.0,82.03125,97.265625
2014-08-03,108.5625,96.984375,178.78125,395.09375,348.078125,222.296875,148.8125,120.3125,113.84375,100.765625,95.59375,97.40625,124.40625,178.734375,195.703125,175.109375,139.578125,121.640625,118.734375,106.390625,90.328125,78.5625,68.625,60.015625,60.203125,62.484375,70.0,82.03125,97.265625,140.546875
2014-08-04,96.984375,178.78125,395.09375,348.078125,222.296875,148.8125,120.3125,113.84375,100.765625,95.59375,97.40625,124.40625,178.734375,195.703125,175.109375,139.578125,121.640625,118.734375,106.390625,90.328125,78.5625,68.625,60.015625,60.203125,62.484375,70.0,82.03125,97.265625,140.546875,132.578125
2014-08-05,262.234375,317.90625,243.78125,175.4375,135.515625,115.703125,110.25,100.1875,88.375,83.75,82.40625,127.75,148.28125,118.34375,99.140625,89.234375,80.65625,73.5,74.078125,99.40625,128.765625,166.171875,189.40625,155.4375,114.0,91.734375,72.4375,84.328125,125.328125,136.609375
2014-08-06,317.90625,243.78125,175.4375,135.515625,115.703125,110.25,100.1875,88.375,83.75,82.40625,127.75,148.28125,118.34375,99.140625,89.234375,80.65625,73.5,74.078125,99.40625,128.765625,166.171875,189.40625,155.4375,114.0,91.734375,72.4375,84.328125,125.328125,136.609375,120.8125
2014-08-07,243.78125,175.4375,135.515625,115.703125,110.25,100.1875,88.375,83.75,82.40625,127.75,148.28125,118.34375,99.140625,89.234375,80.65625,73.5,74.078125,99.40625,128.765625,166.171875,189.40625,155.4375,114.0,91.734375,72.4375,84.328125,125.328125,136.609375,120.8125,108.515625
2014-08-08,152.203125,113.453125,99.71875,92.625,89.109375,83.15625,73.796875,66.5625,61.328125,59.875,57.5,55.9375,65.65625,78.03125,89.109375,97.6875,97.796875,94.390625,86.40625,86.4375,107.796875,128.828125,120.515625,104.671875,101.65625,111.078125,134.4375,135.984375,125.171875,145.25
2014-08-09,113.453125,99.71875,92.625,89.109375,83.15625,73.796875,66.5625,61.328125,59.875,57.5,55.9375,65.65625,78.03125,89.109375,97.6875,97.796875,94.390625,86.40625,86.4375,107.796875,128.828125,120.515625,104.671875,101.65625,111.078125,134.4375,135.984375,125.171875,145.25,138.21875
2014-08-10,99.71875,92.625,89.109375,83.15625,73.796875,66.5625,61.328125,59.875,57.5,55.9375,65.65625,78.03125,89.109375,97.6875,97.796875,94.390625,86.40625,86.4375,107.796875,128.828125,120.515625,104.671875,101.65625,111.078125,134.4375,135.984375,125.171875,145.25,138.21875,98.296875
2014-08-11,92.625,89.109375,83.15625,73.796875,66.5625,61.328125,59.875,57.5,55.9375,65.65625,78.03125,89.109375,97.6875,97.796875,94.390625,86.40625,86.4375,107.796875,128.828125,120.515625,104.671875,101.65625,111.078125,134.4375,135.984375,125.171875,145.25,138.21875,98.296875,70.171875
2014-08-12,85.046875,79.78125,86.578125,105.84375,123.5625,121.4375,111.234375,108.046875,116.609375,108.640625,96.6875,92.359375,84.015625,80.015625,93.953125,109.609375,118.59375,119.1875,116.953125,122.03125,127.71875,142.609375,156.640625,133.0,104.640625,90.15625,87.0,93.203125,169.015625,208.0
2014-08-13,79.78125,86.578125,105.84375,123.5625,121.4375,111.234375,108.046875,116.609375,108.640625,96.6875,92.359375,84.015625,80.015625,93.953125,109.609375,118.59375,119.1875,116.953125,122.03125,127.71875,142.609375,156.640625,133.0,104.640625,90.15625,87.0,93.203125,169.015625,208.0,153.515625
2014-08-14,86.578125,105.84375,123.5625,121.4375,111.234375,108.046875,116.609375,108.640625,96.6875,92.359375,84.015625,80.015625,93.953125,109.609375,118.59375,119.1875,116.953125,122.03125,127.71875,142.609375,156.640625,133.0,104.640625,90.15625,87.0,93.203125,169.015625,208.0,153.515625,102.65625
2014-08-15,87.3125,96.390625,94.375,88.703125,94.25,116.28125,114.4375,107.71875,101.9375,100.1875,94.34375,82.703125,122.15625,181.078125,161.765625,147.921875,153.5625,163.0,157.546875,141.6875,142.34375,173.375,161.71875,123.25,95.59375,79.859375,69.6875,58.015625,54.96875,91.984375
2014-08-16,96.390625,94.375,88.703125,94.25,116.28125,114.4375,107.71875,101.9375,100.1875,94.34375,82.703125,122.15625,181.078125,161.765625,147.921875,153.5625,163.0,157.546875,141.6875,142.34375,173.375,161.71875,123.25,95.59375,79.859375,69.6875,58.015625,54.96875,91.984375,115.84375
2014-08-17,94.375,88.703125,94.25,116.28125,114.4375,107.71875,101.9375,100.1875,94.34375,82.703125,122.15625,181.078125,161.765625,147.921875,153.5625,163.0,157.546875,141.6875,142.34375,173.375,161.71875,123.25,95.59375,79.859375,69.6875,58.015625,54.96875,91.984375,115.84375,95.609375
2014-08-18,88.703125,94.25,116.28125,114.4375,107.71875,101.9375,100.1875,94.34375,82.703125,122.15625,181.078125,161.765625,147.921875,153.5625,163.0,157.546875,141.6875,142.34375,173.375,161.71875,123.25,95.59375,79.859375,69.6875,58.015625,54.96875,91.984375,115.84375,95.609375,85.703125
2014-08-19,119.421875,113.0,103.125,99.5,100.6875,98.171875,92.421875,88.46875,79.28125,108.375,134.359375,144.40625,139.53125,122.6875,104.578125,110.640625,129.640625,155.75,135.578125,90.765625,64.421875,56.53125,67.671875,81.4375,95.359375,92.2265625,70.671875,59.4921875,69.8984375,103.3203125
2014-08-20,113.0,103.125,99.5,100.6875,98.171875,92.421875,88.46875,79.28125,108.375,134.359375,144.40625,139.53125,122.6875,104.578125,110.640625,129.640625,155.75,135.578125,90.765625,64.421875,56.53125,67.671875,81.4375,95.359375,92.2265625,70.671875,59.4921875,69.8984375,103.3203125,120.359375
2014-08-21,103.125,99.5,100.6875,98.171875,92.421875,88.46875,79.28125,108.375,134.359375,144.40625,139.53125,122.6875,104.578125,110.640625,129.640625,155.75,135.578125,90.765625,64.421875,56.53125,67.671875,81.4375,95.359375,92.2265625,70.671875,59.4921875,69.8984375,103.3203125,120.359375,126.265625
2014-08-22,110.65625,150.34375,156.1875,130.421875,133.140625,138.046875,178.515625,184.203125,190.21875,170.84375,136.75,132.640625,131.375,116.9375,96.890625,82.546875,79.90625,73.203125,60.515625,54.53125,55.171875,62.078125,93.359375,114.7734375,110.6796875,149.671875,143.296875,101.125,166.5234375,188.609375
2014-08-23,150.34375,156.1875,130.421875,133.140625,138.046875,178.515625,184.203125,190.21875,170.84375,136.75,132.640625,131.375,116.9375,96.890625,82.546875,79.90625,73.203125,60.515625,54.53125,55.171875,62.078125,93.359375,114.7734375,110.6796875,149.671875,143.296875,101.125,166.5234375,188.609375,138.578125
2014-08-24,156.1875,130.421875,133.140625,138.046875,178.515625,184.203125,190.21875,170.84375,136.75,132.640625,131.375,116.9375,96.890625,82.546875,79.90625,73.203125,60.515625,54.53125,55.171875,62.078125,93.359375,114.7734375,110.6796875,149.671875,143.296875,101.125,166.5234375,188.609375,138.578125,111.65625
2014-08-25,130.421875,133.140625,138.046875,178.515625,184.203125,190.21875,170.84375,136.75,132.640625,131.375,116.9375,96.890625,82.546875,79.90625,73.203125,60.515625,54.53125,55.171875,62.078125,93.359375,114.7734375,110.6796875,149.671875,143.296875,101.125,166.5234375,188.609375,138.578125,111.65625,95.9609375
2014-08-26,203.5625,171.765625,142.796875,117.984375,101.8125,95.953125,108.40625,119.375,104.765625,93.0625,121.984375,139.328125,124.890625,121.5,108.859375,109.359375,121.984375,115.921875,106.4765625,104.078125,98.515625,92.84375,107.84375,116.5390625,151.953125,186.7578125,161.8984375,131.7734375,138.15625,188.2734375
2014-08-27,171.765625,142.796875,117.984375,101.8125,95.953125,108.40625,119.375,104.765625,93.0625,121.984375,139.328125,124.890625,121.5,108.859375,109.359375,121.984375,115.921875,106.4765625,104.078125,98.515625,92.84375,107.84375,116.5390625,151.953125,186.7578125,161.8984375,131.7734375,138.15625,188.2734375,216.2734375
2014-08-28,142.796875,117.984375,101.8125,95.953125,108.40625,119.375,104.765625,93.0625,121.984375,139.328125,124.890625,121.5,108.859375,109.359375,121.984375,115.921875,106.4765625,104.078125,98.515625,92.84375,107.84375,116.5390625,151.953125,186.7578125,161.8984375,131.7734375,138.15625,188.2734375,216.2734375,206.9609375
2014-08-29,177.171875,144.875,154.671875,169.453125,135.5625,99.578125,79.8125,77.28125,86.0,94.28125,84.34375,67.4375,72.015625,82.859375,126.671875,137.21875,146.4375,162.078125,146.6796875,134.1640625,153.0546875,162.8515625,158.7265625,165.125,170.9453125,164.34375,145.65625,131.140625,130.3984375,137.3359375
2014-08-30,144.875,154.671875,169.453125,135.5625,99.578125,79.8125,77.28125,86.0,94.28125,84.34375,67.4375,72.015625,82.859375,126.671875,137.21875,146.4375,162.078125,146.6796875,134.1640625,153.0546875,162.8515625,158.7265625,165.125,170.9453125,164.34375,145.65625,131.140625,130.3984375,137.3359375,146.28125
2014-08-31,154.671875,169.453125,135.5625,99.578125,79.8125,77.28125,86.0,94.28125,84.34375,67.4375,72.015625,82.859375,126.671875,137.21875,146.4375,162.078125,146.6796875,134.1640625,153.0546875,162.8515625,158.7265625,165.125,170.9453125,164.34375,145.65625,131.140625,130.3984375,137.3359375,146.28125,230.2734375
2014-09-01,169.453125,135.5625,99.578125,79.8125,77.28125,86.0,94.28125,84.34375,67.4375,72.015625,82.859375,126.671875,137.21875,146.4375,162.078125,146.6796875,134.1640625,153.0546875,162.8515625,158.7265625,165.125,170.9453125,164.34375,145.65625,131.140625,130.3984375,137.3359375,146.28125,230.2734375,274.25
2014-09-02,142.921875,107.8125,79.46875,75.765625,106.984375,115.1875,89.21875,69.046875,66.109375,83.375,102.109375,137.328125,201.0625,263.6171875,244.34375,246.9296875,225.1953125,158.6875,109.5859375,82.1796875,74.8125,87.7890625,100.4765625,94.3203125,78.140625,75.015625,89.8203125,90.734375,75.1875,60.265625
2014-09-03,107.8125,79.46875,75.765625,106.984375,115.1875,89.21875,69.046875,66.109375,83.375,102.109375,137.328125,201.0625,263.6171875,244.34375,246.9296875,225.1953125,158.6875,109.5859375,82.1796875,74.8125,87.7890625,100.4765625,94.3203125,78.140625,75.015625,89.8203125,90.734375,75.1875,60.265625,47.984375
2014-09-04,79.46875,75.765625,106.984375,115.1875,89.21875,69.046875,66.109375,83.375,102.109375,137.328125,201.0625,263.6171875,244.34375,246.9296875,225.1953125,158.6875,109.5859375,82.1796875,74.8125,87.7890625,100.4765625,94.3203125,78.140625,75.015625,89.8203125,90.734375,75.1875,60.265625,47.984375,40.2265625
2014-09-05,154.421875,200.515625,173.5,141.21875,110.765625,96.0625,99.15625,97.453125,97.0859375,99.03125,95.4375,89.0234375,77.84375,82.78125,150.8203125,228.125,211.3125,152.765625,125.4765625,106.6640625,102.8671875,139.28125,183.453125,181.78125,147.1875,147.296875,156.546875,126.3359375,91.953125,73.1484375
2014-09-06,200.515625,173.5,141.21875,110.765625,96.0625,99.15625,97.453125,97.0859375,99.03125,95.4375,89.0234375,77.84375,82.78125,150.8203125,228.125,211.3125,152.765625,125.4765625,106.6640625,102.8671875,139.28125,183.453125,181.78125,147.1875,147.296875,156.546875,126.3359375,91.953125,73.1484375,105.828125
2014-09-07,173.5,141.21875,110.765625,96.0625,99.15625,97.453125,97.0859375,99.03125,95.4375,89.0234375,77.84375,82.78125,150.8203125,228.125,211.3125,152.765625,125.4765625,106.6640625,102.8671875,139.28125,183.453125,181.78125,147.1875,147.296875,156.546875,126.3359375,91.953125,73.1484375,105.828125,131.2578125
2014-09-08,141.21875,110.765625,96.0625,99.15625,97.453125,97.0859375,99.03125,95.4375,89.0234375,77.84375,82.78125,150.8203125,228.125,211.3125,152.765625,125.4765625,106.6640625,102.8671875,139.28125,183.453125,181.78125,147.1875,147.296875,156.546875,126.3359375,91.953125,73.1484375,105.828125,131.2578125,111.515625
2014-09-09,157.046875,139.453125,119.0,108.421875,97.9375,86.9609375,88.640625,468.8203125,482.4453125,340.265625,239.5703125,187.28125,158.3515625,143.390625,127.4140625,112.5703125,124.640625,125.421875,110.6640625,138.5,201.375,226.7109375,193.359375,161.2265625,166.4609375,176.828125,141.890625,97.8828125,73.8671875,69.421875
2014-09-10,139.453125,119.0,108.421875,97.9375,86.9609375,88.640625,468.8203125,482.4453125,340.265625,239.5703125,187.28125,158.3515625,143.390625,127.4140625,112.5703125,124.640625,125.421875,110.6640625,138.5,201.375,226.7109375,193.359375,161.2265625,166.4609375,176.828125,141.890625,97.8828125,73.8671875,69.421875,98.765625
2014-09-11,119.0,108.421875,97.9375,86.9609375,88.640625,468.8203125,482.4453125,340.265625,239.5703125,187.28125,158.3515625,143.390625,127.4140625,112.5703125,124.640625,125.421875,110.6640625,138.5,201.375,226.7109375,193.359375,161.2265625,166.4609375,176.828125,141.890625,97.8828125,73.8671875,69.421875,98.765625,106.3046875
2014-09-12,135.328125,123.4296875,115.9609375,111.015625,114.8671875,119.609375,111.8984375,97.84375,97.234375,121.8515625,129.1328125,123.7265625,115.4609375,120.7890625,123.6640625,109.1484375,87.4765625,82.5234375,107.484375,123.6171875,135.890625,221.5234375,302.6171875,286.65625,238.515625,286.6171875,246.6484375,157.6953125,121.359375,101.7109375
2014-09-13,123.4296875,115.9609375,111.015625,114.8671875,119.609375,111.8984375,97.84375,97.234375,121.8515625,129.1328125,123.7265625,115.4609375,120.7890625,123.6640625,109.1484375,87.4765625,82.5234375,107.484375,123.6171875,135.890625,221.5234375,302.6171875,286.65625,238.515625,286.6171875,246.6484375,157.6953125,121.359375,101.7109375,78.0703125
2014-09-14,115.9609375,111.015625,114.8671875,119.609375,111.8984375,97.84375,97.234375,121.8515625,129.1328125,123.7265625,115.4609375,120.7890625,123.6640625,109.1484375,87.4765625,82.5234375,107.484375,123.6171875,135.890625,221.5234375,302.6171875,286.65625,238.515625,286.6171875,246.6484375,157.6953125,121.359375,101.7109375,78.0703125,60.9921875
2014-09-15,111.015625,114.8671875,119.609375,111.8984375,97.84375,97.234375,121.8515625,129.1328125,123.7265625,115.4609375,120.7890625,123.6640625,109.1484375,87.4765625,82.5234375,107.484375,123.6171875,135.890625,221.5234375,302.6171875,286.65625,238.515625,286.6171875,246.6484375,157.6953125,121.359375,101.7109375,78.0703125,60.9921875,51.9140625
2014-09-16,148.6640625,318.609375,281.8046875,191.046875,143.8046875,113.8203125,93.9609375,89.984375,93.4296875,131.0859375,138.3203125,109.6171875,93.2734375,91.859375,94.1015625,104.6796875,105.359375,119.40625,115.546875,106.0390625,139.453125,130.578125,189.7578125,259.8359375,236.703125,237.8828125,200.8125,157.765625,190.5703125,206.9140625
2014-09-17,318.609375,281.8046875,191.046875,143.8046875,113.8203125,93.9609375,89.984375,93.4296875,131.0859375,138.3203125,109.6171875,93.2734375,91.859375,94.1015625,104.6796875,105.359375,119.40625,115.546875,106.0390625,139.453125,130.578125,189.7578125,259.8359375,236.703125,237.8828125,200.8125,157.765625,190.5703125,206.9140625,204.7109375
2014-09-18,281.8046875,191.046875,143.8046875,113.8203125,93.9609375,89.984375,93.4296875,131.0859375,138.3203125,109.6171875,93.2734375,91.859375,94.1015625,104.6796875,105.359375,119.40625,115.546875,106.0390625,139.453125,130.578125,189.7578125,259.8359375,236.703125,237.8828125,200.8125,157.765625,190.5703125,206.9140625,204.7109375,193.4765625
2014-09-19,115.1796875,100.796875,99.9765625,99.1875,90.0234375,81.34375,81.2109375,86.546875,82.4140625,104.734375,164.9765625,178.8359375,142.796875,113.3984375,110.84375,129.953125,192.3984375,237.5859375,235.171875,203.7578125,157.3203125,133.1171875,142.625,123.7890625,85.6171875,62.875,53.5546875,52.796875,50.9375,47.1171875
2014-09-20,100.796875,99.9765625,99.1875,90.0234375,81.34375,81.2109375,86.546875,82.4140625,104.734375,164.9765625,178.8359375,142.796875,113.3984375,110.84375,129.953125,192.3984375,237.5859375,235.171875,203.7578125,157.3203125,133.1171875,142.625,123.7890625,85.6171875,62.875,53.5546875,52.796875,50.9375,47.1171875,41.421875
2014-09-21,99.9765625,99.1875,90.0234375,81.34375,81.2109375,86.546875,82.4140625,104.734375,164.9765625,178.8359375,142.796875,113.3984375,110.84375,129.953125,192.3984375,237.5859375,235.171875,203.7578125,157.3203125,133.1171875,142.625,123.7890625,85.6171875,62.875,53.5546875,52.796875,50.9375,47.1171875,41.421875,55.1875
2014-09-22,99.1875,90.0234375,81.34375,81.2109375,86.546875,82.4140625,104.734375,164.9765625,178.8359375,142.796875,113.3984375,110.84375,129.953125,192.3984375,237.5859375,235.171875,203.7578125,157.3203125,133.1171875,142.625,123.7890625,85.6171875,62.875,53.5546875,52.796875,50.9375,47.1171875,41.421875,55.1875,79.796875
2014-09-23,78.28125,75.765625,71.1484375,74.09375,86.578125,89.796875,93.4296875,104.421875,108.4453125,104.8359375,95.59375,79.8125,68.390625,65.8984375,86.75,114.5078125,125.921875,111.4609375,96.5078125,100.078125,122.8046875,121.484375,90.0546875,64.6796875,51.265625,63.625,83.84375,72.7890625,52.03125,39.6484375
2014-09-24,75.765625,71.1484375,74.09375,86.578125,89.796875,93.4296875,104.421875,108.4453125,104.8359375,95.59375,79.8125,68.390625,65.8984375,86.75,114.5078125,125.921875,111.4609375,96.5078125,100.078125,122.8046875,121.484375,90.0546875,64.6796875,51.265625,63.625,83.84375,72.7890625,52.03125,39.6484375,40.6796875
2014-09-25,71.1484375,74.09375,86.578125,89.796875,93.4296875,104.421875,108.4453125,104.8359375,95.59375,79.8125,68.390625,65.8984375,86.75,114.5078125,125.921875,111.4609375,96.5078125,100.078125,122.8046875,121.484375,90.0546875,64.6796875,51.265625,63.625,83.84375,72.7890625,52.03125,39.6484375,40.6796875,52.0859375
2014-09-26,91.8046875,88.734375,103.0234375,127.0390625,158.390625,155.4921875,136.109375,126.984375,113.1171875,137.46875,222.0546875,275.7109375,327.3203125,260.1484375,341.3359375,422.3984375,355.7265625,232.921875,151.71875,113.25,91.7890625,92.671875,227.8359375,259.6875,176.40625,120.4140625,87.8125,79.3671875,74.96875,62.6875
2014-09-27,88.734375,103.0234375,127.0390625,158.390625,155.4921875,136.109375,126.984375,113.1171875,137.46875,222.0546875,275.7109375,327.3203125,260.1484375,341.3359375,422.3984375,355.7265625,232.921875,151.71875,113.25,91.7890625,92.671875,227.8359375,259.6875,176.40625,120.4140625,87.8125,79.3671875,74.96875,62.6875,52.5
2014-09-28,103.0234375,127.0390625,158.390625,155.4921875,136.109375,126.984375,113.1171875,137.46875,222.0546875,275.7109375,327.3203125,260.1484375,341.3359375,422.3984375,355.7265625,232.921875,151.71875,113.25,91.7890625,92.671875,227.8359375,259.6875,176.40625,120.4140625,87.8125,79.3671875,74.96875,62.6875,52.5,45.171875
2014-09-29,127.0390625,158.390625,155.4921875,136.109375,126.984375,113.1171875,137.46875,222.0546875,275.7109375,327.3203125,260.1484375,341.3359375,422.3984375,355.7265625,232.921875,151.71875,113.25,91.7890625,92.671875,227.8359375,259.6875,176.40625,120.4140625,87.8125,79.3671875,74.96875,62.6875,52.5,45.171875,74.1953125
2014-09-30,205.921875,184.890625,142.203125,128.1015625,130.5546875,127.9921875,134.03125,133.9140625,120.9375,112.265625,175.5,239.078125,239.671875,207.6328125,172.8203125,150.2265625,120.28125,97.5546875,97.6953125,111.203125,109.9296875,99.859375,97.5625,108.8515625,105.21875,90.6875,85.21875,97.1953125,95.0703125,68.2421875
2014-10-01,184.890625,142.203125,128.1015625,130.5546875,127.9921875,134.03125,133.9140625,120.9375,112.265625,175.5,239.078125,239.671875,207.6328125,172.8203125,150.2265625,120.28125,97.5546875,97.6953125,111.203125,109.9296875,99.859375,97.5625,108.8515625,105.21875,90.6875,85.21875,97.1953125,95.0703125,68.2421875,51.859375
2014-10-02,142.203125,128.1015625,130.5546875,127.9921875,134.03125,133.9140625,120.9375,112.265625,175.5,239.078125,239.671875,207.6328125,172.8203125,150.2265625,120.28125,97.5546875,97.6953125,111.203125,109.9296875,99.859375,97.5625,108.8515625,105.21875,90.6875,85.21875,97.1953125,95.0703125,68.2421875,51.859375,40.875
2014-10-03,171.8828125,150.734375,175.2578125,216.765625,183.4921875,126.140625,95.75,79.640625,65.2109375,56.9765625,55.015625,55.3125,57.0546875,53.3671875,47.203125,42.1875,37.484375,34.5,41.65625,57.5546875,63.1796875,66.7421875,63.8515625,56.4296875,45.84375,37.453125,31.75,26.546875,26.0703125,63.7421875
2014-10-04,150.734375,175.2578125,216.765625,183.4921875,126.140625,95.75,79.640625,65.2109375,56.9765625,55.015625,55.3125,57.0546875,53.3671875,47.203125,42.1875,37.484375,34.5,41.65625,57.5546875,63.1796875,66.7421875,63.8515625,56.4296875,45.84375,37.453125,31.75,26.546875,26.0703125,63.7421875,91.140625
2014-10-05,175.2578125,216.765625,183.4921875,126.140625,95.75,79.640625,65.2109375,56.9765625,55.015625,55.3125,57.0546875,53.3671875,47.203125,42.1875,37.484375,34.5,41.65625,57.5546875,63.1796875,66.7421875,63.8515625,56.4296875,45.84375,37.453125,31.75,26.546875,26.0703125,63.7421875,91.140625,122.921875
2014-10-06,216.765625,183.4921875,126.140625,95.75,79.640625,65.2109375,56.9765625,55.015625,55.3125,57.0546875,53.3671875,47.203125,42.1875,37.484375,34.5,41.65625,57.5546875,63.1796875,66.7421875,63.8515625,56.4296875,45.84375,37.453125,31.75,26.546875,26.0703125,63.7421875,91.140625,122.921875,172.96875
2014-10-07,284.5859375,233.7578125,199.046875,220.890625,222.6796875,193.2734375,166.96875,133.4375,99.375,78.5546875,65.9765625,60.890625,60.0703125,60.546875,73.1796875,88.328125,104.8828125,100.609375,88.90625,78.125,69.9296875,89.84375,120.6171875,396.28125,608.53125,441.4453125,274.4921875,180.1484375,130.8671875,104.8984375
2014-10-08,233.7578125,199.046875,220.890625,222.6796875,193.2734375,166.96875,133.4375,99.375,78.5546875,65.9765625,60.890625,60.0703125,60.546875,73.1796875,88.328125,104.8828125,100.609375,88.90625,78.125,69.9296875,89.84375,120.6171875,396.28125,608.53125,441.4453125,274.4921875,180.1484375,130.8671875,104.8984375,83.4140625
2014-10-09,199.046875,220.890625,222.6796875,193.2734375,166.96875,133.4375,99.375,78.5546875,65.9765625,60.890625,60.0703125,60.546875,73.1796875,88.328125,104.8828125,100.609375,88.90625,78.125,69.9296875,89.84375,120.6171875,396.28125,608.53125,441.4453125,274.4921875,180.1484375,130.8671875,104.8984375,83.4140625,68.1953125
2014-10-10,145.8359375,176.90625,165.53125,132.4453125,113.9765625,93.5703125,89.5390625,119.5234375,138.6484375,195.5703125,186.15625,131.734375,104.515625,97.0,107.1640625,115.0703125,120.828125,121.7265625,114.2265625,108.078125,97.640625,82.6875,92.25,99.7265625,89.4765625,77.4609375,63.1875,60.484375,59.25,50.2734375
2014-10-11,176.90625,165.53125,132.4453125,113.9765625,93.5703125,89.5390625,119.5234375,138.6484375,195.5703125,186.15625,131.734375,104.515625,97.0,107.1640625,115.0703125,120.828125,121.7265625,114.2265625,108.078125,97.640625,82.6875,92.25,99.7265625,89.4765625,77.4609375,63.1875,60.484375,59.25,50.2734375,40.515625
2014-10-12,165.53125,132.4453125,113.9765625,93.5703125,89.5390625,119.5234375,138.6484375,195.5703125,186.15625,131.734375,104.515625,97.0,107.1640625,115.0703125,120.828125,121.7265625,114.2265625,108.078125,97.640625,82.6875,92.25,99.7265625,89.4765625,77.4609375,63.1875,60.484375,59.25,50.2734375,40.515625,32.109375
2014-10-13,132.4453125,113.9765625,93.5703125,89.5390625,119.5234375,138.6484375,195.5703125,186.15625,131.734375,104.515625,97.0,107.1640625,115.0703125,120.828125,121.7265625,114.2265625,108.078125,97.640625,82.6875,92.25,99.7265625,89.4765625,77.4609375,63.1875,60.484375,59.25,50.2734375,40.515625,32.109375,26.4765625
2014-10-14,134.9921875,106.46875,83.0,78.671875,87.8671875,113.46875,138.5625,139.453125,138.6171875,138.3671875,120.609375,96.9921875,76.3203125,68.984375,76.5546875,95.4609375,107.21875,101.546875,107.421875,106.796875,105.9140625,112.8125,109.765625,88.6953125,61.34375,49.4765625,46.890625,57.6875,63.140625,47.8046875
2014-10-15,106.46875,83.0,78.671875,87.8671875,113.46875,138.5625,139.453125,138.6171875,138.3671875,120.609375,96.9921875,76.3203125,68.984375,76.5546875,95.4609375,107.21875,101.546875,107.421875,106.796875,105.9140625,112.8125,109.765625,88.6953125,61.34375,49.4765625,46.890625,57.6875,63.140625,47.8046875,35.0546875
2014-10-16,83.0,78.671875,87.8671875,113.46875,138.5625,139.453125,138.6171875,138.3671875,120.609375,96.9921875,76.3203125,68.984375,76.5546875,95.4609375,107.21875,101.546875,107.421875,106.796875,105.9140625,112.8125,109.765625,88.6953125,61.34375,49.4765625,46.890625,57.6875,63.140625,47.8046875,35.0546875,26.546875
2014-10-17,72.2578125,86.5625,105.65625,114.171875,113.984375,126.03125,143.203125,158.2265625,169.5390625,141.4765625,100.7421875,76.84375,73.875,104.2109375,183.5859375,170.7421875,119.0078125,83.421875,102.8359375,145.171875,188.125,180.90625,123.4609375,81.734375,60.3984375,52.8671875,47.8671875,41.6015625,45.9765625,98.703125
2014-10-18,86.5625,105.65625,114.171875,113.984375,126.03125,143.203125,158.2265625,169.5390625,141.4765625,100.7421875,76.84375,73.875,104.2109375,183.5859375,170.7421875,119.0078125,83.421875,102.8359375,145.171875,188.125,180.90625,123.4609375,81.734375,60.3984375,52.8671875,47.8671875,41.6015625,45.9765625,98.703125,137.4453125
2014-10-19,105.65625,114.171875,113.984375,126.03125,143.203125,158.2265625,169.5390625,141.4765625,100.7421875,76.84375,73.875,104.2109375,183.5859375,170.7421875,119.0078125,83.421875,102.8359375,145.171875,188.125,180.90625,123.4609375,81.734375,60.3984375,52.8671875,47.8671875,41.6015625,45.9765625,98.703125,137.4453125,107.59375
2014-10-20,114.171875,113.984375,126.03125,143.203125,158.2265625,169.5390625,141.4765625,100.7421875,76.84375,73.875,104.2109375,183.5859375,170.7421875,119.0078125,83.421875,102.8359375,145.171875,188.125,180.90625,123.4609375,81.734375,60.3984375,52.8671875,47.8671875,41.6015625,45.9765625,98.703125,137.4453125,107.59375,72.34375
2014-10-21,123.5703125,120.9375,127.9375,134.1875,125.21875,120.203125,112.84375,100.8671875,103.359375,118.1328125,104.0859375,74.5,69.5078125,83.375,99.1875,91.8984375,69.546875,76.6875,87.53125,71.171875,64.4140625,67.296875,62.4375,58.3046875,67.7578125,71.9296875,59.5078125,57.46875,59.0625,46.625
2014-10-22,120.9375,127.9375,134.1875,125.21875,120.203125,112.84375,100.8671875,103.359375,118.1328125,104.0859375,74.5,69.5078125,83.375,99.1875,91.8984375,69.546875,76.6875,87.53125,71.171875,64.4140625,67.296875,62.4375,58.3046875,67.7578125,71.9296875,59.5078125,57.46875,59.0625,46.625,36.2578125
2014-10-23,127.9375,134.1875,125.21875,120.203125,112.84375,100.8671875,103.359375,118.1328125,104.0859375,74.5,69.5078125,83.375,99.1875,91.8984375,69.546875,76.6875,87.53125,71.171875,64.4140625,67.296875,62.4375,58.3046875,67.7578125,71.9296875,59.5078125,57.46875,59.0625,46.625,36.2578125,30.96875
2014-10-24,124.6640625,173.96875,207.5078125,231.3359375,204.25,154.921875,146.125,128.03125,117.4921875,128.59375,128.1015625,213.546875,219.90625,154.8046875,139.4609375,164.4609375,181.5078125,147.5625,101.078125,81.8359375,75.375,63.21875,50.2421875,41.7109375,38.203125,36.984375,35.4140625,61.5,119.7578125,142.4921875
2014-10-25,173.96875,207.5078125,231.3359375,204.25,154.921875,146.125,128.03125,117.4921875,128.59375,128.1015625,213.546875,219.90625,154.8046875,139.4609375,164.4609375,181.5078125,147.5625,101.078125,81.8359375,75.375,63.21875,50.2421875,41.7109375,38.203125,36.984375,35.4140625,61.5,119.7578125,142.4921875,132.5546875
2014-10-26,207.5078125,231.3359375,204.25,154.921875,146.125,128.03125,117.4921875,128.59375,128.1015625,213.546875,219.90625,154.8046875,139.4609375,164.4609375,181.5078125,147.5625,101.078125,81.8359375,75.375,63.21875,50.2421875,41.7109375,38.203125,36.984375,35.4140625,61.5,119.7578125,142.4921875,132.5546875,101.5078125
2014-10-27,231.3359375,204.25,154.921875,146.125,128.03125,117.4921875,128.59375,128.1015625,213.546875,219.90625,154.8046875,139.4609375,164.4609375,181.5078125,147.5625,101.078125,81.8359375,75.375,63.21875,50.2421875,41.7109375,38.203125,36.984375,35.4140625,61.5,119.7578125,142.4921875,132.5546875,101.5078125,68.9375
2014-10-28,155.875,159.3984375,130.3671875,127.0625,116.5390625,110.59375,126.7578125,121.46875,109.53125,116.6328125,118.3203125,95.6640625,68.3671875,51.8671875,41.8671875,34.9296875,37.3515625,44.3203125,46.9140625,62.734375,65.8125,49.2578125,37.3046875,29.171875,24.3125,23.5859375,22.6484375,26.234375,37.328125,39.5
2014-10-29,159.3984375,130.3671875,127.0625,116.5390625,110.59375,126.7578125,121.46875,109.53125,116.6328125,118.3203125,95.6640625,68.3671875,51.8671875,41.8671875,34.9296875,37.3515625,44.3203125,46.9140625,62.734375,65.8125,49.2578125,37.3046875,29.171875,24.3125,23.5859375,22.6484375,26.234375,37.328125,39.5,31.7578125
2014-10-30,130.3671875,127.0625,116.5390625,110.59375,126.7578125,121.46875,109.53125,116.6328125,118.3203125,95.6640625,68.3671875,51.8671875,41.8671875,34.9296875,37.3515625,44.3203125,46.9140625,62.734375,65.8125,49.2578125,37.3046875,29.171875,24.3125,23.5859375,22.6484375,26.234375,37.328125,39.5,31.7578125,24.4765625
2014-10-31,198.0,190.703125,152.5390625,124.2890625,110.5625,105.453125,122.84375,111.1171875,79.9765625,67.0390625,61.296875,51.1015625,43.84375,38.6875,44.3515625,59.03125,58.6484375,47.53125,38.109375,31.2734375,26.8828125,23.25,20.9375,20.65625,18.8828125,16.546875,14.546875,12.984375,12.296875,18.921875
2014-11-01,190.703125,152.5390625,124.2890625,110.5625,105.453125,122.84375,111.1171875,79.9765625,67.0390625,61.296875,51.1015625,43.84375,38.6875,44.3515625,59.03125,58.6484375,47.53125,38.109375,31.2734375,26.8828125,23.25,20.9375,20.65625,18.8828125,16.546875,14.546875,12.984375,12.296875,18.921875,28.0859375
2014-11-02,152.5390625,124.2890625,110.5625,105.453125,122.84375,111.1171875,79.9765625,67.0390625,61.296875,51.1015625,43.84375,38.6875,44.3515625,59.03125,58.6484375,47.53125,38.109375,31.2734375,26.8828125,23.25,20.9375,20.65625,18.8828125,16.546875,14.546875,12.984375,12.296875,18.921875,28.0859375,28.25
2014-11-03,124.2890625,110.5625,105.453125,122.84375,111.1171875,79.9765625,67.0390625,61.296875,51.1015625,43.84375,38.6875,44.3515625,59.03125,58.6484375,47.53125,38.109375,31.2734375,26.8828125,23.25,20.9375,20.65625,18.8828125,16.546875,14.546875,12.984375,12.296875,18.921875,28.0859375,28.25,26.0
2014-11-04,160.1875,111.5390625,89.625,93.1484375,137.2578125,157.5390625,145.234375,121.8671875,94.2578125,87.8984375,86.0859375,84.4921875,81.109375,88.75,94.1640625,82.8828125,118.5625,135.0859375,112.6875,115.875,116.421875,96.0859375,82.5,90.921875,83.890625,63.6640625,54.7421875,46.3359375,36.40625,29.375
2014-11-05,111.5390625,89.625,93.1484375,137.2578125,157.5390625,145.234375,121.8671875,94.2578125,87.8984375,86.0859375,84.4921875,81.109375,88.75,94.1640625,82.8828125,118.5625,135.0859375,112.6875,115.875,116.421875,96.0859375,82.5,90.921875,83.890625,63.6640625,54.7421875,46.3359375,36.40625,29.375,25.9296875
2014-11-06,89.625,93.1484375,137.2578125,157.5390625,145.234375,121.8671875,94.2578125,87.8984375,86.0859375,84.4921875,81.109375,88.75,94.1640625,82.8828125,118.5625,135.0859375,112.6875,115.875,116.421875,96.0859375,82.5,90.921875,83.890625,63.6640625,54.7421875,46.3359375,36.40625,29.375,25.9296875,24.578125
2014-11-07,174.46875,155.3203125,112.046875,87.7265625,71.7109375,61.453125,56.671875,51.578125,59.4296875,77.5078125,92.3515625,89.53125,72.625,67.34375,70.9296875,84.4921875,138.5546875,140.3671875,93.15625,65.71875,50.640625,39.2265625,38.5234375,44.25,39.515625,32.9765625,28.3203125,27.671875,35.9609375,43.390625
2014-11-08,155.3203125,112.046875,87.7265625,71.7109375,61.453125,56.671875,51.578125,59.4296875,77.5078125,92.3515625,89.53125,72.625,67.34375,70.9296875,84.4921875,138.5546875,140.3671875,93.15625,65.71875,50.640625,39.2265625,38.5234375,44.25,39.515625,32.9765625,28.3203125,27.671875,35.9609375,43.390625,42.15625
2014-11-09,112.046875,87.7265625,71.7109375,61.453125,56.671875,51.578125,59.4296875,77.5078125,92.3515625,89.53125,72.625,67.34375,70.9296875,84.4921875,138.5546875,140.3671875,93.15625,65.71875,50.640625,39.2265625,38.5234375,44.25,39.515625,32.9765625,28.3203125,27.671875,35.9609375,43.390625,42.15625,50.625
2014-11-10,87.7265625,71.7109375,61.453125,56.671875,51.578125,59.4296875,77.5078125,92.3515625,89.53125,72.625,67.34375,70.9296875,84.4921875,138.5546875,140.3671875,93.15625,65.71875,50.640625,39.2265625,38.5234375,44.25,39.515625,32.9765625,28.3203125,27.671875,35.9609375,43.390625,42.15625,50.625,63.46875
2014-11-11,71.59375,66.515625,63.046875,60.140625,57.296875,57.578125,60.0859375,67.9375,69.265625,58.3515625,53.03125,85.875,129.515625,120.7578125,104.78125,90.6640625,73.7890625,59.828125,47.2890625,40.9921875,45.2421875,52.046875,49.9140625,44.4765625,35.1484375,27.4375,22.0546875,18.234375,15.0234375,13.2578125
2014-11-12,66.515625,63.046875,60.140625,57.296875,57.578125,60.0859375,67.9375,69.265625,58.3515625,53.03125,85.875,129.515625,120.7578125,104.78125,90.6640625,73.7890625,59.828125,47.2890625,40.9921875,45.2421875,52.046875,49.9140625,44.4765625,35.1484375,27.4375,22.0546875,18.234375,15.0234375,13.2578125,14.203125
2014-11-13,63.046875,60.140625,57.296875,57.578125,60.0859375,67.9375,69.265625,58.3515625,53.03125,85.875,129.515625,120.7578125,104.78125,90.6640625,73.7890625,59.828125,47.2890625,40.9921875,45.2421875,52.046875,49.9140625,44.4765625,35.1484375,27.4375,22.0546875,18.234375,15.0234375,13.2578125,14.203125,17.671875
2014-11-14,52.375,90.734375,109.7734375,82.7890625,62.34375,50.421875,42.5859375,37.4453125,36.890625,40.6796875,43.6875,42.15625,37.0859375,31.6796875,27.6484375,24.890625,22.1875,19.5,17.1875,15.21875,13.75,12.6171875,11.65625,10.90625,10.171875,9.7421875,10.2734375,9.890625,10.9453125,13.53125
2014-11-15,90.734375,109.7734375,82.7890625,62.34375,50.421875,42.5859375,37.4453125,36.890625,40.6796875,43.6875,42.15625,37.0859375,31.6796875,27.6484375,24.890625,22.1875,19.5,17.1875,15.21875,13.75,12.6171875,11.65625,10.90625,10.171875,9.7421875,10.2734375,9.890625,10.9453125,13.53125,12.21875
2014-11-16,109.7734375,82.7890625,62.34375,50.421875,42.5859375,37.4453125,36.890625,40.6796875,43.6875,42.15625,37.0859375,31.6796875,27.6484375,24.890625,22.1875,19.5,17.1875,15.21875,13.75,12.6171875,11.65625,10.90625,10.171875,9.7421875,10.2734375,9.890625,10.9453125,13.53125,12.21875,10.390625
2014-11-17,82.7890625,62.34375,50.421875,42.5859375,37.4453125,36.890625,40.6796875,43.6875,42.15625,37.0859375,31.6796875,27.6484375,24.890625,22.1875,19.5,17.1875,15.21875,13.75,12.6171875,11.65625,10.90625,10.171875,9.7421875,10.2734375,9.890625,10.9453125,13.53125,12.21875,10.390625,9.609375
2014-11-18,41.796875,39.2109375,36.546875,34.0234375,39.015625,48.8515625,58.90625,103.03125,139.3046875,114.546875,76.25,55.375,43.546875,67.7578125,136.7265625,146.3671875,121.4765625,126.203125,112.6015625,75.1953125,50.71875,36.390625,27.5078125,21.9140625,21.0859375,42.0,91.1171875,97.5859375,70.5703125,53.2421875
2014-11-19,39.2109375,36.546875,34.0234375,39.015625,48.8515625,58.90625,103.03125,139.3046875,114.546875,76.25,55.375,43.546875,67.7578125,136.7265625,146.3671875,121.4765625,126.203125,112.6015625,75.1953125,50.71875,36.390625,27.5078125,21.9140625,21.0859375,42.0,91.1171875,97.5859375,70.5703125,53.2421875,43.5
2014-11-20,36.546875,34.0234375,39.015625,48.8515625,58.90625,103.03125,139.3046875,114.546875,76.25,55.375,43.546875,67.7578125,136.7265625,146.3671875,121.4765625,126.203125,112.6015625,75.1953125,50.71875,36.390625,27.5078125,21.9140625,21.0859375,42.0,91.1171875,97.5859375,70.5703125,53.2421875,43.5,44.2109375
2014-11-21,36.0,36.2109375,39.84375,49.234375,62.0625,73.5390625,101.0625,100.0703125,71.0546875,51.7578125,39.53125,31.7109375,27.1171875,24.3671875,23.046875,21.9609375,20.8359375,21.09375,28.5390625,34.9765625,45.5625,57.046875,52.1796875,38.5859375,27.6015625,20.4375,15.8515625,13.265625,11.2890625,9.65625
2014-11-22,36.2109375,39.84375,49.234375,62.0625,73.5390625,101.0625,100.0703125,71.0546875,51.7578125,39.53125,31.7109375,27.1171875,24.3671875,23.046875,21.9609375,20.8359375,21.09375,28.5390625,34.9765625,45.5625,57.046875,52.1796875,38.5859375,27.6015625,20.4375,15.8515625,13.265625,11.2890625,9.65625,8.9609375
2014-11-23,39.84375,49.234375,62.0625,73.5390625,101.0625,100.0703125,71.0546875,51.7578125,39.53125,31.7109375,27.1171875,24.3671875,23.046875,21.9609375,20.8359375,21.09375,28.5390625,34.9765625,45.5625,57.046875,52.1796875,38.5859375,27.6015625,20.4375,15.8515625,13.265625,11.2890625,9.65625,8.9609375,8.5625
2014-11-24,49.234375,62.0625,73.5390625,101.0625,100.0703125,71.0546875,51.7578125,39.53125,31.7109375,27.1171875,24.3671875,23.046875,21.9609375,20.8359375,21.09375,28.5390625,34.9765625,45.5625,57.046875,52.1796875,38.5859375,27.6015625,20.4375,15.8515625,13.265625,11.2890625,9.65625,8.9609375,8.5625,8.6953125
2014-11-25,52.40625,83.78125,92.3515625,97.515625,98.7578125,77.65625,58.2890625,48.5859375,99.3046875,115.984375,77.1875,52.9765625,40.0625,30.15625,25.1484375,24.21875,21.3359375,18.15625,15.4296875,12.84375,11.09375,9.828125,8.4375,7.765625,6.9140625,6.6484375,7.7109375,9.75,9.890625,9.03125
2014-11-26,83.78125,92.3515625,97.515625,98.7578125,77.65625,58.2890625,48.5859375,99.3046875,115.984375,77.1875,52.9765625,40.0625,30.15625,25.1484375,24.21875,21.3359375,18.15625,15.4296875,12.84375,11.09375,9.828125,8.4375,7.765625,6.9140625,6.6484375,7.7109375,9.75,9.890625,9.03125,8.6953125
2014-11-27,92.3515625,97.515625,98.7578125,77.65625,58.2890625,48.5859375,99.3046875,115.984375,77.1875,52.9765625,40.0625,30.15625,25.1484375,24.21875,21.3359375,18.15625,15.4296875,12.84375,11.09375,9.828125,8.4375,7.765625,6.9140625,6.6484375,7.7109375,9.75,9.890625,9.03125,8.6953125,9.8828125
2014-11-28,104.328125,78.2265625,70.2734375,72.9375,68.4765625,69.59375,73.09375,64.78125,52.3203125,41.671875,34.375,28.078125,23.3359375,19.9609375,17.4296875,15.1171875,13.640625,12.296875,10.765625,9.515625,8.4453125,7.6640625,6.9765625,6.1640625,5.390625,5.421875,6.796875,9.0,10.765625,10.09375
2014-11-29,78.2265625,70.2734375,72.9375,68.4765625,69.59375,73.09375,64.78125,52.3203125,41.671875,34.375,28.078125,23.3359375,19.9609375,17.4296875,15.1171875,13.640625,12.296875,10.765625,9.515625,8.4453125,7.6640625,6.9765625,6.1640625,5.390625,5.421875,6.796875,9.0,10.765625,10.09375,8.609375
2014-11-30,70.2734375,72.9375,68.4765625,69.59375,73.09375,64.78125,52.3203125,41.671875,34.375,28.078125,23.3359375,19.9609375,17.4296875,15.1171875,13.640625,12.296875,10.765625,9.515625,8.4453125,7.6640625,6.9765625,6.1640625,5.390625,5.421875,6.796875,9.0,10.765625,10.09375,8.609375,9.2734375
2014-12-01,72.9375,68.4765625,69.59375,73.09375,64.78125,52.3203125,41.671875,34.375,28.078125,23.3359375,19.9609375,17.4296875,15.1171875,13.640625,12.296875,10.765625,9.515625,8.4453125,7.6640625,6.9765625,6.1640625,5.390625,5.421875,6.796875,9.0,10.765625,10.09375,8.609375,9.2734375,11.9453125
2014-12-02,71.0625,75.421875,95.6953125,106.1875,102.3359375,94.8203125,76.0390625,53.1015625,38.4765625,29.6484375,23.8359375,20.171875,17.4765625,15.2421875,13.8359375,12.4765625,13.8984375,17.734375,17.0,14.6796875,12.96875,12.15625,11.265625,9.7734375,8.515625,7.5546875,6.7734375,5.7109375,5.9765625,6.140625
2014-12-03,75.421875,95.6953125,106.1875,102.3359375,94.8203125,76.0390625,53.1015625,38.4765625,29.6484375,23.8359375,20.171875,17.4765625,15.2421875,13.8359375,12.4765625,13.8984375,17.734375,17.0,14.6796875,12.96875,12.15625,11.265625,9.7734375,8.515625,7.5546875,6.7734375,5.7109375,5.9765625,6.140625,6.6875
2014-12-04,95.6953125,106.1875,102.3359375,94.8203125,76.0390625,53.1015625,38.4765625,29.6484375,23.8359375,20.171875,17.4765625,15.2421875,13.8359375,12.4765625,13.8984375,17.734375,17.0,14.6796875,12.96875,12.15625,11.265625,9.7734375,8.515625,7.5546875,6.7734375,5.7109375,5.9765625,6.140625,6.6875,8.0390625
2014-12-05,121.5,98.96875,77.1953125,55.359375,41.65625,32.8828125,26.6875,22.40625,19.1484375,16.953125,16.296875,14.71875,13.296875,11.765625,10.078125,13.90625,25.7265625,25.1015625,19.796875,17.296875,15.84375,15.9296875,19.6875,23.40625,23.0703125,20.8125,16.9375,13.6484375,11.2578125,9.5625
2014-12-06,98.96875,77.1953125,55.359375,41.65625,32.8828125,26.6875,22.40625,19.1484375,16.953125,16.296875,14.71875,13.296875,11.765625,10.078125,13.90625,25.7265625,25.1015625,19.796875,17.296875,15.84375,15.9296875,19.6875,23.40625,23.0703125,20.8125,16.9375,13.6484375,11.2578125,9.5625,8.7578125
2014-12-07,77.1953125,55.359375,41.65625,32.8828125,26.6875,22.40625,19.1484375,16.953125,16.296875,14.71875,13.296875,11.765625,10.078125,13.90625,25.7265625,25.1015625,19.796875,17.296875,15.84375,15.9296875,19.6875,23.40625,23.0703125,20.8125,16.9375,13.6484375,11.2578125,9.5625,8.7578125,9.421875
2014-12-08,55.359375,41.65625,32.8828125,26.6875,22.40625,19.1484375,16.953125,16.296875,14.71875,13.296875,11.765625,10.078125,13.90625,25.7265625,25.1015625,19.796875,17.296875,15.84375,15.9296875,19.6875,23.40625,23.0703125,20.8125,16.9375,13.6484375,11.2578125,9.5625,8.7578125,9.421875,10.140625
2014-12-09,43.125,34.546875,32.09375,34.6171875,31.21875,26.078125,26.2109375,31.1953125,28.2734375,22.859375,18.7890625,19.9375,35.0703125,44.8359375,39.484375,47.6875,61.1171875,53.9375,37.5703125,26.65625,19.2734375,14.8046875,12.046875,10.015625,8.5,7.484375,7.6875,8.0390625,7.6328125,6.984375
2014-12-10,34.546875,32.09375,34.6171875,31.21875,26.078125,26.2109375,31.1953125,28.2734375,22.859375,18.7890625,19.9375,35.0703125,44.8359375,39.484375,47.6875,61.1171875,53.9375,37.5703125,26.65625,19.2734375,14.8046875,12.046875,10.015625,8.5,7.484375,7.6875,8.0390625,7.6328125,6.984375,7.578125
2014-12-11,32.09375,34.6171875,31.21875,26.078125,26.2109375,31.1953125,28.2734375,22.859375,18.7890625,19.9375,35.0703125,44.8359375,39.484375,47.6875,61.1171875,53.9375,37.5703125,26.65625,19.2734375,14.8046875,12.046875,10.015625,8.5,7.484375,7.6875,8.0390625,7.6328125,6.984375,7.578125,9.1171875
2014-12-12,25.171875,22.6328125,20.4765625,18.3359375,18.484375,17.3671875,16.3203125,15.3125,14.015625,12.6171875,11.9609375,11.3125,9.96875,8.7734375,7.7421875,7.0625,9.1484375,18.171875,41.046875,83.75,85.6171875,60.0078125,43.421875,30.53125,22.109375,16.578125,12.8984375,10.5234375,9.1640625,13.078125
2014-12-13,22.6328125,20.4765625,18.3359375,18.484375,17.3671875,16.3203125,15.3125,14.015625,12.6171875,11.9609375,11.3125,9.96875,8.7734375,7.7421875,7.0625,9.1484375,18.171875,41.046875,83.75,85.6171875,60.0078125,43.421875,30.53125,22.109375,16.578125,12.8984375,10.5234375,9.1640625,13.078125,21.5234375
2014-12-14,20.4765625,18.3359375,18.484375,17.3671875,16.3203125,15.3125,14.015625,12.6171875,11.9609375,11.3125,9.96875,8.7734375,7.7421875,7.0625,9.1484375,18.171875,41.046875,83.75,85.6171875,60.0078125,43.421875,30.53125,22.109375,16.578125,12.8984375,10.5234375,9.1640625,13.078125,21.5234375,21.171875
2014-12-15,18.3359375,18.484375,17.3671875,16.3203125,15.3125,14.015625,12.6171875,11.9609375,11.3125,9.96875,8.7734375,7.7421875,7.0625,9.1484375,18.171875,41.046875,83.75,85.6171875,60.0078125,43.421875,30.53125,22.109375,16.578125,12.8984375,10.5234375,9.1640625,13.078125,21.5234375,21.171875,19.953125
2014-12-16,16.5,16.3125,15.09375,14.2265625,12.96875,12.265625,11.109375,10.046875,11.53125,12.421875,11.5625,12.5546875,12.28125,11.234375,9.765625,8.515625,9.1640625,25.046875,44.8515625,38.6796875,27.7734375,19.8671875,15.28125,12.078125,9.7109375,7.65625,10.84375,21.34375,22.921875,20.171875
2014-12-17,16.3125,15.09375,14.2265625,12.96875,12.265625,11.109375,10.046875,11.53125,12.421875,11.5625,12.5546875,12.28125,11.234375,9.765625,8.515625,9.1640625,25.046875,44.8515625,38.6796875,27.7734375,19.8671875,15.28125,12.078125,9.7109375,7.65625,10.84375,21.34375,22.921875,20.171875,17.21875
2014-12-18,15.09375,14.2265625,12.96875,12.265625,11.109375,10.046875,11.53125,12.421875,11.5625,12.5546875,12.28125,11.234375,9.765625,8.515625,9.1640625,25.046875,44.8515625,38.6796875,27.7734375,19.8671875,15.28125,12.078125,9.7109375,7.65625,10.84375,21.34375,22.921875,20.171875,17.21875,15.15625
2014-12-19,18.5703125,16.6640625,14.2265625,12.671875,13.6640625,82.8359375,142.09375,110.765625,94.75,77.5078125,50.9375,34.3671875,24.5546875,18.4765625,14.5859375,11.96875,9.9296875,8.9765625,8.5390625,8.0234375,7.34375,6.6484375,6.1796875,5.0234375,4.3125,4.234375,4.203125,4.296875,7.34375,12.671875
2014-12-20,16.6640625,14.2265625,12.671875,13.6640625,82.8359375,142.09375,110.765625,94.75,77.5078125,50.9375,34.3671875,24.5546875,18.4765625,14.5859375,11.96875,9.9296875,8.9765625,8.5390625,8.0234375,7.34375,6.6484375,6.1796875,5.0234375,4.3125,4.234375,4.203125,4.296875,7.34375,12.671875,12.765625
2014-12-21,14.2265625,12.671875,13.6640625,82.8359375,142.09375,110.765625,94.75,77.5078125,50.9375,34.3671875,24.5546875,18.4765625,14.5859375,11.96875,9.9296875,8.9765625,8.5390625,8.0234375,7.34375,6.6484375,6.1796875,5.0234375,4.3125,4.234375,4.203125,4.296875,7.34375,12.671875,12.765625,10.859375
2014-12-22,12.671875,13.6640625,82.8359375,142.09375,110.765625,94.75,77.5078125,50.9375,34.3671875,24.5546875,18.4765625,14.5859375,11.96875,9.9296875,8.9765625,8.5390625,8.0234375,7.34375,6.6484375,6.1796875,5.0234375,4.3125,4.234375,4.203125,4.296875,7.34375,12.671875,12.765625,10.859375,9.34375
2014-12-23,13.0078125,13.0625,13.3359375,17.6328125,28.5078125,28.703125,23.1875,18.140625,14.75,11.6171875,9.3828125,8.0546875,9.0625,15.890625,24.921875,23.9921875,19.03125,14.8515625,11.9375,9.5625,8.03125,6.578125,6.734375,15.4375,26.53125,26.765625,33.671875,48.90625,49.78125,36.109375
2014-12-24,13.0625,13.3359375,17.6328125,28.5078125,28.703125,23.1875,18.140625,14.75,11.6171875,9.3828125,8.0546875,9.0625,15.890625,24.921875,23.9921875,19.03125,14.8515625,11.9375,9.5625,8.03125,6.578125,6.734375,15.4375,26.53125,26.765625,33.671875,48.90625,49.78125,36.109375,25.296875
2014-12-25,13.3359375,17.6328125,28.5078125,28.703125,23.1875,18.140625,14.75,11.6171875,9.3828125,8.0546875,9.0625,15.890625,24.921875,23.9921875,19.03125,14.8515625,11.9375,9.5625,8.03125,6.578125,6.734375,15.4375,26.53125,26.765625,33.671875,48.90625,49.78125,36.109375,25.296875,18.9375
2014-12-26,16.9375,23.3828125,25.4140625,22.09375,17.7734375,13.796875,11.15625,19.1875,32.3515625,27.953125,21.171875,16.390625,13.734375,13.6484375,19.546875,27.46875,25.125,22.640625,20.953125,16.078125,12.34375,9.9375,7.90625,6.765625,6.0625,6.265625,8.078125,11.453125,15.046875,16.109375
2014-12-27,23.3828125,25.4140625,22.09375,17.7734375,13.796875,11.15625,19.1875,32.3515625,27.953125,21.171875,16.390625,13.734375,13.6484375,19.546875,27.46875,25.125,22.640625,20.953125,16.078125,12.34375,9.9375,7.90625,6.765625,6.0625,6.265625,8.078125,11.453125,15.046875,16.109375,14.546875
2014-12-28,25.4140625,22.09375,17.7734375,13.796875,11.15625,19.1875,32.3515625,27.953125,21.171875,16.390625,13.734375,13.6484375,19.546875,27.46875,25.125,22.640625,20.953125,16.078125,12.34375,9.9375,7.90625,6.765625,6.0625,6.265625,8.078125,11.453125,15.046875,16.109375,14.546875,11.640625
2014-12-29,22.09375,17.7734375,13.796875,11.15625,19.1875,32.3515625,27.953125,21.171875,16.390625,13.734375,13.6484375,19.546875,27.46875,25.125,22.640625,20.953125,16.078125,12.34375,9.9375,7.90625,6.765625,6.0625,6.265625,8.078125,11.453125,15.046875,16.109375,14.546875,11.640625,9.484375
2014-12-30,18.515625,15.2890625,12.375,10.3046875,8.6875,7.7578125,7.2421875,6.828125,7.984375,11.4453125,12.328125,10.7265625,8.40625,6.796875,6.046875,5.15625,4.921875,4.578125,3.953125,3.34375,3.09375,2.984375,2.921875,3.09375,2.984375,2.8125,3.25,4.15625,5.21875,5.734375
2014-12-31,15.2890625,12.375,10.3046875,8.6875,7.7578125,7.2421875,6.828125,7.984375,11.4453125,12.328125,10.7265625,8.40625,6.796875,6.046875,5.15625,4.921875,4.578125,3.953125,3.34375,3.09375,2.984375,2.921875,3.09375,2.984375,2.8125,3.25,4.15625,5.21875,5.734375,5.609375
2015-01-01,12.375,10.3046875,8.6875,7.7578125,7.2421875,6.828125,7.984375,11.4453125,12.328125,10.7265625,8.40625,6.796875,6.046875,5.15625,4.921875,4.578125,3.953125,3.34375,3.09375,2.984375,2.921875,3.09375,2.984375,2.8125,3.25,4.15625,5.21875,5.734375,5.609375,5.484375
2015-01-02,10.3046875,8.6875,7.7578125,7.2421875,6.828125,7.984375,11.4453125,12.328125,10.7265625,8.40625,6.796875,6.046875,5.15625,4.921875,4.578125,3.953125,3.34375,3.09375,2.984375,2.921875,3.09375,2.984375,2.8125,3.25,4.15625,5.21875,5.734375,5.609375,5.484375,4.984375
2015-01-03,9.9140625,9.609375,11.0703125,22.984375,35.96875,31.703125,23.984375,18.375,14.8203125,12.296875,10.765625,9.453125,8.65625,8.140625,7.5,6.90625,10.71875,24.296875,25.3125,20.625,16.609375,13.703125,12.5,10.671875,8.734375,7.328125,6.59375,7.46875,9.40625,9.25
2015-01-04,9.609375,11.0703125,22.984375,35.96875,31.703125,23.984375,18.375,14.8203125,12.296875,10.765625,9.453125,8.65625,8.140625,7.5,6.90625,10.71875,24.296875,25.3125,20.625,16.609375,13.703125,12.5,10.671875,8.734375,7.328125,6.59375,7.46875,9.40625,9.25,8.53125
2015-01-05,11.0703125,22.984375,35.96875,31.703125,23.984375,18.375,14.8203125,12.296875,10.765625,9.453125,8.65625,8.140625,7.5,6.90625,10.71875,24.296875,25.3125,20.625,16.609375,13.703125,12.5,10.671875,8.734375,7.328125,6.59375,7.46875,9.40625,9.25,8.53125,7.9375
2015-01-06,22.984375,35.96875,31.703125,23.984375,18.375,14.8203125,12.296875,10.765625,9.453125,8.65625,8.140625,7.5,6.90625,10.71875,24.296875,25.3125,20.625,16.609375,13.703125,12.5,10.671875,8.734375,7.328125,6.59375,7.46875,9.40625,9.25,8.53125,7.9375,7.96875
2015-01-07,25.1953125,40.125,31.640625,23.0625,17.375,13.796875,11.203125,9.21875,7.8125,7.0,6.515625,5.8125,5.171875,4.9375,4.640625,4.515625,4.3125,4.296875,4.15625,4.125,4.078125,3.6875,3.34375,3.21875,3.234375,3.28125,3.40625,3.59375,5.90625,12.1875
2015-01-08,40.125,31.640625,23.0625,17.375,13.796875,11.203125,9.21875,7.8125,7.0,6.515625,5.8125,5.171875,4.9375,4.640625,4.515625,4.3125,4.296875,4.15625,4.125,4.078125,3.6875,3.34375,3.21875,3.234375,3.28125,3.40625,3.59375,5.90625,12.1875,14.25
2015-01-09,31.640625,23.0625,17.375,13.796875,11.203125,9.21875,7.8125,7.0,6.515625,5.8125,5.171875,4.9375,4.640625,4.515625,4.3125,4.296875,4.15625,4.125,4.078125,3.6875,3.34375,3.21875,3.234375,3.28125,3.40625,3.59375,5.90625,12.1875,14.25,13.78125
2015-01-10,39.1640625,27.15625,19.640625,15.03125,11.859375,9.765625,8.28125,7.265625,6.53125,5.859375,5.484375,5.21875,5.25,6.5,12.359375,19.28125,20.890625,25.53125,33.921875,31.046875,26.75,20.4375,16.09375,13.5625,11.125,9.53125,8.25,7.453125,6.828125,7.25
2015-01-11,27.15625,19.640625,15.03125,11.859375,9.765625,8.28125,7.265625,6.53125,5.859375,5.484375,5.21875,5.25,6.5,12.359375,19.28125,20.890625,25.53125,33.921875,31.046875,26.75,20.4375,16.09375,13.5625,11.125,9.53125,8.25,7.453125,6.828125,7.25,9.15625
2015-01-12,19.640625,15.03125,11.859375,9.765625,8.28125,7.265625,6.53125,5.859375,5.484375,5.21875,5.25,6.5,12.359375,19.28125,20.890625,25.53125,33.921875,31.046875,26.75,20.4375,16.09375,13.5625,11.125,9.53125,8.25,7.453125,6.828125,7.25,9.15625,9.28125
2015-01-13,15.03125,11.859375,9.765625,8.28125,7.265625,6.53125,5.859375,5.484375,5.21875,5.25,6.5,12.359375,19.28125,20.890625,25.53125,33.921875,31.046875,26.75,20.4375,16.09375,13.5625,11.125,9.53125,8.25,7.453125,6.828125,7.25,9.15625,9.28125,8.5625
2015-01-14,16.671875,13.21875,10.515625,8.640625,7.328125,6.515625,6.1875,5.65625,5.0,4.578125,4.46875,4.4375,4.390625,4.25,4.09375,3.890625,3.984375,3.78125,3.453125,3.25,3.15625,3.109375,3.25,3.84375,4.828125,5.609375,6.3125,7.09375,7.25,6.75
2015-01-15,13.21875,10.515625,8.640625,7.328125,6.515625,6.1875,5.65625,5.0,4.578125,4.46875,4.4375,4.390625,4.25,4.09375,3.890625,3.984375,3.78125,3.453125,3.25,3.15625,3.109375,3.25,3.84375,4.828125,5.609375,6.3125,7.09375,7.25,6.75,6.953125
2015-01-16,10.515625,8.640625,7.328125,6.515625,6.1875,5.65625,5.0,4.578125,4.46875,4.4375,4.390625,4.25,4.09375,3.890625,3.984375,3.78125,3.453125,3.25,3.15625,3.109375,3.25,3.84375,4.828125,5.609375,6.3125,7.09375,7.25,6.75,6.953125,7.625
2015-01-17,8.34375,6.953125,5.8125,5.234375,4.796875,4.578125,4.53125,4.78125,4.703125,4.71875,4.796875,5.03125,5.953125,6.8125,7.75,7.578125,6.953125,6.40625,5.859375,5.71875,5.125,4.796875,5.015625,5.171875,5.640625,7.640625,10.96875,12.109375,13.859375,17.5625
2015-01-18,6.953125,5.8125,5.234375,4.796875,4.578125,4.53125,4.78125,4.703125,4.71875,4.796875,5.03125,5.953125,6.8125,7.75,7.578125,6.953125,6.40625,5.859375,5.71875,5.125,4.796875,5.015625,5.171875,5.640625,7.640625,10.96875,12.109375,13.859375,17.5625,16.421875
2015-01-19,5.8125,5.234375,4.796875,4.578125,4.53125,4.78125,4.703125,4.71875,4.796875,5.03125,5.953125,6.8125,7.75,7.578125,6.953125,6.40625,5.859375,5.71875,5.125,4.796875,5.015625,5.171875,5.640625,7.640625,10.96875,12.109375,13.859375,17.5625,16.421875,16.203125
2015-01-20,5.234375,4.796875,4.578125,4.53125,4.78125,4.703125,4.71875,4.796875,5.03125,5.953125,6.8125,7.75,7.578125,6.953125,6.40625,5.859375,5.71875,5.125,4.796875,5.015625,5.171875,5.640625,7.640625,10.96875,12.109375,13.859375,17.5625,16.421875,16.203125,19.46875
2015-01-21,5.703125,5.078125,4.78125,5.328125,5.265625,4.953125,4.875,4.953125,4.578125,4.609375,5.0625,6.078125,6.421875,6.015625,5.53125,5.25,5.109375,5.578125,6.296875,8.140625,9.3125,13.5625,20.609375,19.15625,17.0,17.15625,15.1875,18.15625,25.171875,24.421875
2015-01-22,5.078125,4.78125,5.328125,5.265625,4.953125,4.875,4.953125,4.578125,4.609375,5.0625,6.078125,6.421875,6.015625,5.53125,5.25,5.109375,5.578125,6.296875,8.140625,9.3125,13.5625,20.609375,19.15625,17.0,17.15625,15.1875,18.15625,25.171875,24.421875,21.546875
2015-01-23,4.78125,5.328125,5.265625,4.953125,4.875,4.953125,4.578125,4.609375,5.0625,6.078125,6.421875,6.015625,5.53125,5.25,5.109375,5.578125,6.296875,8.140625,9.3125,13.5625,20.609375,19.15625,17.0,17.15625,15.1875,18.15625,25.171875,24.421875,21.546875,19.5625
2015-01-24,6.59375,6.5625,6.140625,5.734375,5.25,4.984375,4.828125,4.609375,4.390625,4.15625,4.09375,4.421875,5.578125,6.0,6.25,6.28125,6.15625,5.59375,4.890625,4.921875,5.5,7.28125,9.234375,11.109375,13.890625,16.859375,19.890625,23.40625,21.375,18.28125
2015-01-25,6.5625,6.140625,5.734375,5.25,4.984375,4.828125,4.609375,4.390625,4.15625,4.09375,4.421875,5.578125,6.0,6.25,6.28125,6.15625,5.59375,4.890625,4.921875,5.5,7.28125,9.234375,11.109375,13.890625,16.859375,19.890625,23.40625,21.375,18.28125,15.203125
2015-01-26,6.140625,5.734375,5.25,4.984375,4.828125,4.609375,4.390625,4.15625,4.09375,4.421875,5.578125,6.0,6.25,6.28125,6.15625,5.59375,4.890625,4.921875,5.5,7.28125,9.234375,11.109375,13.890625,16.859375,19.890625,23.40625,21.375,18.28125,15.203125,12.5
2015-01-27,5.734375,5.25,4.984375,4.828125,4.609375,4.390625,4.15625,4.09375,4.421875,5.578125,6.0,6.25,6.28125,6.15625,5.59375,4.890625,4.921875,5.5,7.28125,9.234375,11.109375,13.890625,16.859375,19.890625,23.40625,21.375,18.28125,15.203125,12.5,10.078125
2015-01-28,7.140625,8.765625,8.703125,7.890625,6.65625,5.6875,4.921875,4.53125,4.328125,4.0,3.390625,3.140625,3.0625,2.96875,2.921875,2.921875,3.140625,3.21875,3.265625,3.75,4.21875,4.265625,4.109375,4.3125,4.46875,4.859375,5.296875,5.125,4.5,4.734375
2015-01-29,8.765625,8.703125,7.890625,6.65625,5.6875,4.921875,4.53125,4.328125,4.0,3.390625,3.140625,3.0625,2.96875,2.921875,2.921875,3.140625,3.21875,3.265625,3.75,4.21875,4.265625,4.109375,4.3125,4.46875,4.859375,5.296875,5.125,4.5,4.734375,5.171875
2015-01-30,8.703125,7.890625,6.65625,5.6875,4.921875,4.53125,4.328125,4.0,3.390625,3.140625,3.0625,2.96875,2.921875,2.921875,3.140625,3.21875,3.265625,3.75,4.21875,4.265625,4.109375,4.3125,4.46875,4.859375,5.296875,5.125,4.5,4.734375,5.171875,7.046875
2015-01-31,6.59375,5.6875,4.984375,4.5625,4.578125,4.109375,3.578125,3.390625,3.34375,3.28125,3.375,3.375,3.34375,3.546875,4.0,4.15625,5.6875,8.359375,9.859375,11.15625,11.984375,11.3125,9.625,9.359375,11.296875,11.609375,12.9375,14.234375,14.171875,13.0
2015-02-01,5.6875,4.984375,4.5625,4.578125,4.109375,3.578125,3.390625,3.34375,3.28125,3.375,3.375,3.34375,3.546875,4.0,4.15625,5.6875,8.359375,9.859375,11.15625,11.984375,11.3125,9.625,9.359375,11.296875,11.609375,12.9375,14.234375,14.171875,13.0,12.109375
2015-02-02,4.984375,4.5625,4.578125,4.109375,3.578125,3.390625,3.34375,3.28125,3.375,3.375,3.34375,3.546875,4.0,4.15625,5.6875,8.359375,9.859375,11.15625,11.984375,11.3125,9.625,9.359375,11.296875,11.609375,12.9375,14.234375,14.171875,13.0,12.109375,12.5
2015-02-03,4.5625,4.578125,4.109375,3.578125,3.390625,3.34375,3.28125,3.375,3.375,3.34375,3.546875,4.0,4.15625,5.6875,8.359375,9.859375,11.15625,11.984375,11.3125,9.625,9.359375,11.296875,11.609375,12.9375,14.234375,14.171875,13.0,12.109375,12.5,20.453125
2015-02-04,4.984375,4.265625,3.890625,4.03125,3.828125,4.078125,4.046875,4.0,4.109375,4.203125,4.578125,4.921875,4.96875,4.875,4.828125,4.78125,4.578125,4.453125,4.4375,4.484375,4.90625,14.703125,32.796875,32.5625,26.296875,23.703125,23.84375,19.734375,16.09375,13.3125
2015-02-05,4.265625,3.890625,4.03125,3.828125,4.078125,4.046875,4.0,4.109375,4.203125,4.578125,4.921875,4.96875,4.875,4.828125,4.78125,4.578125,4.453125,4.4375,4.484375,4.90625,14.703125,32.796875,32.5625,26.296875,23.703125,23.84375,19.734375,16.09375,13.3125,11.5625
2015-02-06,3.890625,4.03125,3.828125,4.078125,4.046875,4.0,4.109375,4.203125,4.578125,4.921875,4.96875,4.875,4.828125,4.78125,4.578125,4.453125,4.4375,4.484375,4.90625,14.703125,32.796875,32.5625,26.296875,23.703125,23.84375,19.734375,16.09375,13.3125,11.5625,9.875
2015-02-07,6.5625,5.90625,5.234375,4.78125,4.4375,4.203125,4.703125,5.890625,6.609375,7.359375,8.234375,7.671875,6.984375,6.78125,6.484375,6.84375,7.828125,7.328125,6.78125,6.578125,7.15625,8.46875,9.75,11.609375,12.09375,12.21875,12.3125,11.65625,10.1875,8.15625
2015-02-08,5.90625,5.234375,4.78125,4.4375,4.203125,4.703125,5.890625,6.609375,7.359375,8.234375,7.671875,6.984375,6.78125,6.484375,6.84375,7.828125,7.328125,6.78125,6.578125,7.15625,8.46875,9.75,11.609375,12.09375,12.21875,12.3125,11.65625,10.1875,8.15625,6.5
2015-02-09,5.234375,4.78125,4.4375,4.203125,4.703125,5.890625,6.609375,7.359375,8.234375,7.671875,6.984375,6.78125,6.484375,6.84375,7.828125,7.328125,6.78125,6.578125,7.15625,8.46875,9.75,11.609375,12.09375,12.21875,12.3125,11.65625,10.1875,8.15625,6.5,6.28125
2015-02-10,4.78125,4.4375,4.203125,4.703125,5.890625,6.609375,7.359375,8.234375,7.671875,6.984375,6.78125,6.484375,6.84375,7.828125,7.328125,6.78125,6.578125,7.15625,8.46875,9.75,11.609375,12.09375,12.21875,12.3125,11.65625,10.1875,8.15625,6.5,6.28125,8.1875
2015-02-11,6.8125,6.921875,6.671875,6.125,5.734375,5.0,5.0,6.71875,11.390625,15.40625,16.6875,16.875,18.921875,18.9375,15.765625,12.703125,11.40625,13.828125,19.859375,19.390625,16.359375,14.375,12.34375,10.75,10.84375,10.90625,9.9375,8.65625,8.125,9.4375
2015-02-12,6.921875,6.671875,6.125,5.734375,5.0,5.0,6.71875,11.390625,15.40625,16.6875,16.875,18.921875,18.9375,15.765625,12.703125,11.40625,13.828125,19.859375,19.390625,16.359375,14.375,12.34375,10.75,10.84375,10.90625,9.9375,8.65625,8.125,9.4375,10.34375
2015-02-13,6.671875,6.125,5.734375,5.0,5.0,6.71875,11.390625,15.40625,16.6875,16.875,18.921875,18.9375,15.765625,12.703125,11.40625,13.828125,19.859375,19.390625,16.359375,14.375,12.34375,10.75,10.84375,10.90625,9.9375,8.65625,8.125,9.4375,10.34375,9.34375
2015-02-14,7.71875,7.4375,6.421875,5.703125,7.609375,15.65625,19.8125,17.046875,14.375,13.671875,16.296875,15.359375,13.703125,11.46875,9.703125,8.0,6.59375,5.5,4.875,4.390625,3.78125,3.53125,3.375,3.34375,3.4375,3.90625,4.09375,4.90625,7.6875,12.5
2015-02-15,7.4375,6.421875,5.703125,7.609375,15.65625,19.8125,17.046875,14.375,13.671875,16.296875,15.359375,13.703125,11.46875,9.703125,8.0,6.59375,5.5,4.875,4.390625,3.78125,3.53125,3.375,3.34375,3.4375,3.90625,4.09375,4.90625,7.6875,12.5,20.125
2015-02-16,6.421875,5.703125,7.609375,15.65625,19.8125,17.046875,14.375,13.671875,16.296875,15.359375,13.703125,11.46875,9.703125,8.0,6.59375,5.5,4.875,4.390625,3.78125,3.53125,3.375,3.34375,3.4375,3.90625,4.09375,4.90625,7.6875,12.5,20.125,22.28125
2015-02-17,5.703125,7.609375,15.65625,19.8125,17.046875,14.375,13.671875,16.296875,15.359375,13.703125,11.46875,9.703125,8.0,6.59375,5.5,4.875,4.390625,3.78125,3.53125,3.375,3.34375,3.4375,3.90625,4.09375,4.90625,7.6875,12.5,20.125,22.28125,22.9375
2015-02-18,5.265625,5.984375,6.6875,9.203125,12.578125,11.953125,11.609375,13.703125,18.671875,21.328125,17.03125,12.890625,10.09375,8.75,8.5,8.90625,9.25,10.5625,13.03125,13.9375,13.25,11.59375,16.59375,28.78125,26.96875,20.46875,16.21875,14.125,14.4375,15.21875
2015-02-19,5.984375,6.6875,9.203125,12.578125,11.953125,11.609375,13.703125,18.671875,21.328125,17.03125,12.890625,10.09375,8.75,8.5,8.90625,9.25,10.5625,13.03125,13.9375,13.25,11.59375,16.59375,28.78125,26.96875,20.46875,16.21875,14.125,14.4375,15.21875,22.25
2015-02-20,6.6875,9.203125,12.578125,11.953125,11.609375,13.703125,18.671875,21.328125,17.03125,12.890625,10.09375,8.75,8.5,8.90625,9.25,10.5625,13.03125,13.9375,13.25,11.59375,16.59375,28.78125,26.96875,20.46875,16.21875,14.125,14.4375,15.21875,22.25,116.15625
2015-02-21,13.59375,12.546875,11.1875,9.453125,9.109375,9.34375,9.1875,8.296875,8.3125,9.421875,9.375,9.0625,8.53125,7.53125,6.78125,6.375,6.1875,7.3125,10.46875,16.28125,19.3125,17.84375,16.84375,16.5,15.46875,14.875,12.90625,10.6875,8.46875,6.75
2015-02-22,12.546875,11.1875,9.453125,9.109375,9.34375,9.1875,8.296875,8.3125,9.421875,9.375,9.0625,8.53125,7.53125,6.78125,6.375,6.1875,7.3125,10.46875,16.28125,19.3125,17.84375,16.84375,16.5,15.46875,14.875,12.90625,10.6875,8.46875,6.75,5.65625
2015-02-23,11.1875,9.453125,9.109375,9.34375,9.1875,8.296875,8.3125,9.421875,9.375,9.0625,8.53125,7.53125,6.78125,6.375,6.1875,7.3125,10.46875,16.28125,19.3125,17.84375,16.84375,16.5,15.46875,14.875,12.90625,10.6875,8.46875,6.75,5.65625,8.09375
2015-02-24,9.453125,9.109375,9.34375,9.1875,8.296875,8.3125,9.421875,9.375,9.0625,8.53125,7.53125,6.78125,6.375,6.1875,7.3125,10.46875,16.28125,19.3125,17.84375,16.84375,16.5,15.46875,14.875,12.90625,10.6875,8.46875,6.75,5.65625,8.09375,15.3125
2015-02-25,10.625,11.3125,11.59375,12.46875,11.59375,9.984375,8.109375,6.8125,6.125,5.34375,4.96875,4.53125,4.0625,3.96875,4.46875,5.3125,5.46875,5.46875,5.59375,6.125,7.125,7.625,7.25,6.78125,6.8125,8.4375,9.25,9.65625,11.71875,13.875
2015-02-26,11.3125,11.59375,12.46875,11.59375,9.984375,8.109375,6.8125,6.125,5.34375,4.96875,4.53125,4.0625,3.96875,4.46875,5.3125,5.46875,5.46875,5.59375,6.125,7.125,7.625,7.25,6.78125,6.8125,8.4375,9.25,9.65625,11.71875,13.875,15.5625
2015-02-27,11.59375,12.46875,11.59375,9.984375,8.109375,6.8125,6.125,5.34375,4.96875,4.53125,4.0625,3.96875,4.46875,5.3125,5.46875,5.46875,5.59375,6.125,7.125,7.625,7.25,6.78125,6.8125,8.4375,9.25,9.65625,11.71875,13.875,15.5625,17.1875
2015-02-28,13.578125,12.015625,10.109375,10.234375,11.75,10.875,10.125,9.59375,8.4375,7.53125,7.78125,8.3125,8.0625,7.8125,7.0,6.0,5.34375,4.5,3.96875,4.0,4.53125,4.65625,4.46875,5.75,11.53125,16.71875,16.0,16.59375,21.3125,24.40625
2015-03-01,12.015625,10.109375,10.234375,11.75,10.875,10.125,9.59375,8.4375,7.53125,7.78125,8.3125,8.0625,7.8125,7.0,6.0,5.34375,4.5,3.96875,4.0,4.53125,4.65625,4.46875,5.75,11.53125,16.71875,16.0,16.59375,21.3125,24.40625,38.5625
2015-03-02,10.109375,10.234375,11.75,10.875,10.125,9.59375,8.4375,7.53125,7.78125,8.3125,8.0625,7.8125,7.0,6.0,5.34375,4.5,3.96875,4.0,4.53125,4.65625,4.46875,5.75,11.53125,16.71875,16.0,16.59375,21.3125,24.40625,38.5625,57.8125
2015-03-03,10.234375,11.75,10.875,10.125,9.59375,8.4375,7.53125,7.78125,8.3125,8.0625,7.8125,7.0,6.0,5.34375,4.5,3.96875,4.0,4.53125,4.65625,4.46875,5.75,11.53125,16.71875,16.0,16.59375,21.3125,24.40625,38.5625,57.8125,48.9375
2015-03-04,12.390625,12.75,13.09375,13.65625,15.625,15.09375,12.40625,10.21875,10.25,15.78125,25.3125,28.9375,25.9375,24.65625,30.53125,36.46875,34.5625,27.40625,21.75,16.78125,14.9375,19.46875,25.0625,22.34375,17.65625,14.0625,11.96875,12.28125,11.53125,10.875
2015-03-05,12.75,13.09375,13.65625,15.625,15.09375,12.40625,10.21875,10.25,15.78125,25.3125,28.9375,25.9375,24.65625,30.53125,36.46875,34.5625,27.40625,21.75,16.78125,14.9375,19.46875,25.0625,22.34375,17.65625,14.0625,11.96875,12.28125,11.53125,10.875,11.6875
2015-03-06,13.09375,13.65625,15.625,15.09375,12.40625,10.21875,10.25,15.78125,25.3125,28.9375,25.9375,24.65625,30.53125,36.46875,34.5625,27.40625,21.75,16.78125,14.9375,19.46875,25.0625,22.34375,17.65625,14.0625,11.96875,12.28125,11.53125,10.875,11.6875,14.65625
2015-03-07,14.15625,12.875,11.3125,10.59375,10.9375,13.0625,15.46875,20.5,25.84375,26.15625,24.34375,31.65625,42.34375,43.59375,37.0,28.21875,26.96875,38.03125,52.03125,65.6875,71.5625,95.40625,107.125,82.25,52.25,33.90625,23.6875,18.375,15.5625,13.96875
2015-03-08,12.875,11.3125,10.59375,10.9375,13.0625,15.46875,20.5,25.84375,26.15625,24.34375,31.65625,42.34375,43.59375,37.0,28.21875,26.96875,38.03125,52.03125,65.6875,71.5625,95.40625,107.125,82.25,52.25,33.90625,23.6875,18.375,15.5625,13.96875,11.28125
2015-03-09,11.3125,10.59375,10.9375,13.0625,15.46875,20.5,25.84375,26.15625,24.34375,31.65625,42.34375,43.59375,37.0,28.21875,26.96875,38.03125,52.03125,65.6875,71.5625,95.40625,107.125,82.25,52.25,33.90625,23.6875,18.375,15.5625,13.96875,11.28125,9.34375
2015-03-10,10.59375,10.9375,13.0625,15.46875,20.5,25.84375,26.15625,24.34375,31.65625,42.34375,43.59375,37.0,28.21875,26.96875,38.03125,52.03125,65.6875,71.5625,95.40625,107.125,82.25,52.25,33.90625,23.6875,18.375,15.5625,13.96875,11.28125,9.34375,8.1875
2015-03-11,9.90625,9.28125,9.25,9.21875,8.46875,10.15625,16.3125,20.96875,19.90625,19.3125,20.34375,22.15625,30.09375,38.15625,34.0625,28.03125,24.6875,28.34375,41.5,42.34375,37.8125,70.125,91.5625,117.84375,145.59375,117.71875,83.78125,60.15625,46.5,39.78125
2015-03-12,9.28125,9.25,9.21875,8.46875,10.15625,16.3125,20.96875,19.90625,19.3125,20.34375,22.15625,30.09375,38.15625,34.0625,28.03125,24.6875,28.34375,41.5,42.34375,37.8125,70.125,91.5625,117.84375,145.59375,117.71875,83.78125,60.15625,46.5,39.78125,40.5
2015-03-13,9.25,9.21875,8.46875,10.15625,16.3125,20.96875,19.90625,19.3125,20.34375,22.15625,30.09375,38.15625,34.0625,28.03125,24.6875,28.34375,41.5,42.34375,37.8125,70.125,91.5625,117.84375,145.59375,117.71875,83.78125,60.15625,46.5,39.78125,40.5,37.96875
2015-03-14,8.3125,8.75,16.21875,50.21875,65.71875,48.34375,36.90625,36.6875,46.65625,53.75,47.78125,32.75,25.0625,23.5625,20.6875,19.375,21.5,20.5,18.375,20.78125,26.28125,29.78125,34.25,36.84375,39.90625,50.65625,128.375,137.5625,90.5625,63.8125
2015-03-15,8.75,16.21875,50.21875,65.71875,48.34375,36.90625,36.6875,46.65625,53.75,47.78125,32.75,25.0625,23.5625,20.6875,19.375,21.5,20.5,18.375,20.78125,26.28125,29.78125,34.25,36.84375,39.90625,50.65625,128.375,137.5625,90.5625,63.8125,47.5625
2015-03-16,16.21875,50.21875,65.71875,48.34375,36.90625,36.6875,46.65625,53.75,47.78125,32.75,25.0625,23.5625,20.6875,19.375,21.5,20.5,18.375,20.78125,26.28125,29.78125,34.25,36.84375,39.90625,50.65625,128.375,137.5625,90.5625,63.8125,47.5625,38.28125
2015-03-17,50.21875,65.71875,48.34375,36.90625,36.6875,46.65625,53.75,47.78125,32.75,25.0625,23.5625,20.6875,19.375,21.5,20.5,18.375,20.78125,26.28125,29.78125,34.25,36.84375,39.90625,50.65625,128.375,137.5625,90.5625,63.8125,47.5625,38.28125,58.9375
2015-03-18,14.96875,12.0,11.75,18.0,33.65625,110.1875,143.75,97.21875,61.59375,63.03125,64.625,44.84375,32.0625,29.6875,36.5625,66.3125,83.875,61.5625,47.65625,51.15625,61.28125,54.25,41.53125,30.6875,23.6875,41.40625,72.1875,69.96875,56.1875,39.6875
2015-03-19,12.0,11.75,18.0,33.65625,110.1875,143.75,97.21875,61.59375,63.03125,64.625,44.84375,32.0625,29.6875,36.5625,66.3125,83.875,61.5625,47.65625,51.15625,61.28125,54.25,41.53125,30.6875,23.6875,41.40625,72.1875,69.96875,56.1875,39.6875,33.5
2015-03-20,11.75,18.0,33.65625,110.1875,143.75,97.21875,61.59375,63.03125,64.625,44.84375,32.0625,29.6875,36.5625,66.3125,83.875,61.5625,47.65625,51.15625,61.28125,54.25,41.53125,30.6875,23.6875,41.40625,72.1875,69.96875,56.1875,39.6875,33.5,32.09375
2015-03-21,15.71875,15.53125,16.625,20.71875,21.34375,18.59375,18.875,18.6875,27.375,40.375,35.625,52.1875,79.1875,90.4375,93.25,81.25,61.40625,41.84375,29.25,21.625,21.46875,24.03125,21.75,19.71875,25.34375,32.125,58.96875,78.0,59.3125,43.40625
2015-03-22,15.53125,16.625,20.71875,21.34375,18.59375,18.875,18.6875,27.375,40.375,35.625,52.1875,79.1875,90.4375,93.25,81.25,61.40625,41.84375,29.25,21.625,21.46875,24.03125,21.75,19.71875,25.34375,32.125,58.96875,78.0,59.3125,43.40625,31.0625
2015-03-23,16.625,20.71875,21.34375,18.59375,18.875,18.6875,27.375,40.375,35.625,52.1875,79.1875,90.4375,93.25,81.25,61.40625,41.84375,29.25,21.625,21.46875,24.03125,21.75,19.71875,25.34375,32.125,58.96875,78.0,59.3125,43.40625,31.0625,22.03125
2015-03-24,20.71875,21.34375,18.59375,18.875,18.6875,27.375,40.375,35.625,52.1875,79.1875,90.4375,93.25,81.25,61.40625,41.84375,29.25,21.625,21.46875,24.03125,21.75,19.71875,25.34375,32.125,58.96875,78.0,59.3125,43.40625,31.0625,22.03125,17.0
2015-03-25,17.3125,15.625,13.5,10.9375,9.8125,10.5,11.65625,16.03125,20.5625,24.46875,29.625,26.6875,26.8125,32.4375,43.5,66.1875,74.84375,71.65625,69.09375,63.25,51.21875,41.3125,33.0,26.6875,24.125,25.5,33.96875,53.75,83.5,86.71875
2015-03-26,15.625,13.5,10.9375,9.8125,10.5,11.65625,16.03125,20.5625,24.46875,29.625,26.6875,26.8125,32.4375,43.5,66.1875,74.84375,71.65625,69.09375,63.25,51.21875,41.3125,33.0,26.6875,24.125,25.5,33.96875,53.75,83.5,86.71875,57.84375
2015-03-27,13.5,10.9375,9.8125,10.5,11.65625,16.03125,20.5625,24.46875,29.625,26.6875,26.8125,32.4375,43.5,66.1875,74.84375,71.65625,69.09375,63.25,51.21875,41.3125,33.0,26.6875,24.125,25.5,33.96875,53.75,83.5,86.71875,57.84375,53.0625
2015-03-28,11.1875,18.96875,29.375,24.625,20.375,20.9375,20.8125,17.5625,15.28125,14.15625,12.40625,10.59375,10.03125,18.53125,36.375,41.15625,37.53125,38.875,48.625,64.5625,112.25,130.53125,107.5625,82.0,61.3125,53.71875,48.0,47.625,76.65625,126.84375
2015-03-29,18.96875,29.375,24.625,20.375,20.9375,20.8125,17.5625,15.28125,14.15625,12.40625,10.59375,10.03125,18.53125,36.375,41.15625,37.53125,38.875,48.625,64.5625,112.25,130.53125,107.5625,82.0,61.3125,53.71875,48.0,47.625,76.65625,126.84375,142.84375
2015-03-30,29.375,24.625,20.375,20.9375,20.8125,17.5625,15.28125,14.15625,12.40625,10.59375,10.03125,18.53125,36.375,41.15625,37.53125,38.875,48.625,64.5625,112.25,130.53125,107.5625,82.0,61.3125,53.71875,48.0,47.625,76.65625,126.84375,142.84375,131.03125
2015-03-31,24.625,20.375,20.9375,20.8125,17.5625,15.28125,14.15625,12.40625,10.59375,10.03125,18.53125,36.375,41.15625,37.53125,38.875,48.625,64.5625,112.25,130.53125,107.5625,82.0,61.3125,53.71875,48.0,47.625,76.65625,126.84375,142.84375,131.03125,107.9375
2015-04-01,15.8125,16.125,17.59375,17.46875,20.59375,21.3125,38.03125,54.65625,41.6875,36.5,36.0,29.21875,24.84375,30.1875,31.90625,26.21875,50.28125,89.59375,92.1875,81.40625,70.46875,60.46875,48.625,44.6875,48.75,50.75,54.1875,58.40625,54.21875,70.71875
2015-04-02,16.125,17.59375,17.46875,20.59375,21.3125,38.03125,54.65625,41.6875,36.5,36.0,29.21875,24.84375,30.1875,31.90625,26.21875,50.28125,89.59375,92.1875,81.40625,70.46875,60.46875,48.625,44.6875,48.75,50.75,54.1875,58.40625,54.21875,70.71875,81.3125
2015-04-03,17.59375,17.46875,20.59375,21.3125,38.03125,54.65625,41.6875,36.5,36.0,29.21875,24.84375,30.1875,31.90625,26.21875,50.28125,89.59375,92.1875,81.40625,70.46875,60.46875,48.625,44.6875,48.75,50.75,54.1875,58.40625,54.21875,70.71875,81.3125,68.625
2015-04-04,14.5,16.90625,21.8125,22.46875,20.28125,20.28125,64.40625,112.84375,89.4375,65.46875,50.5,52.90625,56.90625,40.09375,28.5,32.3125,41.0,33.03125,25.875,21.59375,17.65625,16.5,17.21875,16.90625,17.25,19.625,24.34375,46.75,63.21875,47.71875
2015-04-05,16.90625,21.8125,22.46875,20.28125,20.28125,64.40625,112.84375,89.4375,65.46875,50.5,52.90625,56.90625,40.09375,28.5,32.3125,41.0,33.03125,25.875,21.59375,17.65625,16.5,17.21875,16.90625,17.25,19.625,24.34375,46.75,63.21875,47.71875,38.0625
2015-04-06,21.8125,22.46875,20.28125,20.28125,64.40625,112.84375,89.4375,65.46875,50.5,52.90625,56.90625,40.09375,28.5,32.3125,41.0,33.03125,25.875,21.59375,17.65625,16.5,17.21875,16.90625,17.25,19.625,24.34375,46.75,63.21875,47.71875,38.0625,47.09375
2015-04-07,22.46875,20.28125,20.28125,64.40625,112.84375,89.4375,65.46875,50.5,52.90625,56.90625,40.09375,28.5,32.3125,41.0,33.03125,25.875,21.59375,17.65625,16.5,17.21875,16.90625,17.25,19.625,24.34375,46.75,63.21875,47.71875,38.0625,47.09375,57.3125
2015-04-08,56.21875,42.3125,48.96875,107.1875,187.1875,170.96875,113.75,104.8125,94.28125,61.0625,40.46875,28.1875,20.0625,15.875,15.25,16.1875,16.6875,15.5625,21.34375,38.1875,48.90625,50.4375,66.3125,73.84375,57.21875,42.5625,32.8125,27.9375,25.625,23.1875
2015-04-09,42.3125,48.96875,107.1875,187.1875,170.96875,113.75,104.8125,94.28125,61.0625,40.46875,28.1875,20.0625,15.875,15.25,16.1875,16.6875,15.5625,21.34375,38.1875,48.90625,50.4375,66.3125,73.84375,57.21875,42.5625,32.8125,27.9375,25.625,23.1875,20.3125
2015-04-10,48.96875,107.1875,187.1875,170.96875,113.75,104.8125,94.28125,61.0625,40.46875,28.1875,20.0625,15.875,15.25,16.1875,16.6875,15.5625,21.34375,38.1875,48.90625,50.4375,66.3125,73.84375,57.21875,42.5625,32.8125,27.9375,25.625,23.1875,20.3125,26.9375
2015-04-11,26.21875,47.71875,83.15625,73.28125,58.84375,54.65625,109.75,134.28125,101.25,89.15625,209.03125,281.375,270.625,402.625,450.5625,328.78125,209.46875,170.5625,156.5625,118.875,85.875,74.0,72.71875,71.34375,71.9375,80.8125,91.625,102.5,118.1875,107.625
2015-04-12,47.71875,83.15625,73.28125,58.84375,54.65625,109.75,134.28125,101.25,89.15625,209.03125,281.375,270.625,402.625,450.5625,328.78125,209.46875,170.5625,156.5625,118.875,85.875,74.0,72.71875,71.34375,71.9375,80.8125,91.625,102.5,118.1875,107.625,91.84375
2015-04-13,83.15625,73.28125,58.84375,54.65625,109.75,134.28125,101.25,89.15625,209.03125,281.375,270.625,402.625,450.5625,328.78125,209.46875,170.5625,156.5625,118.875,85.875,74.0,72.71875,71.34375,71.9375,80.8125,91.625,102.5,118.1875,107.625,91.84375,105.875
2015-04-14,73.28125,58.84375,54.65625,109.75,134.28125,101.25,89.15625,209.03125,281.375,270.625,402.625,450.5625,328.78125,209.46875,170.5625,156.5625,118.875,85.875,74.0,72.71875,71.34375,71.9375,80.8125,91.625,102.5,118.1875,107.625,91.84375,105.875,105.78125
2015-04-15,59.59375,52.0,44.15625,33.1875,24.4375,17.6875,14.75,29.65625,52.96875,85.75,96.8125,69.71875,51.75,49.15625,49.78125,43.59375,35.15625,29.59375,30.65625,33.0,30.0625,24.0625,19.75,19.125,21.71875,26.0625,35.875,39.46875,42.8125,45.34375
2015-04-16,52.0,44.15625,33.1875,24.4375,17.6875,14.75,29.65625,52.96875,85.75,96.8125,69.71875,51.75,49.15625,49.78125,43.59375,35.15625,29.59375,30.65625,33.0,30.0625,24.0625,19.75,19.125,21.71875,26.0625,35.875,39.46875,42.8125,45.34375,38.625
2015-04-17,44.15625,33.1875,24.4375,17.6875,14.75,29.65625,52.96875,85.75,96.8125,69.71875,51.75,49.15625,49.78125,43.59375,35.15625,29.59375,30.65625,33.0,30.0625,24.0625,19.75,19.125,21.71875,26.0625,35.875,39.46875,42.8125,45.34375,38.625,37.15625
2015-04-18,25.4375,22.90625,18.65625,16.875,42.1875,102.59375,104.59375,87.5625,97.15625,91.40625,72.71875,66.75,62.65625,51.90625,54.84375,56.3125,43.59375,37.96875,37.40625,38.46875,39.25,41.59375,43.21875,35.03125,27.8125,23.9375,37.9375,77.21875,115.15625,119.8125
2015-04-19,22.90625,18.65625,16.875,42.1875,102.59375,104.59375,87.5625,97.15625,91.40625,72.71875,66.75,62.65625,51.90625,54.84375,56.3125,43.59375,37.96875,37.40625,38.46875,39.25,41.59375,43.21875,35.03125,27.8125,23.9375,37.9375,77.21875,115.15625,119.8125,118.6875
2015-04-20,18.65625,16.875,42.1875,102.59375,104.59375,87.5625,97.15625,91.40625,72.71875,66.75,62.65625,51.90625,54.84375,56.3125,43.59375,37.96875,37.40625,38.46875,39.25,41.59375,43.21875,35.03125,27.8125,23.9375,37.9375,77.21875,115.15625,119.8125,118.6875,115.40625
2015-04-21,16.875,42.1875,102.59375,104.59375,87.5625,97.15625,91.40625,72.71875,66.75,62.65625,51.90625,54.84375,56.3125,43.59375,37.96875,37.40625,38.46875,39.25,41.59375,43.21875,35.03125,27.8125,23.9375,37.9375,77.21875,115.15625,119.8125,118.6875,115.40625,116.34375
2015-04-22,19.53125,26.0625,31.34375,39.25,41.875,39.78125,41.4375,56.5,67.84375,71.65625,70.75,60.90625,55.96875,68.03125,77.75,65.375,60.78125,80.0,111.21875,152.78125,266.4375,253.40625,168.8125,111.09375,74.0625,55.1875,45.875,42.46875,45.0625,58.875
2015-04-23,26.0625,31.34375,39.25,41.875,39.78125,41.4375,56.5,67.84375,71.65625,70.75,60.90625,55.96875,68.03125,77.75,65.375,60.78125,80.0,111.21875,152.78125,266.4375,253.40625,168.8125,111.09375,74.0625,55.1875,45.875,42.46875,45.0625,58.875,66.625
2015-04-24,31.34375,39.25,41.875,39.78125,41.4375,56.5,67.84375,71.65625,70.75,60.90625,55.96875,68.03125,77.75,65.375,60.78125,80.0,111.21875,152.78125,266.4375,253.40625,168.8125,111.09375,74.0625,55.1875,45.875,42.46875,45.0625,58.875,66.625,69.1875
2015-04-25,115.875,85.28125,77.46875,82.09375,65.40625,49.6875,47.8125,54.3125,49.09375,37.34375,30.15625,25.0625,22.65625,23.5,24.21875,24.40625,20.8125,17.53125,17.75,26.53125,53.125,77.90625,71.875,52.125,41.5625,40.0,36.09375,29.40625,25.65625,22.71875
2015-04-26,85.28125,77.46875,82.09375,65.40625,49.6875,47.8125,54.3125,49.09375,37.34375,30.15625,25.0625,22.65625,23.5,24.21875,24.40625,20.8125,17.53125,17.75,26.53125,53.125,77.90625,71.875,52.125,41.5625,40.0,36.09375,29.40625,25.65625,22.71875,20.4375
2015-04-27,77.46875,82.09375,65.40625,49.6875,47.8125,54.3125,49.09375,37.34375,30.15625,25.0625,22.65625,23.5,24.21875,24.40625,20.8125,17.53125,17.75,26.53125,53.125,77.90625,71.875,52.125,41.5625,40.0,36.09375,29.40625,25.65625,22.71875,20.4375,17.71875
2015-04-28,82.09375,65.40625,49.6875,47.8125,54.3125,49.09375,37.34375,30.15625,25.0625,22.65625,23.5,24.21875,24.40625,20.8125,17.53125,17.75,26.53125,53.125,77.90625,71.875,52.125,41.5625,40.0,36.09375,29.40625,25.65625,22.71875,20.4375,17.71875,14.6875
2015-04-29,72.28125,67.75,73.625,71.4375,64.15625,50.84375,38.125,30.4375,24.125,37.03125,58.875,93.96875,132.375,137.53125,124.34375,100.53125,78.78125,61.90625,66.0,112.125,133.03125,140.96875,220.59375,235.03125,222.59375,185.84375,168.75,170.09375,125.96875,89.125
2015-04-30,67.75,73.625,71.4375,64.15625,50.84375,38.125,30.4375,24.125,37.03125,58.875,93.96875,132.375,137.53125,124.34375,100.53125,78.78125,61.90625,66.0,112.125,133.03125,140.96875,220.59375,235.03125,222.59375,185.84375,168.75,170.09375,125.96875,89.125,79.90625
2015-05-01,73.625,71.4375,64.15625,50.84375,38.125,30.4375,24.125,37.03125,58.875,93.96875,132.375,137.53125,124.34375,100.53125,78.78125,61.90625,66.0,112.125,133.03125,140.96875,220.59375,235.03125,222.59375,185.84375,168.75,170.09375,125.96875,89.125,79.90625,71.53125
2015-05-02,66.125,51.5,41.28125,33.96875,27.8125,25.0,24.125,24.53125,27.8125,37.28125,56.5625,71.28125,68.875,57.9375,55.875,57.71875,63.375,62.78125,59.28125,70.6875,115.96875,158.0,218.375,233.0,252.125,221.71875,296.1875,301.5625,212.0,153.1875
2015-05-03,51.5,41.28125,33.96875,27.8125,25.0,24.125,24.53125,27.8125,37.28125,56.5625,71.28125,68.875,57.9375,55.875,57.71875,63.375,62.78125,59.28125,70.6875,115.96875,158.0,218.375,233.0,252.125,221.71875,296.1875,301.5625,212.0,153.1875,110.53125
2015-05-04,41.28125,33.96875,27.8125,25.0,24.125,24.53125,27.8125,37.28125,56.5625,71.28125,68.875,57.9375,55.875,57.71875,63.375,62.78125,59.28125,70.6875,115.96875,158.0,218.375,233.0,252.125,221.71875,296.1875,301.5625,212.0,153.1875,110.53125,70.5
2015-05-05,33.96875,27.8125,25.0,24.125,24.53125,27.8125,37.28125,56.5625,71.28125,68.875,57.9375,55.875,57.71875,63.375,62.78125,59.28125,70.6875,115.96875,158.0,218.375,233.0,252.125,221.71875,296.1875,301.5625,212.0,153.1875,110.53125,70.5,46.21875
2015-05-06,34.96875,27.84375,25.5625,28.65625,40.15625,48.4375,68.625,99.40625,105.875,123.9375,142.96875,143.8125,130.71875,111.9375,96.0,86.21875,76.28125,80.21875,87.25,75.0,62.78125,50.6875,37.4375,31.96875,54.65625,96.34375,98.09375,101.625,124.375,119.625
2015-05-07,27.84375,25.5625,28.65625,40.15625,48.4375,68.625,99.40625,105.875,123.9375,142.96875,143.8125,130.71875,111.9375,96.0,86.21875,76.28125,80.21875,87.25,75.0,62.78125,50.6875,37.4375,31.96875,54.65625,96.34375,98.09375,101.625,124.375,119.625,85.75
2015-05-08,25.5625,28.65625,40.15625,48.4375,68.625,99.40625,105.875,123.9375,142.96875,143.8125,130.71875,111.9375,96.0,86.21875,76.28125,80.21875,87.25,75.0,62.78125,50.6875,37.4375,31.96875,54.65625,96.34375,98.09375,101.625,124.375,119.625,85.75,61.75
2015-05-09,59.125,64.84375,55.90625,49.65625,49.5625,48.375,43.8125,99.59375,137.15625,111.1875,145.0625,169.46875,155.3125,115.59375,81.21875,73.78125,93.0,93.9375,70.21875,58.34375,65.5,83.28125,77.78125,77.09375,140.875,175.0,218.65625,241.15625,243.59375,281.65625
2015-05-10,64.84375,55.90625,49.65625,49.5625,48.375,43.8125,99.59375,137.15625,111.1875,145.0625,169.46875,155.3125,115.59375,81.21875,73.78125,93.0,93.9375,70.21875,58.34375,65.5,83.28125,77.78125,77.09375,140.875,175.0,218.65625,241.15625,243.59375,281.65625,280.15625
2015-05-11,55.90625,49.65625,49.5625,48.375,43.8125,99.59375,137.15625,111.1875,145.0625,169.46875,155.3125,115.59375,81.21875,73.78125,93.0,93.9375,70.21875,58.34375,65.5,83.28125,77.78125,77.09375,140.875,175.0,218.65625,241.15625,243.59375,281.65625,280.15625,376.71875
2015-05-12,49.65625,49.5625,48.375,43.8125,99.59375,137.15625,111.1875,145.0625,169.46875,155.3125,115.59375,81.21875,73.78125,93.0,93.9375,70.21875,58.34375,65.5,83.28125,77.78125,77.09375,140.875,175.0,218.65625,241.15625,243.59375,281.65625,280.15625,376.71875,401.625
2015-05-13,112.59375,75.21875,66.9375,59.5,41.125,30.9375,26.375,32.625,77.78125,120.09375,102.5,71.0625,62.5,68.53125,66.25,51.875,38.4375,48.9375,68.40625,75.84375,87.03125,92.28125,94.28125,135.96875,161.0,201.46875,251.0625,287.15625,228.96875,182.5
2015-05-14,75.21875,66.9375,59.5,41.125,30.9375,26.375,32.625,77.78125,120.09375,102.5,71.0625,62.5,68.53125,66.25,51.875,38.4375,48.9375,68.40625,75.84375,87.03125,92.28125,94.28125,135.96875,161.0,201.46875,251.0625,287.15625,228.96875,182.5,187.09375
2015-05-15,66.9375,59.5,41.125,30.9375,26.375,32.625,77.78125,120.09375,102.5,71.0625,62.5,68.53125,66.25,51.875,38.4375,48.9375,68.40625,75.84375,87.03125,92.28125,94.28125,135.96875,161.0,201.46875,251.0625,287.15625,228.96875,182.5,187.09375,238.4375
2015-05-16,58.59375,48.8125,42.71875,37.03125,44.15625,56.6875,59.875,61.03125,60.90625,52.53125,38.53125,31.8125,36.75,43.40625,39.78125,46.71875,70.03125,87.78125,101.21875,104.09375,93.8125,71.25,56.625,75.59375,113.84375,105.15625,77.90625,77.25,126.21875,135.25
2015-05-17,48.8125,42.71875,37.03125,44.15625,56.6875,59.875,61.03125,60.90625,52.53125,38.53125,31.8125,36.75,43.40625,39.78125,46.71875,70.03125,87.78125,101.21875,104.09375,93.8125,71.25,56.625,75.59375,113.84375,105.15625,77.90625,77.25,126.21875,135.25,101.78125
2015-05-18,42.71875,37.03125,44.15625,56.6875,59.875,61.03125,60.90625,52.53125,38.53125,31.8125,36.75,43.40625,39.78125,46.71875,70.03125,87.78125,101.21875,104.09375,93.8125,71.25,56.625,75.59375,113.84375,105.15625,77.90625,77.25,126.21875,135.25,101.78125,119.875
2015-05-19,37.03125,44.15625,56.6875,59.875,61.03125,60.90625,52.53125,38.53125,31.8125,36.75,43.40625,39.78125,46.71875,70.03125,87.78125,101.21875,104.09375,93.8125,71.25,56.625,75.59375,113.84375,105.15625,77.90625,77.25,126.21875,135.25,101.78125,119.875,411.6875
2015-05-20,28.875,33.75,34.09375,43.5625,53.03125,75.96875,89.8125,94.375,126.15625,137.375,104.15625,81.1875,76.90625,76.78125,118.625,127.28125,99.8125,101.5625,128.0625,149.25,141.46875,143.21875,140.5625,120.15625,100.40625,85.25,70.21875,53.90625,41.15625,45.78125
2015-05-21,33.75,34.09375,43.5625,53.03125,75.96875,89.8125,94.375,126.15625,137.375,104.15625,81.1875,76.90625,76.78125,118.625,127.28125,99.8125,101.5625,128.0625,149.25,141.46875,143.21875,140.5625,120.15625,100.40625,85.25,70.21875,53.90625,41.15625,45.78125,66.5625
2015-05-22,34.09375,43.5625,53.03125,75.96875,89.8125,94.375,126.15625,137.375,104.15625,81.1875,76.90625,76.78125,118.625,127.28125,99.8125,101.5625,128.0625,149.25,141.46875,143.21875,140.5625,120.15625,100.40625,85.25,70.21875,53.90625,41.15625,45.78125,66.5625,74.09375
2015-05-23,51.1875,52.59375,48.03125,41.15625,39.53125,42.90625,46.5625,47.21875,44.28125,35.875,36.0625,40.8125,64.90625,106.0625,112.9375,91.09375,67.0,52.46875,41.3125,35.90625,34.125,29.09375,23.4375,23.78125,53.21875,100.40625,196.71875,202.28125,138.5,112.875
2015-05-24,52.59375,48.03125,41.15625,39.53125,42.90625,46.5625,47.21875,44.28125,35.875,36.0625,40.8125,64.90625,106.0625,112.9375,91.09375,67.0,52.46875,41.3125,35.90625,34.125,29.09375,23.4375,23.78125,53.21875,100.40625,196.71875,202.28125,138.5,112.875,123.75
2015-05-25,48.03125,41.15625,39.53125,42.90625,46.5625,47.21875,44.28125,35.875,36.0625,40.8125,64.90625,106.0625,112.9375,91.09375,67.0,52.46875,41.3125,35.90625,34.125,29.09375,23.4375,23.78125,53.21875,100.40625,196.71875,202.28125,138.5,112.875,123.75,150.65625
2015-05-26,41.15625,39.53125,42.90625,46.5625,47.21875,44.28125,35.875,36.0625,40.8125,64.90625,106.0625,112.9375,91.09375,67.0,52.46875,41.3125,35.90625,34.125,29.09375,23.4375,23.78125,53.21875,100.40625,196.71875,202.28125,138.5,112.875,123.75,150.65625,144.34375
2015-05-27,100.25,86.9375,71.71875,72.4375,77.46875,72.625,95.5625,110.28125,86.5,76.71875,74.3125,69.03125,77.625,81.40625,70.875,77.125,83.75,75.71875,82.375,79.6875,66.125,83.34375,185.09375,234.90625,179.34375,124.21875,108.3125,166.59375,227.71875,238.0
2015-05-28,86.9375,71.71875,72.4375,77.46875,72.625,95.5625,110.28125,86.5,76.71875,74.3125,69.03125,77.625,81.40625,70.875,77.125,83.75,75.71875,82.375,79.6875,66.125,83.34375,185.09375,234.90625,179.34375,124.21875,108.3125,166.59375,227.71875,238.0,321.78125
2015-05-29,71.71875,72.4375,77.46875,72.625,95.5625,110.28125,86.5,76.71875,74.3125,69.03125,77.625,81.40625,70.875,77.125,83.75,75.71875,82.375,79.6875,66.125,83.34375,185.09375,234.90625,179.34375,124.21875,108.3125,166.59375,227.71875,238.0,321.78125,290.71875
2015-05-30,71.0625,59.625,47.9375,37.6875,31.1875,27.6875,25.53125,21.125,19.15625,21.15625,23.90625,30.28125,33.09375,43.78125,59.96875,57.0625,49.8125,58.25,110.5,161.5,200.9375,183.71875,121.53125,74.6875,56.875,62.28125,114.625,171.8125,154.625,127.21875
2015-05-31,59.625,47.9375,37.6875,31.1875,27.6875,25.53125,21.125,19.15625,21.15625,23.90625,30.28125,33.09375,43.78125,59.96875,57.0625,49.8125,58.25,110.5,161.5,200.9375,183.71875,121.53125,74.6875,56.875,62.28125,114.625,171.8125,154.625,127.21875,106.71875
2015-06-01,47.9375,37.6875,31.1875,27.6875,25.53125,21.125,19.15625,21.15625,23.90625,30.28125,33.09375,43.78125,59.96875,57.0625,49.8125,58.25,110.5,161.5,200.9375,183.71875,121.53125,74.6875,56.875,62.28125,114.625,171.8125,154.625,127.21875,106.71875,90.28125
2015-06-02,37.6875,31.1875,27.6875,25.53125,21.125,19.15625,21.15625,23.90625,30.28125,33.09375,43.78125,59.96875,57.0625,49.8125,58.25,110.5,161.5,200.9375,183.71875,121.53125,74.6875,56.875,62.28125,114.625,171.8125,154.625,127.21875,106.71875,90.28125,84.4375
2015-06-03,87.21875,71.375,61.34375,57.71875,60.5625,58.875,52.59375,50.8125,54.25,57.0625,62.03125,72.5625,97.21875,144.1875,146.8125,111.34375,83.03125,86.40625,90.53125,99.125,130.8125,138.375,186.34375,293.125,320.375,263.53125,203.21875,155.3125,124.0625,105.0625
2015-06-04,71.375,61.34375,57.71875,60.5625,58.875,52.59375,50.8125,54.25,57.0625,62.03125,72.5625,97.21875,144.1875,146.8125,111.34375,83.03125,86.40625,90.53125,99.125,130.8125,138.375,186.34375,293.125,320.375,263.53125,203.21875,155.3125,124.0625,105.0625,101.0625
2015-06-05,61.34375,57.71875,60.5625,58.875,52.59375,50.8125,54.25,57.0625,62.03125,72.5625,97.21875,144.1875,146.8125,111.34375,83.03125,86.40625,90.53125,99.125,130.8125,138.375,186.34375,293.125,320.375,263.53125,203.21875,155.3125,124.0625,105.0625,101.0625,104.6875
2015-06-06,39.875,53.28125,57.34375,48.78125,42.71875,40.40625,43.09375,46.96875,248.46875,316.21875,203.5,119.65625,79.3125,57.1875,41.8125,32.75,29.59375,26.4375,25.84375,36.03125,48.25,68.15625,232.59375,338.46875,257.03125,196.3125,174.5625,131.3125,96.875,99.1875
2015-06-07,53.28125,57.34375,48.78125,42.71875,40.40625,43.09375,46.96875,248.46875,316.21875,203.5,119.65625,79.3125,57.1875,41.8125,32.75,29.59375,26.4375,25.84375,36.03125,48.25,68.15625,232.59375,338.46875,257.03125,196.3125,174.5625,131.3125,96.875,99.1875,135.125
2015-06-08,57.34375,48.78125,42.71875,40.40625,43.09375,46.96875,248.46875,316.21875,203.5,119.65625,79.3125,57.1875,41.8125,32.75,29.59375,26.4375,25.84375,36.03125,48.25,68.15625,232.59375,338.46875,257.03125,196.3125,174.5625,131.3125,96.875,99.1875,135.125,133.84375
2015-06-09,48.78125,42.71875,40.40625,43.09375,46.96875,248.46875,316.21875,203.5,119.65625,79.3125,57.1875,41.8125,32.75,29.59375,26.4375,25.84375,36.03125,48.25,68.15625,232.59375,338.46875,257.03125,196.3125,174.5625,131.3125,96.875,99.1875,135.125,133.84375,104.90625
2015-06-10,67.59375,58.40625,59.34375,74.625,102.90625,158.78125,215.65625,197.0,133.125,96.71875,79.03125,81.5,95.90625,84.6875,71.4375,63.0,66.875,86.03125,89.71875,89.3125,104.59375,100.1875,77.0,67.375,73.59375,90.34375,144.78125,173.40625,164.5625,161.8125
2015-06-11,58.40625,59.34375,74.625,102.90625,158.78125,215.65625,197.0,133.125,96.71875,79.03125,81.5,95.90625,84.6875,71.4375,63.0,66.875,86.03125,89.71875,89.3125,104.59375,100.1875,77.0,67.375,73.59375,90.34375,144.78125,173.40625,164.5625,161.8125,159.8125
2015-06-12,59.34375,74.625,102.90625,158.78125,215.65625,197.0,133.125,96.71875,79.03125,81.5,95.90625,84.6875,71.4375,63.0,66.875,86.03125,89.71875,89.3125,104.59375,100.1875,77.0,67.375,73.59375,90.34375,144.78125,173.40625,164.5625,161.8125,159.8125,213.6875
2015-06-13,102.3125,88.46875,80.90625,82.25,109.4375,150.84375,138.5,130.90625,112.8125,90.15625,83.78125,83.625,87.46875,129.1875,131.59375,95.1875,65.6875,44.3125,40.21875,50.59375,64.40625,85.375,114.3125,142.15625,174.90625,157.09375,117.46875,89.9375,71.0,231.65625
2015-06-14,88.46875,80.90625,82.25,109.4375,150.84375,138.5,130.90625,112.8125,90.15625,83.78125,83.625,87.46875,129.1875,131.59375,95.1875,65.6875,44.3125,40.21875,50.59375,64.40625,85.375,114.3125,142.15625,174.90625,157.09375,117.46875,89.9375,71.0,231.65625,319.59375
2015-06-15,80.90625,82.25,109.4375,150.84375,138.5,130.90625,112.8125,90.15625,83.78125,83.625,87.46875,129.1875,131.59375,95.1875,65.6875,44.3125,40.21875,50.59375,64.40625,85.375,114.3125,142.15625,174.90625,157.09375,117.46875,89.9375,71.0,231.65625,319.59375,416.890625
2015-06-16,82.25,109.4375,150.84375,138.5,130.90625,112.8125,90.15625,83.78125,83.625,87.46875,129.1875,131.59375,95.1875,65.6875,44.3125,40.21875,50.59375,64.40625,85.375,114.3125,142.15625,174.90625,157.09375,117.46875,89.9375,71.0,231.65625,319.59375,416.890625,403.71875
2015-06-17,202.15625,168.3125,130.78125,236.96875,345.46875,295.1875,224.75,247.03125,303.21875,382.15625,339.625,281.9375,227.9375,184.625,157.3125,154.3125,164.40625,163.84375,329.65625,560.5625,427.84375,249.90625,160.90625,119.40625,101.125,88.6875,77.90625,75.59375,77.0625,76.171875
2015-06-18,168.3125,130.78125,236.96875,345.46875,295.1875,224.75,247.03125,303.21875,382.15625,339.625,281.9375,227.9375,184.625,157.3125,154.3125,164.40625,163.84375,329.65625,560.5625,427.84375,249.90625,160.90625,119.40625,101.125,88.6875,77.90625,75.59375,77.0625,76.171875,70.0
2015-06-19,130.78125,236.96875,345.46875,295.1875,224.75,247.03125,303.21875,382.15625,339.625,281.9375,227.9375,184.625,157.3125,154.3125,164.40625,163.84375,329.65625,560.5625,427.84375,249.90625,160.90625,119.40625,101.125,88.6875,77.90625,75.59375,77.0625,76.171875,70.0,67.25
2015-06-20,109.75,92.34375,88.25,115.375,193.40625,256.75,335.21875,293.25,205.0625,127.1875,76.4375,61.84375,66.40625,76.40625,83.1875,98.15625,133.34375,152.28125,131.0,104.0,86.28125,104.8125,167.28125,187.1875,200.21875,192.890625,184.125,148.296875,120.65625,135.296875
2015-06-21,92.34375,88.25,115.375,193.40625,256.75,335.21875,293.25,205.0625,127.1875,76.4375,61.84375,66.40625,76.40625,83.1875,98.15625,133.34375,152.28125,131.0,104.0,86.28125,104.8125,167.28125,187.1875,200.21875,192.890625,184.125,148.296875,120.65625,135.296875,150.84375
2015-06-22,88.25,115.375,193.40625,256.75,335.21875,293.25,205.0625,127.1875,76.4375,61.84375,66.40625,76.40625,83.1875,98.15625,133.34375,152.28125,131.0,104.0,86.28125,104.8125,167.28125,187.1875,200.21875,192.890625,184.125,148.296875,120.65625,135.296875,150.84375,176.90625
2015-06-23,115.375,193.40625,256.75,335.21875,293.25,205.0625,127.1875,76.4375,61.84375,66.40625,76.40625,83.1875,98.15625,133.34375,152.28125,131.0,104.0,86.28125,104.8125,167.28125,187.1875,200.21875,192.890625,184.125,148.296875,120.65625,135.296875,150.84375,176.90625,165.484375
2015-06-24,208.5,185.46875,144.78125,124.5625,108.03125,89.03125,74.53125,64.125,55.59375,50.9375,46.25,56.3125,88.90625,126.90625,160.125,171.0625,145.25,111.65625,143.65625,208.96875,421.125,583.53125,532.8125,383.484375,255.390625,191.296875,153.6875,133.03125,142.25,139.890625
2015-06-25,185.46875,144.78125,124.5625,108.03125,89.03125,74.53125,64.125,55.59375,50.9375,46.25,56.3125,88.90625,126.90625,160.125,171.0625,145.25,111.65625,143.65625,208.96875,421.125,583.53125,532.8125,383.484375,255.390625,191.296875,153.6875,133.03125,142.25,139.890625,119.59375
2015-06-26,144.78125,124.5625,108.03125,89.03125,74.53125,64.125,55.59375,50.9375,46.25,56.3125,88.90625,126.90625,160.125,171.0625,145.25,111.65625,143.65625,208.96875,421.125,583.53125,532.8125,383.484375,255.390625,191.296875,153.6875,133.03125,142.25,139.890625,119.59375,98.296875
2015-06-27,193.78125,110.21875,84.09375,80.375,75.90625,78.3125,72.875,61.03125,54.53125,55.8125,63.09375,91.3125,190.3125,296.71875,446.9375,455.90625,363.25,254.5625,169.3125,117.5625,95.1875,96.21875,102.015625,104.203125,105.984375,96.84375,84.40625,89.484375,102.953125,106.25
2015-06-28,110.21875,84.09375,80.375,75.90625,78.3125,72.875,61.03125,54.53125,55.8125,63.09375,91.3125,190.3125,296.71875,446.9375,455.90625,363.25,254.5625,169.3125,117.5625,95.1875,96.21875,102.015625,104.203125,105.984375,96.84375,84.40625,89.484375,102.953125,106.25,94.734375
2015-06-29,84.09375,80.375,75.90625,78.3125,72.875,61.03125,54.53125,55.8125,63.09375,91.3125,190.3125,296.71875,446.9375,455.90625,363.25,254.5625,169.3125,117.5625,95.1875,96.21875,102.015625,104.203125,105.984375,96.84375,84.40625,89.484375,102.953125,106.25,94.734375,72.453125
2015-06-30,80.375,75.90625,78.3125,72.875,61.03125,54.53125,55.8125,63.09375,91.3125,190.3125,296.71875,446.9375,455.90625,363.25,254.5625,169.3125,117.5625,95.1875,96.21875,102.015625,104.203125,105.984375,96.84375,84.40625,89.484375,102.953125,106.25,94.734375,72.453125,59.90625
2015-07-01,43.25,47.59375,61.6875,69.25,74.78125,82.875,100.8125,130.625,120.15625,85.53125,61.9375,63.5625,110.40625,155.34375,166.9375,171.484375,143.515625,96.1875,78.265625,72.8125,84.40625,95.09375,95.078125,89.921875,70.078125,57.46875,58.34375,63.9375,75.015625,102.40625
2015-07-02,47.59375,61.6875,69.25,74.78125,82.875,100.8125,130.625,120.15625,85.53125,61.9375,63.5625,110.40625,155.34375,166.9375,171.484375,143.515625,96.1875,78.265625,72.8125,84.40625,95.09375,95.078125,89.921875,70.078125,57.46875,58.34375,63.9375,75.015625,102.40625,115.421875
2015-07-03,61.6875,69.25,74.78125,82.875,100.8125,130.625,120.15625,85.53125,61.9375,63.5625,110.40625,155.34375,166.9375,171.484375,143.515625,96.1875,78.265625,72.8125,84.40625,95.09375,95.078125,89.921875,70.078125,57.46875,58.34375,63.9375,75.015625,102.40625,115.421875,131.25
2015-07-04,50.40625,54.125,79.59375,115.65625,131.1875,115.40625,105.625,89.875,79.34375,124.21875,182.40625,183.53125,134.890625,91.546875,74.0625,65.390625,55.578125,44.859375,36.546875,35.21875,36.796875,32.25,29.015625,33.453125,43.265625,51.484375,58.46875,54.734375,47.6875,57.953125
2015-07-05,54.125,79.59375,115.65625,131.1875,115.40625,105.625,89.875,79.34375,124.21875,182.40625,183.53125,134.890625,91.546875,74.0625,65.390625,55.578125,44.859375,36.546875,35.21875,36.796875,32.25,29.015625,33.453125,43.265625,51.484375,58.46875,54.734375,47.6875,57.953125,82.25
2015-07-06,79.59375,115.65625,131.1875,115.40625,105.625,89.875,79.34375,124.21875,182.40625,183.53125,134.890625,91.546875,74.0625,65.390625,55.578125,44.859375,36.546875,35.21875,36.796875,32.25,29.015625,33.453125,43.265625,51.484375,58.46875,54.734375,47.6875,57.953125,82.25,86.140625
2015-07-07,115.65625,131.1875,115.40625,105.625,89.875,79.34375,124.21875,182.40625,183.53125,134.890625,91.546875,74.0625,65.390625,55.578125,44.859375,36.546875,35.21875,36.796875,32.25,29.015625,33.453125,43.265625,51.484375,58.46875,54.734375,47.6875,57.953125,82.25,86.140625,67.65625
2015-07-08,71.40625,82.96875,85.3125,82.09375,151.53125,298.09375,322.03125,252.5,165.203125,118.34375,126.46875,215.28125,273.546875,217.28125,145.59375,100.296875,75.5625,61.640625,52.65625,49.140625,47.15625,44.09375,39.796875,37.0625,37.53125,47.265625,74.671875,91.796875,110.078125,120.03125
2015-07-09,82.96875,85.3125,82.09375,151.53125,298.09375,322.03125,252.5,165.203125,118.34375,126.46875,215.28125,273.546875,217.28125,145.59375,100.296875,75.5625,61.640625,52.65625,49.140625,47.15625,44.09375,39.796875,37.0625,37.53125,47.265625,74.671875,91.796875,110.078125,120.03125,109.109375
2015-07-10,85.3125,82.09375,151.53125,298.09375,322.03125,252.5,165.203125,118.34375,126.46875,215.28125,273.546875,217.28125,145.59375,100.296875,75.5625,61.640625,52.65625,49.140625,47.15625,44.09375,39.796875,37.0625,37.53125,47.265625,74.671875,91.796875,110.078125,120.03125,109.109375,103.25
2015-07-11,55.65625,56.5625,103.4375,207.90625,221.0625,163.640625,120.59375,97.71875,85.65625,73.5625,66.171875,61.046875,52.015625,49.125,49.703125,44.9375,37.125,37.046875,52.265625,67.84375,69.453125,69.78125,71.125,68.484375,82.703125,92.28125,98.125,102.890625,93.3125,92.015625
2015-07-12,56.5625,103.4375,207.90625,221.0625,163.640625,120.59375,97.71875,85.65625,73.5625,66.171875,61.046875,52.015625,49.125,49.703125,44.9375,37.125,37.046875,52.265625,67.84375,69.453125,69.78125,71.125,68.484375,82.703125,92.28125,98.125,102.890625,93.3125,92.015625,80.1875
2015-07-13,103.4375,207.90625,221.0625,163.640625,120.59375,97.71875,85.65625,73.5625,66.171875,61.046875,52.015625,49.125,49.703125,44.9375,37.125,37.046875,52.265625,67.84375,69.453125,69.78125,71.125,68.484375,82.703125,92.28125,98.125,102.890625,93.3125,92.015625,80.1875,60.078125
2015-07-14,207.90625,221.0625,163.640625,120.59375,97.71875,85.65625,73.5625,66.171875,61.046875,52.015625,49.125,49.703125,44.9375,37.125,37.046875,52.265625,67.84375,69.453125,69.78125,71.125,68.484375,82.703125,92.28125,98.125,102.890625,93.3125,92.015625,80.1875,60.078125,48.359375
2015-07-15,200.5625,187.3125,121.203125,101.8125,227.484375,228.71875,137.953125,83.453125,64.984375,62.734375,64.859375,64.671875,90.59375,120.21875,116.34375,93.28125,66.53125,54.078125,48.546875,47.53125,65.234375,92.3125,88.359375,67.671875,54.78125,45.4375,40.265625,36.515625,34.015625,35.6875
2015-07-16,187.3125,121.203125,101.8125,227.484375,228.71875,137.953125,83.453125,64.984375,62.734375,64.859375,64.671875,90.59375,120.21875,116.34375,93.28125,66.53125,54.078125,48.546875,47.53125,65.234375,92.3125,88.359375,67.671875,54.78125,45.4375,40.265625,36.515625,34.015625,35.6875,40.0625
2015-07-17,121.203125,101.8125,227.484375,228.71875,137.953125,83.453125,64.984375,62.734375,64.859375,64.671875,90.59375,120.21875,116.34375,93.28125,66.53125,54.078125,48.546875,47.53125,65.234375,92.3125,88.359375,67.671875,54.78125,45.4375,40.265625,36.515625,34.015625,35.6875,40.0625,48.578125
2015-07-18,88.0625,121.28125,159.359375,126.8125,80.875,52.9375,38.25,29.453125,31.890625,60.859375,71.765625,54.4375,46.640625,44.328125,36.96875,34.515625,60.21875,90.203125,176.109375,206.109375,375.421875,468.390625,325.21875,219.796875,159.71875,115.078125,88.578125,74.875,74.03125,73.671875
2015-07-19,121.28125,159.359375,126.8125,80.875,52.9375,38.25,29.453125,31.890625,60.859375,71.765625,54.4375,46.640625,44.328125,36.96875,34.515625,60.21875,90.203125,176.109375,206.109375,375.421875,468.390625,325.21875,219.796875,159.71875,115.078125,88.578125,74.875,74.03125,73.671875,67.515625
2015-07-20,159.359375,126.8125,80.875,52.9375,38.25,29.453125,31.890625,60.859375,71.765625,54.4375,46.640625,44.328125,36.96875,34.515625,60.21875,90.203125,176.109375,206.109375,375.421875,468.390625,325.21875,219.796875,159.71875,115.078125,88.578125,74.875,74.03125,73.671875,67.515625,182.609375
2015-07-21,126.8125,80.875,52.9375,38.25,29.453125,31.890625,60.859375,71.765625,54.4375,46.640625,44.328125,36.96875,34.515625,60.21875,90.203125,176.109375,206.109375,375.421875,468.390625,325.21875,219.796875,159.71875,115.078125,88.578125,74.875,74.03125,73.671875,67.515625,182.609375,238.375
2015-07-22,86.875,54.21875,36.375,25.6875,19.8125,24.234375,39.03125,42.65625,47.53125,60.8125,64.8125,60.3125,50.5625,41.203125,39.078125,37.984375,34.921875,35.015625,40.53125,40.171875,42.765625,49.546875,43.953125,34.484375,36.90625,66.921875,89.515625,91.78125,131.09375,136.78125
2015-07-23,54.21875,36.375,25.6875,19.8125,24.234375,39.03125,42.65625,47.53125,60.8125,64.8125,60.3125,50.5625,41.203125,39.078125,37.984375,34.921875,35.015625,40.53125,40.171875,42.765625,49.546875,43.953125,34.484375,36.90625,66.921875,89.515625,91.78125,131.09375,136.78125,101.453125
2015-07-24,36.375,25.6875,19.8125,24.234375,39.03125,42.65625,47.53125,60.8125,64.8125,60.3125,50.5625,41.203125,39.078125,37.984375,34.921875,35.015625,40.53125,40.171875,42.765625,49.546875,43.953125,34.484375,36.90625,66.921875,89.515625,91.78125,131.09375,136.78125,101.453125,94.171875
2015-07-25,25.046875,20.4375,17.46875,17.703125,22.265625,26.484375,25.578125,22.6875,26.5625,32.78125,38.140625,52.1875,68.28125,108.484375,154.46875,383.640625,521.640625,402.28125,269.171875,183.625,131.828125,99.015625,78.890625,69.015625,63.375,62.828125,61.390625,61.578125,63.890625,71.84375
2015-07-26,20.4375,17.46875,17.703125,22.265625,26.484375,25.578125,22.6875,26.5625,32.78125,38.140625,52.1875,68.28125,108.484375,154.46875,383.640625,521.640625,402.28125,269.171875,183.625,131.828125,99.015625,78.890625,69.015625,63.375,62.828125,61.390625,61.578125,63.890625,71.84375,90.859375
2015-07-27,17.46875,17.703125,22.265625,26.484375,25.578125,22.6875,26.5625,32.78125,38.140625,52.1875,68.28125,108.484375,154.46875,383.640625,521.640625,402.28125,269.171875,183.625,131.828125,99.015625,78.890625,69.015625,63.375,62.828125,61.390625,61.578125,63.890625,71.84375,90.859375,250.65625
2015-07-28,17.703125,22.265625,26.484375,25.578125,22.6875,26.5625,32.78125,38.140625,52.1875,68.28125,108.484375,154.46875,383.640625,521.640625,402.28125,269.171875,183.625,131.828125,99.015625,78.890625,69.015625,63.375,62.828125,61.390625,61.578125,63.890625,71.84375,90.859375,250.65625,394.921875
2015-07-29,18.0,20.03125,24.46875,34.65625,45.34375,43.171875,38.609375,32.75,34.203125,38.203125,34.25,35.375,52.265625,84.578125,107.765625,120.984375,138.828125,136.203125,106.875,75.484375,53.828125,45.25,41.578125,37.578125,38.15625,42.34375,42.546875,54.4375,65.0,55.890625
2015-07-30,20.03125,24.46875,34.65625,45.34375,43.171875,38.609375,32.75,34.203125,38.203125,34.25,35.375,52.265625,84.578125,107.765625,120.984375,138.828125,136.203125,106.875,75.484375,53.828125,45.25,41.578125,37.578125,38.15625,42.34375,42.546875,54.4375,65.0,55.890625,45.515625
2015-07-31,24.46875,34.65625,45.34375,43.171875,38.609375,32.75,34.203125,38.203125,34.25,35.375,52.265625,84.578125,107.765625,120.984375,138.828125,136.203125,106.875,75.484375,53.828125,45.25,41.578125,37.578125,38.15625,42.34375,42.546875,54.4375,65.0,55.890625,45.515625,39.609375
2015-08-01,60.078125,58.5,55.1875,63.65625,64.46875,60.203125,63.453125,64.328125,62.625,69.515625,71.4375,81.21875,92.0,80.203125,62.390625,54.71875,55.0625,56.375,63.125,78.4375,152.96875,188.3125,162.6875,160.59375,165.53125,151.734375,199.234375,252.21875,249.59375,388.109375
2015-08-02,58.5,55.1875,63.65625,64.46875,60.203125,63.453125,64.328125,62.625,69.515625,71.4375,81.21875,92.0,80.203125,62.390625,54.71875,55.0625,56.375,63.125,78.4375,152.96875,188.3125,162.6875,160.59375,165.53125,151.734375,199.234375,252.21875,249.59375,388.109375,435.25
2015-08-03,55.1875,63.65625,64.46875,60.203125,63.453125,64.328125,62.625,69.515625,71.4375,81.21875,92.0,80.203125,62.390625,54.71875,55.0625,56.375,63.125,78.4375,152.96875,188.3125,162.6875,160.59375,165.53125,151.734375,199.234375,252.21875,249.59375,388.109375,435.25,344.796875
2015-08-04,63.65625,64.46875,60.203125,63.453125,64.328125,62.625,69.515625,71.4375,81.21875,92.0,80.203125,62.390625,54.71875,55.0625,56.375,63.125,78.4375,152.96875,188.3125,162.6875,160.59375,165.53125,151.734375,199.234375,252.21875,249.59375,388.109375,435.25,344.796875,253.578125
2015-08-05,87.46875,98.75,93.5625,99.734375,135.265625,165.53125,146.109375,107.515625,80.796875,63.65625,53.765625,51.109375,48.09375,44.484375,47.234375,66.5,83.578125,98.4375,121.03125,150.015625,152.40625,127.78125,125.40625,130.265625,112.078125,95.8125,99.453125,102.84375,93.609375,165.109375
2015-08-06,98.75,93.5625,99.734375,135.265625,165.53125,146.109375,107.515625,80.796875,63.65625,53.765625,51.109375,48.09375,44.484375,47.234375,66.5,83.578125,98.4375,121.03125,150.015625,152.40625,127.78125,125.40625,130.265625,112.078125,95.8125,99.453125,102.84375,93.609375,165.109375,282.15625
2015-08-07,93.5625,99.734375,135.265625,165.53125,146.109375,107.515625,80.796875,63.65625,53.765625,51.109375,48.09375,44.484375,47.234375,66.5,83.578125,98.4375,121.03125,150.015625,152.40625,127.78125,125.40625,130.265625,112.078125,95.8125,99.453125,102.84375,93.609375,165.109375,282.15625,249.84375
2015-08-08,108.375,113.734375,94.609375,86.0,75.21875,63.78125,62.203125,64.1875,68.765625,62.015625,52.5625,54.703125,62.4375,63.625,60.3125,56.640625,53.875,60.265625,117.421875,254.375,231.359375,154.046875,116.96875,99.796875,118.390625,127.296875,160.0625,293.125,387.90625,351.5
2015-08-09,113.734375,94.609375,86.0,75.21875,63.78125,62.203125,64.1875,68.765625,62.015625,52.5625,54.703125,62.4375,63.625,60.3125,56.640625,53.875,60.265625,117.421875,254.375,231.359375,154.046875,116.96875,99.796875,118.390625,127.296875,160.0625,293.125,387.90625,351.5,424.625
2015-08-10,94.609375,86.0,75.21875,63.78125,62.203125,64.1875,68.765625,62.015625,52.5625,54.703125,62.4375,63.625,60.3125,56.640625,53.875,60.265625,117.421875,254.375,231.359375,154.046875,116.96875,99.796875,118.390625,127.296875,160.0625,293.125,387.90625,351.5,424.625,390.828125
2015-08-11,86.0,75.21875,63.78125,62.203125,64.1875,68.765625,62.015625,52.5625,54.703125,62.4375,63.625,60.3125,56.640625,53.875,60.265625,117.421875,254.375,231.359375,154.046875,116.96875,99.796875,118.390625,127.296875,160.0625,293.125,387.90625,351.5,424.625,390.828125,299.46875
2015-08-12,97.671875,85.578125,69.5,64.578125,62.734375,55.9375,50.6875,53.859375,55.390625,58.109375,83.90625,171.71875,171.234375,127.765625,117.515625,95.8125,68.15625,51.609375,42.421875,38.8125,39.625,44.34375,44.390625,49.359375,56.3125,51.96875,86.3125,140.3125,142.90625,111.734375
2015-08-13,85.578125,69.5,64.578125,62.734375,55.9375,50.6875,53.859375,55.390625,58.109375,83.90625,171.71875,171.234375,127.765625,117.515625,95.8125,68.15625,51.609375,42.421875,38.8125,39.625,44.34375,44.390625,49.359375,56.3125,51.96875,86.3125,140.3125,142.90625,111.734375,78.609375
2015-08-14,69.5,64.578125,62.734375,55.9375,50.6875,53.859375,55.390625,58.109375,83.90625,171.71875,171.234375,127.765625,117.515625,95.8125,68.15625,51.609375,42.421875,38.8125,39.625,44.34375,44.390625,49.359375,56.3125,51.96875,86.3125,140.3125,142.90625,111.734375,78.609375,58.84375
2015-08-15,65.296875,58.78125,55.671875,53.203125,58.90625,78.984375,98.0625,100.03125,94.921875,95.5625,102.96875,122.78125,113.21875,90.75,82.765625,67.546875,53.8125,52.265625,51.234375,45.9375,46.40625,51.171875,50.09375,47.375,86.4375,114.390625,104.765625,107.234375,102.953125,105.03125
2015-08-16,58.78125,55.671875,53.203125,58.90625,78.984375,98.0625,100.03125,94.921875,95.5625,102.96875,122.78125,113.21875,90.75,82.765625,67.546875,53.8125,52.265625,51.234375,45.9375,46.40625,51.171875,50.09375,47.375,86.4375,114.390625,104.765625,107.234375,102.953125,105.03125,111.703125
2015-08-17,55.671875,53.203125,58.90625,78.984375,98.0625,100.03125,94.921875,95.5625,102.96875,122.78125,113.21875,90.75,82.765625,67.546875,53.8125,52.265625,51.234375,45.9375,46.40625,51.171875,50.09375,47.375,86.4375,114.390625,104.765625,107.234375,102.953125,105.03125,111.703125,109.875
2015-08-18,53.203125,58.90625,78.984375,98.0625,100.03125,94.921875,95.5625,102.96875,122.78125,113.21875,90.75,82.765625,67.546875,53.8125,52.265625,51.234375,45.9375,46.40625,51.171875,50.09375,47.375,86.4375,114.390625,104.765625,107.234375,102.953125,105.03125,111.703125,109.875,111.015625
2015-08-19,105.75,84.328125,69.890625,66.234375,63.484375,65.078125,77.65625,88.453125,78.28125,60.75,47.0,40.40625,39.921875,45.140625,48.671875,44.75,47.0,78.4375,105.9375,126.5625,169.59375,198.9375,199.796875,158.25,112.40625,81.078125,69.4375,68.078125,60.875,53.53125
2015-08-20,84.328125,69.890625,66.234375,63.484375,65.078125,77.65625,88.453125,78.28125,60.75,47.0,40.40625,39.921875,45.140625,48.671875,44.75,47.0,78.4375,105.9375,126.5625,169.59375,198.9375,199.796875,158.25,112.40625,81.078125,69.4375,68.078125,60.875,53.53125,54.484375
2015-08-21,69.890625,66.234375,63.484375,65.078125,77.65625,88.453125,78.28125,60.75,47.0,40.40625,39.921875,45.140625,48.671875,44.75,47.0,78.4375,105.9375,126.5625,169.59375,198.9375,199.796875,158.25,112.40625,81.078125,69.4375,68.078125,60.875,53.53125,54.484375,67.5625
2015-08-22,121.8125,92.828125,76.75,69.21875,70.484375,63.578125,48.40625,50.796875,86.734375,143.640625,137.46875,99.703125,74.421875,58.546875,53.015625,61.328125,72.15625,74.109375,80.234375,84.1875,85.203125,81.515625,79.71875,94.078125,98.6875,87.90625,84.515625,97.5625,94.234375,88.015625
2015-08-23,92.828125,76.75,69.21875,70.484375,63.578125,48.40625,50.796875,86.734375,143.640625,137.46875,99.703125,74.421875,58.546875,53.015625,61.328125,72.15625,74.109375,80.234375,84.1875,85.203125,81.515625,79.71875,94.078125,98.6875,87.90625,84.515625,97.5625,94.234375,88.015625,78.6328125
2015-08-24,76.75,69.21875,70.484375,63.578125,48.40625,50.796875,86.734375,143.640625,137.46875,99.703125,74.421875,58.546875,53.015625,61.328125,72.15625,74.109375,80.234375,84.1875,85.203125,81.515625,79.71875,94.078125,98.6875,87.90625,84.515625,97.5625,94.234375,88.015625,78.6328125,60.78125
2015-08-25,69.21875,70.484375,63.578125,48.40625,50.796875,86.734375,143.640625,137.46875,99.703125,74.421875,58.546875,53.015625,61.328125,72.15625,74.109375,80.234375,84.1875,85.203125,81.515625,79.71875,94.078125,98.6875,87.90625,84.515625,97.5625,94.234375,88.015625,78.6328125,60.78125,48.90625
2015-08-26,177.015625,155.15625,118.1875,106.484375,114.546875,115.734375,105.53125,89.828125,70.734375,59.625,55.90625,53.125,49.15625,45.640625,49.3125,64.65625,70.1875,64.578125,60.3125,63.375,77.765625,85.15625,91.625,101.328125,130.203125,168.328125,143.3359375,118.0078125,113.515625,96.5546875
2015-08-27,155.15625,118.1875,106.484375,114.546875,115.734375,105.53125,89.828125,70.734375,59.625,55.90625,53.125,49.15625,45.640625,49.3125,64.65625,70.1875,64.578125,60.3125,63.375,77.765625,85.15625,91.625,101.328125,130.203125,168.328125,143.3359375,118.0078125,113.515625,96.5546875,73.6328125
2015-08-28,118.1875,106.484375,114.546875,115.734375,105.53125,89.828125,70.734375,59.625,55.90625,53.125,49.15625,45.640625,49.3125,64.65625,70.1875,64.578125,60.3125,63.375,77.765625,85.15625,91.625,101.328125,130.203125,168.328125,143.3359375,118.0078125,113.515625,96.5546875,73.6328125,56.046875
2015-08-29,67.484375,62.25,61.625,65.375,76.0625,87.0625,95.8125,128.734375,122.109375,87.484375,70.265625,71.609375,111.984375,129.421875,102.890625,93.09375,158.375,257.625,224.203125,155.28125,126.25,125.171875,139.375,179.9921875,194.6640625,149.8828125,102.625,84.9375,93.765625,177.6796875
2015-08-30,62.25,61.625,65.375,76.0625,87.0625,95.8125,128.734375,122.109375,87.484375,70.265625,71.609375,111.984375,129.421875,102.890625,93.09375,158.375,257.625,224.203125,155.28125,126.25,125.171875,139.375,179.9921875,194.6640625,149.8828125,102.625,84.9375,93.765625,177.6796875,191.359375
2015-08-31,61.625,65.375,76.0625,87.0625,95.8125,128.734375,122.109375,87.484375,70.265625,71.609375,111.984375,129.421875,102.890625,93.09375,158.375,257.625,224.203125,155.28125,126.25,125.171875,139.375,179.9921875,194.6640625,149.8828125,102.625,84.9375,93.765625,177.6796875,191.359375,147.4765625
2015-09-01,65.375,76.0625,87.0625,95.8125,128.734375,122.109375,87.484375,70.265625,71.609375,111.984375,129.421875,102.890625,93.09375,158.375,257.625,224.203125,155.28125,126.25,125.171875,139.375,179.9921875,194.6640625,149.8828125,102.625,84.9375,93.765625,177.6796875,191.359375,147.4765625,122.78125
2015-09-02,77.046875,78.015625,100.578125,120.828125,107.390625,80.78125,74.765625,122.5,170.171875,169.96875,139.90625,107.0,83.96875,71.359375,74.9375,104.78125,119.953125,107.21875,99.109375,86.6875,77.0859375,82.453125,94.34375,110.484375,142.6328125,143.3515625,107.4453125,99.984375,114.0,110.15625
2015-09-03,78.015625,100.578125,120.828125,107.390625,80.78125,74.765625,122.5,170.171875,169.96875,139.90625,107.0,83.96875,71.359375,74.9375,104.78125,119.953125,107.21875,99.109375,86.6875,77.0859375,82.453125,94.34375,110.484375,142.6328125,143.3515625,107.4453125,99.984375,114.0,110.15625,95.75
2015-09-04,100.578125,120.828125,107.390625,80.78125,74.765625,122.5,170.171875,169.96875,139.90625,107.0,83.96875,71.359375,74.9375,104.78125,119.953125,107.21875,99.109375,86.6875,77.0859375,82.453125,94.34375,110.484375,142.6328125,143.3515625,107.4453125,99.984375,114.0,110.15625,95.75,108.703125
2015-09-05,100.953125,85.3125,68.734375,68.328125,76.390625,139.46875,152.578125,118.3125,119.3125,146.203125,183.78125,246.25,257.78125,193.484375,132.640625,97.5,88.5,97.3046875,106.8203125,101.640625,83.9609375,67.3359375,63.5078125,75.75,101.8515625,136.6953125,158.8671875,160.5078125,128.1796875,100.0
2015-09-06,85.3125,68.734375,68.328125,76.390625,139.46875,152.578125,118.3125,119.3125,146.203125,183.78125,246.25,257.78125,193.484375,132.640625,97.5,88.5,97.3046875,106.8203125,101.640625,83.9609375,67.3359375,63.5078125,75.75,101.8515625,136.6953125,158.8671875,160.5078125,128.1796875,100.0,144.8984375
2015-09-07,68.734375,68.328125,76.390625,139.46875,152.578125,118.3125,119.3125,146.203125,183.78125,246.25,257.78125,193.484375,132.640625,97.5,88.5,97.3046875,106.8203125,101.640625,83.9609375,67.3359375,63.5078125,75.75,101.8515625,136.6953125,158.8671875,160.5078125,128.1796875,100.0,144.8984375,343.625
2015-09-08,68.328125,76.390625,139.46875,152.578125,118.3125,119.3125,146.203125,183.78125,246.25,257.78125,193.484375,132.640625,97.5,88.5,97.3046875,106.8203125,101.640625,83.9609375,67.3359375,63.5078125,75.75,101.8515625,136.6953125,158.8671875,160.5078125,128.1796875,100.0,144.8984375,343.625,336.78125
2015-09-09,167.8125,200.1875,152.3125,107.734375,132.96875,156.0,149.296875,136.375,148.015625,168.21875,163.421875,147.6875,119.765625,108.0,107.6953125,90.2109375,72.4375,84.765625,93.140625,76.9375,65.71875,86.2890625,126.1796875,141.140625,146.9296875,142.640625,116.7734375,100.6015625,111.6328125,148.28125
2015-09-10,200.1875,152.3125,107.734375,132.96875,156.0,149.296875,136.375,148.015625,168.21875,163.421875,147.6875,119.765625,108.0,107.6953125,90.2109375,72.4375,84.765625,93.140625,76.9375,65.71875,86.2890625,126.1796875,141.140625,146.9296875,142.640625,116.7734375,100.6015625,111.6328125,148.28125,220.9296875
2015-09-11,152.3125,107.734375,132.96875,156.0,149.296875,136.375,148.015625,168.21875,163.421875,147.6875,119.765625,108.0,107.6953125,90.2109375,72.4375,84.765625,93.140625,76.9375,65.71875,86.2890625,126.1796875,141.140625,146.9296875,142.640625,116.7734375,100.6015625,111.6328125,148.28125,220.9296875,281.0078125
2015-09-12,121.953125,101.09375,109.171875,127.984375,156.796875,180.28125,201.140625,213.5625,197.515625,163.4140625,139.296875,130.421875,130.828125,124.171875,112.65625,103.53125,106.0078125,118.8984375,144.9921875,130.1015625,112.3359375,115.359375,111.984375,123.171875,117.0546875,93.234375,104.0078125,110.9296875,173.2109375,214.203125
2015-09-13,101.09375,109.171875,127.984375,156.796875,180.28125,201.140625,213.5625,197.515625,163.4140625,139.296875,130.421875,130.828125,124.171875,112.65625,103.53125,106.0078125,118.8984375,144.9921875,130.1015625,112.3359375,115.359375,111.984375,123.171875,117.0546875,93.234375,104.0078125,110.9296875,173.2109375,214.203125,236.4765625
2015-09-14,109.171875,127.984375,156.796875,180.28125,201.140625,213.5625,197.515625,163.4140625,139.296875,130.421875,130.828125,124.171875,112.65625,103.53125,106.0078125,118.8984375,144.9921875,130.1015625,112.3359375,115.359375,111.984375,123.171875,117.0546875,93.234375,104.0078125,110.9296875,173.2109375,214.203125,236.4765625,244.0078125
2015-09-15,127.984375,156.796875,180.28125,201.140625,213.5625,197.515625,163.4140625,139.296875,130.421875,130.828125,124.171875,112.65625,103.53125,106.0078125,118.8984375,144.9921875,130.1015625,112.3359375,115.359375,111.984375,123.171875,117.0546875,93.234375,104.0078125,110.9296875,173.2109375,214.203125,236.4765625,244.0078125,203.6171875
2015-09-16,551.9375,560.96875,374.984375,245.96875,191.625,183.0625,183.6015625,166.296875,141.328125,123.9609375,117.0859375,121.7265625,127.953125,141.0546875,160.09375,182.6875,180.765625,158.4296875,140.9765625,120.0859375,99.6796875,99.484375,113.015625,109.6484375,125.4765625,157.828125,148.2578125,124.9453125,109.0859375,89.921875
2015-09-17,560.96875,374.984375,245.96875,191.625,183.0625,183.6015625,166.296875,141.328125,123.9609375,117.0859375,121.7265625,127.953125,141.0546875,160.09375,182.6875,180.765625,158.4296875,140.9765625,120.0859375,99.6796875,99.484375,113.015625,109.6484375,125.4765625,157.828125,148.2578125,124.9453125,109.0859375,89.921875,76.796875
2015-09-18,374.984375,245.96875,191.625,183.0625,183.6015625,166.296875,141.328125,123.9609375,117.0859375,121.7265625,127.953125,141.0546875,160.09375,182.6875,180.765625,158.4296875,140.9765625,120.0859375,99.6796875,99.484375,113.015625,109.6484375,125.4765625,157.828125,148.2578125,124.9453125,109.0859375,89.921875,76.796875,72.0625
2015-09-19,319.421875,223.609375,182.03125,186.5703125,222.8515625,207.78125,180.328125,179.8515625,165.625,163.5546875,161.453125,150.8515625,155.484375,147.078125,148.140625,140.0390625,142.234375,153.140625,155.296875,157.609375,153.890625,138.3515625,140.421875,169.0859375,153.2265625,124.8046875,140.0234375,192.78125,178.6875,142.6171875
2015-09-20,223.609375,182.03125,186.5703125,222.8515625,207.78125,180.328125,179.8515625,165.625,163.5546875,161.453125,150.8515625,155.484375,147.078125,148.140625,140.0390625,142.234375,153.140625,155.296875,157.609375,153.890625,138.3515625,140.421875,169.0859375,153.2265625,124.8046875,140.0234375,192.78125,178.6875,142.6171875,115.203125
2015-09-21,182.03125,186.5703125,222.8515625,207.78125,180.328125,179.8515625,165.625,163.5546875,161.453125,150.8515625,155.484375,147.078125,148.140625,140.0390625,142.234375,153.140625,155.296875,157.609375,153.890625,138.3515625,140.421875,169.0859375,153.2265625,124.8046875,140.0234375,192.78125,178.6875,142.6171875,115.203125,84.2890625
2015-09-22,186.5703125,222.8515625,207.78125,180.328125,179.8515625,165.625,163.5546875,161.453125,150.8515625,155.484375,147.078125,148.140625,140.0390625,142.234375,153.140625,155.296875,157.609375,153.890625,138.3515625,140.421875,169.0859375,153.2265625,124.8046875,140.0234375,192.78125,178.6875,142.6171875,115.203125,84.2890625,66.3046875
2015-09-23,195.5390625,177.0546875,166.3125,162.8515625,171.640625,169.7734375,148.6796875,143.8671875,155.8359375,147.21875,124.0390625,127.734375,142.875,152.859375,155.40625,158.9375,158.296875,132.1640625,115.7265625,101.9140625,78.4296875,66.390625,59.515625,53.4296875,59.6015625,76.5234375,95.21875,96.4296875,79.625,65.5078125
2015-09-24,177.0546875,166.3125,162.8515625,171.640625,169.7734375,148.6796875,143.8671875,155.8359375,147.21875,124.0390625,127.734375,142.875,152.859375,155.40625,158.9375,158.296875,132.1640625,115.7265625,101.9140625,78.4296875,66.390625,59.515625,53.4296875,59.6015625,76.5234375,95.21875,96.4296875,79.625,65.5078125,90.4296875
2015-09-25,166.3125,162.8515625,171.640625,169.7734375,148.6796875,143.8671875,155.8359375,147.21875,124.0390625,127.734375,142.875,152.859375,155.40625,158.9375,158.296875,132.1640625,115.7265625,101.9140625,78.4296875,66.390625,59.515625,53.4296875,59.6015625,76.5234375,95.21875,96.4296875,79.625,65.5078125,90.4296875,117.6796875
2015-09-26,183.65625,165.40625,163.9921875,252.765625,236.5390625,197.46875,189.9921875,164.9921875,175.28125,223.3828125,227.9453125,184.328125,156.765625,141.7109375,142.0546875,132.5390625,128.046875,130.546875,146.8125,142.484375,112.484375,100.015625,143.765625,195.7265625,220.40625,203.21875,151.953125,113.6484375,119.3125,117.34375
2015-09-27,165.40625,163.9921875,252.765625,236.5390625,197.46875,189.9921875,164.9921875,175.28125,223.3828125,227.9453125,184.328125,156.765625,141.7109375,142.0546875,132.5390625,128.046875,130.546875,146.8125,142.484375,112.484375,100.015625,143.765625,195.7265625,220.40625,203.21875,151.953125,113.6484375,119.3125,117.34375,109.671875
2015-09-28,163.9921875,252.765625,236.5390625,197.46875,189.9921875,164.9921875,175.28125,223.3828125,227.9453125,184.328125,156.765625,141.7109375,142.0546875,132.5390625,128.046875,130.546875,146.8125,142.484375,112.484375,100.015625,143.765625,195.7265625,220.40625,203.21875,151.953125,113.6484375,119.3125,117.34375,109.671875,101.546875
2015-09-29,252.765625,236.5390625,197.46875,189.9921875,164.9921875,175.28125,223.3828125,227.9453125,184.328125,156.765625,141.7109375,142.0546875,132.5390625,128.046875,130.546875,146.8125,142.484375,112.484375,100.015625,143.765625,195.7265625,220.40625,203.21875,151.953125,113.6484375,119.3125,117.34375,109.671875,101.546875,76.5703125
2015-09-30,206.9140625,154.5546875,128.171875,118.1484375,136.1328125,154.8046875,143.6328125,129.8359375,113.5234375,104.0859375,108.9453125,108.5703125,99.0546875,92.0390625,91.453125,124.8046875,154.6484375,140.5234375,112.6953125,94.53125,86.1015625,76.4765625,81.5234375,97.7734375,98.8359375,92.3203125,97.2578125,145.3984375,156.2421875,138.8671875
2015-10-01,154.5546875,128.171875,118.1484375,136.1328125,154.8046875,143.6328125,129.8359375,113.5234375,104.0859375,108.9453125,108.5703125,99.0546875,92.0390625,91.453125,124.8046875,154.6484375,140.5234375,112.6953125,94.53125,86.1015625,76.4765625,81.5234375,97.7734375,98.8359375,92.3203125,97.2578125,145.3984375,156.2421875,138.8671875,143.96875
2015-10-02,128.171875,118.1484375,136.1328125,154.8046875,143.6328125,129.8359375,113.5234375,104.0859375,108.9453125,108.5703125,99.0546875,92.0390625,91.453125,124.8046875,154.6484375,140.5234375,112.6953125,94.53125,86.1015625,76.4765625,81.5234375,97.7734375,98.8359375,92.3203125,97.2578125,145.3984375,156.2421875,138.8671875,143.96875,133.0703125
2015-10-03,194.5859375,159.28125,148.0234375,144.3828125,156.6484375,159.3671875,151.3984375,145.6953125,124.046875,101.890625,110.5078125,111.984375,97.796875,266.046875,281.734375,198.4453125,155.2109375,123.125,94.546875,72.0,57.65625,48.2421875,41.5390625,37.6328125,35.890625,46.7890625,66.3984375,96.578125,154.6953125,175.71875
2015-10-04,159.28125,148.0234375,144.3828125,156.6484375,159.3671875,151.3984375,145.6953125,124.046875,101.890625,110.5078125,111.984375,97.796875,266.046875,281.734375,198.4453125,155.2109375,123.125,94.546875,72.0,57.65625,48.2421875,41.5390625,37.6328125,35.890625,46.7890625,66.3984375,96.578125,154.6953125,175.71875,167.4765625
2015-10-05,148.0234375,144.3828125,156.6484375,159.3671875,151.3984375,145.6953125,124.046875,101.890625,110.5078125,111.984375,97.796875,266.046875,281.734375,198.4453125,155.2109375,123.125,94.546875,72.0,57.65625,48.2421875,41.5390625,37.6328125,35.890625,46.7890625,66.3984375,96.578125,154.6953125,175.71875,167.4765625,169.578125
2015-10-06,144.3828125,156.6484375,159.3671875,151.3984375,145.6953125,124.046875,101.890625,110.5078125,111.984375,97.796875,266.046875,281.734375,198.4453125,155.2109375,123.125,94.546875,72.0,57.65625,48.2421875,41.5390625,37.6328125,35.890625,46.7890625,66.3984375,96.578125,154.6953125,175.71875,167.4765625,169.578125,148.2109375
2015-10-07,134.75,133.0234375,128.1640625,128.65625,153.1171875,163.4453125,194.8203125,186.15625,132.8515625,94.15625,72.8984375,74.5546875,85.9765625,83.734375,75.078125,69.7578125,62.4609375,51.2734375,44.0859375,38.21875,32.2890625,27.25,23.8203125,21.9140625,28.0234375,55.6875,71.328125,59.9296875,45.375,34.640625
2015-10-08,133.0234375,128.1640625,128.65625,153.1171875,163.4453125,194.8203125,186.15625,132.8515625,94.15625,72.8984375,74.5546875,85.9765625,83.734375,75.078125,69.7578125,62.4609375,51.2734375,44.0859375,38.21875,32.2890625,27.25,23.8203125,21.9140625,28.0234375,55.6875,71.328125,59.9296875,45.375,34.640625,31.625
2015-10-09,128.1640625,128.65625,153.1171875,163.4453125,194.8203125,186.15625,132.8515625,94.15625,72.8984375,74.5546875,85.9765625,83.734375,75.078125,69.7578125,62.4609375,51.2734375,44.0859375,38.21875,32.2890625,27.25,23.8203125,21.9140625,28.0234375,55.6875,71.328125,59.9296875,45.375,34.640625,31.625,31.8125
2015-10-10,197.3359375,194.9296875,192.828125,187.7109375,145.03125,118.8828125,116.625,113.1640625,97.4921875,77.03125,65.9765625,69.453125,127.2578125,143.1171875,106.15625,79.6640625,88.46875,114.5703125,104.2421875,74.2734375,54.953125,43.15625,37.265625,40.328125,51.1328125,58.9921875,66.9921875,117.0546875,158.25,134.1015625
2015-10-11,194.9296875,192.828125,187.7109375,145.03125,118.8828125,116.625,113.1640625,97.4921875,77.03125,65.9765625,69.453125,127.2578125,143.1171875,106.15625,79.6640625,88.46875,114.5703125,104.2421875,74.2734375,54.953125,43.15625,37.265625,40.328125,51.1328125,58.9921875,66.9921875,117.0546875,158.25,134.1015625,96.3125
2015-10-12,192.828125,187.7109375,145.03125,118.8828125,116.625,113.1640625,97.4921875,77.03125,65.9765625,69.453125,127.2578125,143.1171875,106.15625,79.6640625,88.46875,114.5703125,104.2421875,74.2734375,54.953125,43.15625,37.265625,40.328125,51.1328125,58.9921875,66.9921875,117.0546875,158.25,134.1015625,96.3125,75.3359375
2015-10-13,187.7109375,145.03125,118.8828125,116.625,113.1640625,97.4921875,77.03125,65.9765625,69.453125,127.2578125,143.1171875,106.15625,79.6640625,88.46875,114.5703125,104.2421875,74.2734375,54.953125,43.15625,37.265625,40.328125,51.1328125,58.9921875,66.9921875,117.0546875,158.25,134.1015625,96.3125,75.3359375,67.90625
2015-10-14,178.609375,161.8515625,122.625,108.2578125,99.5078125,87.2265625,80.09375,69.34375,56.859375,49.4453125,46.78125,44.7421875,43.96875,47.71875,49.640625,44.59375,37.5390625,32.9453125,30.7734375,28.8515625,31.0078125,33.5234375,31.828125,31.28125,32.3984375,41.328125,50.1171875,66.21875,80.9140625,84.90625
2015-10-15,161.8515625,122.625,108.2578125,99.5078125,87.2265625,80.09375,69.34375,56.859375,49.4453125,46.78125,44.7421875,43.96875,47.71875,49.640625,44.59375,37.5390625,32.9453125,30.7734375,28.8515625,31.0078125,33.5234375,31.828125,31.28125,32.3984375,41.328125,50.1171875,66.21875,80.9140625,84.90625,76.1171875
2015-10-16,122.625,108.2578125,99.5078125,87.2265625,80.09375,69.34375,56.859375,49.4453125,46.78125,44.7421875,43.96875,47.71875,49.640625,44.59375,37.5390625,32.9453125,30.7734375,28.8515625,31.0078125,33.5234375,31.828125,31.28125,32.3984375,41.328125,50.1171875,66.21875,80.9140625,84.90625,76.1171875,77.9765625
2015-10-17,221.578125,202.28125,166.9375,164.8203125,166.875,168.609375,176.6640625,156.5234375,132.09375,141.6484375,134.9609375,180.7734375,197.1875,161.1953125,125.5625,107.1484375,108.7421875,102.4453125,83.6953125,70.0546875,61.0859375,56.0859375,55.8203125,62.5625,63.8984375,53.234375,46.234375,46.0546875,44.796875,43.1640625
2015-10-18,202.28125,166.9375,164.8203125,166.875,168.609375,176.6640625,156.5234375,132.09375,141.6484375,134.9609375,180.7734375,197.1875,161.1953125,125.5625,107.1484375,108.7421875,102.4453125,83.6953125,70.0546875,61.0859375,56.0859375,55.8203125,62.5625,63.8984375,53.234375,46.234375,46.0546875,44.796875,43.1640625,44.9375
2015-10-19,166.9375,164.8203125,166.875,168.609375,176.6640625,156.5234375,132.09375,141.6484375,134.9609375,180.7734375,197.1875,161.1953125,125.5625,107.1484375,108.7421875,102.4453125,83.6953125,70.0546875,61.0859375,56.0859375,55.8203125,62.5625,63.8984375,53.234375,46.234375,46.0546875,44.796875,43.1640625,44.9375,58.4765625
2015-10-20,164.8203125,166.875,168.609375,176.6640625,156.5234375,132.09375,141.6484375,134.9609375,180.7734375,197.1875,161.1953125,125.5625,107.1484375,108.7421875,102.4453125,83.6953125,70.0546875,61.0859375,56.0859375,55.8203125,62.5625,63.8984375,53.234375,46.234375,46.0546875,44.796875,43.1640625,44.9375,58.4765625,78.734375
2015-10-21,183.15625,135.9140625,111.90625,110.0390625,111.328125,146.3984375,163.890625,138.3515625,117.609375,113.9609375,121.65625,107.421875,92.5625,98.125,106.25,97.59375,98.875,105.8828125,96.5625,97.171875,95.8046875,80.2265625,96.484375,114.6796875,92.359375,107.4765625,113.7265625,93.265625,83.609375,85.4296875
2015-10-22,135.9140625,111.90625,110.0390625,111.328125,146.3984375,163.890625,138.3515625,117.609375,113.9609375,121.65625,107.421875,92.5625,98.125,106.25,97.59375,98.875,105.8828125,96.5625,97.171875,95.8046875,80.2265625,96.484375,114.6796875,92.359375,107.4765625,113.7265625,93.265625,83.609375,85.4296875,92.859375
2015-10-23,111.90625,110.0390625,111.328125,146.3984375,163.890625,138.3515625,117.609375,113.9609375,121.65625,107.421875,92.5625,98.125,106.25,97.59375,98.875,105.8828125,96.5625,97.171875,95.8046875,80.2265625,96.484375,114.6796875,92.359375,107.4765625,113.7265625,93.265625,83.609375,85.4296875,92.859375,78.46484375
2015-10-24,123.125,108.328125,100.625,92.2890625,79.2734375,69.046875,62.0859375,57.3125,54.1171875,62.96875,71.609375,65.765625,78.2109375,91.296875,88.7421875,90.78125,82.984375,67.2734375,53.171875,43.296875,37.375,32.65625,36.28125,46.7109375,44.9375,37.8515625,34.2421875,29.5859375,25.953125,25.0546875
2015-10-25,108.328125,100.625,92.2890625,79.2734375,69.046875,62.0859375,57.3125,54.1171875,62.96875,71.609375,65.765625,78.2109375,91.296875,88.7421875,90.78125,82.984375,67.2734375,53.171875,43.296875,37.375,32.65625,36.28125,46.7109375,44.9375,37.8515625,34.2421875,29.5859375,25.953125,25.0546875,23.515625
2015-10-26,100.625,92.2890625,79.2734375,69.046875,62.0859375,57.3125,54.1171875,62.96875,71.609375,65.765625,78.2109375,91.296875,88.7421875,90.78125,82.984375,67.2734375,53.171875,43.296875,37.375,32.65625,36.28125,46.7109375,44.9375,37.8515625,34.2421875,29.5859375,25.953125,25.0546875,23.515625,21.2109375
2015-10-27,92.2890625,79.2734375,69.046875,62.0859375,57.3125,54.1171875,62.96875,71.609375,65.765625,78.2109375,91.296875,88.7421875,90.78125,82.984375,67.2734375,53.171875,43.296875,37.375,32.65625,36.28125,46.7109375,44.9375,37.8515625,34.2421875,29.5859375,25.953125,25.0546875,23.515625,21.2109375,18.43359375
2015-10-28,109.578125,93.7265625,88.9453125,90.3203125,81.1875,83.421875,96.578125,102.8203125,96.9140625,85.5859375,84.5078125,80.171875,80.1953125,85.1640625,81.703125,70.2890625,59.234375,54.2890625,48.1796875,41.59375,36.3125,62.4609375,84.4296875,62.00390625,46.18359375,37.3515625,30.30078125,24.43359375,20.109375,16.9296875
2015-10-29,93.7265625,88.9453125,90.3203125,81.1875,83.421875,96.578125,102.8203125,96.9140625,85.5859375,84.5078125,80.171875,80.1953125,85.1640625,81.703125,70.2890625,59.234375,54.2890625,48.1796875,41.59375,36.3125,62.4609375,84.4296875,62.00390625,46.18359375,37.3515625,30.30078125,24.43359375,20.109375,16.9296875,15.16796875
2015-10-30,88.9453125,90.3203125,81.1875,83.421875,96.578125,102.8203125,96.9140625,85.5859375,84.5078125,80.171875,80.1953125,85.1640625,81.703125,70.2890625,59.234375,54.2890625,48.1796875,41.59375,36.3125,62.4609375,84.4296875,62.00390625,46.18359375,37.3515625,30.30078125,24.43359375,20.109375,16.9296875,15.16796875,15.46484375
2015-10-31,70.875,64.015625,61.265625,67.5,83.03125,103.3359375,120.6171875,133.5546875,123.34375,99.78125,82.3984375,87.2890625,88.8828125,75.9921875,67.515625,68.1796875,69.3125,65.890625,67.6640625,63.03125,50.953125,39.68359375,32.984375,29.26953125,25.4765625,21.54296875,18.21484375,15.7578125,15.3203125,15.41015625
2015-11-01,64.015625,61.265625,67.5,83.03125,103.3359375,120.6171875,133.5546875,123.34375,99.78125,82.3984375,87.2890625,88.8828125,75.9921875,67.515625,68.1796875,69.3125,65.890625,67.6640625,63.03125,50.953125,39.68359375,32.984375,29.26953125,25.4765625,21.54296875,18.21484375,15.7578125,15.3203125,15.41015625,13.66796875
2015-11-02,61.265625,67.5,83.03125,103.3359375,120.6171875,133.5546875,123.34375,99.78125,82.3984375,87.2890625,88.8828125,75.9921875,67.515625,68.1796875,69.3125,65.890625,67.6640625,63.03125,50.953125,39.68359375,32.984375,29.26953125,25.4765625,21.54296875,18.21484375,15.7578125,15.3203125,15.41015625,13.66796875,11.6953125
2015-11-03,67.5,83.03125,103.3359375,120.6171875,133.5546875,123.34375,99.78125,82.3984375,87.2890625,88.8828125,75.9921875,67.515625,68.1796875,69.3125,65.890625,67.6640625,63.03125,50.953125,39.68359375,32.984375,29.26953125,25.4765625,21.54296875,18.21484375,15.7578125,15.3203125,15.41015625,13.66796875,11.6953125,10.28515625
2015-11-04,145.328125,164.6484375,149.8359375,129.640625,109.640625,93.546875,81.875,70.0625,62.1484375,69.1328125,73.6328125,63.6015625,54.6640625,49.3359375,46.140625,42.7734375,40.09375,36.6015625,33.01171875,28.8203125,24.94921875,23.9296875,24.75390625,23.90234375,24.87109375,31.65625,59.4921875,78.1484375,65.7109375,54.69921875
2015-11-05,164.6484375,149.8359375,129.640625,109.640625,93.546875,81.875,70.0625,62.1484375,69.1328125,73.6328125,63.6015625,54.6640625,49.3359375,46.140625,42.7734375,40.09375,36.6015625,33.01171875,28.8203125,24.94921875,23.9296875,24.75390625,23.90234375,24.87109375,31.65625,59.4921875,78.1484375,65.7109375,54.69921875,75.03125
2015-11-06,149.8359375,129.640625,109.640625,93.546875,81.875,70.0625,62.1484375,69.1328125,73.6328125,63.6015625,54.6640625,49.3359375,46.140625,42.7734375,40.09375,36.6015625,33.01171875,28.8203125,24.94921875,23.9296875,24.75390625,23.90234375,24.87109375,31.65625,59.4921875,78.1484375,65.7109375,54.69921875,75.03125,86.20703125
2015-11-07,130.140625,117.671875,110.6171875,100.515625,93.140625,82.6171875,100.25,119.4921875,122.890625,111.140625,87.59375,75.171875,69.28125,69.125,65.09765625,53.96484375,44.2890625,36.9296875,31.5703125,32.66796875,45.71484375,63.37109375,67.15234375,60.625,56.8046875,49.296875,42.578125,34.8046875,32.703125,31.546875
2015-11-08,117.671875,110.6171875,100.515625,93.140625,82.6171875,100.25,119.4921875,122.890625,111.140625,87.59375,75.171875,69.28125,69.125,65.09765625,53.96484375,44.2890625,36.9296875,31.5703125,32.66796875,45.71484375,63.37109375,67.15234375,60.625,56.8046875,49.296875,42.578125,34.8046875,32.703125,31.546875,26.90234375
2015-11-09,110.6171875,100.515625,93.140625,82.6171875,100.25,119.4921875,122.890625,111.140625,87.59375,75.171875,69.28125,69.125,65.09765625,53.96484375,44.2890625,36.9296875,31.5703125,32.66796875,45.71484375,63.37109375,67.15234375,60.625,56.8046875,49.296875,42.578125,34.8046875,32.703125,31.546875,26.90234375,22.1796875
2015-11-10,100.515625,93.140625,82.6171875,100.25,119.4921875,122.890625,111.140625,87.59375,75.171875,69.28125,69.125,65.09765625,53.96484375,44.2890625,36.9296875,31.5703125,32.66796875,45.71484375,63.37109375,67.15234375,60.625,56.8046875,49.296875,42.578125,34.8046875,32.703125,31.546875,26.90234375,22.1796875,19.9453125
2015-11-11,114.3984375,110.4609375,95.5,92.2109375,91.125,88.3359375,91.609375,98.84375,88.859375,101.640625,105.59765625,89.83203125,142.25,152.171875,106.3046875,78.734375,78.0546875,77.76171875,62.90234375,48.4296875,38.9921875,34.36328125,31.19921875,27.36328125,25.8359375,23.2890625,20.171875,17.5625,15.17578125,12.98828125
2015-11-12,110.4609375,95.5,92.2109375,91.125,88.3359375,91.609375,98.84375,88.859375,101.640625,105.59765625,89.83203125,142.25,152.171875,106.3046875,78.734375,78.0546875,77.76171875,62.90234375,48.4296875,38.9921875,34.36328125,31.19921875,27.36328125,25.8359375,23.2890625,20.171875,17.5625,15.17578125,12.98828125,11.49609375
2015-11-13,95.5,92.2109375,91.125,88.3359375,91.609375,98.84375,88.859375,101.640625,105.59765625,89.83203125,142.25,152.171875,106.3046875,78.734375,78.0546875,77.76171875,62.90234375,48.4296875,38.9921875,34.36328125,31.19921875,27.36328125,25.8359375,23.2890625,20.171875,17.5625,15.17578125,12.98828125,11.49609375,10.484375
2015-11-14,103.28125,95.921875,85.984375,75.828125,69.109375,64.734375,63.453125,62.69921875,60.54296875,61.5234375,68.921875,71.9765625,59.87109375,47.7578125,39.34765625,33.26171875,29.6171875,25.6484375,22.41796875,27.265625,37.62109375,35.984375,29.0546875,23.0546875,18.73828125,15.83203125,13.44921875,12.18359375,12.48046875,12.83984375
2015-11-15,95.921875,85.984375,75.828125,69.109375,64.734375,63.453125,62.69921875,60.54296875,61.5234375,68.921875,71.9765625,59.87109375,47.7578125,39.34765625,33.26171875,29.6171875,25.6484375,22.41796875,27.265625,37.62109375,35.984375,29.0546875,23.0546875,18.73828125,15.83203125,13.44921875,12.18359375,12.48046875,12.83984375,14.21875
2015-11-16,85.984375,75.828125,69.109375,64.734375,63.453125,62.69921875,60.54296875,61.5234375,68.921875,71.9765625,59.87109375,47.7578125,39.34765625,33.26171875,29.6171875,25.6484375,22.41796875,27.265625,37.62109375,35.984375,29.0546875,23.0546875,18.73828125,15.83203125,13.44921875,12.18359375,12.48046875,12.83984375,14.21875,18.43359375
2015-11-17,75.828125,69.109375,64.734375,63.453125,62.69921875,60.54296875,61.5234375,68.921875,71.9765625,59.87109375,47.7578125,39.34765625,33.26171875,29.6171875,25.6484375,22.41796875,27.265625,37.62109375,35.984375,29.0546875,23.0546875,18.73828125,15.83203125,13.44921875,12.18359375,12.48046875,12.83984375,14.21875,18.43359375,19.35546875
2015-11-18,54.34375,51.578125,45.9140625,40.4609375,37.328125,35.03125,32.47265625,29.859375,27.51953125,25.44140625,24.90234375,24.5,23.1640625,21.95703125,20.76953125,19.578125,18.31640625,16.7734375,15.328125,14.0,12.5234375,11.06640625,10.3203125,11.51953125,15.421875,18.640625,20.51953125,18.57421875,16.90234375,16.55859375
2015-11-19,51.578125,45.9140625,40.4609375,37.328125,35.03125,32.47265625,29.859375,27.51953125,25.44140625,24.90234375,24.5,23.1640625,21.95703125,20.76953125,19.578125,18.31640625,16.7734375,15.328125,14.0,12.5234375,11.06640625,10.3203125,11.51953125,15.421875,18.640625,20.51953125,18.57421875,16.90234375,16.55859375,18.3203125
2015-11-20,45.9140625,40.4609375,37.328125,35.03125,32.47265625,29.859375,27.51953125,25.44140625,24.90234375,24.5,23.1640625,21.95703125,20.76953125,19.578125,18.31640625,16.7734375,15.328125,14.0,12.5234375,11.06640625,10.3203125,11.51953125,15.421875,18.640625,20.51953125,18.57421875,16.90234375,16.55859375,18.3203125,21.328125
2015-11-21,47.71875,55.08203125,52.859375,44.9296875,39.796875,37.94921875,35.78515625,54.0546875,66.984375,51.1875,39.65234375,33.17578125,28.58984375,24.96484375,22.25390625,20.03125,17.9765625,16.03125,14.1796875,12.5625,11.21875,10.2890625,10.234375,11.765625,13.203125,13.4140625,14.1484375,15.30078125,16.9765625,19.75
2015-11-22,55.08203125,52.859375,44.9296875,39.796875,37.94921875,35.78515625,54.0546875,66.984375,51.1875,39.65234375,33.17578125,28.58984375,24.96484375,22.25390625,20.03125,17.9765625,16.03125,14.1796875,12.5625,11.21875,10.2890625,10.234375,11.765625,13.203125,13.4140625,14.1484375,15.30078125,16.9765625,19.75,20.0234375
2015-11-23,52.859375,44.9296875,39.796875,37.94921875,35.78515625,54.0546875,66.984375,51.1875,39.65234375,33.17578125,28.58984375,24.96484375,22.25390625,20.03125,17.9765625,16.03125,14.1796875,12.5625,11.21875,10.2890625,10.234375,11.765625,13.203125,13.4140625,14.1484375,15.30078125,16.9765625,19.75,20.0234375,17.1875
2015-11-24,44.9296875,39.796875,37.94921875,35.78515625,54.0546875,66.984375,51.1875,39.65234375,33.17578125,28.58984375,24.96484375,22.25390625,20.03125,17.9765625,16.03125,14.1796875,12.5625,11.21875,10.2890625,10.234375,11.765625,13.203125,13.4140625,14.1484375,15.30078125,16.9765625,19.75,20.0234375,17.1875,13.87890625
2015-11-25,52.15625,51.10546875,42.5546875,35.34375,33.5625,35.28125,32.93359375,30.8359375,29.125,26.25,24.0234375,23.53515625,28.12890625,32.5,42.71875,64.62109375,67.37890625,49.82421875,34.63671875,28.1171875,27.671875,27.421875,25.81640625,22.2578125,18.1796875,15.06640625,13.72265625,15.765625,19.8515625,21.77734375
2015-11-26,51.10546875,42.5546875,35.34375,33.5625,35.28125,32.93359375,30.8359375,29.125,26.25,24.0234375,23.53515625,28.12890625,32.5,42.71875,64.62109375,67.37890625,49.82421875,34.63671875,28.1171875,27.671875,27.421875,25.81640625,22.2578125,18.1796875,15.06640625,13.72265625,15.765625,19.8515625,21.77734375,21.1015625
2015-11-27,42.5546875,35.34375,33.5625,35.28125,32.93359375,30.8359375,29.125,26.25,24.0234375,23.53515625,28.12890625,32.5,42.71875,64.62109375,67.37890625,49.82421875,34.63671875,28.1171875,27.671875,27.421875,25.81640625,22.2578125,18.1796875,15.06640625,13.72265625,15.765625,19.8515625,21.77734375,21.1015625,24.9921875
2015-11-28,33.625,31.6015625,38.89453125,47.4296875,45.1953125,43.97265625,40.046875,33.05078125,28.7890625,26.0546875,22.96875,20.29296875,18.22265625,16.4921875,15.1015625,13.88671875,13.78515625,13.02734375,11.44140625,10.28125,9.390625,8.1484375,7.26953125,6.57421875,5.87109375,5.6015625,5.46484375,5.328125,4.671875,4.09765625
2015-11-29,31.6015625,38.89453125,47.4296875,45.1953125,43.97265625,40.046875,33.05078125,28.7890625,26.0546875,22.96875,20.29296875,18.22265625,16.4921875,15.1015625,13.88671875,13.78515625,13.02734375,11.44140625,10.28125,9.390625,8.1484375,7.26953125,6.57421875,5.87109375,5.6015625,5.46484375,5.328125,4.671875,4.09765625,3.69921875
2015-11-30,38.89453125,47.4296875,45.1953125,43.97265625,40.046875,33.05078125,28.7890625,26.0546875,22.96875,20.29296875,18.22265625,16.4921875,15.1015625,13.88671875,13.78515625,13.02734375,11.44140625,10.28125,9.390625,8.1484375,7.26953125,6.57421875,5.87109375,5.6015625,5.46484375,5.328125,4.671875,4.09765625,3.69921875,3.66796875
2015-12-01,47.4296875,45.1953125,43.97265625,40.046875,33.05078125,28.7890625,26.0546875,22.96875,20.29296875,18.22265625,16.4921875,15.1015625,13.88671875,13.78515625,13.02734375,11.44140625,10.28125,9.390625,8.1484375,7.26953125,6.57421875,5.87109375,5.6015625,5.46484375,5.328125,4.671875,4.09765625,3.69921875,3.66796875,3.75390625
2015-12-02,48.26171875,55.73828125,53.91015625,61.10546875,66.6484375,52.97265625,39.51171875,33.36328125,32.03515625,36.87109375,45.828125,45.87890625,36.859375,28.015625,22.07421875,17.8359375,15.0703125,12.7734375,10.875,9.16796875,7.953125,7.2265625,6.78125,6.015625,5.3984375,6.3203125,8.96484375,10.453125,10.109375,8.8515625
2015-12-03,55.73828125,53.91015625,61.10546875,66.6484375,52.97265625,39.51171875,33.36328125,32.03515625,36.87109375,45.828125,45.87890625,36.859375,28.015625,22.07421875,17.8359375,15.0703125,12.7734375,10.875,9.16796875,7.953125,7.2265625,6.78125,6.015625,5.3984375,6.3203125,8.96484375,10.453125,10.109375,8.8515625,7.66796875
2015-12-04,53.91015625,61.10546875,66.6484375,52.97265625,39.51171875,33.36328125,32.03515625,36.87109375,45.828125,45.87890625,36.859375,28.015625,22.07421875,17.8359375,15.0703125,12.7734375,10.875,9.16796875,7.953125,7.2265625,6.78125,6.015625,5.3984375,6.3203125,8.96484375,10.453125,10.109375,8.8515625,7.66796875,6.55859375
2015-12-05,41.89453125,44.61328125,44.640625,36.359375,30.94921875,33.390625,36.9375,33.11328125,29.0546875,39.24609375,50.1640625,38.4375,29.05078125,22.30859375,17.53125,13.69921875,11.10546875,9.41015625,8.01171875,6.69921875,5.46484375,4.99609375,4.64453125,4.51171875,4.58203125,4.4375,4.203125,5.046875,6.92578125,9.28125
2015-12-06,44.61328125,44.640625,36.359375,30.94921875,33.390625,36.9375,33.11328125,29.0546875,39.24609375,50.1640625,38.4375,29.05078125,22.30859375,17.53125,13.69921875,11.10546875,9.41015625,8.01171875,6.69921875,5.46484375,4.99609375,4.64453125,4.51171875,4.58203125,4.4375,4.203125,5.046875,6.92578125,9.28125,11.92578125
2015-12-07,44.640625,36.359375,30.94921875,33.390625,36.9375,33.11328125,29.0546875,39.24609375,50.1640625,38.4375,29.05078125,22.30859375,17.53125,13.69921875,11.10546875,9.41015625,8.01171875,6.69921875,5.46484375,4.99609375,4.64453125,4.51171875,4.58203125,4.4375,4.203125,5.046875,6.92578125,9.28125,11.92578125,13.05078125
2015-12-08,36.359375,30.94921875,33.390625,36.9375,33.11328125,29.0546875,39.24609375,50.1640625,38.4375,29.05078125,22.30859375,17.53125,13.69921875,11.10546875,9.41015625,8.01171875,6.69921875,5.46484375,4.99609375,4.64453125,4.51171875,4.58203125,4.4375,4.203125,5.046875,6.92578125,9.28125,11.92578125,13.05078125,11.671875
2015-12-09,25.4375,26.359375,38.23828125,60.84375,65.6484375,52.234375,37.7890625,27.66796875,21.40234375,17.18359375,19.08203125,32.67578125,40.29296875,48.55859375,53.58984375,37.8984375,26.80078125,21.36328125,19.59765625,16.796875,15.8984375,18.046875,15.98828125,13.16796875,11.80078125,11.12890625,10.01953125,9.34375,9.62890625,10.265625
2015-12-10,26.359375,38.23828125,60.84375,65.6484375,52.234375,37.7890625,27.66796875,21.40234375,17.18359375,19.08203125,32.67578125,40.29296875,48.55859375,53.58984375,37.8984375,26.80078125,21.36328125,19.59765625,16.796875,15.8984375,18.046875,15.98828125,13.16796875,11.80078125,11.12890625,10.01953125,9.34375,9.62890625,10.265625,9.94140625
2015-12-11,38.23828125,60.84375,65.6484375,52.234375,37.7890625,27.66796875,21.40234375,17.18359375,19.08203125,32.67578125,40.29296875,48.55859375,53.58984375,37.8984375,26.80078125,21.36328125,19.59765625,16.796875,15.8984375,18.046875,15.98828125,13.16796875,11.80078125,11.12890625,10.01953125,9.34375,9.62890625,10.265625,9.94140625,9.203125
2015-12-12,46.3515625,45.9140625,38.7109375,35.046875,30.76171875,25.546875,20.53515625,16.95703125,16.92578125,19.18359375,17.4609375,15.26171875,14.78125,14.9765625,13.58203125,11.72265625,9.86328125,8.03515625,6.6796875,5.91796875,6.0859375,6.96875,7.2734375,7.5,7.875,7.57421875,6.9375,7.60546875,10.05078125,10.58984375
2015-12-13,45.9140625,38.7109375,35.046875,30.76171875,25.546875,20.53515625,16.95703125,16.92578125,19.18359375,17.4609375,15.26171875,14.78125,14.9765625,13.58203125,11.72265625,9.86328125,8.03515625,6.6796875,5.91796875,6.0859375,6.96875,7.2734375,7.5,7.875,7.57421875,6.9375,7.60546875,10.05078125,10.58984375,9.5859375
2015-12-14,38.7109375,35.046875,30.76171875,25.546875,20.53515625,16.95703125,16.92578125,19.18359375,17.4609375,15.26171875,14.78125,14.9765625,13.58203125,11.72265625,9.86328125,8.03515625,6.6796875,5.91796875,6.0859375,6.96875,7.2734375,7.5,7.875,7.57421875,6.9375,7.60546875,10.05078125,10.58984375,9.5859375,8.06640625
2015-12-15,35.046875,30.76171875,25.546875,20.53515625,16.95703125,16.92578125,19.18359375,17.4609375,15.26171875,14.78125,14.9765625,13.58203125,11.72265625,9.86328125,8.03515625,6.6796875,5.91796875,6.0859375,6.96875,7.2734375,7.5,7.875,7.57421875,6.9375,7.60546875,10.05078125,10.58984375,9.5859375,8.06640625,6.55078125
2015-12-16,30.3828125,30.3125,24.57421875,19.26171875,16.0546875,18.53125,24.84375,24.98828125,23.33984375,20.4375,17.8984375,14.94921875,12.8515625,12.5,13.09375,12.1171875,10.8359375,9.82421875,8.4765625,7.38671875,6.515625,5.85546875,5.3203125,4.97265625,4.53125,4.140625,3.8828125,3.875,4.15625,4.6484375
2015-12-17,30.3125,24.57421875,19.26171875,16.0546875,18.53125,24.84375,24.98828125,23.33984375,20.4375,17.8984375,14.94921875,12.8515625,12.5,13.09375,12.1171875,10.8359375,9.82421875,8.4765625,7.38671875,6.515625,5.85546875,5.3203125,4.97265625,4.53125,4.140625,3.8828125,3.875,4.15625,4.6484375,4.8671875
2015-12-18,24.57421875,19.26171875,16.0546875,18.53125,24.84375,24.98828125,23.33984375,20.4375,17.8984375,14.94921875,12.8515625,12.5,13.09375,12.1171875,10.8359375,9.82421875,8.4765625,7.38671875,6.515625,5.85546875,5.3203125,4.97265625,4.53125,4.140625,3.8828125,3.875,4.15625,4.6484375,4.8671875,5.3046875
2015-12-19,20.04296875,16.49609375,14.1328125,13.44140625,13.44921875,14.08984375,13.70703125,11.92578125,10.62890625,9.140625,7.84765625,7.1328125,6.265625,5.58984375,5.3515625,4.8828125,4.5703125,4.640625,4.7421875,4.7890625,5.2265625,5.60546875,5.6640625,5.84375,5.96875,5.9765625,5.65625,5.1953125,4.6328125,4.3984375
2015-12-20,16.49609375,14.1328125,13.44140625,13.44921875,14.08984375,13.70703125,11.92578125,10.62890625,9.140625,7.84765625,7.1328125,6.265625,5.58984375,5.3515625,4.8828125,4.5703125,4.640625,4.7421875,4.7890625,5.2265625,5.60546875,5.6640625,5.84375,5.96875,5.9765625,5.65625,5.1953125,4.6328125,4.3984375,3.9453125
2015-12-21,14.1328125,13.44140625,13.44921875,14.08984375,13.70703125,11.92578125,10.62890625,9.140625,7.84765625,7.1328125,6.265625,5.58984375,5.3515625,4.8828125,4.5703125,4.640625,4.7421875,4.7890625,5.2265625,5.60546875,5.6640625,5.84375,5.96875,5.9765625,5.65625,5.1953125,4.6328125,4.3984375,3.9453125,3.484375
2015-12-22,13.44140625,13.44921875,14.08984375,13.70703125,11.92578125,10.62890625,9.140625,7.84765625,7.1328125,6.265625,5.58984375,5.3515625,4.8828125,4.5703125,4.640625,4.7421875,4.7890625,5.2265625,5.60546875,5.6640625,5.84375,5.96875,5.9765625,5.65625,5.1953125,4.6328125,4.3984375,3.9453125,3.484375,3.3828125
2015-12-23,32.2734375,28.63671875,23.0859375,17.94921875,14.21484375,11.6171875,9.64453125,8.3046875,7.3671875,6.48828125,5.77734375,5.51953125,5.54296875,7.328125,11.203125,11.17578125,9.97265625,9.11328125,8.390625,7.34375,6.609375,6.21875,8.1015625,11.2265625,11.0703125,9.78125,7.8203125,6.0078125,4.7578125,4.1484375
2015-12-24,28.63671875,23.0859375,17.94921875,14.21484375,11.6171875,9.64453125,8.3046875,7.3671875,6.48828125,5.77734375,5.51953125,5.54296875,7.328125,11.203125,11.17578125,9.97265625,9.11328125,8.390625,7.34375,6.609375,6.21875,8.1015625,11.2265625,11.0703125,9.78125,7.8203125,6.0078125,4.7578125,4.1484375,3.7578125
2015-12-25,23.0859375,17.94921875,14.21484375,11.6171875,9.64453125,8.3046875,7.3671875,6.48828125,5.77734375,5.51953125,5.54296875,7.328125,11.203125,11.17578125,9.97265625,9.11328125,8.390625,7.34375,6.609375,6.21875,8.1015625,11.2265625,11.0703125,9.78125,7.8203125,6.0078125,4.7578125,4.1484375,3.7578125,3.7578125
2015-12-26,18.63671875,14.83203125,12.12890625,10.203125,8.64453125,7.203125,6.11328125,5.51171875,5.203125,5.046875,5.33984375,5.8125,5.87109375,6.80859375,10.015625,13.73046875,24.9765625,46.0078125,54.1484375,44.375,33.5234375,24.5703125,19.3671875,17.6796875,17.6875,16.875,14.5,11.9609375,10.3828125,17.4921875
2015-12-27,14.83203125,12.12890625,10.203125,8.64453125,7.203125,6.11328125,5.51171875,5.203125,5.046875,5.33984375,5.8125,5.87109375,6.80859375,10.015625,13.73046875,24.9765625,46.0078125,54.1484375,44.375,33.5234375,24.5703125,19.3671875,17.6796875,17.6875,16.875,14.5,11.9609375,10.3828125,17.4921875,39.2265625
2015-12-28,12.12890625,10.203125,8.64453125,7.203125,6.11328125,5.51171875,5.203125,5.046875,5.33984375,5.8125,5.87109375,6.80859375,10.015625,13.73046875,24.9765625,46.0078125,54.1484375,44.375,33.5234375,24.5703125,19.3671875,17.6796875,17.6875,16.875,14.5,11.9609375,10.3828125,17.4921875,39.2265625,40.9921875
2015-12-29,10.203125,8.64453125,7.203125,6.11328125,5.51171875,5.203125,5.046875,5.33984375,5.8125,5.87109375,6.80859375,10.015625,13.73046875,24.9765625,46.0078125,54.1484375,44.375,33.5234375,24.5703125,19.3671875,17.6796875,17.6875,16.875,14.5,11.9609375,10.3828125,17.4921875,39.2265625,40.9921875,29.3828125
2015-12-30,9.6328125,8.19921875,6.87890625,6.2890625,6.18359375,7.2265625,9.15234375,10.87109375,16.765625,43.6328125,55.078125,38.39453125,25.8984375,18.5625,16.78125,17.59375,17.1015625,17.1015625,13.6875,10.359375,8.09375,6.7578125,7.140625,7.3984375,7.8984375,9.15625,10.8203125,11.2421875,16.9765625,29.828125
2015-12-31,8.19921875,6.87890625,6.2890625,6.18359375,7.2265625,9.15234375,10.87109375,16.765625,43.6328125,55.078125,38.39453125,25.8984375,18.5625,16.78125,17.59375,17.1015625,17.1015625,13.6875,10.359375,8.09375,6.7578125,7.140625,7.3984375,7.8984375,9.15625,10.8203125,11.2421875,16.9765625,29.828125,31.8984375
2016-01-01,6.87890625,6.2890625,6.18359375,7.2265625,9.15234375,10.87109375,16.765625,43.6328125,55.078125,38.39453125,25.8984375,18.5625,16.78125,17.59375,17.1015625,17.1015625,13.6875,10.359375,8.09375,6.7578125,7.140625,7.3984375,7.8984375,9.15625,10.8203125,11.2421875,16.9765625,29.828125,31.8984375,29.484375
2016-01-02,6.2890625,6.18359375,7.2265625,9.15234375,10.87109375,16.765625,43.6328125,55.078125,38.39453125,25.8984375,18.5625,16.78125,17.59375,17.1015625,17.1015625,13.6875,10.359375,8.09375,6.7578125,7.140625,7.3984375,7.8984375,9.15625,10.8203125,11.2421875,16.9765625,29.828125,31.8984375,29.484375,26.5
2016-01-03,6.6640625,8.2734375,9.04296875,10.0703125,11.30859375,12.6875,15.17578125,17.1015625,15.53125,15.9765625,39.046875,58.0546875,43.5546875,30.984375,23.4609375,18.1640625,15.40625,14.7265625,17.734375,20.6640625,17.90625,14.046875,11.0625,8.8359375,7.5,6.6875,6.0390625,5.40625,5.1015625,5.1015625
2016-01-04,8.2734375,9.04296875,10.0703125,11.30859375,12.6875,15.17578125,17.1015625,15.53125,15.9765625,39.046875,58.0546875,43.5546875,30.984375,23.4609375,18.1640625,15.40625,14.7265625,17.734375,20.6640625,17.90625,14.046875,11.0625,8.8359375,7.5,6.6875,6.0390625,5.40625,5.1015625,5.1015625,5.4375
2016-01-05,9.04296875,10.0703125,11.30859375,12.6875,15.17578125,17.1015625,15.53125,15.9765625,39.046875,58.0546875,43.5546875,30.984375,23.4609375,18.1640625,15.40625,14.7265625,17.734375,20.6640625,17.90625,14.046875,11.0625,8.8359375,7.5,6.6875,6.0390625,5.40625,5.1015625,5.1015625,5.4375,5.90625
2016-01-06,10.0703125,11.30859375,12.6875,15.17578125,17.1015625,15.53125,15.9765625,39.046875,58.0546875,43.5546875,30.984375,23.4609375,18.1640625,15.40625,14.7265625,17.734375,20.6640625,17.90625,14.046875,11.0625,8.8359375,7.5,6.6875,6.0390625,5.40625,5.1015625,5.1015625,5.4375,5.90625,8.0390625
2016-01-07,23.3125,23.98828125,19.625,15.40625,12.4296875,11.03125,10.953125,12.3203125,14.9140625,14.4609375,14.3046875,17.515625,30.8125,40.6484375,33.0078125,24.6171875,19.078125,15.0546875,12.1953125,9.734375,8.4921875,8.8046875,10.078125,12.7421875,13.578125,13.5,16.7734375,21.171875,18.015625,13.953125
2016-01-08,23.98828125,19.625,15.40625,12.4296875,11.03125,10.953125,12.3203125,14.9140625,14.4609375,14.3046875,17.515625,30.8125,40.6484375,33.0078125,24.6171875,19.078125,15.0546875,12.1953125,9.734375,8.4921875,8.8046875,10.078125,12.7421875,13.578125,13.5,16.7734375,21.171875,18.015625,13.953125,11.4453125
2016-01-09,19.625,15.40625,12.4296875,11.03125,10.953125,12.3203125,14.9140625,14.4609375,14.3046875,17.515625,30.8125,40.6484375,33.0078125,24.6171875,19.078125,15.0546875,12.1953125,9.734375,8.4921875,8.8046875,10.078125,12.7421875,13.578125,13.5,16.7734375,21.171875,18.015625,13.953125,11.4453125,8.984375
2016-01-10,19.36328125,19.4765625,24.328125,22.859375,19.3984375,18.0234375,19.75,24.4765625,28.96875,37.40625,38.6015625,29.0625,20.953125,15.8515625,12.4453125,9.9609375,8.296875,7.7578125,9.34375,11.9453125,14.2890625,16.6796875,20.28125,22.6796875,23.6640625,24.640625,23.71875,20.2109375,16.546875,13.9453125
2016-01-11,19.4765625,24.328125,22.859375,19.3984375,18.0234375,19.75,24.4765625,28.96875,37.40625,38.6015625,29.0625,20.953125,15.8515625,12.4453125,9.9609375,8.296875,7.7578125,9.34375,11.9453125,14.2890625,16.6796875,20.28125,22.6796875,23.6640625,24.640625,23.71875,20.2109375,16.546875,13.9453125,13.8203125
2016-01-12,24.328125,22.859375,19.3984375,18.0234375,19.75,24.4765625,28.96875,37.40625,38.6015625,29.0625,20.953125,15.8515625,12.4453125,9.9609375,8.296875,7.7578125,9.34375,11.9453125,14.2890625,16.6796875,20.28125,22.6796875,23.6640625,24.640625,23.71875,20.2109375,16.546875,13.9453125,13.8203125,14.8515625
2016-01-13,22.859375,19.3984375,18.0234375,19.75,24.4765625,28.96875,37.40625,38.6015625,29.0625,20.953125,15.8515625,12.4453125,9.9609375,8.296875,7.7578125,9.34375,11.9453125,14.2890625,16.6796875,20.28125,22.6796875,23.6640625,24.640625,23.71875,20.2109375,16.546875,13.9453125,13.8203125,14.8515625,15.9375
2016-01-14,12.140625,12.421875,14.2265625,18.3515625,18.5234375,18.4140625,16.3203125,13.6640625,11.15625,8.9921875,7.640625,6.78125,6.0546875,5.7109375,5.4921875,5.71875,6.4609375,7.9453125,9.125,8.8359375,7.71875,6.5859375,5.8828125,5.203125,4.828125,4.5703125,4.1640625,3.6953125,3.4375,3.453125
2016-01-15,12.421875,14.2265625,18.3515625,18.5234375,18.4140625,16.3203125,13.6640625,11.15625,8.9921875,7.640625,6.78125,6.0546875,5.7109375,5.4921875,5.71875,6.4609375,7.9453125,9.125,8.8359375,7.71875,6.5859375,5.8828125,5.203125,4.828125,4.5703125,4.1640625,3.6953125,3.4375,3.453125,3.375
2016-01-16,14.2265625,18.3515625,18.5234375,18.4140625,16.3203125,13.6640625,11.15625,8.9921875,7.640625,6.78125,6.0546875,5.7109375,5.4921875,5.71875,6.4609375,7.9453125,9.125,8.8359375,7.71875,6.5859375,5.8828125,5.203125,4.828125,4.5703125,4.1640625,3.6953125,3.4375,3.453125,3.375,42.828125
2016-01-17,14.109375,19.8828125,31.6953125,40.7421875,37.7578125,29.3828125,23.5625,21.59375,17.328125,13.515625,10.8515625,9.1875,8.8359375,9.84375,10.7109375,12.390625,13.3984375,14.296875,14.4765625,13.859375,12.5234375,11.03125,10.765625,12.390625,14.8359375,20.2265625,22.4921875,23.53125,24.296875,19.46875
2016-01-18,19.8828125,31.6953125,40.7421875,37.7578125,29.3828125,23.5625,21.59375,17.328125,13.515625,10.8515625,9.1875,8.8359375,9.84375,10.7109375,12.390625,13.3984375,14.296875,14.4765625,13.859375,12.5234375,11.03125,10.765625,12.390625,14.8359375,20.2265625,22.4921875,23.53125,24.296875,19.46875,14.6171875
2016-01-19,31.6953125,40.7421875,37.7578125,29.3828125,23.5625,21.59375,17.328125,13.515625,10.8515625,9.1875,8.8359375,9.84375,10.7109375,12.390625,13.3984375,14.296875,14.4765625,13.859375,12.5234375,11.03125,10.765625,12.390625,14.8359375,20.2265625,22.4921875,23.53125,24.296875,19.46875,14.6171875,11.390625
2016-01-20,40.7421875,37.7578125,29.3828125,23.5625,21.59375,17.328125,13.515625,10.8515625,9.1875,8.8359375,9.84375,10.7109375,12.390625,13.3984375,14.296875,14.4765625,13.859375,12.5234375,11.03125,10.765625,12.390625,14.8359375,20.2265625,22.4921875,23.53125,24.296875,19.46875,14.6171875,11.390625,8.984375
2016-01-21,14.1171875,11.96875,10.2109375,8.8984375,7.78125,6.96875,6.25,6.0546875,6.6796875,7.875,9.421875,11.6015625,17.671875,25.078125,23.578125,18.984375,15.234375,12.546875,11.1171875,16.2578125,29.046875,25.8828125,19.578125,14.65625,11.25,8.9921875,7.6015625,6.78125,6.3515625,7.75
2016-01-22,11.96875,10.2109375,8.8984375,7.78125,6.96875,6.25,6.0546875,6.6796875,7.875,9.421875,11.6015625,17.671875,25.078125,23.578125,18.984375,15.234375,12.546875,11.1171875,16.2578125,29.046875,25.8828125,19.578125,14.65625,11.25,8.9921875,7.6015625,6.78125,6.3515625,7.75,11.8046875
2016-01-23,10.2109375,8.8984375,7.78125,6.96875,6.25,6.0546875,6.6796875,7.875,9.421875,11.6015625,17.671875,25.078125,23.578125,18.984375,15.234375,12.546875,11.1171875,16.2578125,29.046875,25.8828125,19.578125,14.65625,11.25,8.9921875,7.6015625,6.78125,6.3515625,7.75,11.8046875,12.0546875
2016-01-24,20.0625,36.3203125,29.625,21.7578125,17.15625,13.953125,11.4921875,9.9609375,9.1171875,11.40625,13.7265625,12.7734375,10.4609375,8.5859375,7.4140625,6.234375,5.40625,4.8828125,4.3671875,4.1171875,3.9765625,4.0625,6.0703125,12.4140625,15.84375,17.8828125,16.6484375,15.328125,14.546875,13.640625
2016-01-25,36.3203125,29.625,21.7578125,17.15625,13.953125,11.4921875,9.9609375,9.1171875,11.40625,13.7265625,12.7734375,10.4609375,8.5859375,7.4140625,6.234375,5.40625,4.8828125,4.3671875,4.1171875,3.9765625,4.0625,6.0703125,12.4140625,15.84375,17.8828125,16.6484375,15.328125,14.546875,13.640625,12.2109375
2016-01-26,29.625,21.7578125,17.15625,13.953125,11.4921875,9.9609375,9.1171875,11.40625,13.7265625,12.7734375,10.4609375,8.5859375,7.4140625,6.234375,5.40625,4.8828125,4.3671875,4.1171875,3.9765625,4.0625,6.0703125,12.4140625,15.84375,17.8828125,16.6484375,15.328125,14.546875,13.640625,12.2109375,12.03125
2016-01-27,21.7578125,17.15625,13.953125,11.4921875,9.9609375,9.1171875,11.40625,13.7265625,12.7734375,10.4609375,8.5859375,7.4140625,6.234375,5.40625,4.8828125,4.3671875,4.1171875,3.9765625,4.0625,6.0703125,12.4140625,15.84375,17.8828125,16.6484375,15.328125,14.546875,13.640625,12.2109375,12.03125,14.265625
2016-01-28,5.09375,5.6640625,7.9140625,10.578125,11.78125,11.8046875,10.2265625,8.71875,7.0,5.75,5.0546875,4.65625,4.1796875,3.859375,3.7265625,3.4375,3.1484375,3.75,5.7109375,7.7421875,9.0390625,10.0546875,10.5078125,9.34375,8.25,8.203125,9.015625,12.9453125,19.640625,19.5703125
2016-01-29,5.6640625,7.9140625,10.578125,11.78125,11.8046875,10.2265625,8.71875,7.0,5.75,5.0546875,4.65625,4.1796875,3.859375,3.7265625,3.4375,3.1484375,3.75,5.7109375,7.7421875,9.0390625,10.0546875,10.5078125,9.34375,8.25,8.203125,9.015625,12.9453125,19.640625,19.5703125,16.75
2016-01-30,7.9140625,10.578125,11.78125,11.8046875,10.2265625,8.71875,7.0,5.75,5.0546875,4.65625,4.1796875,3.859375,3.7265625,3.4375,3.1484375,3.75,5.7109375,7.7421875,9.0390625,10.0546875,10.5078125,9.34375,8.25,8.203125,9.015625,12.9453125,19.640625,19.5703125,16.75,13.8515625
2016-01-31,10.5546875,16.5703125,17.046875,14.421875,11.2421875,9.140625,7.4296875,5.8984375,5.40625,5.1796875,4.6796875,4.109375,3.5390625,3.28125,3.15625,3.046875,3.140625,3.09375,2.9921875,3.0078125,3.03125,3.015625,2.9921875,3.0703125,3.0703125,2.9921875,2.9375,3.015625,3.265625,3.9921875
2016-02-01,16.5703125,17.046875,14.421875,11.2421875,9.140625,7.4296875,5.8984375,5.40625,5.1796875,4.6796875,4.109375,3.5390625,3.28125,3.15625,3.046875,3.140625,3.09375,2.9921875,3.0078125,3.03125,3.015625,2.9921875,3.0703125,3.0703125,2.9921875,2.9375,3.015625,3.265625,3.9921875,5.109375
2016-02-02,17.046875,14.421875,11.2421875,9.140625,7.4296875,5.8984375,5.40625,5.1796875,4.6796875,4.109375,3.5390625,3.28125,3.15625,3.046875,3.140625,3.09375,2.9921875,3.0078125,3.03125,3.015625,2.9921875,3.0703125,3.0703125,2.9921875,2.9375,3.015625,3.265625,3.9921875,5.109375,7.953125
2016-02-03,14.421875,11.2421875,9.140625,7.4296875,5.8984375,5.40625,5.1796875,4.6796875,4.109375,3.5390625,3.28125,3.15625,3.046875,3.140625,3.09375,2.9921875,3.0078125,3.03125,3.015625,2.9921875,3.0703125,3.0703125,2.9921875,2.9375,3.015625,3.265625,3.9921875,5.109375,7.953125,12.4375
2016-02-04,12.59375,10.515625,8.1171875,6.6171875,5.9609375,5.34375,4.7578125,4.3203125,3.9609375,3.9140625,3.578125,3.1484375,3.28125,4.2578125,5.875,6.90625,6.578125,6.390625,5.921875,5.8046875,6.109375,7.375,8.34375,7.6796875,6.1484375,5.296875,4.984375,4.734375,4.1328125,3.59375
2016-02-05,10.515625,8.1171875,6.6171875,5.9609375,5.34375,4.7578125,4.3203125,3.9609375,3.9140625,3.578125,3.1484375,3.28125,4.2578125,5.875,6.90625,6.578125,6.390625,5.921875,5.8046875,6.109375,7.375,8.34375,7.6796875,6.1484375,5.296875,4.984375,4.734375,4.1328125,3.59375,3.3828125
2016-02-06,8.1171875,6.6171875,5.9609375,5.34375,4.7578125,4.3203125,3.9609375,3.9140625,3.578125,3.1484375,3.28125,4.2578125,5.875,6.90625,6.578125,6.390625,5.921875,5.8046875,6.109375,7.375,8.34375,7.6796875,6.1484375,5.296875,4.984375,4.734375,4.1328125,3.59375,3.3828125,3.2890625
2016-02-07,6.2421875,5.828125,5.09375,4.4609375,4.1171875,3.9453125,4.40625,8.0234375,15.109375,14.765625,13.515625,14.3828125,13.21875,10.9921875,8.8203125,7.0703125,5.9765625,5.515625,5.0390625,4.5390625,4.21875,4.1328125,4.2109375,4.375,5.0078125,5.03125,5.0,5.0546875,5.203125,5.53125
2016-02-08,5.828125,5.09375,4.4609375,4.1171875,3.9453125,4.40625,8.0234375,15.109375,14.765625,13.515625,14.3828125,13.21875,10.9921875,8.8203125,7.0703125,5.9765625,5.515625,5.0390625,4.5390625,4.21875,4.1328125,4.2109375,4.375,5.0078125,5.03125,5.0,5.0546875,5.203125,5.53125,7.75
2016-02-09,5.09375,4.4609375,4.1171875,3.9453125,4.40625,8.0234375,15.109375,14.765625,13.515625,14.3828125,13.21875,10.9921875,8.8203125,7.0703125,5.9765625,5.515625,5.0390625,4.5390625,4.21875,4.1328125,4.2109375,4.375,5.0078125,5.03125,5.0,5.0546875,5.203125,5.53125,7.75,11.171875
2016-02-10,4.4609375,4.1171875,3.9453125,4.40625,8.0234375,15.109375,14.765625,13.515625,14.3828125,13.21875,10.9921875,8.8203125,7.0703125,5.9765625,5.515625,5.0390625,4.5390625,4.21875,4.1328125,4.2109375,4.375,5.0078125,5.03125,5.0,5.0546875,5.203125,5.53125,7.75,11.171875,12.8046875
2016-02-11,3.671875,3.3359375,3.1171875,3.3125,3.359375,3.1328125,2.9921875,2.90625,2.8203125,2.7421875,2.71875,2.8203125,2.9140625,3.171875,3.578125,4.390625,5.6171875,7.171875,10.8203125,14.3671875,14.0078125,11.953125,12.890625,16.53125,17.1171875,17.453125,20.2734375,20.078125,19.6875,19.328125
2016-02-12,3.3359375,3.1171875,3.3125,3.359375,3.1328125,2.9921875,2.90625,2.8203125,2.7421875,2.71875,2.8203125,2.9140625,3.171875,3.578125,4.390625,5.6171875,7.171875,10.8203125,14.3671875,14.0078125,11.953125,12.890625,16.53125,17.1171875,17.453125,20.2734375,20.078125,19.6875,19.328125,17.125
2016-02-13,3.1171875,3.3125,3.359375,3.1328125,2.9921875,2.90625,2.8203125,2.7421875,2.71875,2.8203125,2.9140625,3.171875,3.578125,4.390625,5.6171875,7.171875,10.8203125,14.3671875,14.0078125,11.953125,12.890625,16.53125,17.1171875,17.453125,20.2734375,20.078125,19.6875,19.328125,17.125,13.53125
2016-02-14,3.28125,4.3515625,5.2265625,5.875,5.5703125,5.1484375,4.5546875,4.0859375,3.9296875,3.671875,3.5859375,3.5703125,3.5625,3.296875,3.078125,2.9609375,2.875,2.8203125,2.890625,3.2578125,3.859375,4.6796875,5.578125,5.9296875,6.1875,6.03125,5.4375,5.0625,4.765625,4.40625
2016-02-15,4.3515625,5.2265625,5.875,5.5703125,5.1484375,4.5546875,4.0859375,3.9296875,3.671875,3.5859375,3.5703125,3.5625,3.296875,3.078125,2.9609375,2.875,2.8203125,2.890625,3.2578125,3.859375,4.6796875,5.578125,5.9296875,6.1875,6.03125,5.4375,5.0625,4.765625,4.40625,3.75
2016-02-16,5.2265625,5.875,5.5703125,5.1484375,4.5546875,4.0859375,3.9296875,3.671875,3.5859375,3.5703125,3.5625,3.296875,3.078125,2.9609375,2.875,2.8203125,2.890625,3.2578125,3.859375,4.6796875,5.578125,5.9296875,6.1875,6.03125,5.4375,5.0625,4.765625,4.40625,3.75,3.40625
2016-02-17,5.875,5.5703125,5.1484375,4.5546875,4.0859375,3.9296875,3.671875,3.5859375,3.5703125,3.5625,3.296875,3.078125,2.9609375,2.875,2.8203125,2.890625,3.2578125,3.859375,4.6796875,5.578125,5.9296875,6.1875,6.03125,5.4375,5.0625,4.765625,4.40625,3.75,3.40625,3.328125
2016-02-18,3.9921875,4.578125,4.5078125,4.2265625,3.96875,3.8125,4.375,5.203125,5.2265625,5.21875,4.9140625,4.75,4.609375,4.0625,3.5546875,3.3828125,3.3828125,3.2734375,3.125,2.984375,3.0546875,3.4609375,3.625,4.140625,4.5,5.96875,7.921875,8.078125,6.828125,5.921875
2016-02-19,4.578125,4.5078125,4.2265625,3.96875,3.8125,4.375,5.203125,5.2265625,5.21875,4.9140625,4.75,4.609375,4.0625,3.5546875,3.3828125,3.3828125,3.2734375,3.125,2.984375,3.0546875,3.4609375,3.625,4.140625,4.5,5.96875,7.921875,8.078125,6.828125,5.921875,6.46875
2016-02-20,4.5078125,4.2265625,3.96875,3.8125,4.375,5.203125,5.2265625,5.21875,4.9140625,4.75,4.609375,4.0625,3.5546875,3.3828125,3.3828125,3.2734375,3.125,2.984375,3.0546875,3.4609375,3.625,4.140625,4.5,5.96875,7.921875,8.078125,6.828125,5.921875,6.46875,6.375
2016-02-21,2.96875,2.875,2.78125,2.703125,2.6171875,2.8046875,3.53125,3.7734375,3.609375,3.4140625,3.1875,2.984375,2.859375,2.8515625,3.859375,5.984375,5.90625,4.9375,4.453125,4.03125,4.0,5.046875,6.421875,6.9375,6.359375,6.03125,5.1875,4.40625,4.375,5.5625
2016-02-22,2.875,2.78125,2.703125,2.6171875,2.8046875,3.53125,3.7734375,3.609375,3.4140625,3.1875,2.984375,2.859375,2.8515625,3.859375,5.984375,5.90625,4.9375,4.453125,4.03125,4.0,5.046875,6.421875,6.9375,6.359375,6.03125,5.1875,4.40625,4.375,5.5625,6.09375
2016-02-23,2.78125,2.703125,2.6171875,2.8046875,3.53125,3.7734375,3.609375,3.4140625,3.1875,2.984375,2.859375,2.8515625,3.859375,5.984375,5.90625,4.9375,4.453125,4.03125,4.0,5.046875,6.421875,6.9375,6.359375,6.03125,5.1875,4.40625,4.375,5.5625,6.09375,6.859375
2016-02-24,2.703125,2.6171875,2.8046875,3.53125,3.7734375,3.609375,3.4140625,3.1875,2.984375,2.859375,2.8515625,3.859375,5.984375,5.90625,4.9375,4.453125,4.03125,4.0,5.046875,6.421875,6.9375,6.359375,6.03125,5.1875,4.40625,4.375,5.5625,6.09375,6.859375,7.5625
2016-02-25,3.859375,3.9375,4.265625,4.703125,5.2265625,5.6953125,6.5390625,7.203125,7.7734375,8.296875,8.1484375,7.8046875,7.4765625,7.28125,6.796875,5.921875,5.640625,5.453125,5.28125,4.625,3.84375,3.484375,3.6875,7.203125,14.375,14.375,11.578125,8.953125,6.984375,6.015625
2016-02-26,3.9375,4.265625,4.703125,5.2265625,5.6953125,6.5390625,7.203125,7.7734375,8.296875,8.1484375,7.8046875,7.4765625,7.28125,6.796875,5.921875,5.640625,5.453125,5.28125,4.625,3.84375,3.484375,3.6875,7.203125,14.375,14.375,11.578125,8.953125,6.984375,6.015625,5.203125
2016-02-27,4.265625,4.703125,5.2265625,5.6953125,6.5390625,7.203125,7.7734375,8.296875,8.1484375,7.8046875,7.4765625,7.28125,6.796875,5.921875,5.640625,5.453125,5.28125,4.625,3.84375,3.484375,3.6875,7.203125,14.375,14.375,11.578125,8.953125,6.984375,6.015625,5.203125,4.25
2016-02-28,3.3828125,3.21875,3.03125,2.875,2.7890625,3.0859375,3.984375,4.6171875,5.0,5.34375,5.328125,5.4375,5.34375,4.765625,4.375,3.765625,3.34375,3.109375,2.921875,2.75,2.625,2.609375,2.765625,2.90625,2.90625,2.921875,3.0,2.96875,2.828125,2.78125
2016-02-29,3.21875,3.03125,2.875,2.7890625,3.0859375,3.984375,4.6171875,5.0,5.34375,5.328125,5.4375,5.34375,4.765625,4.375,3.765625,3.34375,3.109375,2.921875,2.75,2.625,2.609375,2.765625,2.90625,2.90625,2.921875,3.0,2.96875,2.828125,2.78125,3.21875
2016-03-01,3.03125,2.875,2.7890625,3.0859375,3.984375,4.6171875,5.0,5.34375,5.328125,5.4375,5.34375,4.765625,4.375,3.765625,3.34375,3.109375,2.921875,2.75,2.625,2.609375,2.765625,2.90625,2.90625,2.921875,3.0,2.96875,2.828125,2.78125,3.21875,4.078125
2016-03-02,2.875,2.7890625,3.0859375,3.984375,4.6171875,5.0,5.34375,5.328125,5.4375,5.34375,4.765625,4.375,3.765625,3.34375,3.109375,2.921875,2.75,2.625,2.609375,2.765625,2.90625,2.90625,2.921875,3.0,2.96875,2.828125,2.78125,3.21875,4.078125,4.296875
2016-03-03,2.7890625,3.0859375,3.984375,4.6171875,5.0,5.34375,5.328125,5.4375,5.34375,4.765625,4.375,3.765625,3.34375,3.109375,2.921875,2.75,2.625,2.609375,2.765625,2.90625,2.90625,2.921875,3.0,2.96875,2.828125,2.78125,3.21875,4.078125,4.296875,4.34375
2016-03-04,7.171875,7.9140625,8.9296875,8.625,8.6953125,7.828125,7.140625,7.484375,11.5,18.546875,18.6875,15.28125,13.109375,11.453125,9.75,8.140625,7.015625,5.90625,4.984375,4.5,4.421875,4.46875,4.578125,4.0625,3.5625,3.234375,2.96875,2.765625,2.609375,2.515625
2016-03-05,7.9140625,8.9296875,8.625,8.6953125,7.828125,7.140625,7.484375,11.5,18.546875,18.6875,15.28125,13.109375,11.453125,9.75,8.140625,7.015625,5.90625,4.984375,4.5,4.421875,4.46875,4.578125,4.0625,3.5625,3.234375,2.96875,2.765625,2.609375,2.515625,2.421875
2016-03-06,8.9296875,8.625,8.6953125,7.828125,7.140625,7.484375,11.5,18.546875,18.6875,15.28125,13.109375,11.453125,9.75,8.140625,7.015625,5.90625,4.984375,4.5,4.421875,4.46875,4.578125,4.0625,3.5625,3.234375,2.96875,2.765625,2.609375,2.515625,2.421875,2.390625
2016-03-07,8.8359375,8.6953125,7.90625,6.5,6.765625,9.90625,11.921875,11.46875,12.015625,12.421875,11.328125,9.78125,8.21875,6.671875,5.265625,4.03125,3.484375,4.25,6.84375,7.328125,6.46875,5.9375,6.21875,7.34375,7.3125,6.375,5.9375,7.84375,9.421875,20.09375
2016-03-08,8.6953125,7.90625,6.5,6.765625,9.90625,11.921875,11.46875,12.015625,12.421875,11.328125,9.78125,8.21875,6.671875,5.265625,4.03125,3.484375,4.25,6.84375,7.328125,6.46875,5.9375,6.21875,7.34375,7.3125,6.375,5.9375,7.84375,9.421875,20.09375,38.859375
2016-03-09,7.90625,6.5,6.765625,9.90625,11.921875,11.46875,12.015625,12.421875,11.328125,9.78125,8.21875,6.671875,5.265625,4.03125,3.484375,4.25,6.84375,7.328125,6.46875,5.9375,6.21875,7.34375,7.3125,6.375,5.9375,7.84375,9.421875,20.09375,38.859375,107.3125
2016-03-10,6.5,6.765625,9.90625,11.921875,11.46875,12.015625,12.421875,11.328125,9.78125,8.21875,6.671875,5.265625,4.03125,3.484375,4.25,6.84375,7.328125,6.46875,5.9375,6.21875,7.34375,7.3125,6.375,5.9375,7.84375,9.421875,20.09375,38.859375,107.3125,172.109375
2016-03-11,5.59375,5.734375,7.625,10.390625,25.6875,44.109375,37.15625,28.78125,21.828125,16.5625,12.875,9.984375,8.078125,6.703125,6.3125,6.90625,7.125,8.359375,12.671875,17.53125,20.390625,21.859375,19.53125,15.546875,13.234375,13.609375,14.6875,19.734375,25.03125,22.8125
2016-03-12,5.734375,7.625,10.390625,25.6875,44.109375,37.15625,28.78125,21.828125,16.5625,12.875,9.984375,8.078125,6.703125,6.3125,6.90625,7.125,8.359375,12.671875,17.53125,20.390625,21.859375,19.53125,15.546875,13.234375,13.609375,14.6875,19.734375,25.03125,22.8125,21.296875
2016-03-13,7.625,10.390625,25.6875,44.109375,37.15625,28.78125,21.828125,16.5625,12.875,9.984375,8.078125,6.703125,6.3125,6.90625,7.125,8.359375,12.671875,17.53125,20.390625,21.859375,19.53125,15.546875,13.234375,13.609375,14.6875,19.734375,25.03125,22.8125,21.296875,17.4375
2016-03-14,6.6875,7.46875,10.765625,14.953125,20.453125,25.78125,22.21875,16.53125,12.59375,10.296875,8.765625,9.40625,13.46875,15.828125,13.984375,11.75,10.109375,8.234375,6.734375,9.171875,17.875,24.5,22.34375,18.421875,15.265625,12.75,11.9375,11.921875,13.71875,43.046875
2016-03-15,7.46875,10.765625,14.953125,20.453125,25.78125,22.21875,16.53125,12.59375,10.296875,8.765625,9.40625,13.46875,15.828125,13.984375,11.75,10.109375,8.234375,6.734375,9.171875,17.875,24.5,22.34375,18.421875,15.265625,12.75,11.9375,11.921875,13.71875,43.046875,66.875
2016-03-16,10.765625,14.953125,20.453125,25.78125,22.21875,16.53125,12.59375,10.296875,8.765625,9.40625,13.46875,15.828125,13.984375,11.75,10.109375,8.234375,6.734375,9.171875,17.875,24.5,22.34375,18.421875,15.265625,12.75,11.9375,11.921875,13.71875,43.046875,66.875,45.796875
2016-03-17,14.953125,20.453125,25.78125,22.21875,16.53125,12.59375,10.296875,8.765625,9.40625,13.46875,15.828125,13.984375,11.75,10.109375,8.234375,6.734375,9.171875,17.875,24.5,22.34375,18.421875,15.265625,12.75,11.9375,11.921875,13.71875,43.046875,66.875,45.796875,30.484375
2016-03-18,13.34375,11.734375,9.640625,7.5625,6.015625,4.828125,3.953125,3.78125,3.796875,3.921875,3.40625,3.046875,2.9375,3.140625,4.09375,6.109375,8.3125,9.390625,10.0,9.3125,7.5625,6.4375,5.703125,5.234375,4.53125,3.71875,3.25,2.96875,2.8125,2.828125
2016-03-19,11.734375,9.640625,7.5625,6.015625,4.828125,3.953125,3.78125,3.796875,3.921875,3.40625,3.046875,2.9375,3.140625,4.09375,6.109375,8.3125,9.390625,10.0,9.3125,7.5625,6.4375,5.703125,5.234375,4.53125,3.71875,3.25,2.96875,2.8125,2.828125,3.0625
2016-03-20,9.640625,7.5625,6.015625,4.828125,3.953125,3.78125,3.796875,3.921875,3.40625,3.046875,2.9375,3.140625,4.09375,6.109375,8.3125,9.390625,10.0,9.3125,7.5625,6.4375,5.703125,5.234375,4.53125,3.71875,3.25,2.96875,2.8125,2.828125,3.0625,3.546875
2016-03-21,9.96875,8.25,6.984375,6.390625,6.546875,7.328125,6.59375,5.625,5.0,4.140625,3.59375,3.265625,2.9375,2.765625,2.71875,2.75,4.265625,11.84375,24.40625,30.703125,27.34375,21.90625,16.765625,13.125,12.28125,11.578125,10.3125,8.875,7.90625,6.5625
2016-03-22,8.25,6.984375,6.390625,6.546875,7.328125,6.59375,5.625,5.0,4.140625,3.59375,3.265625,2.9375,2.765625,2.71875,2.75,4.265625,11.84375,24.40625,30.703125,27.34375,21.90625,16.765625,13.125,12.28125,11.578125,10.3125,8.875,7.90625,6.5625,5.203125
2016-03-23,6.984375,6.390625,6.546875,7.328125,6.59375,5.625,5.0,4.140625,3.59375,3.265625,2.9375,2.765625,2.71875,2.75,4.265625,11.84375,24.40625,30.703125,27.34375,21.90625,16.765625,13.125,12.28125,11.578125,10.3125,8.875,7.90625,6.5625,5.203125,4.265625
2016-03-24,6.390625,6.546875,7.328125,6.59375,5.625,5.0,4.140625,3.59375,3.265625,2.9375,2.765625,2.71875,2.75,4.265625,11.84375,24.40625,30.703125,27.34375,21.90625,16.765625,13.125,12.28125,11.578125,10.3125,8.875,7.90625,6.5625,5.203125,4.265625,4.1875
2016-03-25,6.140625,6.65625,9.109375,14.890625,15.125,12.40625,9.859375,8.265625,6.828125,5.78125,6.328125,14.453125,30.0,37.984375,35.5,43.1875,56.640625,49.5,44.5625,40.8125,31.953125,26.578125,29.84375,38.640625,40.890625,43.875,46.421875,50.0,103.21875,123.9375
2016-03-26,6.65625,9.109375,14.890625,15.125,12.40625,9.859375,8.265625,6.828125,5.78125,6.328125,14.453125,30.0,37.984375,35.5,43.1875,56.640625,49.5,44.5625,40.8125,31.953125,26.578125,29.84375,38.640625,40.890625,43.875,46.421875,50.0,103.21875,123.9375,88.65625
2016-03-27,9.109375,14.890625,15.125,12.40625,9.859375,8.265625,6.828125,5.78125,6.328125,14.453125,30.0,37.984375,35.5,43.1875,56.640625,49.5,44.5625,40.8125,31.953125,26.578125,29.84375,38.640625,40.890625,43.875,46.421875,50.0,103.21875,123.9375,88.65625,95.0
2016-03-28,19.5625,22.09375,18.203125,14.5,11.390625,9.75,9.03125,9.171875,8.484375,8.328125,9.578125,11.625,15.671875,18.5625,17.984375,14.875,13.359375,23.46875,48.75,60.265625,68.96875,62.1875,46.15625,35.0,31.1875,30.84375,29.375,25.25,21.1875,16.3125
2016-03-29,22.09375,18.203125,14.5,11.390625,9.75,9.03125,9.171875,8.484375,8.328125,9.578125,11.625,15.671875,18.5625,17.984375,14.875,13.359375,23.46875,48.75,60.265625,68.96875,62.1875,46.15625,35.0,31.1875,30.84375,29.375,25.25,21.1875,16.3125,12.96875
2016-03-30,18.203125,14.5,11.390625,9.75,9.03125,9.171875,8.484375,8.328125,9.578125,11.625,15.671875,18.5625,17.984375,14.875,13.359375,23.46875,48.75,60.265625,68.96875,62.1875,46.15625,35.0,31.1875,30.84375,29.375,25.25,21.1875,16.3125,12.96875,11.1875
2016-03-31,14.5,11.390625,9.75,9.03125,9.171875,8.484375,8.328125,9.578125,11.625,15.671875,18.5625,17.984375,14.875,13.359375,23.46875,48.75,60.265625,68.96875,62.1875,46.15625,35.0,31.1875,30.84375,29.375,25.25,21.1875,16.3125,12.96875,11.1875,10.96875
2016-04-01,10.4375,8.515625,7.171875,6.640625,6.828125,6.28125,6.09375,6.96875,6.8125,6.9375,7.46875,7.59375,6.96875,6.078125,25.03125,57.78125,51.6875,41.53125,29.28125,30.25,51.9375,57.75,58.0625,63.90625,57.625,54.28125,49.46875,39.03125,30.03125,24.15625
2016-04-02,8.515625,7.171875,6.640625,6.828125,6.28125,6.09375,6.96875,6.8125,6.9375,7.46875,7.59375,6.96875,6.078125,25.03125,57.78125,51.6875,41.53125,29.28125,30.25,51.9375,57.75,58.0625,63.90625,57.625,54.28125,49.46875,39.03125,30.03125,24.15625,21.28125
2016-04-03,7.171875,6.640625,6.828125,6.28125,6.09375,6.96875,6.8125,6.9375,7.46875,7.59375,6.96875,6.078125,25.03125,57.78125,51.6875,41.53125,29.28125,30.25,51.9375,57.75,58.0625,63.90625,57.625,54.28125,49.46875,39.03125,30.03125,24.15625,21.28125,20.84375
2016-04-04,8.34375,18.734375,38.90625,48.671875,47.15625,35.125,25.125,19.015625,15.09375,12.21875,11.078125,16.65625,24.71875,43.8125,69.875,57.03125,40.25,28.71875,21.09375,17.5625,15.28125,13.46875,13.65625,21.75,34.78125,39.46875,58.25,103.09375,106.1875,68.5
2016-04-05,18.734375,38.90625,48.671875,47.15625,35.125,25.125,19.015625,15.09375,12.21875,11.078125,16.65625,24.71875,43.8125,69.875,57.03125,40.25,28.71875,21.09375,17.5625,15.28125,13.46875,13.65625,21.75,34.78125,39.46875,58.25,103.09375,106.1875,68.5,49.96875
2016-04-06,38.90625,48.671875,47.15625,35.125,25.125,19.015625,15.09375,12.21875,11.078125,16.65625,24.71875,43.8125,69.875,57.03125,40.25,28.71875,21.09375,17.5625,15.28125,13.46875,13.65625,21.75,34.78125,39.46875,58.25,103.09375,106.1875,68.5,49.96875,54.15625
2016-04-07,48.671875,47.15625,35.125,25.125,19.015625,15.09375,12.21875,11.078125,16.65625,24.71875,43.8125,69.875,57.03125,40.25,28.71875,21.09375,17.5625,15.28125,13.46875,13.65625,21.75,34.78125,39.46875,58.25,103.09375,106.1875,68.5,49.96875,54.15625,64.15625
2016-04-08,32.5,29.21875,28.265625,21.4375,16.859375,14.546875,11.78125,9.640625,9.015625,9.90625,15.90625,25.4375,48.3125,56.75,39.40625,26.59375,22.0625,30.1875,44.90625,42.5625,34.78125,26.46875,18.5,24.03125,48.28125,72.0625,72.15625,49.15625,33.65625,34.53125
2016-04-09,29.21875,28.265625,21.4375,16.859375,14.546875,11.78125,9.640625,9.015625,9.90625,15.90625,25.4375,48.3125,56.75,39.40625,26.59375,22.0625,30.1875,44.90625,42.5625,34.78125,26.46875,18.5,24.03125,48.28125,72.0625,72.15625,49.15625,33.65625,34.53125,44.875
2016-04-10,28.265625,21.4375,16.859375,14.546875,11.78125,9.640625,9.015625,9.90625,15.90625,25.4375,48.3125,56.75,39.40625,26.59375,22.0625,30.1875,44.90625,42.5625,34.78125,26.46875,18.5,24.03125,48.28125,72.0625,72.15625,49.15625,33.65625,34.53125,44.875,43.75
2016-04-11,19.453125,16.859375,13.265625,11.3125,11.375,12.4375,14.03125,18.5,24.375,25.1875,23.375,25.96875,26.8125,21.0625,18.53125,20.875,30.5,43.59375,83.15625,125.6875,113.25,90.84375,66.71875,47.4375,35.5625,29.15625,24.21875,18.5,14.0,10.5
2016-04-12,16.859375,13.265625,11.3125,11.375,12.4375,14.03125,18.5,24.375,25.1875,23.375,25.96875,26.8125,21.0625,18.53125,20.875,30.5,43.59375,83.15625,125.6875,113.25,90.84375,66.71875,47.4375,35.5625,29.15625,24.21875,18.5,14.0,10.5,12.125
2016-04-13,13.265625,11.3125,11.375,12.4375,14.03125,18.5,24.375,25.1875,23.375,25.96875,26.8125,21.0625,18.53125,20.875,30.5,43.59375,83.15625,125.6875,113.25,90.84375,66.71875,47.4375,35.5625,29.15625,24.21875,18.5,14.0,10.5,12.125,18.75
2016-04-14,11.3125,11.375,12.4375,14.03125,18.5,24.375,25.1875,23.375,25.96875,26.8125,21.0625,18.53125,20.875,30.5,43.59375,83.15625,125.6875,113.25,90.84375,66.71875,47.4375,35.5625,29.15625,24.21875,18.5,14.0,10.5,12.125,18.75,22.34375
2016-04-15,7.21875,6.0,4.84375,4.75,6.375,12.5625,19.125,21.40625,25.53125,26.59375,26.1875,23.25,20.84375,15.25,11.0,10.90625,21.375,41.125,45.625,37.375,31.03125,25.40625,22.15625,21.4375,21.46875,19.375,15.96875,16.1875,20.125,18.28125
2016-04-16,6.0,4.84375,4.75,6.375,12.5625,19.125,21.40625,25.53125,26.59375,26.1875,23.25,20.84375,15.25,11.0,10.90625,21.375,41.125,45.625,37.375,31.03125,25.40625,22.15625,21.4375,21.46875,19.375,15.96875,16.1875,20.125,18.28125,17.125
2016-04-17,4.84375,4.75,6.375,12.5625,19.125,21.40625,25.53125,26.59375,26.1875,23.25,20.84375,15.25,11.0,10.90625,21.375,41.125,45.625,37.375,31.03125,25.40625,22.15625,21.4375,21.46875,19.375,15.96875,16.1875,20.125,18.28125,17.125,21.46875
2016-04-18,4.71875,5.34375,6.5625,6.6875,5.96875,5.0,4.125,3.875,4.15625,4.4375,4.15625,3.96875,8.625,19.15625,19.71875,15.8125,13.1875,22.15625,41.15625,42.46875,41.28125,40.5,34.34375,29.5,25.03125,24.1875,25.796875,20.6875,21.265625,39.515625
2016-04-19,5.34375,6.5625,6.6875,5.96875,5.0,4.125,3.875,4.15625,4.4375,4.15625,3.96875,8.625,19.15625,19.71875,15.8125,13.1875,22.15625,41.15625,42.46875,41.28125,40.5,34.34375,29.5,25.03125,24.1875,25.796875,20.6875,21.265625,39.515625,54.140625
2016-04-20,6.5625,6.6875,5.96875,5.0,4.125,3.875,4.15625,4.4375,4.15625,3.96875,8.625,19.15625,19.71875,15.8125,13.1875,22.15625,41.15625,42.46875,41.28125,40.5,34.34375,29.5,25.03125,24.1875,25.796875,20.6875,21.265625,39.515625,54.140625,49.109375
2016-04-21,6.6875,5.96875,5.0,4.125,3.875,4.15625,4.4375,4.15625,3.96875,8.625,19.15625,19.71875,15.8125,13.1875,22.15625,41.15625,42.46875,41.28125,40.5,34.34375,29.5,25.03125,24.1875,25.796875,20.6875,21.265625,39.515625,54.140625,49.109375,63.359375
2016-04-22,13.4375,14.25,16.3125,13.65625,11.09375,9.96875,8.78125,7.8125,6.46875,8.53125,17.0,25.9375,41.1875,63.46875,68.84375,66.0,93.78125,94.84375,76.84375,80.4375,78.4375,70.4375,68.0625,64.28125,61.09375,59.84375,55.140625,62.515625,79.78125,71.234375
2016-04-23,14.25,16.3125,13.65625,11.09375,9.96875,8.78125,7.8125,6.46875,8.53125,17.0,25.9375,41.1875,63.46875,68.84375,66.0,93.78125,94.84375,76.84375,80.4375,78.4375,70.4375,68.0625,64.28125,61.09375,59.84375,55.140625,62.515625,79.78125,71.234375,55.96875
2016-04-24,16.3125,13.65625,11.09375,9.96875,8.78125,7.8125,6.46875,8.53125,17.0,25.9375,41.1875,63.46875,68.84375,66.0,93.78125,94.84375,76.84375,80.4375,78.4375,70.4375,68.0625,64.28125,61.09375,59.84375,55.140625,62.515625,79.78125,71.234375,55.96875,48.65625
2016-04-25,11.6875,10.03125,8.5,10.4375,27.875,65.03125,86.34375,88.21875,71.09375,49.5625,45.4375,49.21875,49.46875,55.65625,67.75,58.1875,40.0625,41.90625,66.875,71.125,89.8125,109.1875,81.3125,61.75,75.578125,127.859375,213.015625,347.4375,350.921875,238.375
2016-04-26,10.03125,8.5,10.4375,27.875,65.03125,86.34375,88.21875,71.09375,49.5625,45.4375,49.21875,49.46875,55.65625,67.75,58.1875,40.0625,41.90625,66.875,71.125,89.8125,109.1875,81.3125,61.75,75.578125,127.859375,213.015625,347.4375,350.921875,238.375,149.40625
2016-04-27,8.5,10.4375,27.875,65.03125,86.34375,88.21875,71.09375,49.5625,45.4375,49.21875,49.46875,55.65625,67.75,58.1875,40.0625,41.90625,66.875,71.125,89.8125,109.1875,81.3125,61.75,75.578125,127.859375,213.015625,347.4375,350.921875,238.375,149.40625,116.90625
2016-04-28,10.4375,27.875,65.03125,86.34375,88.21875,71.09375,49.5625,45.4375,49.21875,49.46875,55.65625,67.75,58.1875,40.0625,41.90625,66.875,71.125,89.8125,109.1875,81.3125,61.75,75.578125,127.859375,213.015625,347.4375,350.921875,238.375,149.40625,116.90625,100.171875
2016-04-29,15.625,52.90625,84.28125,67.5,55.375,57.875,86.6875,136.8125,123.875,79.375,51.375,36.96875,32.40625,52.25,63.09375,45.5625,32.0625,30.46875,35.21875,38.65625,64.90625,79.53125,88.109375,96.765625,93.546875,89.4375,70.359375,56.828125,54.140625,52.15625
2016-04-30,52.90625,84.28125,67.5,55.375,57.875,86.6875,136.8125,123.875,79.375,51.375,36.96875,32.40625,52.25,63.09375,45.5625,32.0625,30.46875,35.21875,38.65625,64.90625,79.53125,88.109375,96.765625,93.546875,89.4375,70.359375,56.828125,54.140625,52.15625,55.484375
2016-05-01,84.28125,67.5,55.375,57.875,86.6875,136.8125,123.875,79.375,51.375,36.96875,32.40625,52.25,63.09375,45.5625,32.0625,30.46875,35.21875,38.65625,64.90625,79.53125,88.109375,96.765625,93.546875,89.4375,70.359375,56.828125,54.140625,52.15625,55.484375,65.78125
2016-05-02,112.65625,69.9375,50.96875,52.625,62.6875,64.3125,53.28125,42.78125,44.125,65.1875,72.46875,56.375,41.9375,37.5625,37.84375,32.03125,26.34375,25.03125,24.46875,25.625,23.625,35.28125,60.5,58.515625,47.765625,53.75,62.859375,62.4375,47.125,33.109375
2016-05-03,69.9375,50.96875,52.625,62.6875,64.3125,53.28125,42.78125,44.125,65.1875,72.46875,56.375,41.9375,37.5625,37.84375,32.03125,26.34375,25.03125,24.46875,25.625,23.625,35.28125,60.5,58.515625,47.765625,53.75,62.859375,62.4375,47.125,33.109375,27.4375
2016-05-04,50.96875,52.625,62.6875,64.3125,53.28125,42.78125,44.125,65.1875,72.46875,56.375,41.9375,37.5625,37.84375,32.03125,26.34375,25.03125,24.46875,25.625,23.625,35.28125,60.5,58.515625,47.765625,53.75,62.859375,62.4375,47.125,33.109375,27.4375,87.234375
2016-05-05,52.625,62.6875,64.3125,53.28125,42.78125,44.125,65.1875,72.46875,56.375,41.9375,37.5625,37.84375,32.03125,26.34375,25.03125,24.46875,25.625,23.625,35.28125,60.5,58.515625,47.765625,53.75,62.859375,62.4375,47.125,33.109375,27.4375,87.234375,141.1875
2016-05-06,39.4375,32.0625,29.6875,26.0,20.9375,19.53125,21.8125,19.53125,15.6875,13.625,12.3125,11.90625,12.71875,11.59375,12.3125,21.8125,37.4375,50.609375,68.171875,69.375,57.453125,47.3125,48.875,72.296875,80.375,67.53125,69.34375,78.15625,71.265625,88.765625
2016-05-07,32.0625,29.6875,26.0,20.9375,19.53125,21.8125,19.53125,15.6875,13.625,12.3125,11.90625,12.71875,11.59375,12.3125,21.8125,37.4375,50.609375,68.171875,69.375,57.453125,47.3125,48.875,72.296875,80.375,67.53125,69.34375,78.15625,71.265625,88.765625,111.53125
2016-05-08,29.6875,26.0,20.9375,19.53125,21.8125,19.53125,15.6875,13.625,12.3125,11.90625,12.71875,11.59375,12.3125,21.8125,37.4375,50.609375,68.171875,69.375,57.453125,47.3125,48.875,72.296875,80.375,67.53125,69.34375,78.15625,71.265625,88.765625,111.53125,100.46875
2016-05-09,57.84375,43.03125,41.46875,40.8125,32.4375,29.125,28.84375,25.3125,30.15625,59.375,90.5625,92.53125,80.09375,72.34375,69.09375,63.5,74.625,79.734375,64.53125,54.703125,47.21875,49.78125,59.0625,58.609375,53.34375,47.59375,38.625,40.515625,75.609375,181.625
2016-05-10,43.03125,41.46875,40.8125,32.4375,29.125,28.84375,25.3125,30.15625,59.375,90.5625,92.53125,80.09375,72.34375,69.09375,63.5,74.625,79.734375,64.53125,54.703125,47.21875,49.78125,59.0625,58.609375,53.34375,47.59375,38.625,40.515625,75.609375,181.625,197.4375
2016-05-11,41.46875,40.8125,32.4375,29.125,28.84375,25.3125,30.15625,59.375,90.5625,92.53125,80.09375,72.34375,69.09375,63.5,74.625,79.734375,64.53125,54.703125,47.21875,49.78125,59.0625,58.609375,53.34375,47.59375,38.625,40.515625,75.609375,181.625,197.4375,139.34375
2016-05-12,40.8125,32.4375,29.125,28.84375,25.3125,30.15625,59.375,90.5625,92.53125,80.09375,72.34375,69.09375,63.5,74.625,79.734375,64.53125,54.703125,47.21875,49.78125,59.0625,58.609375,53.34375,47.59375,38.625,40.515625,75.609375,181.625,197.4375,139.34375,101.859375
2016-05-13,61.96875,55.84375,54.78125,74.6875,85.96875,109.75,157.5,139.40625,95.21875,69.0,67.65625,129.71875,234.6875,374.125,400.875,317.21875,197.96875,114.3125,77.9375,60.703125,58.71875,58.453125,63.296875,92.0,87.484375,59.640625,42.453125,40.3125,40.21875,32.453125
2016-05-14,55.84375,54.78125,74.6875,85.96875,109.75,157.5,139.40625,95.21875,69.0,67.65625,129.71875,234.6875,374.125,400.875,317.21875,197.96875,114.3125,77.9375,60.703125,58.71875,58.453125,63.296875,92.0,87.484375,59.640625,42.453125,40.3125,40.21875,32.453125,28.21875
2016-05-15,54.78125,74.6875,85.96875,109.75,157.5,139.40625,95.21875,69.0,67.65625,129.71875,234.6875,374.125,400.875,317.21875,197.96875,114.3125,77.9375,60.703125,58.71875,58.453125,63.296875,92.0,87.484375,59.640625,42.453125,40.3125,40.21875,32.453125,28.21875,28.609375
2016-05-16,94.09375,141.90625,147.84375,149.75,114.21875,169.25,217.34375,242.46875,193.90625,139.75,114.59375,95.65625,82.71875,67.9375,58.5,59.0625,56.5625,48.609375,46.125,43.75,52.734375,71.3125,64.171875,54.84375,57.71875,95.984375,165.84375,152.8125,105.078125,121.421875
2016-05-17,141.90625,147.84375,149.75,114.21875,169.25,217.34375,242.46875,193.90625,139.75,114.59375,95.65625,82.71875,67.9375,58.5,59.0625,56.5625,48.609375,46.125,43.75,52.734375,71.3125,64.171875,54.84375,57.71875,95.984375,165.84375,152.8125,105.078125,121.421875,156.84375
2016-05-18,147.84375,149.75,114.21875,169.25,217.34375,242.46875,193.90625,139.75,114.59375,95.65625,82.71875,67.9375,58.5,59.0625,56.5625,48.609375,46.125,43.75,52.734375,71.3125,64.171875,54.84375,57.71875,95.984375,165.84375,152.8125,105.078125,121.421875,156.84375,187.28125
2016-05-19,149.75,114.21875,169.25,217.34375,242.46875,193.90625,139.75,114.59375,95.65625,82.71875,67.9375,58.5,59.0625,56.5625,48.609375,46.125,43.75,52.734375,71.3125,64.171875,54.84375,57.71875,95.984375,165.84375,152.8125,105.078125,121.421875,156.84375,187.28125,202.96875
2016-05-20,157.6875,119.9375,120.3125,104.21875,118.65625,140.75,114.8125,101.15625,118.0625,129.4375,133.0625,140.375,140.59375,130.21875,104.53125,78.28125,63.3125,61.28125,64.421875,60.359375,52.859375,44.515625,38.640625,35.8125,35.640625,55.0,76.71875,80.34375,106.015625,119.390625
2016-05-21,119.9375,120.3125,104.21875,118.65625,140.75,114.8125,101.15625,118.0625,129.4375,133.0625,140.375,140.59375,130.21875,104.53125,78.28125,63.3125,61.28125,64.421875,60.359375,52.859375,44.515625,38.640625,35.8125,35.640625,55.0,76.71875,80.34375,106.015625,119.390625,98.109375
2016-05-22,120.3125,104.21875,118.65625,140.75,114.8125,101.15625,118.0625,129.4375,133.0625,140.375,140.59375,130.21875,104.53125,78.28125,63.3125,61.28125,64.421875,60.359375,52.859375,44.515625,38.640625,35.8125,35.640625,55.0,76.71875,80.34375,106.015625,119.390625,98.109375,83.984375
2016-05-23,189.5625,416.9375,533.59375,397.15625,262.9375,189.5625,144.0625,111.1875,91.46875,90.125,92.625,93.09375,89.84375,79.3125,85.390625,98.84375,112.375,99.703125,72.859375,53.671875,41.359375,33.8125,28.640625,35.53125,55.609375,59.71875,58.0,51.53125,41.4375,34.484375
2016-05-24,416.9375,533.59375,397.15625,262.9375,189.5625,144.0625,111.1875,91.46875,90.125,92.625,93.09375,89.84375,79.3125,85.390625,98.84375,112.375,99.703125,72.859375,53.671875,41.359375,33.8125,28.640625,35.53125,55.609375,59.71875,58.0,51.53125,41.4375,34.484375,27.90625
2016-05-25,533.59375,397.15625,262.9375,189.5625,144.0625,111.1875,91.46875,90.125,92.625,93.09375,89.84375,79.3125,85.390625,98.84375,112.375,99.703125,72.859375,53.671875,41.359375,33.8125,28.640625,35.53125,55.609375,59.71875,58.0,51.53125,41.4375,34.484375,27.90625,22.78125
2016-05-26,397.15625,262.9375,189.5625,144.0625,111.1875,91.46875,90.125,92.625,93.09375,89.84375,79.3125,85.390625,98.84375,112.375,99.703125,72.859375,53.671875,41.359375,33.8125,28.640625,35.53125,55.609375,59.71875,58.0,51.53125,41.4375,34.484375,27.90625,22.78125,26.421875
2016-05-27,260.0,275.0,202.53125,163.3125,143.75,111.0625,78.5,65.671875,62.265625,52.03125,39.03125,34.265625,32.359375,32.109375,36.359375,33.46875,28.90625,27.453125,27.734375,25.8125,26.546875,30.15625,28.515625,28.890625,37.03125,59.859375,70.734375,68.375,71.859375,88.1875
2016-05-28,275.0,202.53125,163.3125,143.75,111.0625,78.5,65.671875,62.265625,52.03125,39.03125,34.265625,32.359375,32.109375,36.359375,33.46875,28.90625,27.453125,27.734375,25.8125,26.546875,30.15625,28.515625,28.890625,37.03125,59.859375,70.734375,68.375,71.859375,88.1875,132.625
2016-05-29,202.53125,163.3125,143.75,111.0625,78.5,65.671875,62.265625,52.03125,39.03125,34.265625,32.359375,32.109375,36.359375,33.46875,28.90625,27.453125,27.734375,25.8125,26.546875,30.15625,28.515625,28.890625,37.03125,59.859375,70.734375,68.375,71.859375,88.1875,132.625,180.4375
2016-05-30,150.0,129.53125,100.65625,75.6875,52.8125,36.03125,26.625,24.828125,30.40625,34.53125,37.59375,42.6875,44.359375,41.796875,34.5,29.5,30.5,26.71875,22.46875,23.984375,38.890625,49.640625,70.515625,86.21875,85.515625,82.015625,68.828125,68.453125,84.640625,190.421875
2016-05-31,129.53125,100.65625,75.6875,52.8125,36.03125,26.625,24.828125,30.40625,34.53125,37.59375,42.6875,44.359375,41.796875,34.5,29.5,30.5,26.71875,22.46875,23.984375,38.890625,49.640625,70.515625,86.21875,85.515625,82.015625,68.828125,68.453125,84.640625,190.421875,250.71875
2016-06-01,100.65625,75.6875,52.8125,36.03125,26.625,24.828125,30.40625,34.53125,37.59375,42.6875,44.359375,41.796875,34.5,29.5,30.5,26.71875,22.46875,23.984375,38.890625,49.640625,70.515625,86.21875,85.515625,82.015625,68.828125,68.453125,84.640625,190.421875,250.71875,217.734375
2016-06-02,75.6875,52.8125,36.03125,26.625,24.828125,30.40625,34.53125,37.59375,42.6875,44.359375,41.796875,34.5,29.5,30.5,26.71875,22.46875,23.984375,38.890625,49.640625,70.515625,86.21875,85.515625,82.015625,68.828125,68.453125,84.640625,190.421875,250.71875,217.734375,154.15625
2016-06-03,72.5,63.3125,58.1875,46.21875,36.078125,31.90625,28.96875,26.875,24.59375,24.515625,26.421875,28.265625,29.890625,51.609375,101.328125,355.125,398.25,278.21875,175.625,108.515625,84.4375,92.71875,177.046875,214.328125,200.265625,304.71875,303.703125,202.078125,150.09375,152.40625
2016-06-04,63.3125,58.1875,46.21875,36.078125,31.90625,28.96875,26.875,24.59375,24.515625,26.421875,28.265625,29.890625,51.609375,101.328125,355.125,398.25,278.21875,175.625,108.515625,84.4375,92.71875,177.046875,214.328125,200.265625,304.71875,303.703125,202.078125,150.09375,152.40625,202.234375
2016-06-05,58.1875,46.21875,36.078125,31.90625,28.96875,26.875,24.59375,24.515625,26.421875,28.265625,29.890625,51.609375,101.328125,355.125,398.25,278.21875,175.625,108.515625,84.4375,92.71875,177.046875,214.328125,200.265625,304.71875,303.703125,202.078125,150.09375,152.40625,202.234375,200.703125
2016-06-06,60.140625,50.703125,49.109375,38.203125,29.421875,33.9375,44.0625,64.125,96.453125,88.78125,63.4375,65.0625,64.234375,60.078125,61.96875,71.15625,81.5625,73.328125,99.125,160.0625,152.515625,110.109375,83.3125,86.984375,148.0625,224.171875,288.53125,355.5,277.015625,188.546875
2016-06-07,50.703125,49.109375,38.203125,29.421875,33.9375,44.0625,64.125,96.453125,88.78125,63.4375,65.0625,64.234375,60.078125,61.96875,71.15625,81.5625,73.328125,99.125,160.0625,152.515625,110.109375,83.3125,86.984375,148.0625,224.171875,288.53125,355.5,277.015625,188.546875,138.390625
2016-06-08,49.109375,38.203125,29.421875,33.9375,44.0625,64.125,96.453125,88.78125,63.4375,65.0625,64.234375,60.078125,61.96875,71.15625,81.5625,73.328125,99.125,160.0625,152.515625,110.109375,83.3125,86.984375,148.0625,224.171875,288.53125,355.5,277.015625,188.546875,138.390625,129.53125
2016-06-09,38.203125,29.421875,33.9375,44.0625,64.125,96.453125,88.78125,63.4375,65.0625,64.234375,60.078125,61.96875,71.15625,81.5625,73.328125,99.125,160.0625,152.515625,110.109375,83.3125,86.984375,148.0625,224.171875,288.53125,355.5,277.015625,188.546875,138.390625,129.53125,131.828125
2016-06-10,54.78125,43.359375,42.25,46.09375,53.5625,75.9375,98.71875,173.28125,170.546875,125.25,98.65625,81.640625,77.9375,121.640625,131.140625,130.6875,119.21875,121.859375,119.734375,102.671875,97.734375,101.625,180.46875,202.375,164.4375,134.859375,100.734375,70.046875,51.3125,44.5
2016-06-11,43.359375,42.25,46.09375,53.5625,75.9375,98.71875,173.28125,170.546875,125.25,98.65625,81.640625,77.9375,121.640625,131.140625,130.6875,119.21875,121.859375,119.734375,102.671875,97.734375,101.625,180.46875,202.375,164.4375,134.859375,100.734375,70.046875,51.3125,44.5,41.40625
2016-06-12,42.25,46.09375,53.5625,75.9375,98.71875,173.28125,170.546875,125.25,98.65625,81.640625,77.9375,121.640625,131.140625,130.6875,119.21875,121.859375,119.734375,102.671875,97.734375,101.625,180.46875,202.375,164.4375,134.859375,100.734375,70.046875,51.3125,44.5,41.40625,41.671875
2016-06-13,39.015625,47.546875,86.25,182.578125,198.15625,139.28125,87.734375,90.203125,155.1875,186.828125,186.78125,158.515625,109.65625,75.140625,59.671875,50.265625,66.3125,88.984375,90.296875,75.5625,53.125,39.375,52.34375,98.84375,176.28125,182.90625,144.40625,109.515625,78.28125,65.75
2016-06-14,47.546875,86.25,182.578125,198.15625,139.28125,87.734375,90.203125,155.1875,186.828125,186.78125,158.515625,109.65625,75.140625,59.671875,50.265625,66.3125,88.984375,90.296875,75.5625,53.125,39.375,52.34375,98.84375,176.28125,182.90625,144.40625,109.515625,78.28125,65.75,82.25
2016-06-15,86.25,182.578125,198.15625,139.28125,87.734375,90.203125,155.1875,186.828125,186.78125,158.515625,109.65625,75.140625,59.671875,50.265625,66.3125,88.984375,90.296875,75.5625,53.125,39.375,52.34375,98.84375,176.28125,182.90625,144.40625,109.515625,78.28125,65.75,82.25,141.46875
2016-06-16,182.578125,198.15625,139.28125,87.734375,90.203125,155.1875,186.828125,186.78125,158.515625,109.65625,75.140625,59.671875,50.265625,66.3125,88.984375,90.296875,75.5625,53.125,39.375,52.34375,98.84375,176.28125,182.90625,144.40625,109.515625,78.28125,65.75,82.25,141.46875,273.640625
2016-06-17,75.625,65.78125,64.96875,119.625,148.359375,146.96875,123.109375,98.15625,80.890625,80.203125,125.859375,205.890625,205.453125,136.125,81.703125,62.84375,76.4375,83.21875,71.359375,59.21875,48.203125,41.03125,40.4375,45.640625,82.546875,110.546875,94.5,87.0625,84.0625,73.6875
2016-06-18,65.78125,64.96875,119.625,148.359375,146.96875,123.109375,98.15625,80.890625,80.203125,125.859375,205.890625,205.453125,136.125,81.703125,62.84375,76.4375,83.21875,71.359375,59.21875,48.203125,41.03125,40.4375,45.640625,82.546875,110.546875,94.5,87.0625,84.0625,73.6875,71.953125
2016-06-19,64.96875,119.625,148.359375,146.96875,123.109375,98.15625,80.890625,80.203125,125.859375,205.890625,205.453125,136.125,81.703125,62.84375,76.4375,83.21875,71.359375,59.21875,48.203125,41.03125,40.4375,45.640625,82.546875,110.546875,94.5,87.0625,84.0625,73.6875,71.953125,82.328125
2016-06-20,273.234375,321.984375,211.53125,136.4375,98.25,78.28125,74.5625,69.453125,58.21875,100.015625,134.125,108.34375,78.890625,60.671875,50.3125,40.921875,32.890625,28.296875,35.34375,155.90625,368.90625,395.96875,319.75,222.203125,151.921875,126.734375,127.609375,125.125,110.359375,110.671875
2016-06-21,321.984375,211.53125,136.4375,98.25,78.28125,74.5625,69.453125,58.21875,100.015625,134.125,108.34375,78.890625,60.671875,50.3125,40.921875,32.890625,28.296875,35.34375,155.90625,368.90625,395.96875,319.75,222.203125,151.921875,126.734375,127.609375,125.125,110.359375,110.671875,108.796875
2016-06-22,211.53125,136.4375,98.25,78.28125,74.5625,69.453125,58.21875,100.015625,134.125,108.34375,78.890625,60.671875,50.3125,40.921875,32.890625,28.296875,35.34375,155.90625,368.90625,395.96875,319.75,222.203125,151.921875,126.734375,127.609375,125.125,110.359375,110.671875,108.796875,92.4375
2016-06-23,136.4375,98.25,78.28125,74.5625,69.453125,58.21875,100.015625,134.125,108.34375,78.890625,60.671875,50.3125,40.921875,32.890625,28.296875,35.34375,155.90625,368.90625,395.96875,319.75,222.203125,151.921875,126.734375,127.609375,125.125,110.359375,110.671875,108.796875,92.4375,74.046875
2016-06-24,125.21875,95.71875,65.734375,72.71875,106.71875,123.34375,128.703125,125.59375,114.40625,93.453125,74.890625,60.5,54.890625,65.15625,76.5625,77.609375,72.359375,82.15625,114.03125,194.953125,276.640625,225.59375,211.125,324.34375,314.015625,275.03125,293.09375,371.453125,307.15625,202.015625
2016-06-25,95.71875,65.734375,72.71875,106.71875,123.34375,128.703125,125.59375,114.40625,93.453125,74.890625,60.5,54.890625,65.15625,76.5625,77.609375,72.359375,82.15625,114.03125,194.953125,276.640625,225.59375,211.125,324.34375,314.015625,275.03125,293.09375,371.453125,307.15625,202.015625,143.578125
2016-06-26,65.734375,72.71875,106.71875,123.34375,128.703125,125.59375,114.40625,93.453125,74.890625,60.5,54.890625,65.15625,76.5625,77.609375,72.359375,82.15625,114.03125,194.953125,276.640625,225.59375,211.125,324.34375,314.015625,275.03125,293.09375,371.453125,307.15625,202.015625,143.578125,113.0625
2016-06-27,110.328125,181.1875,211.140625,214.609375,175.703125,130.6875,100.3125,80.96875,70.34375,68.46875,67.6875,72.84375,84.265625,82.578125,76.078125,67.8125,57.453125,48.4375,39.65625,36.9375,45.4375,52.515625,48.609375,41.109375,39.6875,65.765625,112.671875,115.0,133.1875,137.625
2016-06-28,181.1875,211.140625,214.609375,175.703125,130.6875,100.3125,80.96875,70.34375,68.46875,67.6875,72.84375,84.265625,82.578125,76.078125,67.8125,57.453125,48.4375,39.65625,36.9375,45.4375,52.515625,48.609375,41.109375,39.6875,65.765625,112.671875,115.0,133.1875,137.625,104.265625
2016-06-29,211.140625,214.609375,175.703125,130.6875,100.3125,80.96875,70.34375,68.46875,67.6875,72.84375,84.265625,82.578125,76.078125,67.8125,57.453125,48.4375,39.65625,36.9375,45.4375,52.515625,48.609375,41.109375,39.6875,65.765625,112.671875,115.0,133.1875,137.625,104.265625,85.65625
2016-06-30,214.609375,175.703125,130.6875,100.3125,80.96875,70.34375,68.46875,67.6875,72.84375,84.265625,82.578125,76.078125,67.8125,57.453125,48.4375,39.65625,36.9375,45.4375,52.515625,48.609375,41.109375,39.6875,65.765625,112.671875,115.0,133.1875,137.625,104.265625,85.65625,107.625
2016-07-01,206.15625,165.484375,146.234375,115.671875,91.90625,92.546875,87.734375,81.265625,81.703125,85.921875,83.09375,91.796875,110.203125,92.21875,66.875,54.078125,55.46875,59.609375,54.84375,52.328125,56.78125,62.609375,62.15625,67.734375,75.890625,104.84375,118.171875,100.1875,97.03125,105.96875
2016-07-02,165.484375,146.234375,115.671875,91.90625,92.546875,87.734375,81.265625,81.703125,85.921875,83.09375,91.796875,110.203125,92.21875,66.875,54.078125,55.46875,59.609375,54.84375,52.328125,56.78125,62.609375,62.15625,67.734375,75.890625,104.84375,118.171875,100.1875,97.03125,105.96875,117.859375
2016-07-03,146.234375,115.671875,91.90625,92.546875,87.734375,81.265625,81.703125,85.921875,83.09375,91.796875,110.203125,92.21875,66.875,54.078125,55.46875,59.609375,54.84375,52.328125,56.78125,62.609375,62.15625,67.734375,75.890625,104.84375,118.171875,100.1875,97.03125,105.96875,117.859375,134.796875
2016-07-04,105.421875,77.296875,87.375,144.734375,206.9375,217.59375,166.265625,131.15625,114.859375,99.75,94.828125,102.03125,107.296875,102.984375,102.046875,92.921875,83.984375,99.234375,141.28125,147.421875,114.0625,82.984375,77.5625,101.4375,158.765625,204.328125,172.859375,128.78125,97.34375,88.203125
2016-07-05,77.296875,87.375,144.734375,206.9375,217.59375,166.265625,131.15625,114.859375,99.75,94.828125,102.03125,107.296875,102.984375,102.046875,92.921875,83.984375,99.234375,141.28125,147.421875,114.0625,82.984375,77.5625,101.4375,158.765625,204.328125,172.859375,128.78125,97.34375,88.203125,87.796875
2016-07-06,87.375,144.734375,206.9375,217.59375,166.265625,131.15625,114.859375,99.75,94.828125,102.03125,107.296875,102.984375,102.046875,92.921875,83.984375,99.234375,141.28125,147.421875,114.0625,82.984375,77.5625,101.4375,158.765625,204.328125,172.859375,128.78125,97.34375,88.203125,87.796875,71.5625
2016-07-07,144.734375,206.9375,217.59375,166.265625,131.15625,114.859375,99.75,94.828125,102.03125,107.296875,102.984375,102.046875,92.921875,83.984375,99.234375,141.28125,147.421875,114.0625,82.984375,77.5625,101.4375,158.765625,204.328125,172.859375,128.78125,97.34375,88.203125,87.796875,71.5625,69.96875
2016-07-08,182.421875,155.765625,217.84375,249.265625,216.15625,174.984375,144.796875,128.234375,106.75,84.84375,70.953125,62.546875,69.515625,102.3125,143.5625,154.015625,229.3125,235.296875,167.875,131.53125,119.828125,116.40625,107.4375,121.765625,180.453125,233.875,243.671875,190.9375,154.234375,137.46875
2016-07-09,155.765625,217.84375,249.265625,216.15625,174.984375,144.796875,128.234375,106.75,84.84375,70.953125,62.546875,69.515625,102.3125,143.5625,154.015625,229.3125,235.296875,167.875,131.53125,119.828125,116.40625,107.4375,121.765625,180.453125,233.875,243.671875,190.9375,154.234375,137.46875,121.15625
2016-07-10,217.84375,249.265625,216.15625,174.984375,144.796875,128.234375,106.75,84.84375,70.953125,62.546875,69.515625,102.3125,143.5625,154.015625,229.3125,235.296875,167.875,131.53125,119.828125,116.40625,107.4375,121.765625,180.453125,233.875,243.671875,190.9375,154.234375,137.46875,121.15625,109.734375
2016-07-11,235.546875,212.765625,170.265625,234.125,231.0625,175.640625,134.390625,106.609375,97.046875,95.734375,98.296875,109.109375,113.78125,112.484375,115.46875,138.984375,215.171875,241.859375,191.609375,135.65625,114.03125,119.09375,122.984375,120.46875,144.421875,146.046875,135.421875,132.34375,112.234375,102.46875
2016-07-12,212.765625,170.265625,234.125,231.0625,175.640625,134.390625,106.609375,97.046875,95.734375,98.296875,109.109375,113.78125,112.484375,115.46875,138.984375,215.171875,241.859375,191.609375,135.65625,114.03125,119.09375,122.984375,120.46875,144.421875,146.046875,135.421875,132.34375,112.234375,102.46875,95.140625
2016-07-13,170.265625,234.125,231.0625,175.640625,134.390625,106.609375,97.046875,95.734375,98.296875,109.109375,113.78125,112.484375,115.46875,138.984375,215.171875,241.859375,191.609375,135.65625,114.03125,119.09375,122.984375,120.46875,144.421875,146.046875,135.421875,132.34375,112.234375,102.46875,95.140625,77.8125
2016-07-14,234.125,231.0625,175.640625,134.390625,106.609375,97.046875,95.734375,98.296875,109.109375,113.78125,112.484375,115.46875,138.984375,215.171875,241.859375,191.609375,135.65625,114.03125,119.09375,122.984375,120.46875,144.421875,146.046875,135.421875,132.34375,112.234375,102.46875,95.140625,77.8125,65.921875
2016-07-15,133.453125,123.59375,108.25,100.140625,122.625,134.34375,129.25,138.921875,128.640625,101.984375,81.8125,67.9375,61.0625,59.65625,59.6875,62.09375,84.90625,103.921875,104.15625,120.6875,156.734375,141.875,102.359375,87.40625,95.109375,94.40625,91.96875,125.65625,175.09375,191.1875
2016-07-16,123.59375,108.25,100.140625,122.625,134.34375,129.25,138.921875,128.640625,101.984375,81.8125,67.9375,61.0625,59.65625,59.6875,62.09375,84.90625,103.921875,104.15625,120.6875,156.734375,141.875,102.359375,87.40625,95.109375,94.40625,91.96875,125.65625,175.09375,191.1875,250.59375
2016-07-17,108.25,100.140625,122.625,134.34375,129.25,138.921875,128.640625,101.984375,81.8125,67.9375,61.0625,59.65625,59.6875,62.09375,84.90625,103.921875,104.15625,120.6875,156.734375,141.875,102.359375,87.40625,95.109375,94.40625,91.96875,125.65625,175.09375,191.1875,250.59375,235.125
2016-07-18,112.90625,120.421875,118.8125,123.96875,125.6875,166.09375,187.4375,158.984375,132.828125,147.140625,165.859375,178.828125,224.671875,270.1875,231.859375,156.703125,127.5,208.8125,372.484375,357.703125,290.0625,235.21875,177.015625,132.375,118.921875,137.6875,163.953125,202.375,205.5625,175.859375
2016-07-19,120.421875,118.8125,123.96875,125.6875,166.09375,187.4375,158.984375,132.828125,147.140625,165.859375,178.828125,224.671875,270.1875,231.859375,156.703125,127.5,208.8125,372.484375,357.703125,290.0625,235.21875,177.015625,132.375,118.921875,137.6875,163.953125,202.375,205.5625,175.859375,147.5
2016-07-20,118.8125,123.96875,125.6875,166.09375,187.4375,158.984375,132.828125,147.140625,165.859375,178.828125,224.671875,270.1875,231.859375,156.703125,127.5,208.8125,372.484375,357.703125,290.0625,235.21875,177.015625,132.375,118.921875,137.6875,163.953125,202.375,205.5625,175.859375,147.5,131.453125
2016-07-21,123.96875,125.6875,166.09375,187.4375,158.984375,132.828125,147.140625,165.859375,178.828125,224.671875,270.1875,231.859375,156.703125,127.5,208.8125,372.484375,357.703125,290.0625,235.21875,177.015625,132.375,118.921875,137.6875,163.953125,202.375,205.5625,175.859375,147.5,131.453125,131.65625
2016-07-22,152.28125,128.9375,138.9375,145.953125,128.953125,118.59375,118.96875,181.484375,273.265625,313.59375,316.421875,256.40625,197.25,146.296875,112.515625,95.984375,107.109375,115.015625,115.0625,111.703125,97.875,88.234375,84.1875,105.5625,124.84375,112.390625,101.8125,96.296875,91.859375,101.390625
2016-07-23,128.9375,138.9375,145.953125,128.953125,118.59375,118.96875,181.484375,273.265625,313.59375,316.421875,256.40625,197.25,146.296875,112.515625,95.984375,107.109375,115.015625,115.0625,111.703125,97.875,88.234375,84.1875,105.5625,124.84375,112.390625,101.8125,96.296875,91.859375,101.390625,124.875
2016-07-24,138.9375,145.953125,128.953125,118.59375,118.96875,181.484375,273.265625,313.59375,316.421875,256.40625,197.25,146.296875,112.515625,95.984375,107.109375,115.015625,115.0625,111.703125,97.875,88.234375,84.1875,105.5625,124.84375,112.390625,101.8125,96.296875,91.859375,101.390625,124.875,121.609375
2016-07-25,95.59375,78.671875,69.40625,81.46875,108.296875,108.953125,97.875,87.75,72.9375,64.375,65.203125,128.0,203.921875,187.90625,156.671875,177.234375,190.75,196.421875,261.578125,306.296875,248.4375,189.21875,178.171875,154.203125,127.625,106.671875,87.9375,83.34375,94.421875,117.5625
2016-07-26,78.671875,69.40625,81.46875,108.296875,108.953125,97.875,87.75,72.9375,64.375,65.203125,128.0,203.921875,187.90625,156.671875,177.234375,190.75,196.421875,261.578125,306.296875,248.4375,189.21875,178.171875,154.203125,127.625,106.671875,87.9375,83.34375,94.421875,117.5625,136.484375
2016-07-27,69.40625,81.46875,108.296875,108.953125,97.875,87.75,72.9375,64.375,65.203125,128.0,203.921875,187.90625,156.671875,177.234375,190.75,196.421875,261.578125,306.296875,248.4375,189.21875,178.171875,154.203125,127.625,106.671875,87.9375,83.34375,94.421875,117.5625,136.484375,159.5
2016-07-28,81.46875,108.296875,108.953125,97.875,87.75,72.9375,64.375,65.203125,128.0,203.921875,187.90625,156.671875,177.234375,190.75,196.421875,261.578125,306.296875,248.4375,189.21875,178.171875,154.203125,127.625,106.671875,87.9375,83.34375,94.421875,117.5625,136.484375,159.5,161.375
2016-07-29,173.171875,137.71875,99.34375,86.046875,88.078125,109.34375,151.25,163.234375,155.71875,148.0625,142.1875,141.078125,132.609375,131.03125,126.859375,109.21875,105.40625,116.21875,138.5625,153.625,149.0,130.4375,107.28125,86.046875,76.734375,137.453125,181.65625,149.015625,108.125,83.1875
2016-07-30,137.71875,99.34375,86.046875,88.078125,109.34375,151.25,163.234375,155.71875,148.0625,142.1875,141.078125,132.609375,131.03125,126.859375,109.21875,105.40625,116.21875,138.5625,153.625,149.0,130.4375,107.28125,86.046875,76.734375,137.453125,181.65625,149.015625,108.125,83.1875,77.390625
2016-07-31,99.34375,86.046875,88.078125,109.34375,151.25,163.234375,155.71875,148.0625,142.1875,141.078125,132.609375,131.03125,126.859375,109.21875,105.40625,116.21875,138.5625,153.625,149.0,130.4375,107.28125,86.046875,76.734375,137.453125,181.65625,149.015625,108.125,83.1875,77.390625,91.4375
2016-08-01,92.40625,84.09375,102.765625,169.484375,190.125,185.390625,168.78125,142.21875,140.8125,139.09375,143.5,139.71875,129.203125,149.109375,159.984375,141.03125,119.734375,100.375,86.53125,78.84375,75.984375,79.359375,100.828125,128.46875,228.78125,305.453125,411.859375,658.78125,816.953125,555.5
2016-08-02,84.09375,102.765625,169.484375,190.125,185.390625,168.78125,142.21875,140.8125,139.09375,143.5,139.71875,129.203125,149.109375,159.984375,141.03125,119.734375,100.375,86.53125,78.84375,75.984375,79.359375,100.828125,128.46875,228.78125,305.453125,411.859375,658.78125,816.953125,555.5,362.8125
2016-08-03,102.765625,169.484375,190.125,185.390625,168.78125,142.21875,140.8125,139.09375,143.5,139.71875,129.203125,149.109375,159.984375,141.03125,119.734375,100.375,86.53125,78.84375,75.984375,79.359375,100.828125,128.46875,228.78125,305.453125,411.859375,658.78125,816.953125,555.5,362.8125,264.265625
2016-08-04,169.484375,190.125,185.390625,168.78125,142.21875,140.8125,139.09375,143.5,139.71875,129.203125,149.109375,159.984375,141.03125,119.734375,100.375,86.53125,78.84375,75.984375,79.359375,100.828125,128.46875,228.78125,305.453125,411.859375,658.78125,816.953125,555.5,362.8125,264.265625,217.25
2016-08-05,238.296875,184.8125,153.15625,131.390625,117.140625,114.28125,112.40625,116.546875,122.5625,121.78125,120.1875,117.421875,110.765625,107.109375,107.59375,114.640625,132.875,162.75,170.453125,152.109375,148.21875,143.921875,137.640625,120.640625,122.265625,187.84375,204.046875,178.703125,139.015625,103.484375
2016-08-06,184.8125,153.15625,131.390625,117.140625,114.28125,112.40625,116.546875,122.5625,121.78125,120.1875,117.421875,110.765625,107.109375,107.59375,114.640625,132.875,162.75,170.453125,152.109375,148.21875,143.921875,137.640625,120.640625,122.265625,187.84375,204.046875,178.703125,139.015625,103.484375,132.640625
2016-08-07,153.15625,131.390625,117.140625,114.28125,112.40625,116.546875,122.5625,121.78125,120.1875,117.421875,110.765625,107.109375,107.59375,114.640625,132.875,162.75,170.453125,152.109375,148.21875,143.921875,137.640625,120.640625,122.265625,187.84375,204.046875,178.703125,139.015625,103.484375,132.640625,243.0625
2016-08-08,231.84375,182.09375,151.328125,136.1875,143.546875,156.84375,168.34375,171.140625,204.328125,192.640625,155.5,132.5625,127.140625,129.546875,127.125,117.765625,102.859375,97.5625,108.859375,132.765625,137.28125,113.484375,88.140625,77.84375,83.890625,109.875,117.1875,95.203125,78.28125,78.640625
2016-08-09,182.09375,151.328125,136.1875,143.546875,156.84375,168.34375,171.140625,204.328125,192.640625,155.5,132.5625,127.140625,129.546875,127.125,117.765625,102.859375,97.5625,108.859375,132.765625,137.28125,113.484375,88.140625,77.84375,83.890625,109.875,117.1875,95.203125,78.28125,78.640625,105.453125
2016-08-10,151.328125,136.1875,143.546875,156.84375,168.34375,171.140625,204.328125,192.640625,155.5,132.5625,127.140625,129.546875,127.125,117.765625,102.859375,97.5625,108.859375,132.765625,137.28125,113.484375,88.140625,77.84375,83.890625,109.875,117.1875,95.203125,78.28125,78.640625,105.453125,197.71875
2016-08-11,136.1875,143.546875,156.84375,168.34375,171.140625,204.328125,192.640625,155.5,132.5625,127.140625,129.546875,127.125,117.765625,102.859375,97.5625,108.859375,132.765625,137.28125,113.484375,88.140625,77.84375,83.890625,109.875,117.1875,95.203125,78.28125,78.640625,105.453125,197.71875,250.578125
2016-08-12,140.25,137.953125,142.8125,149.328125,155.796875,148.921875,134.21875,123.8125,117.375,114.03125,122.078125,123.984375,129.40625,123.328125,103.4375,88.40625,80.859375,88.28125,112.296875,113.1875,118.1875,119.421875,99.515625,82.46875,65.265625,51.5625,44.28125,41.96875,50.109375,80.6015625
2016-08-13,137.953125,142.8125,149.328125,155.796875,148.921875,134.21875,123.8125,117.375,114.03125,122.078125,123.984375,129.40625,123.328125,103.4375,88.40625,80.859375,88.28125,112.296875,113.1875,118.1875,119.421875,99.515625,82.46875,65.265625,51.5625,44.28125,41.96875,50.109375,80.6015625,121.203125
2016-08-14,142.8125,149.328125,155.796875,148.921875,134.21875,123.8125,117.375,114.03125,122.078125,123.984375,129.40625,123.328125,103.4375,88.40625,80.859375,88.28125,112.296875,113.1875,118.1875,119.421875,99.515625,82.46875,65.265625,51.5625,44.28125,41.96875,50.109375,80.6015625,121.203125,116.578125
2016-08-15,164.34375,170.40625,178.859375,181.421875,160.265625,135.671875,150.734375,169.03125,159.03125,165.390625,152.578125,138.25,136.625,124.546875,109.296875,108.125,102.359375,101.921875,105.875,102.359375,123.859375,151.46875,137.296875,116.28125,113.75,109.1953125,89.625,69.328125,55.015625,45.34375
2016-08-16,170.40625,178.859375,181.421875,160.265625,135.671875,150.734375,169.03125,159.03125,165.390625,152.578125,138.25,136.625,124.546875,109.296875,108.125,102.359375,101.921875,105.875,102.359375,123.859375,151.46875,137.296875,116.28125,113.75,109.1953125,89.625,69.328125,55.015625,45.34375,44.21875
2016-08-17,178.859375,181.421875,160.265625,135.671875,150.734375,169.03125,159.03125,165.390625,152.578125,138.25,136.625,124.546875,109.296875,108.125,102.359375,101.921875,105.875,102.359375,123.859375,151.46875,137.296875,116.28125,113.75,109.1953125,89.625,69.328125,55.015625,45.34375,44.21875,95.453125
2016-08-18,181.421875,160.265625,135.671875,150.734375,169.03125,159.03125,165.390625,152.578125,138.25,136.625,124.546875,109.296875,108.125,102.359375,101.921875,105.875,102.359375,123.859375,151.46875,137.296875,116.28125,113.75,109.1953125,89.625,69.328125,55.015625,45.34375,44.21875,95.453125,127.296875
2016-08-19,149.359375,149.515625,129.59375,109.1875,95.5,91.828125,86.40625,89.1875,90.140625,83.140625,79.0,80.46875,111.28125,132.171875,127.40625,100.578125,77.0,73.671875,89.421875,119.5625,151.859375,197.3359375,204.21875,190.4296875,175.03125,143.796875,116.5234375,143.6328125,179.1484375,150.3984375
2016-08-20,149.515625,129.59375,109.1875,95.5,91.828125,86.40625,89.1875,90.140625,83.140625,79.0,80.46875,111.28125,132.171875,127.40625,100.578125,77.0,73.671875,89.421875,119.5625,151.859375,197.3359375,204.21875,190.4296875,175.03125,143.796875,116.5234375,143.6328125,179.1484375,150.3984375,113.2265625
2016-08-21,129.59375,109.1875,95.5,91.828125,86.40625,89.1875,90.140625,83.140625,79.0,80.46875,111.28125,132.171875,127.40625,100.578125,77.0,73.671875,89.421875,119.5625,151.859375,197.3359375,204.21875,190.4296875,175.03125,143.796875,116.5234375,143.6328125,179.1484375,150.3984375,113.2265625,109.5390625
2016-08-22,95.015625,95.265625,92.765625,89.3125,87.625,103.09375,107.15625,104.859375,99.8125,90.921875,87.203125,87.328125,97.484375,112.578125,127.390625,133.0625,114.84375,88.640625,75.0546875,74.2265625,89.1953125,109.4140625,116.078125,109.3359375,112.1875,107.765625,88.921875,75.9453125,67.2578125,73.9453125
2016-08-23,95.265625,92.765625,89.3125,87.625,103.09375,107.15625,104.859375,99.8125,90.921875,87.203125,87.328125,97.484375,112.578125,127.390625,133.0625,114.84375,88.640625,75.0546875,74.2265625,89.1953125,109.4140625,116.078125,109.3359375,112.1875,107.765625,88.921875,75.9453125,67.2578125,73.9453125,146.2578125
2016-08-24,92.765625,89.3125,87.625,103.09375,107.15625,104.859375,99.8125,90.921875,87.203125,87.328125,97.484375,112.578125,127.390625,133.0625,114.84375,88.640625,75.0546875,74.2265625,89.1953125,109.4140625,116.078125,109.3359375,112.1875,107.765625,88.921875,75.9453125,67.2578125,73.9453125,146.2578125,155.7578125
2016-08-25,89.3125,87.625,103.09375,107.15625,104.859375,99.8125,90.921875,87.203125,87.328125,97.484375,112.578125,127.390625,133.0625,114.84375,88.640625,75.0546875,74.2265625,89.1953125,109.4140625,116.078125,109.3359375,112.1875,107.765625,88.921875,75.9453125,67.2578125,73.9453125,146.2578125,155.7578125,106.609375
2016-08-26,97.953125,114.421875,121.359375,120.984375,124.03125,114.25,104.796875,112.765625,115.28125,104.828125,104.3125,129.0625,145.265625,131.40625,127.2890625,117.625,100.3125,130.0546875,292.0703125,290.3359375,191.671875,135.546875,152.640625,196.3125,170.7578125,122.4296875,117.4453125,189.015625,231.5390625,229.015625
2016-08-27,114.421875,121.359375,120.984375,124.03125,114.25,104.796875,112.765625,115.28125,104.828125,104.3125,129.0625,145.265625,131.40625,127.2890625,117.625,100.3125,130.0546875,292.0703125,290.3359375,191.671875,135.546875,152.640625,196.3125,170.7578125,122.4296875,117.4453125,189.015625,231.5390625,229.015625,197.5
2016-08-28,121.359375,120.984375,124.03125,114.25,104.796875,112.765625,115.28125,104.828125,104.3125,129.0625,145.265625,131.40625,127.2890625,117.625,100.3125,130.0546875,292.0703125,290.3359375,191.671875,135.546875,152.640625,196.3125,170.7578125,122.4296875,117.4453125,189.015625,231.5390625,229.015625,197.5,142.1484375
2016-08-29,121.578125,125.0625,134.75,118.9375,90.65625,69.484375,60.5625,59.765625,66.96875,72.40625,70.125,68.28125,73.2734375,81.40625,100.8515625,131.3359375,156.1796875,151.3203125,120.9453125,109.2734375,145.5,160.984375,179.90625,249.984375,315.2109375,273.28125,243.390625,202.4453125,139.2421875,98.359375
2016-08-30,125.0625,134.75,118.9375,90.65625,69.484375,60.5625,59.765625,66.96875,72.40625,70.125,68.28125,73.2734375,81.40625,100.8515625,131.3359375,156.1796875,151.3203125,120.9453125,109.2734375,145.5,160.984375,179.90625,249.984375,315.2109375,273.28125,243.390625,202.4453125,139.2421875,98.359375,80.6328125
2016-08-31,134.75,118.9375,90.65625,69.484375,60.5625,59.765625,66.96875,72.40625,70.125,68.28125,73.2734375,81.40625,100.8515625,131.3359375,156.1796875,151.3203125,120.9453125,109.2734375,145.5,160.984375,179.90625,249.984375,315.2109375,273.28125,243.390625,202.4453125,139.2421875,98.359375,80.6328125,74.953125
2016-09-01,118.9375,90.65625,69.484375,60.5625,59.765625,66.96875,72.40625,70.125,68.28125,73.2734375,81.40625,100.8515625,131.3359375,156.1796875,151.3203125,120.9453125,109.2734375,145.5,160.984375,179.90625,249.984375,315.2109375,273.28125,243.390625,202.4453125,139.2421875,98.359375,80.6328125,74.953125,68.6015625
2016-09-02,110.171875,104.4375,96.234375,92.703125,90.21875,86.03125,94.296875,97.078125,87.421875,83.9921875,105.1875,117.78125,120.8671875,110.125,88.15625,77.3828125,76.0859375,72.6328125,69.953125,71.625,68.3359375,62.1640625,65.390625,81.6328125,84.5859375,73.484375,62.25,66.0546875,71.7578125,58.21875
2016-09-03,104.4375,96.234375,92.703125,90.21875,86.03125,94.296875,97.078125,87.421875,83.9921875,105.1875,117.78125,120.8671875,110.125,88.15625,77.3828125,76.0859375,72.6328125,69.953125,71.625,68.3359375,62.1640625,65.390625,81.6328125,84.5859375,73.484375,62.25,66.0546875,71.7578125,58.21875,49.453125
2016-09-04,96.234375,92.703125,90.21875,86.03125,94.296875,97.078125,87.421875,83.9921875,105.1875,117.78125,120.8671875,110.125,88.15625,77.3828125,76.0859375,72.6328125,69.953125,71.625,68.3359375,62.1640625,65.390625,81.6328125,84.5859375,73.484375,62.25,66.0546875,71.7578125,58.21875,49.453125,51.171875
2016-09-05,81.3125,97.25,151.359375,150.546875,124.3359375,111.125,90.0,76.1875,74.234375,77.1171875,100.5546875,103.0078125,90.015625,102.2109375,156.8984375,179.609375,173.4140625,202.7421875,194.609375,140.6328125,95.6953125,69.8125,57.46875,47.75,40.40625,35.1484375,31.2734375,30.71875,29.6328125,28.859375
2016-09-06,97.25,151.359375,150.546875,124.3359375,111.125,90.0,76.1875,74.234375,77.1171875,100.5546875,103.0078125,90.015625,102.2109375,156.8984375,179.609375,173.4140625,202.7421875,194.609375,140.6328125,95.6953125,69.8125,57.46875,47.75,40.40625,35.1484375,31.2734375,30.71875,29.6328125,28.859375,29.453125
2016-09-07,151.359375,150.546875,124.3359375,111.125,90.0,76.1875,74.234375,77.1171875,100.5546875,103.0078125,90.015625,102.2109375,156.8984375,179.609375,173.4140625,202.7421875,194.609375,140.6328125,95.6953125,69.8125,57.46875,47.75,40.40625,35.1484375,31.2734375,30.71875,29.6328125,28.859375,29.453125,29.375
2016-09-08,150.546875,124.3359375,111.125,90.0,76.1875,74.234375,77.1171875,100.5546875,103.0078125,90.015625,102.2109375,156.8984375,179.609375,173.4140625,202.7421875,194.609375,140.6328125,95.6953125,69.8125,57.46875,47.75,40.40625,35.1484375,31.2734375,30.71875,29.6328125,28.859375,29.453125,29.375,31.0234375
2016-09-09,114.4140625,109.328125,104.765625,99.71875,116.7578125,111.4609375,92.6953125,79.9765625,79.0546875,90.6328125,99.8671875,99.8671875,97.5078125,192.5703125,215.6328125,175.6796875,139.9140625,156.9453125,162.09375,158.0625,158.1328125,145.9609375,135.0859375,109.6171875,103.9609375,118.53125,124.8203125,161.4765625,189.0390625,176.765625
2016-09-10,109.328125,104.765625,99.71875,116.7578125,111.4609375,92.6953125,79.9765625,79.0546875,90.6328125,99.8671875,99.8671875,97.5078125,192.5703125,215.6328125,175.6796875,139.9140625,156.9453125,162.09375,158.0625,158.1328125,145.9609375,135.0859375,109.6171875,103.9609375,118.53125,124.8203125,161.4765625,189.0390625,176.765625,155.390625
2016-09-11,104.765625,99.71875,116.7578125,111.4609375,92.6953125,79.9765625,79.0546875,90.6328125,99.8671875,99.8671875,97.5078125,192.5703125,215.6328125,175.6796875,139.9140625,156.9453125,162.09375,158.0625,158.1328125,145.9609375,135.0859375,109.6171875,103.9609375,118.53125,124.8203125,161.4765625,189.0390625,176.765625,155.390625,136.9765625
2016-09-12,142.0625,150.5859375,147.3828125,130.578125,125.4296875,109.65625,89.8828125,101.46875,109.0234375,96.140625,82.671875,74.828125,98.6171875,152.8671875,165.0703125,136.078125,127.65625,128.8671875,120.2421875,118.3671875,115.265625,117.3125,117.9921875,117.5625,110.3203125,109.6875,113.2265625,117.75,177.0546875,317.8984375
2016-09-13,150.5859375,147.3828125,130.578125,125.4296875,109.65625,89.8828125,101.46875,109.0234375,96.140625,82.671875,74.828125,98.6171875,152.8671875,165.0703125,136.078125,127.65625,128.8671875,120.2421875,118.3671875,115.265625,117.3125,117.9921875,117.5625,110.3203125,109.6875,113.2265625,117.75,177.0546875,317.8984375,312.03125
2016-09-14,147.3828125,130.578125,125.4296875,109.65625,89.8828125,101.46875,109.0234375,96.140625,82.671875,74.828125,98.6171875,152.8671875,165.0703125,136.078125,127.65625,128.8671875,120.2421875,118.3671875,115.265625,117.3125,117.9921875,117.5625,110.3203125,109.6875,113.2265625,117.75,177.0546875,317.8984375,312.03125,240.9609375
2016-09-15,130.578125,125.4296875,109.65625,89.8828125,101.46875,109.0234375,96.140625,82.671875,74.828125,98.6171875,152.8671875,165.0703125,136.078125,127.65625,128.8671875,120.2421875,118.3671875,115.265625,117.3125,117.9921875,117.5625,110.3203125,109.6875,113.2265625,117.75,177.0546875,317.8984375,312.03125,240.9609375,169.109375
2016-09-16,140.15625,156.15625,163.8515625,151.8671875,146.1328125,158.1640625,159.4140625,242.59375,244.8671875,175.140625,186.6015625,182.953125,151.8515625,158.0390625,179.7578125,169.3046875,138.9296875,110.875,96.703125,95.15625,110.96875,120.453125,135.75,172.2265625,191.4453125,177.9609375,165.0,154.8125,183.703125,212.8125
2016-09-17,156.15625,163.8515625,151.8671875,146.1328125,158.1640625,159.4140625,242.59375,244.8671875,175.140625,186.6015625,182.953125,151.8515625,158.0390625,179.7578125,169.3046875,138.9296875,110.875,96.703125,95.15625,110.96875,120.453125,135.75,172.2265625,191.4453125,177.9609375,165.0,154.8125,183.703125,212.8125,209.421875
2016-09-18,163.8515625,151.8671875,146.1328125,158.1640625,159.4140625,242.59375,244.8671875,175.140625,186.6015625,182.953125,151.8515625,158.0390625,179.7578125,169.3046875,138.9296875,110.875,96.703125,95.15625,110.96875,120.453125,135.75,172.2265625,191.4453125,177.9609375,165.0,154.8125,183.703125,212.8125,209.421875,160.5703125
2016-09-19,167.875,143.4140625,212.921875,244.421875,194.5,171.625,149.9375,115.9375,102.75,117.1015625,148.5625,159.453125,147.796875,133.59375,108.1640625,93.9296875,102.1328125,119.6640625,135.375,134.9609375,110.6875,89.5,90.8984375,121.9375,141.875,134.4375,112.0,87.296875,74.34375,134.875
2016-09-20,143.4140625,212.921875,244.421875,194.5,171.625,149.9375,115.9375,102.75,117.1015625,148.5625,159.453125,147.796875,133.59375,108.1640625,93.9296875,102.1328125,119.6640625,135.375,134.9609375,110.6875,89.5,90.8984375,121.9375,141.875,134.4375,112.0,87.296875,74.34375,134.875,173.0625
2016-09-21,212.921875,244.421875,194.5,171.625,149.9375,115.9375,102.75,117.1015625,148.5625,159.453125,147.796875,133.59375,108.1640625,93.9296875,102.1328125,119.6640625,135.375,134.9609375,110.6875,89.5,90.8984375,121.9375,141.875,134.4375,112.0,87.296875,74.34375,134.875,173.0625,192.6953125
2016-09-22,244.421875,194.5,171.625,149.9375,115.9375,102.75,117.1015625,148.5625,159.453125,147.796875,133.59375,108.1640625,93.9296875,102.1328125,119.6640625,135.375,134.9609375,110.6875,89.5,90.8984375,121.9375,141.875,134.4375,112.0,87.296875,74.34375,134.875,173.0625,192.6953125,263.3828125
2016-09-23,240.96875,169.2109375,129.078125,102.9609375,83.359375,88.8671875,97.0703125,107.1015625,109.2578125,105.7109375,101.421875,103.625,111.546875,115.7421875,107.1171875,85.3359375,64.7578125,58.8125,60.9765625,58.984375,63.7890625,76.421875,78.0078125,68.171875,68.5625,70.484375,57.9609375,47.375,41.6953125,33.7265625
2016-09-24,169.2109375,129.078125,102.9609375,83.359375,88.8671875,97.0703125,107.1015625,109.2578125,105.7109375,101.421875,103.625,111.546875,115.7421875,107.1171875,85.3359375,64.7578125,58.8125,60.9765625,58.984375,63.7890625,76.421875,78.0078125,68.171875,68.5625,70.484375,57.9609375,47.375,41.6953125,33.7265625,27.7109375
2016-09-25,129.078125,102.9609375,83.359375,88.8671875,97.0703125,107.1015625,109.2578125,105.7109375,101.421875,103.625,111.546875,115.7421875,107.1171875,85.3359375,64.7578125,58.8125,60.9765625,58.984375,63.7890625,76.421875,78.0078125,68.171875,68.5625,70.484375,57.9609375,47.375,41.6953125,33.7265625,27.7109375,26.6875
2016-09-26,146.765625,133.2578125,131.2890625,117.65625,118.1953125,132.6796875,164.546875,177.921875,155.6640625,129.7578125,126.1640625,117.4453125,108.7578125,115.3203125,120.59375,114.109375,122.953125,150.3828125,156.4453125,145.640625,143.5859375,143.1328125,141.3125,159.7421875,145.296875,104.6015625,86.828125,79.4375,73.609375,128.4609375
2016-09-27,133.2578125,131.2890625,117.65625,118.1953125,132.6796875,164.546875,177.921875,155.6640625,129.7578125,126.1640625,117.4453125,108.7578125,115.3203125,120.59375,114.109375,122.953125,150.3828125,156.4453125,145.640625,143.5859375,143.1328125,141.3125,159.7421875,145.296875,104.6015625,86.828125,79.4375,73.609375,128.4609375,197.3359375
2016-09-28,131.2890625,117.65625,118.1953125,132.6796875,164.546875,177.921875,155.6640625,129.7578125,126.1640625,117.4453125,108.7578125,115.3203125,120.59375,114.109375,122.953125,150.3828125,156.4453125,145.640625,143.5859375,143.1328125,141.3125,159.7421875,145.296875,104.6015625,86.828125,79.4375,73.609375,128.4609375,197.3359375,286.6171875
2016-09-29,117.65625,118.1953125,132.6796875,164.546875,177.921875,155.6640625,129.7578125,126.1640625,117.4453125,108.7578125,115.3203125,120.59375,114.109375,122.953125,150.3828125,156.4453125,145.640625,143.5859375,143.1328125,141.3125,159.7421875,145.296875,104.6015625,86.828125,79.4375,73.609375,128.4609375,197.3359375,286.6171875,275.953125
2016-09-30,214.9921875,158.9140625,148.6171875,153.96875,140.625,127.8515625,129.0,129.5625,128.9765625,124.90625,121.4375,133.703125,169.53125,214.8828125,215.5625,176.5703125,141.890625,116.6796875,155.1171875,221.9453125,189.4375,127.109375,96.953125,97.09375,109.3359375,129.796875,161.953125,163.2578125,181.0703125,178.953125
2016-10-01,158.9140625,148.6171875,153.96875,140.625,127.8515625,129.0,129.5625,128.9765625,124.90625,121.4375,133.703125,169.53125,214.8828125,215.5625,176.5703125,141.890625,116.6796875,155.1171875,221.9453125,189.4375,127.109375,96.953125,97.09375,109.3359375,129.796875,161.953125,163.2578125,181.0703125,178.953125,212.140625
2016-10-02,148.6171875,153.96875,140.625,127.8515625,129.0,129.5625,128.9765625,124.90625,121.4375,133.703125,169.53125,214.8828125,215.5625,176.5703125,141.890625,116.6796875,155.1171875,221.9453125,189.4375,127.109375,96.953125,97.09375,109.3359375,129.796875,161.953125,163.2578125,181.0703125,178.953125,212.140625,254.375
2016-10-03,174.46875,178.703125,194.4609375,193.4296875,163.4296875,145.984375,139.859375,183.5234375,240.859375,229.375,173.6484375,150.8046875,223.671875,257.7578125,234.5,215.6953125,194.9375,209.609375,251.6640625,238.6953125,219.5625,211.046875,171.5546875,131.0078125,111.4140625,108.203125,118.65625,126.6875,128.359375,198.0703125
2016-10-04,178.703125,194.4609375,193.4296875,163.4296875,145.984375,139.859375,183.5234375,240.859375,229.375,173.6484375,150.8046875,223.671875,257.7578125,234.5,215.6953125,194.9375,209.609375,251.6640625,238.6953125,219.5625,211.046875,171.5546875,131.0078125,111.4140625,108.203125,118.65625,126.6875,128.359375,198.0703125,220.3984375
2016-10-05,194.4609375,193.4296875,163.4296875,145.984375,139.859375,183.5234375,240.859375,229.375,173.6484375,150.8046875,223.671875,257.7578125,234.5,215.6953125,194.9375,209.609375,251.6640625,238.6953125,219.5625,211.046875,171.5546875,131.0078125,111.4140625,108.203125,118.65625,126.6875,128.359375,198.0703125,220.3984375,183.4765625
2016-10-06,193.4296875,163.4296875,145.984375,139.859375,183.5234375,240.859375,229.375,173.6484375,150.8046875,223.671875,257.7578125,234.5,215.6953125,194.9375,209.609375,251.6640625,238.6953125,219.5625,211.046875,171.5546875,131.0078125,111.4140625,108.203125,118.65625,126.6875,128.359375,198.0703125,220.3984375,183.4765625,146.6484375
2016-10-07,225.6875,194.96875,159.3671875,175.7421875,206.828125,264.03125,254.8125,229.5390625,195.4765625,169.3125,175.7734375,199.2734375,182.859375,148.203125,129.5625,118.421875,105.0625,109.5234375,108.9296875,89.953125,108.0703125,121.8828125,99.3046875,97.6015625,104.8125,101.6875,100.640625,107.53125,131.6796875,147.359375
2016-10-08,194.96875,159.3671875,175.7421875,206.828125,264.03125,254.8125,229.5390625,195.4765625,169.3125,175.7734375,199.2734375,182.859375,148.203125,129.5625,118.421875,105.0625,109.5234375,108.9296875,89.953125,108.0703125,121.8828125,99.3046875,97.6015625,104.8125,101.6875,100.640625,107.53125,131.6796875,147.359375,212.2265625
2016-10-09,159.3671875,175.7421875,206.828125,264.03125,254.8125,229.5390625,195.4765625,169.3125,175.7734375,199.2734375,182.859375,148.203125,129.5625,118.421875,105.0625,109.5234375,108.9296875,89.953125,108.0703125,121.8828125,99.3046875,97.6015625,104.8125,101.6875,100.640625,107.53125,131.6796875,147.359375,212.2265625,210.359375
2016-10-10,234.5234375,262.8359375,311.9375,328.5546875,290.703125,239.8125,225.5625,233.28125,237.7421875,239.9296875,231.4921875,234.09375,238.734375,234.390625,252.328125,307.515625,304.4140625,269.9453125,264.59375,315.78125,272.0234375,203.5625,168.8125,154.59375,183.0234375,183.4296875,154.171875,134.328125,120.984375,111.5234375
2016-10-11,262.8359375,311.9375,328.5546875,290.703125,239.8125,225.5625,233.28125,237.7421875,239.9296875,231.4921875,234.09375,238.734375,234.390625,252.328125,307.515625,304.4140625,269.9453125,264.59375,315.78125,272.0234375,203.5625,168.8125,154.59375,183.0234375,183.4296875,154.171875,134.328125,120.984375,111.5234375,103.5
2016-10-12,311.9375,328.5546875,290.703125,239.8125,225.5625,233.28125,237.7421875,239.9296875,231.4921875,234.09375,238.734375,234.390625,252.328125,307.515625,304.4140625,269.9453125,264.59375,315.78125,272.0234375,203.5625,168.8125,154.59375,183.0234375,183.4296875,154.171875,134.328125,120.984375,111.5234375,103.5,98.5859375
2016-10-13,328.5546875,290.703125,239.8125,225.5625,233.28125,237.7421875,239.9296875,231.4921875,234.09375,238.734375,234.390625,252.328125,307.515625,304.4140625,269.9453125,264.59375,315.78125,272.0234375,203.5625,168.8125,154.59375,183.0234375,183.4296875,154.171875,134.328125,120.984375,111.5234375,103.5,98.5859375,94.53125
2016-10-14,273.6796875,226.390625,254.4140625,379.671875,344.6015625,317.671875,377.8984375,354.46875,277.3515625,242.0546875,214.3515625,248.859375,279.546875,284.2734375,252.296875,231.2109375,220.9453125,216.890625,192.09375,159.9921875,160.078125,160.3046875,156.1953125,145.6015625,126.0,110.984375,99.5703125,142.5390625,160.828125,126.1640625
2016-10-15,226.390625,254.4140625,379.671875,344.6015625,317.671875,377.8984375,354.46875,277.3515625,242.0546875,214.3515625,248.859375,279.546875,284.2734375,252.296875,231.2109375,220.9453125,216.890625,192.09375,159.9921875,160.078125,160.3046875,156.1953125,145.6015625,126.0,110.984375,99.5703125,142.5390625,160.828125,126.1640625,101.8359375
2016-10-16,254.4140625,379.671875,344.6015625,317.671875,377.8984375,354.46875,277.3515625,242.0546875,214.3515625,248.859375,279.546875,284.2734375,252.296875,231.2109375,220.9453125,216.890625,192.09375,159.9921875,160.078125,160.3046875,156.1953125,145.6015625,126.0,110.984375,99.5703125,142.5390625,160.828125,126.1640625,101.8359375,89.390625
2016-10-17,319.75,251.375,227.9140625,195.1484375,161.171875,142.390625,142.7265625,144.765625,209.015625,219.2265625,176.328125,157.859375,144.78125,127.9140625,110.46875,91.9609375,77.296875,66.90625,71.03125,75.015625,65.1328125,56.515625,50.171875,45.25,41.109375,37.7578125,34.7890625,31.84375,30.09375,29.2578125
2016-10-18,251.375,227.9140625,195.1484375,161.171875,142.390625,142.7265625,144.765625,209.015625,219.2265625,176.328125,157.859375,144.78125,127.9140625,110.46875,91.9609375,77.296875,66.90625,71.03125,75.015625,65.1328125,56.515625,50.171875,45.25,41.109375,37.7578125,34.7890625,31.84375,30.09375,29.2578125,29.1484375
2016-10-19,227.9140625,195.1484375,161.171875,142.390625,142.7265625,144.765625,209.015625,219.2265625,176.328125,157.859375,144.78125,127.9140625,110.46875,91.9609375,77.296875,66.90625,71.03125,75.015625,65.1328125,56.515625,50.171875,45.25,41.109375,37.7578125,34.7890625,31.84375,30.09375,29.2578125,29.1484375,28.40625
2016-10-20,195.1484375,161.171875,142.390625,142.7265625,144.765625,209.015625,219.2265625,176.328125,157.859375,144.78125,127.9140625,110.46875,91.9609375,77.296875,66.90625,71.03125,75.015625,65.1328125,56.515625,50.171875,45.25,41.109375,37.7578125,34.7890625,31.84375,30.09375,29.2578125,29.1484375,28.40625,27.90625
2016-10-21,280.359375,253.96875,294.5859375,333.9609375,308.0625,252.4140625,222.4140625,193.71875,162.5546875,154.40625,382.84375,373.0625,287.296875,234.9375,210.53125,229.328125,217.0078125,179.1796875,154.96875,147.5,140.59375,127.6171875,111.8984375,99.0625,94.5625,91.96875,94.1640625,92.796875,82.359375,73.1328125
2016-10-22,253.96875,294.5859375,333.9609375,308.0625,252.4140625,222.4140625,193.71875,162.5546875,154.40625,382.84375,373.0625,287.296875,234.9375,210.53125,229.328125,217.0078125,179.1796875,154.96875,147.5,140.59375,127.6171875,111.8984375,99.0625,94.5625,91.96875,94.1640625,92.796875,82.359375,73.1328125,66.0546875
2016-10-23,294.5859375,333.9609375,308.0625,252.4140625,222.4140625,193.71875,162.5546875,154.40625,382.84375,373.0625,287.296875,234.9375,210.53125,229.328125,217.0078125,179.1796875,154.96875,147.5,140.59375,127.6171875,111.8984375,99.0625,94.5625,91.96875,94.1640625,92.796875,82.359375,73.1328125,66.0546875,60.8359375
2016-10-24,188.9140625,211.6640625,247.3046875,223.7890625,184.59375,169.234375,152.2578125,177.78125,181.09375,175.796875,209.2890625,203.8828125,177.8125,173.234375,161.2890625,140.0234375,123.796875,120.90625,126.875,146.5390625,138.21875,117.9140625,174.46875,221.9765625,176.6640625,124.703125,95.8125,79.2578125,68.390625,60.8203125
2016-10-25,211.6640625,247.3046875,223.7890625,184.59375,169.234375,152.2578125,177.78125,181.09375,175.796875,209.2890625,203.8828125,177.8125,173.234375,161.2890625,140.0234375,123.796875,120.90625,126.875,146.5390625,138.21875,117.9140625,174.46875,221.9765625,176.6640625,124.703125,95.8125,79.2578125,68.390625,60.8203125,55.9453125
2016-10-26,247.3046875,223.7890625,184.59375,169.234375,152.2578125,177.78125,181.09375,175.796875,209.2890625,203.8828125,177.8125,173.234375,161.2890625,140.0234375,123.796875,120.90625,126.875,146.5390625,138.21875,117.9140625,174.46875,221.9765625,176.6640625,124.703125,95.8125,79.2578125,68.390625,60.8203125,55.9453125,54.734375
2016-10-27,223.7890625,184.59375,169.234375,152.2578125,177.78125,181.09375,175.796875,209.2890625,203.8828125,177.8125,173.234375,161.2890625,140.0234375,123.796875,120.90625,126.875,146.5390625,138.21875,117.9140625,174.46875,221.9765625,176.6640625,124.703125,95.8125,79.2578125,68.390625,60.8203125,55.9453125,54.734375,57.5703125
2016-10-28,287.8828125,272.703125,258.390625,225.65625,188.2578125,212.796875,235.6796875,193.9296875,150.6484375,137.0546875,130.5546875,116.6875,103.3046875,94.390625,87.96875,82.9375,78.515625,74.046875,69.953125,66.078125,62.3203125,58.546875,55.21875,52.0234375,49.390625,46.703125,44.7109375,42.84375,39.8203125,39.21875
2016-10-29,272.703125,258.390625,225.65625,188.2578125,212.796875,235.6796875,193.9296875,150.6484375,137.0546875,130.5546875,116.6875,103.3046875,94.390625,87.96875,82.9375,78.515625,74.046875,69.953125,66.078125,62.3203125,58.546875,55.21875,52.0234375,49.390625,46.703125,44.7109375,42.84375,39.8203125,39.21875,39.0234375
2016-10-30,258.390625,225.65625,188.2578125,212.796875,235.6796875,193.9296875,150.6484375,137.0546875,130.5546875,116.6875,103.3046875,94.390625,87.96875,82.9375,78.515625,74.046875,69.953125,66.078125,62.3203125,58.546875,55.21875,52.0234375,49.390625,46.703125,44.7109375,42.84375,39.8203125,39.21875,39.0234375,36.921875
2016-10-31,381.0703125,320.765625,228.6640625,189.0234375,167.6640625,303.734375,449.6640625,388.84375,301.546875,241.15625,208.359375,189.25,174.28125,163.625,154.2109375,145.59375,136.65625,127.015625,117.9765625,109.4296875,101.828125,94.6640625,88.4765625,83.8125,79.7578125,74.5078125,69.265625,68.7734375,69.2734375,65.71875
2016-11-01,320.765625,228.6640625,189.0234375,167.6640625,303.734375,449.6640625,388.84375,301.546875,241.15625,208.359375,189.25,174.28125,163.625,154.2109375,145.59375,136.65625,127.015625,117.9765625,109.4296875,101.828125,94.6640625,88.4765625,83.8125,79.7578125,74.5078125,69.265625,68.7734375,69.2734375,65.71875,59.7578125
2016-11-02,228.6640625,189.0234375,167.6640625,303.734375,449.6640625,388.84375,301.546875,241.15625,208.359375,189.25,174.28125,163.625,154.2109375,145.59375,136.65625,127.015625,117.9765625,109.4296875,101.828125,94.6640625,88.4765625,83.8125,79.7578125,74.5078125,69.265625,68.7734375,69.2734375,65.71875,59.7578125,53.9765625
2016-11-03,189.0234375,167.6640625,303.734375,449.6640625,388.84375,301.546875,241.15625,208.359375,189.25,174.28125,163.625,154.2109375,145.59375,136.65625,127.015625,117.9765625,109.4296875,101.828125,94.6640625,88.4765625,83.8125,79.7578125,74.5078125,69.265625,68.7734375,69.2734375,65.71875,59.7578125,53.9765625,52.7890625
2016-11-04,227.234375,193.28125,208.9296875,215.0546875,216.328125,209.3359375,176.6328125,150.6015625,134.3203125,125.25,121.8671875,116.328125,107.59375,100.0078125,93.9453125,88.5234375,85.7109375,87.171875,90.7421875,87.4140625,79.140625,70.9921875,64.09375,58.984375,54.421875,50.7109375,47.046875,45.0625,41.65625,39.96875
2016-11-05,193.28125,208.9296875,215.0546875,216.328125,209.3359375,176.6328125,150.6015625,134.3203125,125.25,121.8671875,116.328125,107.59375,100.0078125,93.9453125,88.5234375,85.7109375,87.171875,90.7421875,87.4140625,79.140625,70.9921875,64.09375,58.984375,54.421875,50.7109375,47.046875,45.0625,41.65625,39.96875,43.0703125
2016-11-06,208.9296875,215.0546875,216.328125,209.3359375,176.6328125,150.6015625,134.3203125,125.25,121.8671875,116.328125,107.59375,100.0078125,93.9453125,88.5234375,85.7109375,87.171875,90.7421875,87.4140625,79.140625,70.9921875,64.09375,58.984375,54.421875,50.7109375,47.046875,45.0625,41.65625,39.96875,43.0703125,57.359375
2016-11-07,234.015625,188.203125,188.7421875,173.25,145.0546875,130.1328125,125.5859375,118.484375,108.0546875,99.8203125,97.4921875,94.5625,88.3671875,82.890625,77.8671875,73.4140625,68.8359375,64.34375,60.265625,56.484375,59.0703125,62.3828125,57.03125,51.2265625,47.7734375,45.890625,42.9453125,39.5859375,36.390625,33.4375
2016-11-08,188.203125,188.7421875,173.25,145.0546875,130.1328125,125.5859375,118.484375,108.0546875,99.8203125,97.4921875,94.5625,88.3671875,82.890625,77.8671875,73.4140625,68.8359375,64.34375,60.265625,56.484375,59.0703125,62.3828125,57.03125,51.2265625,47.7734375,45.890625,42.9453125,39.5859375,36.390625,33.4375,30.84375
2016-11-09,188.7421875,173.25,145.0546875,130.1328125,125.5859375,118.484375,108.0546875,99.8203125,97.4921875,94.5625,88.3671875,82.890625,77.8671875,73.4140625,68.8359375,64.34375,60.265625,56.484375,59.0703125,62.3828125,57.03125,51.2265625,47.7734375,45.890625,42.9453125,39.5859375,36.390625,33.4375,30.84375,31.75
2016-11-10,173.25,145.0546875,130.1328125,125.5859375,118.484375,108.0546875,99.8203125,97.4921875,94.5625,88.3671875,82.890625,77.8671875,73.4140625,68.8359375,64.34375,60.265625,56.484375,59.0703125,62.3828125,57.03125,51.2265625,47.7734375,45.890625,42.9453125,39.5859375,36.390625,33.4375,30.84375,31.75,35.1953125
2016-11-11,170.703125,149.1796875,139.6640625,137.7890625,136.234375,150.90625,145.90625,123.265625,111.140625,114.7890625,126.2578125,143.7421875,156.546875,160.671875,165.1875,180.1875,156.7265625,115.0234375,90.34375,94.3359375,109.6328125,103.1796875,94.671875,89.09375,86.6640625,127.8046875,138.3828125,102.78125,77.953125,62.2578125
2016-11-12,149.1796875,139.6640625,137.7890625,136.234375,150.90625,145.90625,123.265625,111.140625,114.7890625,126.2578125,143.7421875,156.546875,160.671875,165.1875,180.1875,156.7265625,115.0234375,90.34375,94.3359375,109.6328125,103.1796875,94.671875,89.09375,86.6640625,127.8046875,138.3828125,102.78125,77.953125,62.2578125,51.21875
2016-11-13,139.6640625,137.7890625,136.234375,150.90625,145.90625,123.265625,111.140625,114.7890625,126.2578125,143.7421875,156.546875,160.671875,165.1875,180.1875,156.7265625,115.0234375,90.34375,94.3359375,109.6328125,103.1796875,94.671875,89.09375,86.6640625,127.8046875,138.3828125,102.78125,77.953125,62.2578125,51.21875,44.3984375
2016-11-14,126.234375,119.2734375,112.765625,107.84375,146.4609375,171.84375,165.4296875,160.3984375,141.71875,119.203125,103.6015625,92.546875,83.4140625,75.6875,70.96875,66.25,60.671875,55.9609375,55.53125,55.0625,50.453125,46.453125,48.34375,62.1328125,68.4375,58.453125,47.7890625,40.3125,35.0625,31.7265625
2016-11-15,119.2734375,112.765625,107.84375,146.4609375,171.84375,165.4296875,160.3984375,141.71875,119.203125,103.6015625,92.546875,83.4140625,75.6875,70.96875,66.25,60.671875,55.9609375,55.53125,55.0625,50.453125,46.453125,48.34375,62.1328125,68.4375,58.453125,47.7890625,40.3125,35.0625,31.7265625,29.140625
2016-11-16,112.765625,107.84375,146.4609375,171.84375,165.4296875,160.3984375,141.71875,119.203125,103.6015625,92.546875,83.4140625,75.6875,70.96875,66.25,60.671875,55.9609375,55.53125,55.0625,50.453125,46.453125,48.34375,62.1328125,68.4375,58.453125,47.7890625,40.3125,35.0625,31.7265625,29.140625,27.1484375
2016-11-17,107.84375,146.4609375,171.84375,165.4296875,160.3984375,141.71875,119.203125,103.6015625,92.546875,83.4140625,75.6875,70.96875,66.25,60.671875,55.9609375,55.53125,55.0625,50.453125,46.453125,48.34375,62.1328125,68.4375,58.453125,47.7890625,40.3125,35.0625,31.7265625,29.140625,27.1484375,24.7734375
2016-11-18,125.671875,152.34375,157.4140625,167.0859375,179.75,164.0,135.984375,110.421875,91.7890625,79.3046875,70.6015625,66.3984375,60.96875,56.8359375,55.8359375,55.7578125,54.2265625,50.453125,46.7578125,43.859375,40.3359375,37.390625,35.046875,32.8671875,30.515625,28.3515625,26.7421875,25.46875,24.109375,22.6015625
2016-11-19,152.34375,157.4140625,167.0859375,179.75,164.0,135.984375,110.421875,91.7890625,79.3046875,70.6015625,66.3984375,60.96875,56.8359375,55.8359375,55.7578125,54.2265625,50.453125,46.7578125,43.859375,40.3359375,37.390625,35.046875,32.8671875,30.515625,28.3515625,26.7421875,25.46875,24.109375,22.6015625,21.0078125
2016-11-20,157.4140625,167.0859375,179.75,164.0,135.984375,110.421875,91.7890625,79.3046875,70.6015625,66.3984375,60.96875,56.8359375,55.8359375,55.7578125,54.2265625,50.453125,46.7578125,43.859375,40.3359375,37.390625,35.046875,32.8671875,30.515625,28.3515625,26.7421875,25.46875,24.109375,22.6015625,21.0078125,19.8828125
2016-11-21,193.90625,262.0546875,241.46875,189.2265625,146.8125,118.640625,100.65625,85.46875,75.09375,68.0234375,62.5234375,58.2109375,54.6015625,51.234375,48.578125,45.84375,43.390625,40.6328125,38.2265625,36.0078125,33.9140625,31.9453125,30.21875,28.4140625,26.75,25.7109375,24.34375,23.40625,22.2890625,20.75
2016-11-22,262.0546875,241.46875,189.2265625,146.8125,118.640625,100.65625,85.46875,75.09375,68.0234375,62.5234375,58.2109375,54.6015625,51.234375,48.578125,45.84375,43.390625,40.6328125,38.2265625,36.0078125,33.9140625,31.9453125,30.21875,28.4140625,26.75,25.7109375,24.34375,23.40625,22.2890625,20.75,19.96875
2016-11-23,241.46875,189.2265625,146.8125,118.640625,100.65625,85.46875,75.09375,68.0234375,62.5234375,58.2109375,54.6015625,51.234375,48.578125,45.84375,43.390625,40.6328125,38.2265625,36.0078125,33.9140625,31.9453125,30.21875,28.4140625,26.75,25.7109375,24.34375,23.40625,22.2890625,20.75,19.96875,19.359375
2016-11-24,189.2265625,146.8125,118.640625,100.65625,85.46875,75.09375,68.0234375,62.5234375,58.2109375,54.6015625,51.234375,48.578125,45.84375,43.390625,40.6328125,38.2265625,36.0078125,33.9140625,31.9453125,30.21875,28.4140625,26.75,25.7109375,24.34375,23.40625,22.2890625,20.75,19.96875,19.359375,22.1015625
2016-11-25,160.984375,127.421875,101.7265625,84.8828125,73.984375,66.5390625,61.0546875,56.8203125,52.8671875,50.4453125,49.546875,47.5390625,44.9296875,42.2890625,40.546875,38.0,35.546875,33.015625,31.015625,29.2421875,27.34375,25.53125,24.7578125,26.34375,33.65625,38.6171875,33.828125,28.65625,24.3984375,22.7421875
2016-11-26,127.421875,101.7265625,84.8828125,73.984375,66.5390625,61.0546875,56.8203125,52.8671875,50.4453125,49.546875,47.5390625,44.9296875,42.2890625,40.546875,38.0,35.546875,33.015625,31.015625,29.2421875,27.34375,25.53125,24.7578125,26.34375,33.65625,38.6171875,33.828125,28.65625,24.3984375,22.7421875,21.34375
2016-11-27,101.7265625,84.8828125,73.984375,66.5390625,61.0546875,56.8203125,52.8671875,50.4453125,49.546875,47.5390625,44.9296875,42.2890625,40.546875,38.0,35.546875,33.015625,31.015625,29.2421875,27.34375,25.53125,24.7578125,26.34375,33.65625,38.6171875,33.828125,28.65625,24.3984375,22.7421875,21.34375,29.359375
2016-11-28,89.65625,77.5859375,68.9375,62.1953125,57.5546875,53.6796875,50.9765625,48.1171875,45.28125,42.875,40.359375,40.34375,64.9453125,142.9140625,141.8515625,93.578125,65.890625,50.8671875,41.4375,36.6640625,33.453125,37.640625,46.1953125,45.6875,38.8828125,32.421875,28.6796875,24.9609375,23.875,25.75
2016-11-29,77.5859375,68.9375,62.1953125,57.5546875,53.6796875,50.9765625,48.1171875,45.28125,42.875,40.359375,40.34375,64.9453125,142.9140625,141.8515625,93.578125,65.890625,50.8671875,41.4375,36.6640625,33.453125,37.640625,46.1953125,45.6875,38.8828125,32.421875,28.6796875,24.9609375,23.875,25.75,25.0234375
2016-11-30,68.9375,62.1953125,57.5546875,53.6796875,50.9765625,48.1171875,45.28125,42.875,40.359375,40.34375,64.9453125,142.9140625,141.8515625,93.578125,65.890625,50.8671875,41.4375,36.6640625,33.453125,37.640625,46.1953125,45.6875,38.8828125,32.421875,28.6796875,24.9609375,23.875,25.75,25.0234375,22.7890625
2016-12-01,62.1953125,57.5546875,53.6796875,50.9765625,48.1171875,45.28125,42.875,40.359375,40.34375,64.9453125,142.9140625,141.8515625,93.578125,65.890625,50.8671875,41.4375,36.6640625,33.453125,37.640625,46.1953125,45.6875,38.8828125,32.421875,28.6796875,24.9609375,23.875,25.75,25.0234375,22.7890625,20.0390625
2016-12-02,89.3046875,87.2890625,78.984375,74.8671875,74.6875,68.328125,58.5078125,50.7109375,45.1640625,47.09375,49.65625,44.9375,40.3515625,36.28125,33.1015625,34.328125,35.6484375,39.59375,44.578125,39.953125,39.5859375,48.1640625,59.328125,60.3828125,52.6953125,57.3515625,75.203125,130.6328125,138.5,91.46875
2016-12-03,87.2890625,78.984375,74.8671875,74.6875,68.328125,58.5078125,50.7109375,45.1640625,47.09375,49.65625,44.9375,40.3515625,36.28125,33.1015625,34.328125,35.6484375,39.59375,44.578125,39.953125,39.5859375,48.1640625,59.328125,60.3828125,52.6953125,57.3515625,75.203125,130.6328125,138.5,91.46875,60.9609375
2016-12-04,78.984375,74.8671875,74.6875,68.328125,58.5078125,50.7109375,45.1640625,47.09375,49.65625,44.9375,40.3515625,36.28125,33.1015625,34.328125,35.6484375,39.59375,44.578125,39.953125,39.5859375,48.1640625,59.328125,60.3828125,52.6953125,57.3515625,75.203125,130.6328125,138.5,91.46875,60.9609375,43.984375
2016-12-05,87.71875,77.6640625,64.6328125,55.2578125,49.7734375,45.0390625,41.609375,38.3828125,36.8046875,35.5625,34.4296875,32.484375,31.0546875,28.2109375,26.5,24.9921875,23.765625,22.359375,20.671875,19.359375,18.140625,17.265625,16.5703125,16.125,15.5390625,14.3125,12.953125,12.015625,11.890625,12.1484375
2016-12-06,77.6640625,64.6328125,55.2578125,49.7734375,45.0390625,41.609375,38.3828125,36.8046875,35.5625,34.4296875,32.484375,31.0546875,28.2109375,26.5,24.9921875,23.765625,22.359375,20.671875,19.359375,18.140625,17.265625,16.5703125,16.125,15.5390625,14.3125,12.953125,12.015625,11.890625,12.1484375,11.0078125
2016-12-07,64.6328125,55.2578125,49.7734375,45.0390625,41.609375,38.3828125,36.8046875,35.5625,34.4296875,32.484375,31.0546875,28.2109375,26.5,24.9921875,23.765625,22.359375,20.671875,19.359375,18.140625,17.265625,16.5703125,16.125,15.5390625,14.3125,12.953125,12.015625,11.890625,12.1484375,11.0078125,10.21875
2016-12-08,55.2578125,49.7734375,45.0390625,41.609375,38.3828125,36.8046875,35.5625,34.4296875,32.484375,31.0546875,28.2109375,26.5,24.9921875,23.765625,22.359375,20.671875,19.359375,18.140625,17.265625,16.5703125,16.125,15.5390625,14.3125,12.953125,12.015625,11.890625,12.1484375,11.0078125,10.21875,10.1015625
2016-12-09,54.4765625,48.7265625,45.8203125,61.1484375,130.9296875,160.734375,146.546875,112.6640625,78.046875,58.0390625,46.2578125,39.3671875,34.25,30.59375,28.4921875,26.8203125,24.484375,22.4609375,21.015625,19.6875,18.8359375,18.453125,24.5078125,45.0234375,91.75,110.0234375,78.1015625,53.21875,38.6875,29.8515625
2016-12-10,48.7265625,45.8203125,61.1484375,130.9296875,160.734375,146.546875,112.6640625,78.046875,58.0390625,46.2578125,39.3671875,34.25,30.59375,28.4921875,26.8203125,24.484375,22.4609375,21.015625,19.6875,18.8359375,18.453125,24.5078125,45.0234375,91.75,110.0234375,78.1015625,53.21875,38.6875,29.8515625,23.984375
2016-12-11,45.8203125,61.1484375,130.9296875,160.734375,146.546875,112.6640625,78.046875,58.0390625,46.2578125,39.3671875,34.25,30.59375,28.4921875,26.8203125,24.484375,22.4609375,21.015625,19.6875,18.8359375,18.453125,24.5078125,45.0234375,91.75,110.0234375,78.1015625,53.21875,38.6875,29.8515625,23.984375,21.0546875
2016-12-12,133.296875,174.859375,140.7421875,127.7734375,114.3515625,86.6328125,66.234375,53.7578125,44.3046875,37.7109375,33.2109375,29.90625,27.9609375,31.2421875,34.4296875,31.671875,28.390625,27.09375,25.6328125,24.328125,23.2265625,21.265625,19.8125,27.3828125,45.0390625,42.2109375,33.40625,26.7421875,22.046875,18.8671875
2016-12-13,174.859375,140.7421875,127.7734375,114.3515625,86.6328125,66.234375,53.7578125,44.3046875,37.7109375,33.2109375,29.90625,27.9609375,31.2421875,34.4296875,31.671875,28.390625,27.09375,25.6328125,24.328125,23.2265625,21.265625,19.8125,27.3828125,45.0390625,42.2109375,33.40625,26.7421875,22.046875,18.8671875,17.0
2016-12-14,140.7421875,127.7734375,114.3515625,86.6328125,66.234375,53.7578125,44.3046875,37.7109375,33.2109375,29.90625,27.9609375,31.2421875,34.4296875,31.671875,28.390625,27.09375,25.6328125,24.328125,23.2265625,21.265625,19.8125,27.3828125,45.0390625,42.2109375,33.40625,26.7421875,22.046875,18.8671875,17.0,15.359375
2016-12-15,127.7734375,114.3515625,86.6328125,66.234375,53.7578125,44.3046875,37.7109375,33.2109375,29.90625,27.9609375,31.2421875,34.4296875,31.671875,28.390625,27.09375,25.6328125,24.328125,23.2265625,21.265625,19.8125,27.3828125,45.0390625,42.2109375,33.40625,26.7421875,22.046875,18.8671875,17.0,15.359375,13.890625
2016-12-16,126.1953125,99.328125,71.1484375,53.7265625,43.390625,36.53125,31.8671875,28.6875,26.5625,93.453125,160.9375,127.328125,93.4375,71.578125,54.4296875,43.9765625,39.953125,38.0546875,33.8671875,30.140625,30.015625,33.484375,31.7109375,26.4921875,22.015625,18.953125,16.6875,15.109375,13.9296875,13.0859375
2016-12-17,99.328125,71.1484375,53.7265625,43.390625,36.53125,31.8671875,28.6875,26.5625,93.453125,160.9375,127.328125,93.4375,71.578125,54.4296875,43.9765625,39.953125,38.0546875,33.8671875,30.140625,30.015625,33.484375,31.7109375,26.4921875,22.015625,18.953125,16.6875,15.109375,13.9296875,13.0859375,12.390625
2016-12-18,71.1484375,53.7265625,43.390625,36.53125,31.8671875,28.6875,26.5625,93.453125,160.9375,127.328125,93.4375,71.578125,54.4296875,43.9765625,39.953125,38.0546875,33.8671875,30.140625,30.015625,33.484375,31.7109375,26.4921875,22.015625,18.953125,16.6875,15.109375,13.9296875,13.0859375,12.390625,11.3359375
2016-12-19,59.265625,52.625,52.1171875,52.703125,50.2890625,43.703125,36.234375,31.078125,27.1484375,24.03125,21.703125,20.4375,20.3671875,19.421875,18.390625,18.2890625,20.15625,22.6328125,21.2265625,18.59375,16.234375,14.5234375,12.5234375,11.25,11.1328125,10.359375,10.703125,14.2265625,23.171875,35.8515625
2016-12-20,52.625,52.1171875,52.703125,50.2890625,43.703125,36.234375,31.078125,27.1484375,24.03125,21.703125,20.4375,20.3671875,19.421875,18.390625,18.2890625,20.15625,22.6328125,21.2265625,18.59375,16.234375,14.5234375,12.5234375,11.25,11.1328125,10.359375,10.703125,14.2265625,23.171875,35.8515625,40.4140625
2016-12-21,52.1171875,52.703125,50.2890625,43.703125,36.234375,31.078125,27.1484375,24.03125,21.703125,20.4375,20.3671875,19.421875,18.390625,18.2890625,20.15625,22.6328125,21.2265625,18.59375,16.234375,14.5234375,12.5234375,11.25,11.1328125,10.359375,10.703125,14.2265625,23.171875,35.8515625,40.4140625,35.6484375
2016-12-22,52.703125,50.2890625,43.703125,36.234375,31.078125,27.1484375,24.03125,21.703125,20.4375,20.3671875,19.421875,18.390625,18.2890625,20.15625,22.6328125,21.2265625,18.59375,16.234375,14.5234375,12.5234375,11.25,11.1328125,10.359375,10.703125,14.2265625,23.171875,35.8515625,40.4140625,35.6484375,27.40625
2016-12-23,59.8046875,47.6328125,38.34375,32.1171875,27.546875,24.53125,22.1953125,20.0703125,18.90625,17.640625,16.8359375,16.40625,16.0390625,15.421875,14.8125,13.1796875,11.96875,11.09375,10.328125,9.8828125,9.5390625,8.953125,11.1328125,18.0546875,20.703125,18.3125,15.359375,13.1640625,11.0390625,9.84375
2016-12-24,47.6328125,38.34375,32.1171875,27.546875,24.53125,22.1953125,20.0703125,18.90625,17.640625,16.8359375,16.40625,16.0390625,15.421875,14.8125,13.1796875,11.96875,11.09375,10.328125,9.8828125,9.5390625,8.953125,11.1328125,18.0546875,20.703125,18.3125,15.359375,13.1640625,11.0390625,9.84375,10.25
2016-12-25,38.34375,32.1171875,27.546875,24.53125,22.1953125,20.0703125,18.90625,17.640625,16.8359375,16.40625,16.0390625,15.421875,14.8125,13.1796875,11.96875,11.09375,10.328125,9.8828125,9.5390625,8.953125,11.1328125,18.0546875,20.703125,18.3125,15.359375,13.1640625,11.0390625,9.84375,10.25,9.390625
2016-12-26,32.515625,27.7109375,24.78125,22.1484375,20.0859375,18.53125,18.0390625,21.515625,32.796875,44.5546875,52.8515625,54.46875,52.8046875,49.265625,48.515625,57.3984375,54.7421875,40.3046875,29.640625,22.8359375,19.03125,16.796875,14.3671875,14.9921875,19.34375,32.5859375,47.1875,41.921875,32.078125,24.421875
2016-12-27,27.7109375,24.78125,22.1484375,20.0859375,18.53125,18.0390625,21.515625,32.796875,44.5546875,52.8515625,54.46875,52.8046875,49.265625,48.515625,57.3984375,54.7421875,40.3046875,29.640625,22.8359375,19.03125,16.796875,14.3671875,14.9921875,19.34375,32.5859375,47.1875,41.921875,32.078125,24.421875,18.96875
2016-12-28,24.78125,22.1484375,20.0859375,18.53125,18.0390625,21.515625,32.796875,44.5546875,52.8515625,54.46875,52.8046875,49.265625,48.515625,57.3984375,54.7421875,40.3046875,29.640625,22.8359375,19.03125,16.796875,14.3671875,14.9921875,19.34375,32.5859375,47.1875,41.921875,32.078125,24.421875,18.96875,14.84375
2016-12-29,22.1484375,20.0859375,18.53125,18.0390625,21.515625,32.796875,44.5546875,52.8515625,54.46875,52.8046875,49.265625,48.515625,57.3984375,54.7421875,40.3046875,29.640625,22.8359375,19.03125,16.796875,14.3671875,14.9921875,19.34375,32.5859375,47.1875,41.921875,32.078125,24.421875,18.96875,14.84375,12.453125
2016-12-30,20.703125,19.40625,17.5625,21.03125,27.8671875,29.8984375,32.1484375,48.90625,79.3515625,95.1796875,83.65625,61.671875,48.1484375,34.9765625,26.1328125,20.390625,16.359375,13.9609375,12.265625,10.9765625,9.7890625,8.8828125,8.140625,7.234375,6.453125,5.6875,5.390625,5.171875,7.515625,13.0625
2016-12-31,19.40625,17.5625,21.03125,27.8671875,29.8984375,32.1484375,48.90625,79.3515625,95.1796875,83.65625,61.671875,48.1484375,34.9765625,26.1328125,20.390625,16.359375,13.9609375,12.265625,10.9765625,9.7890625,8.8828125,8.140625,7.234375,6.453125,5.6875,5.390625,5.171875,7.515625,13.0625,19.421875
2017-01-01,17.5625,21.03125,27.8671875,29.8984375,32.1484375,48.90625,79.3515625,95.1796875,83.65625,61.671875,48.1484375,34.9765625,26.1328125,20.390625,16.359375,13.9609375,12.265625,10.9765625,9.7890625,8.8828125,8.140625,7.234375,6.453125,5.6875,5.390625,5.171875,7.515625,13.0625,19.421875,26.671875
2017-01-02,21.03125,27.8671875,29.8984375,32.1484375,48.90625,79.3515625,95.1796875,83.65625,61.671875,48.1484375,34.9765625,26.1328125,20.390625,16.359375,13.9609375,12.265625,10.9765625,9.7890625,8.8828125,8.140625,7.234375,6.453125,5.6875,5.390625,5.171875,7.515625,13.0625,19.421875,26.671875,28.796875
2017-01-03,16.5078125,16.6875,19.0703125,26.1796875,32.203125,30.3046875,30.09375,36.6328125,41.046875,41.5859375,42.8515625,39.9453125,32.90625,26.6953125,22.4921875,22.296875,25.515625,39.09375,52.234375,41.46875,32.1875,28.34375,28.328125,27.4375,23.5625,19.15625,15.59375,13.125,11.125,9.6875
2017-01-04,16.6875,19.0703125,26.1796875,32.203125,30.3046875,30.09375,36.6328125,41.046875,41.5859375,42.8515625,39.9453125,32.90625,26.6953125,22.4921875,22.296875,25.515625,39.09375,52.234375,41.46875,32.1875,28.34375,28.328125,27.4375,23.5625,19.15625,15.59375,13.125,11.125,9.6875,8.375
2017-01-05,19.0703125,26.1796875,32.203125,30.3046875,30.09375,36.6328125,41.046875,41.5859375,42.8515625,39.9453125,32.90625,26.6953125,22.4921875,22.296875,25.515625,39.09375,52.234375,41.46875,32.1875,28.34375,28.328125,27.4375,23.5625,19.15625,15.59375,13.125,11.125,9.6875,8.375,7.140625
2017-01-06,26.1796875,32.203125,30.3046875,30.09375,36.6328125,41.046875,41.5859375,42.8515625,39.9453125,32.90625,26.6953125,22.4921875,22.296875,25.515625,39.09375,52.234375,41.46875,32.1875,28.34375,28.328125,27.4375,23.5625,19.15625,15.59375,13.125,11.125,9.6875,8.375,7.140625,6.828125
2017-01-07,34.765625,49.6015625,49.109375,44.1875,58.3046875,68.59375,62.1953125,64.9609375,59.6171875,43.6953125,32.6796875,25.8671875,21.3828125,30.90625,42.828125,37.8125,32.9375,26.65625,21.0625,17.546875,15.828125,15.734375,16.5625,19.40625,19.421875,18.484375,17.3125,14.90625,12.46875,10.0625
2017-01-08,49.6015625,49.109375,44.1875,58.3046875,68.59375,62.1953125,64.9609375,59.6171875,43.6953125,32.6796875,25.8671875,21.3828125,30.90625,42.828125,37.8125,32.9375,26.65625,21.0625,17.546875,15.828125,15.734375,16.5625,19.40625,19.421875,18.484375,17.3125,14.90625,12.46875,10.0625,9.09375
2017-01-09,49.109375,44.1875,58.3046875,68.59375,62.1953125,64.9609375,59.6171875,43.6953125,32.6796875,25.8671875,21.3828125,30.90625,42.828125,37.8125,32.9375,26.65625,21.0625,17.546875,15.828125,15.734375,16.5625,19.40625,19.421875,18.484375,17.3125,14.90625,12.46875,10.0625,9.09375,8.078125
2017-01-10,33.4921875,27.734375,24.4453125,23.3671875,23.90625,23.1328125,21.4609375,21.0234375,18.390625,16.53125,15.171875,14.2265625,12.9609375,12.078125,12.78125,16.5,17.734375,16.21875,14.296875,15.203125,20.53125,22.40625,20.765625,19.109375,18.515625,16.078125,13.046875,10.53125,8.96875,7.78125
2017-01-11,27.734375,24.4453125,23.3671875,23.90625,23.1328125,21.4609375,21.0234375,18.390625,16.53125,15.171875,14.2265625,12.9609375,12.078125,12.78125,16.5,17.734375,16.21875,14.296875,15.203125,20.53125,22.40625,20.765625,19.109375,18.515625,16.078125,13.046875,10.53125,8.96875,7.78125,7.171875
2017-01-12,24.4453125,23.3671875,23.90625,23.1328125,21.4609375,21.0234375,18.390625,16.53125,15.171875,14.2265625,12.9609375,12.078125,12.78125,16.5,17.734375,16.21875,14.296875,15.203125,20.53125,22.40625,20.765625,19.109375,18.515625,16.078125,13.046875,10.53125,8.96875,7.78125,7.171875,7.9375
2017-01-13,23.3671875,23.90625,23.1328125,21.4609375,21.0234375,18.390625,16.53125,15.171875,14.2265625,12.9609375,12.078125,12.78125,16.5,17.734375,16.21875,14.296875,15.203125,20.53125,22.40625,20.765625,19.109375,18.515625,16.078125,13.046875,10.53125,8.96875,7.78125,7.171875,7.9375,8.875
2017-01-14,21.6015625,24.1171875,29.1015625,36.140625,39.28125,33.4921875,26.4140625,21.875,19.015625,15.90625,14.03125,13.390625,12.828125,12.65625,14.046875,16.53125,17.859375,16.671875,15.109375,16.390625,20.6875,19.953125,16.640625,13.25,11.015625,9.421875,8.140625,7.296875,7.09375,8.109375
2017-01-15,24.1171875,29.1015625,36.140625,39.28125,33.4921875,26.4140625,21.875,19.015625,15.90625,14.03125,13.390625,12.828125,12.65625,14.046875,16.53125,17.859375,16.671875,15.109375,16.390625,20.6875,19.953125,16.640625,13.25,11.015625,9.421875,8.140625,7.296875,7.09375,8.109375,8.65625
2017-01-16,29.1015625,36.140625,39.28125,33.4921875,26.4140625,21.875,19.015625,15.90625,14.03125,13.390625,12.828125,12.65625,14.046875,16.53125,17.859375,16.671875,15.109375,16.390625,20.6875,19.953125,16.640625,13.25,11.015625,9.421875,8.140625,7.296875,7.09375,8.109375,8.65625,8.6875
2017-01-17,132.0234375,149.6640625,98.9140625,71.96875,53.3828125,39.8125,31.125,25.640625,21.6875,19.1875,17.265625,15.921875,15.71875,16.0625,16.3125,15.796875,17.375,19.28125,17.890625,15.484375,13.34375,12.984375,13.484375,17.65625,26.453125,30.84375,35.9375,40.390625,39.078125,36.859375
2017-01-18,149.6640625,98.9140625,71.96875,53.3828125,39.8125,31.125,25.640625,21.6875,19.1875,17.265625,15.921875,15.71875,16.0625,16.3125,15.796875,17.375,19.28125,17.890625,15.484375,13.34375,12.984375,13.484375,17.65625,26.453125,30.84375,35.9375,40.390625,39.078125,36.859375,30.171875
2017-01-19,98.9140625,71.96875,53.3828125,39.8125,31.125,25.640625,21.6875,19.1875,17.265625,15.921875,15.71875,16.0625,16.3125,15.796875,17.375,19.28125,17.890625,15.484375,13.34375,12.984375,13.484375,17.65625,26.453125,30.84375,35.9375,40.390625,39.078125,36.859375,30.171875,25.75
2017-01-20,71.96875,53.3828125,39.8125,31.125,25.640625,21.6875,19.1875,17.265625,15.921875,15.71875,16.0625,16.3125,15.796875,17.375,19.28125,17.890625,15.484375,13.34375,12.984375,13.484375,17.65625,26.453125,30.84375,35.9375,40.390625,39.078125,36.859375,30.171875,25.75,25.046875
2017-01-21,32.390625,26.625,21.515625,17.875,67.375,125.5625,97.765625,62.078125,42.03125,30.828125,24.359375,20.84375,19.015625,16.828125,14.921875,13.640625,12.421875,12.125,12.515625,54.84375,111.328125,97.046875,68.3125,46.734375,38.765625,34.828125,27.390625,20.71875,18.4375,24.34375
2017-01-22,26.625,21.515625,17.875,67.375,125.5625,97.765625,62.078125,42.03125,30.828125,24.359375,20.84375,19.015625,16.828125,14.921875,13.640625,12.421875,12.125,12.515625,54.84375,111.328125,97.046875,68.3125,46.734375,38.765625,34.828125,27.390625,20.71875,18.4375,24.34375,31.09375
2017-01-23,21.515625,17.875,67.375,125.5625,97.765625,62.078125,42.03125,30.828125,24.359375,20.84375,19.015625,16.828125,14.921875,13.640625,12.421875,12.125,12.515625,54.84375,111.328125,97.046875,68.3125,46.734375,38.765625,34.828125,27.390625,20.71875,18.4375,24.34375,31.09375,31.609375
2017-01-24,14.5625,12.6875,12.484375,12.75,12.0625,11.078125,10.28125,9.578125,9.03125,8.765625,8.171875,8.21875,8.609375,8.671875,8.21875,7.046875,6.75,6.40625,6.1875,6.609375,8.0625,12.640625,14.515625,14.03125,12.375,12.0625,12.4375,12.0,10.5625,9.21875
2017-01-25,12.6875,12.484375,12.75,12.0625,11.078125,10.28125,9.578125,9.03125,8.765625,8.171875,8.21875,8.609375,8.671875,8.21875,7.046875,6.75,6.40625,6.1875,6.609375,8.0625,12.640625,14.515625,14.03125,12.375,12.0625,12.4375,12.0,10.5625,9.21875,9.15625
2017-01-26,12.484375,12.75,12.0625,11.078125,10.28125,9.578125,9.03125,8.765625,8.171875,8.21875,8.609375,8.671875,8.21875,7.046875,6.75,6.40625,6.1875,6.609375,8.0625,12.640625,14.515625,14.03125,12.375,12.0625,12.4375,12.0,10.5625,9.21875,9.15625,11.21875
2017-01-27,12.75,12.0625,11.078125,10.28125,9.578125,9.03125,8.765625,8.171875,8.21875,8.609375,8.671875,8.21875,7.046875,6.75,6.40625,6.1875,6.609375,8.0625,12.640625,14.515625,14.03125,12.375,12.0625,12.4375,12.0,10.5625,9.21875,9.15625,11.21875,12.15625
2017-01-28,9.734375,9.34375,8.78125,8.625,8.765625,8.6875,13.671875,26.171875,36.03125,43.375,42.25,35.3125,27.609375,21.984375,20.859375,22.65625,22.921875,20.328125,16.96875,13.578125,10.78125,8.921875,7.953125,7.25,6.375,5.890625,6.375,7.6875,9.65625,10.28125
2017-01-29,9.34375,8.78125,8.625,8.765625,8.6875,13.671875,26.171875,36.03125,43.375,42.25,35.3125,27.609375,21.984375,20.859375,22.65625,22.921875,20.328125,16.96875,13.578125,10.78125,8.921875,7.953125,7.25,6.375,5.890625,6.375,7.6875,9.65625,10.28125,10.53125
2017-01-30,8.78125,8.625,8.765625,8.6875,13.671875,26.171875,36.03125,43.375,42.25,35.3125,27.609375,21.984375,20.859375,22.65625,22.921875,20.328125,16.96875,13.578125,10.78125,8.921875,7.953125,7.25,6.375,5.890625,6.375,7.6875,9.65625,10.28125,10.53125,13.96875
2017-01-31,8.0,8.125,9.578125,14.359375,21.5625,22.765625,19.765625,17.234375,15.046875,12.96875,11.765625,10.171875,8.703125,7.484375,6.578125,6.328125,6.625,7.03125,7.734375,7.25,7.0625,15.1875,35.34375,40.96875,33.59375,26.09375,21.53125,18.9375,16.5,15.25
2017-02-01,8.125,9.578125,14.359375,21.5625,22.765625,19.765625,17.234375,15.046875,12.96875,11.765625,10.171875,8.703125,7.484375,6.578125,6.328125,6.625,7.03125,7.734375,7.25,7.0625,15.1875,35.34375,40.96875,33.59375,26.09375,21.53125,18.9375,16.5,15.25,18.9375
2017-02-02,9.578125,14.359375,21.5625,22.765625,19.765625,17.234375,15.046875,12.96875,11.765625,10.171875,8.703125,7.484375,6.578125,6.328125,6.625,7.03125,7.734375,7.25,7.0625,15.1875,35.34375,40.96875,33.59375,26.09375,21.53125,18.9375,16.5,15.25,18.9375,25.5625
2017-02-03,14.359375,21.5625,22.765625,19.765625,17.234375,15.046875,12.96875,11.765625,10.171875,8.703125,7.484375,6.578125,6.328125,6.625,7.03125,7.734375,7.25,7.0625,15.1875,35.34375,40.96875,33.59375,26.09375,21.53125,18.9375,16.5,15.25,18.9375,25.5625,30.21875
2017-02-04,48.953125,38.125,28.375,21.03125,16.15625,12.6875,9.921875,8.4375,7.328125,5.78125,5.1875,5.25,5.28125,5.296875,5.390625,6.0,7.09375,8.15625,8.6875,8.25,8.125,9.75,12.71875,16.8125,23.59375,29.0,25.75,20.125,16.75,16.25
2017-02-05,38.125,28.375,21.03125,16.15625,12.6875,9.921875,8.4375,7.328125,5.78125,5.1875,5.25,5.28125,5.296875,5.390625,6.0,7.09375,8.15625,8.6875,8.25,8.125,9.75,12.71875,16.8125,23.59375,29.0,25.75,20.125,16.75,16.25,16.25
2017-02-06,28.375,21.03125,16.15625,12.6875,9.921875,8.4375,7.328125,5.78125,5.1875,5.25,5.28125,5.296875,5.390625,6.0,7.09375,8.15625,8.6875,8.25,8.125,9.75,12.71875,16.8125,23.59375,29.0,25.75,20.125,16.75,16.25,16.25,16.6875
2017-02-07,25.171875,18.96875,14.75,11.953125,9.71875,8.203125,7.203125,6.34375,5.8125,5.609375,5.484375,5.3125,7.875,26.125,49.0625,48.3125,34.0,23.71875,17.21875,13.375,10.8125,8.8125,7.96875,7.40625,6.9375,7.3125,9.375,11.03125,11.71875,11.625
2017-02-08,18.96875,14.75,11.953125,9.71875,8.203125,7.203125,6.34375,5.8125,5.609375,5.484375,5.3125,7.875,26.125,49.0625,48.3125,34.0,23.71875,17.21875,13.375,10.8125,8.8125,7.96875,7.40625,6.9375,7.3125,9.375,11.03125,11.71875,11.625,11.0625
2017-02-09,14.75,11.953125,9.71875,8.203125,7.203125,6.34375,5.8125,5.609375,5.484375,5.3125,7.875,26.125,49.0625,48.3125,34.0,23.71875,17.21875,13.375,10.8125,8.8125,7.96875,7.40625,6.9375,7.3125,9.375,11.03125,11.71875,11.625,11.0625,10.65625
2017-02-10,11.953125,9.71875,8.203125,7.203125,6.34375,5.8125,5.609375,5.484375,5.3125,7.875,26.125,49.0625,48.3125,34.0,23.71875,17.21875,13.375,10.8125,8.8125,7.96875,7.40625,6.9375,7.3125,9.375,11.03125,11.71875,11.625,11.0625,10.65625,10.84375
2017-02-11,14.59375,13.171875,10.921875,9.171875,7.84375,6.890625,6.53125,6.65625,7.90625,8.40625,9.84375,19.5,34.875,49.84375,53.71875,56.84375,89.90625,91.75,66.84375,48.59375,34.59375,24.78125,19.0,16.09375,14.25,13.15625,11.375,9.65625,8.0,7.03125
2017-02-12,13.171875,10.921875,9.171875,7.84375,6.890625,6.53125,6.65625,7.90625,8.40625,9.84375,19.5,34.875,49.84375,53.71875,56.84375,89.90625,91.75,66.84375,48.59375,34.59375,24.78125,19.0,16.09375,14.25,13.15625,11.375,9.65625,8.0,7.03125,6.28125
2017-02-13,10.921875,9.171875,7.84375,6.890625,6.53125,6.65625,7.90625,8.40625,9.84375,19.5,34.875,49.84375,53.71875,56.84375,89.90625,91.75,66.84375,48.59375,34.59375,24.78125,19.0,16.09375,14.25,13.15625,11.375,9.65625,8.0,7.03125,6.28125,6.0625
2017-02-14,9.171875,8.546875,9.578125,9.1875,8.46875,16.78125,32.34375,29.84375,25.84375,28.1875,28.0625,23.0,18.53125,14.46875,11.46875,9.21875,7.78125,9.75,13.21875,14.03125,13.84375,14.1875,13.28125,12.0,10.53125,9.8125,11.71875,17.1875,20.4375,22.71875
2017-02-15,8.546875,9.578125,9.1875,8.46875,16.78125,32.34375,29.84375,25.84375,28.1875,28.0625,23.0,18.53125,14.46875,11.46875,9.21875,7.78125,9.75,13.21875,14.03125,13.84375,14.1875,13.28125,12.0,10.53125,9.8125,11.71875,17.1875,20.4375,22.71875,20.5
2017-02-16,9.578125,9.1875,8.46875,16.78125,32.34375,29.84375,25.84375,28.1875,28.0625,23.0,18.53125,14.46875,11.46875,9.21875,7.78125,9.75,13.21875,14.03125,13.84375,14.1875,13.28125,12.0,10.53125,9.8125,11.71875,17.1875,20.4375,22.71875,20.5,18.90625
2017-02-17,9.1875,8.46875,16.78125,32.34375,29.84375,25.84375,28.1875,28.0625,23.0,18.53125,14.46875,11.46875,9.21875,7.78125,9.75,13.21875,14.03125,13.84375,14.1875,13.28125,12.0,10.53125,9.8125,11.71875,17.1875,20.4375,22.71875,20.5,18.90625,17.90625
2017-02-18,6.21875,5.96875,6.1875,7.40625,10.75,22.5625,36.53125,32.34375,24.4375,18.125,13.90625,11.03125,9.75,9.90625,9.90625,10.4375,15.5625,28.21875,37.84375,40.1875,37.875,31.375,26.15625,21.90625,18.8125,16.75,17.25,20.75,19.53125,20.28125
2017-02-19,5.96875,6.1875,7.40625,10.75,22.5625,36.53125,32.34375,24.4375,18.125,13.90625,11.03125,9.75,9.90625,9.90625,10.4375,15.5625,28.21875,37.84375,40.1875,37.875,31.375,26.15625,21.90625,18.8125,16.75,17.25,20.75,19.53125,20.28125,29.4375
2017-02-20,6.1875,7.40625,10.75,22.5625,36.53125,32.34375,24.4375,18.125,13.90625,11.03125,9.75,9.90625,9.90625,10.4375,15.5625,28.21875,37.84375,40.1875,37.875,31.375,26.15625,21.90625,18.8125,16.75,17.25,20.75,19.53125,20.28125,29.4375,53.125
2017-02-21,11.1875,19.96875,43.3125,52.40625,43.53125,38.84375,37.375,35.34375,36.0625,35.4375,26.46875,19.28125,14.78125,12.1875,12.09375,13.25,15.0,15.3125,14.71875,15.90625,21.5625,27.59375,28.96875,26.09375,23.21875,22.40625,26.3125,36.875,57.3125,60.59375
2017-02-22,19.96875,43.3125,52.40625,43.53125,38.84375,37.375,35.34375,36.0625,35.4375,26.46875,19.28125,14.78125,12.1875,12.09375,13.25,15.0,15.3125,14.71875,15.90625,21.5625,27.59375,28.96875,26.09375,23.21875,22.40625,26.3125,36.875,57.3125,60.59375,46.96875
2017-02-23,43.3125,52.40625,43.53125,38.84375,37.375,35.34375,36.0625,35.4375,26.46875,19.28125,14.78125,12.1875,12.09375,13.25,15.0,15.3125,14.71875,15.90625,21.5625,27.59375,28.96875,26.09375,23.21875,22.40625,26.3125,36.875,57.3125,60.59375,46.96875,33.40625
2017-02-24,52.40625,43.53125,38.84375,37.375,35.34375,36.0625,35.4375,26.46875,19.28125,14.78125,12.1875,12.09375,13.25,15.0,15.3125,14.71875,15.90625,21.5625,27.59375,28.96875,26.09375,23.21875,22.40625,26.3125,36.875,57.3125,60.59375,46.96875,33.40625,28.375
2017-02-25,47.875,46.75,36.3125,26.0,18.875,14.53125,12.03125,11.3125,19.3125,29.84375,40.34375,58.0625,53.65625,40.96875,32.5,29.65625,26.9375,22.78125,17.8125,17.25,22.53125,32.34375,39.1875,35.875,39.0625,43.0,47.5625,44.03125,33.0,24.1875
2017-02-26,46.75,36.3125,26.0,18.875,14.53125,12.03125,11.3125,19.3125,29.84375,40.34375,58.0625,53.65625,40.96875,32.5,29.65625,26.9375,22.78125,17.8125,17.25,22.53125,32.34375,39.1875,35.875,39.0625,43.0,47.5625,44.03125,33.0,24.1875,18.9375
2017-02-27,36.3125,26.0,18.875,14.53125,12.03125,11.3125,19.3125,29.84375,40.34375,58.0625,53.65625,40.96875,32.5,29.65625,26.9375,22.78125,17.8125,17.25,22.53125,32.34375,39.1875,35.875,39.0625,43.0,47.5625,44.03125,33.0,24.1875,18.9375,16.5
2017-02-28,36.8125,27.84375,20.4375,15.625,12.46875,10.21875,8.84375,7.90625,7.5,7.28125,6.875,6.96875,7.125,8.8125,13.75,22.90625,33.34375,31.375,28.28125,27.46875,24.84375,21.03125,18.0625,14.84375,12.375,10.78125,10.78125,10.96875,10.5,9.1875
2017-03-01,27.84375,20.4375,15.625,12.46875,10.21875,8.84375,7.90625,7.5,7.28125,6.875,6.96875,7.125,8.8125,13.75,22.90625,33.34375,31.375,28.28125,27.46875,24.84375,21.03125,18.0625,14.84375,12.375,10.78125,10.78125,10.96875,10.5,9.1875,7.90625
2017-03-02,20.4375,15.625,12.46875,10.21875,8.84375,7.90625,7.5,7.28125,6.875,6.96875,7.125,8.8125,13.75,22.90625,33.34375,31.375,28.28125,27.46875,24.84375,21.03125,18.0625,14.84375,12.375,10.78125,10.78125,10.96875,10.5,9.1875,7.90625,7.8125
2017-03-03,15.625,12.46875,10.21875,8.84375,7.90625,7.5,7.28125,6.875,6.96875,7.125,8.8125,13.75,22.90625,33.34375,31.375,28.28125,27.46875,24.84375,21.03125,18.0625,14.84375,12.375,10.78125,10.78125,10.96875,10.5,9.1875,7.90625,7.8125,14.09375
2017-03-04,27.625,23.6875,23.78125,25.96875,25.8125,23.5625,25.0,30.0625,29.6875,29.09375,25.96875,22.21875,20.90625,35.875,53.40625,42.90625,29.71875,22.09375,19.1875,19.09375,19.75,16.4375,12.90625,11.625,16.28125,22.40625,22.75,41.46875,65.4375,60.5
2017-03-05,23.6875,23.78125,25.96875,25.8125,23.5625,25.0,30.0625,29.6875,29.09375,25.96875,22.21875,20.90625,35.875,53.40625,42.90625,29.71875,22.09375,19.1875,19.09375,19.75,16.4375,12.90625,11.625,16.28125,22.40625,22.75,41.46875,65.4375,60.5,55.375
2017-03-06,23.78125,25.96875,25.8125,23.5625,25.0,30.0625,29.6875,29.09375,25.96875,22.21875,20.90625,35.875,53.40625,42.90625,29.71875,22.09375,19.1875,19.09375,19.75,16.4375,12.90625,11.625,16.28125,22.40625,22.75,41.46875,65.4375,60.5,55.375,47.125
2017-03-07,29.0,25.125,20.625,16.375,14.0625,13.0625,13.25,12.15625,11.5625,11.03125,9.59375,9.0625,8.625,9.875,15.125,21.71875,22.8125,21.78125,19.375,16.15625,16.4375,35.65625,95.125,106.4375,77.09375,62.625,56.5,63.125,68.28125,59.78125
2017-03-08,25.125,20.625,16.375,14.0625,13.0625,13.25,12.15625,11.5625,11.03125,9.59375,9.0625,8.625,9.875,15.125,21.71875,22.8125,21.78125,19.375,16.15625,16.4375,35.65625,95.125,106.4375,77.09375,62.625,56.5,63.125,68.28125,59.78125,45.3125
2017-03-09,20.625,16.375,14.0625,13.0625,13.25,12.15625,11.5625,11.03125,9.59375,9.0625,8.625,9.875,15.125,21.71875,22.8125,21.78125,19.375,16.15625,16.4375,35.65625,95.125,106.4375,77.09375,62.625,56.5,63.125,68.28125,59.78125,45.3125,34.1875
2017-03-10,16.375,14.0625,13.0625,13.25,12.15625,11.5625,11.03125,9.59375,9.0625,8.625,9.875,15.125,21.71875,22.8125,21.78125,19.375,16.15625,16.4375,35.65625,95.125,106.4375,77.09375,62.625,56.5,63.125,68.28125,59.78125,45.3125,34.1875,25.53125
2017-03-11,12.53125,10.96875,10.21875,9.1875,8.40625,20.25,41.96875,45.9375,50.75,46.75,36.28125,28.28125,22.5625,28.84375,52.15625,56.34375,45.53125,35.9375,28.8125,23.75,19.4375,17.21875,17.0,16.03125,13.6875,11.625,9.96875,8.75,10.28125,24.3125
2017-03-12,10.96875,10.21875,9.1875,8.40625,20.25,41.96875,45.9375,50.75,46.75,36.28125,28.28125,22.5625,28.84375,52.15625,56.34375,45.53125,35.9375,28.8125,23.75,19.4375,17.21875,17.0,16.03125,13.6875,11.625,9.96875,8.75,10.28125,24.3125,42.5
2017-03-13,10.21875,9.1875,8.40625,20.25,41.96875,45.9375,50.75,46.75,36.28125,28.28125,22.5625,28.84375,52.15625,56.34375,45.53125,35.9375,28.8125,23.75,19.4375,17.21875,17.0,16.03125,13.6875,11.625,9.96875,8.75,10.28125,24.3125,42.5,40.25
2017-03-14,12.9375,31.0625,81.6875,91.75,67.9375,55.625,50.15625,37.625,34.5625,37.125,35.9375,37.5,42.625,67.84375,80.15625,87.65625,95.5,80.40625,74.1875,77.875,84.40625,77.09375,84.34375,89.5625,103.84375,104.09375,86.34375,71.78125,49.75,36.15625
2017-03-15,31.0625,81.6875,91.75,67.9375,55.625,50.15625,37.625,34.5625,37.125,35.9375,37.5,42.625,67.84375,80.15625,87.65625,95.5,80.40625,74.1875,77.875,84.40625,77.09375,84.34375,89.5625,103.84375,104.09375,86.34375,71.78125,49.75,36.15625,28.96875
2017-03-16,81.6875,91.75,67.9375,55.625,50.15625,37.625,34.5625,37.125,35.9375,37.5,42.625,67.84375,80.15625,87.65625,95.5,80.40625,74.1875,77.875,84.40625,77.09375,84.34375,89.5625,103.84375,104.09375,86.34375,71.78125,49.75,36.15625,28.96875,22.5625
2017-03-17,91.75,67.9375,55.625,50.15625,37.625,34.5625,37.125,35.9375,37.5,42.625,67.84375,80.15625,87.65625,95.5,80.40625,74.1875,77.875,84.40625,77.09375,84.34375,89.5625,103.84375,104.09375,86.34375,71.78125,49.75,36.15625,28.96875,22.5625,25.71875
2017-03-18,21.5625,21.125,23.0625,25.40625,27.1875,35.9375,39.90625,30.6875,23.84375,22.84375,32.53125,37.90625,31.875,29.59375,43.15625,67.625,70.125,60.625,60.1875,57.71875,46.1875,36.125,37.4375,46.0,43.4375,35.6875,29.03125,29.40625,43.375,61.5625
2017-03-19,21.125,23.0625,25.40625,27.1875,35.9375,39.90625,30.6875,23.84375,22.84375,32.53125,37.90625,31.875,29.59375,43.15625,67.625,70.125,60.625,60.1875,57.71875,46.1875,36.125,37.4375,46.0,43.4375,35.6875,29.03125,29.40625,43.375,61.5625,58.0
2017-03-20,23.0625,25.40625,27.1875,35.9375,39.90625,30.6875,23.84375,22.84375,32.53125,37.90625,31.875,29.59375,43.15625,67.625,70.125,60.625,60.1875,57.71875,46.1875,36.125,37.4375,46.0,43.4375,35.6875,29.03125,29.40625,43.375,61.5625,58.0,45.90625
2017-03-21,123.625,93.40625,68.125,43.96875,40.09375,60.0,62.21875,41.84375,28.4375,21.0,19.8125,21.46875,27.40625,37.28125,34.96875,27.125,20.34375,16.4375,23.0,46.5625,55.4375,49.4375,52.125,58.53125,68.625,74.28125,64.0625,52.21875,43.65625,36.59375
2017-03-22,93.40625,68.125,43.96875,40.09375,60.0,62.21875,41.84375,28.4375,21.0,19.8125,21.46875,27.40625,37.28125,34.96875,27.125,20.34375,16.4375,23.0,46.5625,55.4375,49.4375,52.125,58.53125,68.625,74.28125,64.0625,52.21875,43.65625,36.59375,30.0
2017-03-23,68.125,43.96875,40.09375,60.0,62.21875,41.84375,28.4375,21.0,19.8125,21.46875,27.40625,37.28125,34.96875,27.125,20.34375,16.4375,23.0,46.5625,55.4375,49.4375,52.125,58.53125,68.625,74.28125,64.0625,52.21875,43.65625,36.59375,30.0,27.46875
2017-03-24,43.96875,40.09375,60.0,62.21875,41.84375,28.4375,21.0,19.8125,21.46875,27.40625,37.28125,34.96875,27.125,20.34375,16.4375,23.0,46.5625,55.4375,49.4375,52.125,58.53125,68.625,74.28125,64.0625,52.21875,43.65625,36.59375,30.0,27.46875,40.0625
2017-03-25,41.53125,43.34375,37.96875,41.40625,54.5,89.40625,105.0,123.40625,117.625,85.3125,65.78125,47.75,39.96875,38.03125,38.1875,45.53125,46.40625,40.4375,33.9375,26.5,31.5625,51.5625,50.65625,37.59375,27.96875,24.40625,46.1875,94.4375,112.28125,93.78125
2017-03-26,43.34375,37.96875,41.40625,54.5,89.40625,105.0,123.40625,117.625,85.3125,65.78125,47.75,39.96875,38.03125,38.1875,45.53125,46.40625,40.4375,33.9375,26.5,31.5625,51.5625,50.65625,37.59375,27.96875,24.40625,46.1875,94.4375,112.28125,93.78125,71.0
2017-03-27,37.96875,41.40625,54.5,89.40625,105.0,123.40625,117.625,85.3125,65.78125,47.75,39.96875,38.03125,38.1875,45.53125,46.40625,40.4375,33.9375,26.5,31.5625,51.5625,50.65625,37.59375,27.96875,24.40625,46.1875,94.4375,112.28125,93.78125,71.0,63.625
2017-03-28,28.375,46.09375,149.9375,171.25,146.09375,117.28125,80.84375,65.25,58.3125,61.4375,70.78125,69.34375,64.28125,56.125,50.28125,46.5,37.15625,29.46875,29.0,36.1875,38.3125,32.5,25.3125,25.28125,32.5625,44.625,53.84375,69.0625,82.0,68.875
2017-03-29,46.09375,149.9375,171.25,146.09375,117.28125,80.84375,65.25,58.3125,61.4375,70.78125,69.34375,64.28125,56.125,50.28125,46.5,37.15625,29.46875,29.0,36.1875,38.3125,32.5,25.3125,25.28125,32.5625,44.625,53.84375,69.0625,82.0,68.875,56.78125
2017-03-30,149.9375,171.25,146.09375,117.28125,80.84375,65.25,58.3125,61.4375,70.78125,69.34375,64.28125,56.125,50.28125,46.5,37.15625,29.46875,29.0,36.1875,38.3125,32.5,25.3125,25.28125,32.5625,44.625,53.84375,69.0625,82.0,68.875,56.78125,54.8125
2017-03-31,171.25,146.09375,117.28125,80.84375,65.25,58.3125,61.4375,70.78125,69.34375,64.28125,56.125,50.28125,46.5,37.15625,29.46875,29.0,36.1875,38.3125,32.5,25.3125,25.28125,32.5625,44.625,53.84375,69.0625,82.0,68.875,56.78125,54.8125,55.3125
2017-04-01,305.34375,275.03125,197.28125,148.125,193.96875,215.46875,213.0,171.125,119.6875,93.40625,77.84375,130.59375,153.3125,135.21875,109.15625,82.0625,63.75,58.78125,84.65625,127.9375,176.0625,192.9375,181.75,162.1875,156.71875,158.625,131.53125,111.84375,100.3125,77.96875
2017-04-02,275.03125,197.28125,148.125,193.96875,215.46875,213.0,171.125,119.6875,93.40625,77.84375,130.59375,153.3125,135.21875,109.15625,82.0625,63.75,58.78125,84.65625,127.9375,176.0625,192.9375,181.75,162.1875,156.71875,158.625,131.53125,111.84375,100.3125,77.96875,60.8125
2017-04-03,197.28125,148.125,193.96875,215.46875,213.0,171.125,119.6875,93.40625,77.84375,130.59375,153.3125,135.21875,109.15625,82.0625,63.75,58.78125,84.65625,127.9375,176.0625,192.9375,181.75,162.1875,156.71875,158.625,131.53125,111.84375,100.3125,77.96875,60.8125,49.875
2017-04-04,123.03125,137.28125,137.0625,108.59375,84.46875,64.34375,50.6875,42.59375,94.0625,128.8125,90.3125,64.9375,66.4375,85.34375,112.53125,147.8125,147.5,129.65625,104.4375,83.28125,71.3125,58.1875,60.5625,81.53125,87.09375,86.1875,82.8125,71.75,69.59375,61.5
2017-04-05,137.28125,137.0625,108.59375,84.46875,64.34375,50.6875,42.59375,94.0625,128.8125,90.3125,64.9375,66.4375,85.34375,112.53125,147.8125,147.5,129.65625,104.4375,83.28125,71.3125,58.1875,60.5625,81.53125,87.09375,86.1875,82.8125,71.75,69.59375,61.5,52.0625
2017-04-06,137.0625,108.59375,84.46875,64.34375,50.6875,42.59375,94.0625,128.8125,90.3125,64.9375,66.4375,85.34375,112.53125,147.8125,147.5,129.65625,104.4375,83.28125,71.3125,58.1875,60.5625,81.53125,87.09375,86.1875,82.8125,71.75,69.59375,61.5,52.0625,46.25
2017-04-07,108.59375,84.46875,64.34375,50.6875,42.59375,94.0625,128.8125,90.3125,64.9375,66.4375,85.34375,112.53125,147.8125,147.5,129.65625,104.4375,83.28125,71.3125,58.1875,60.5625,81.53125,87.09375,86.1875,82.8125,71.75,69.59375,61.5,52.0625,46.25,46.8125
2017-04-08,75.1875,77.375,72.65625,62.875,52.25,46.28125,43.71875,36.90625,27.8125,21.9375,21.09375,25.59375,40.90625,69.71875,84.09375,70.15625,75.84375,108.03125,123.90625,134.75,165.6875,209.65625,215.1875,219.0625,233.5625,184.78125,126.21875,91.84375,78.5,73.15625
2017-04-09,77.375,72.65625,62.875,52.25,46.28125,43.71875,36.90625,27.8125,21.9375,21.09375,25.59375,40.90625,69.71875,84.09375,70.15625,75.84375,108.03125,123.90625,134.75,165.6875,209.65625,215.1875,219.0625,233.5625,184.78125,126.21875,91.84375,78.5,73.15625,65.90625
2017-04-10,72.65625,62.875,52.25,46.28125,43.71875,36.90625,27.8125,21.9375,21.09375,25.59375,40.90625,69.71875,84.09375,70.15625,75.84375,108.03125,123.90625,134.75,165.6875,209.65625,215.1875,219.0625,233.5625,184.78125,126.21875,91.84375,78.5,73.15625,65.90625,55.90625
2017-04-11,58.03125,51.28125,43.0625,32.875,24.84375,19.4375,19.0625,22.84375,33.40625,45.78125,46.65625,66.375,131.4375,126.9375,95.875,91.0,78.28125,61.65625,51.75,49.46875,57.28125,66.4375,91.0625,117.1875,109.40625,98.53125,131.28125,136.71875,107.34375,87.625
2017-04-12,51.28125,43.0625,32.875,24.84375,19.4375,19.0625,22.84375,33.40625,45.78125,46.65625,66.375,131.4375,126.9375,95.875,91.0,78.28125,61.65625,51.75,49.46875,57.28125,66.4375,91.0625,117.1875,109.40625,98.53125,131.28125,136.71875,107.34375,87.625,68.4375
2017-04-13,43.0625,32.875,24.84375,19.4375,19.0625,22.84375,33.40625,45.78125,46.65625,66.375,131.4375,126.9375,95.875,91.0,78.28125,61.65625,51.75,49.46875,57.28125,66.4375,91.0625,117.1875,109.40625,98.53125,131.28125,136.71875,107.34375,87.625,68.4375,50.3125
2017-04-14,32.875,24.84375,19.4375,19.0625,22.84375,33.40625,45.78125,46.65625,66.375,131.4375,126.9375,95.875,91.0,78.28125,61.65625,51.75,49.46875,57.28125,66.4375,91.0625,117.1875,109.40625,98.53125,131.28125,136.71875,107.34375,87.625,68.4375,50.3125,41.09375
2017-04-15,22.3125,16.78125,12.96875,11.75,14.3125,18.59375,22.40625,27.78125,39.125,49.375,49.59375,52.28125,49.84375,38.59375,37.34375,45.90625,58.25,87.9375,175.21875,192.5,137.25,92.1875,71.65625,87.625,96.0,71.0,53.375,58.40625,68.3125,63.46875
2017-04-16,16.78125,12.96875,11.75,14.3125,18.59375,22.40625,27.78125,39.125,49.375,49.59375,52.28125,49.84375,38.59375,37.34375,45.90625,58.25,87.9375,175.21875,192.5,137.25,92.1875,71.65625,87.625,96.0,71.0,53.375,58.40625,68.3125,63.46875,81.9375
2017-04-17,12.96875,11.75,14.3125,18.59375,22.40625,27.78125,39.125,49.375,49.59375,52.28125,49.84375,38.59375,37.34375,45.90625,58.25,87.9375,175.21875,192.5,137.25,92.1875,71.65625,87.625,96.0,71.0,53.375,58.40625,68.3125,63.46875,81.9375,107.21875
2017-04-18,12.78125,10.71875,10.15625,16.15625,35.40625,60.3125,120.25,143.09375,123.0625,98.75,74.875,76.78125,75.125,65.375,61.59375,54.59375,65.3125,78.34375,67.75,66.84375,105.21875,115.375,102.90625,93.65625,90.21875,80.65625,55.625,41.1875,37.9375,43.46875
2017-04-19,10.71875,10.15625,16.15625,35.40625,60.3125,120.25,143.09375,123.0625,98.75,74.875,76.78125,75.125,65.375,61.59375,54.59375,65.3125,78.34375,67.75,66.84375,105.21875,115.375,102.90625,93.65625,90.21875,80.65625,55.625,41.1875,37.9375,43.46875,51.40625
2017-04-20,10.15625,16.15625,35.40625,60.3125,120.25,143.09375,123.0625,98.75,74.875,76.78125,75.125,65.375,61.59375,54.59375,65.3125,78.34375,67.75,66.84375,105.21875,115.375,102.90625,93.65625,90.21875,80.65625,55.625,41.1875,37.9375,43.46875,51.40625,58.125
2017-04-21,16.15625,35.40625,60.3125,120.25,143.09375,123.0625,98.75,74.875,76.78125,75.125,65.375,61.59375,54.59375,65.3125,78.34375,67.75,66.84375,105.21875,115.375,102.90625,93.65625,90.21875,80.65625,55.625,41.1875,37.9375,43.46875,51.40625,58.125,88.5
2017-04-22,11.625,14.28125,22.3125,33.40625,41.53125,53.4375,75.96875,78.375,61.78125,44.34375,34.53125,29.21875,31.53125,68.0,95.5,84.125,67.625,52.34375,40.21875,54.96875,80.375,74.4375,63.53125,68.1875,82.03125,96.0,210.28125,372.125,306.09375,195.28125
2017-04-23,14.28125,22.3125,33.40625,41.53125,53.4375,75.96875,78.375,61.78125,44.34375,34.53125,29.21875,31.53125,68.0,95.5,84.125,67.625,52.34375,40.21875,54.96875,80.375,74.4375,63.53125,68.1875,82.03125,96.0,210.28125,372.125,306.09375,195.28125,129.75
2017-04-24,22.3125,33.40625,41.53125,53.4375,75.96875,78.375,61.78125,44.34375,34.53125,29.21875,31.53125,68.0,95.5,84.125,67.625,52.34375,40.21875,54.96875,80.375,74.4375,63.53125,68.1875,82.03125,96.0,210.28125,372.125,306.09375,195.28125,129.75,87.65625
2017-04-25,22.625,26.25,31.0625,37.4375,58.9375,76.5625,73.34375,62.6875,61.0,68.6875,62.90625,49.71875,41.375,52.96875,84.78125,96.5,88.375,69.15625,54.3125,66.65625,84.5,72.0,55.3125,47.84375,46.0,41.71875,42.375,60.03125,193.75,223.71875
2017-04-26,26.25,31.0625,37.4375,58.9375,76.5625,73.34375,62.6875,61.0,68.6875,62.90625,49.71875,41.375,52.96875,84.78125,96.5,88.375,69.15625,54.3125,66.65625,84.5,72.0,55.3125,47.84375,46.0,41.71875,42.375,60.03125,193.75,223.71875,183.15625
2017-04-27,31.0625,37.4375,58.9375,76.5625,73.34375,62.6875,61.0,68.6875,62.90625,49.71875,41.375,52.96875,84.78125,96.5,88.375,69.15625,54.3125,66.65625,84.5,72.0,55.3125,47.84375,46.0,41.71875,42.375,60.03125,193.75,223.71875,183.15625,136.09375
2017-04-28,37.4375,58.9375,76.5625,73.34375,62.6875,61.0,68.6875,62.90625,49.71875,41.375,52.96875,84.78125,96.5,88.375,69.15625,54.3125,66.65625,84.5,72.0,55.3125,47.84375,46.0,41.71875,42.375,60.03125,193.75,223.71875,183.15625,136.09375,88.78125
2017-04-29,50.09375,40.59375,36.5,33.5625,30.03125,34.9375,43.375,52.21875,78.3125,93.53125,92.65625,76.78125,54.25,46.34375,47.65625,57.03125,78.28125,79.0,71.65625,67.8125,82.59375,99.875,117.5,120.46875,115.75,106.03125,100.625,118.40625,111.96875,107.28125
2017-04-30,40.59375,36.5,33.5625,30.03125,34.9375,43.375,52.21875,78.3125,93.53125,92.65625,76.78125,54.25,46.34375,47.65625,57.03125,78.28125,79.0,71.65625,67.8125,82.59375,99.875,117.5,120.46875,115.75,106.03125,100.625,118.40625,111.96875,107.28125,125.78125
2017-05-01,36.5,33.5625,30.03125,34.9375,43.375,52.21875,78.3125,93.53125,92.65625,76.78125,54.25,46.34375,47.65625,57.03125,78.28125,79.0,71.65625,67.8125,82.59375,99.875,117.5,120.46875,115.75,106.03125,100.625,118.40625,111.96875,107.28125,125.78125,165.09375
2017-05-02,75.125,68.0625,81.53125,185.75,204.59375,136.09375,125.125,187.5625,203.0625,151.6875,133.59375,149.0625,153.6875,150.96875,154.0,142.8125,129.625,133.25,133.96875,155.1875,147.34375,123.78125,102.8125,81.59375,64.21875,72.84375,85.78125,95.375,101.40625,124.4375
2017-05-03,68.0625,81.53125,185.75,204.59375,136.09375,125.125,187.5625,203.0625,151.6875,133.59375,149.0625,153.6875,150.96875,154.0,142.8125,129.625,133.25,133.96875,155.1875,147.34375,123.78125,102.8125,81.59375,64.21875,72.84375,85.78125,95.375,101.40625,124.4375,163.625
2017-05-04,81.53125,185.75,204.59375,136.09375,125.125,187.5625,203.0625,151.6875,133.59375,149.0625,153.6875,150.96875,154.0,142.8125,129.625,133.25,133.96875,155.1875,147.34375,123.78125,102.8125,81.59375,64.21875,72.84375,85.78125,95.375,101.40625,124.4375,163.625,164.25
2017-05-05,185.75,204.59375,136.09375,125.125,187.5625,203.0625,151.6875,133.59375,149.0625,153.6875,150.96875,154.0,142.8125,129.625,133.25,133.96875,155.1875,147.34375,123.78125,102.8125,81.59375,64.21875,72.84375,85.78125,95.375,101.40625,124.4375,163.625,164.25,195.125
2017-05-06,112.25,89.75,69.3125,52.28125,82.40625,158.65625,168.5625,120.59375,82.8125,67.65625,63.0625,65.3125,60.96875,47.90625,36.90625,39.3125,57.15625,64.3125,66.75,74.9375,74.65625,64.71875,50.15625,37.84375,36.46875,44.34375,50.5625,67.1875,105.0625,132.71875
2017-05-07,89.75,69.3125,52.28125,82.40625,158.65625,168.5625,120.59375,82.8125,67.65625,63.0625,65.3125,60.96875,47.90625,36.90625,39.3125,57.15625,64.3125,66.75,74.9375,74.65625,64.71875,50.15625,37.84375,36.46875,44.34375,50.5625,67.1875,105.0625,132.71875,154.65625
2017-05-08,69.3125,52.28125,82.40625,158.65625,168.5625,120.59375,82.8125,67.65625,63.0625,65.3125,60.96875,47.90625,36.90625,39.3125,57.15625,64.3125,66.75,74.9375,74.65625,64.71875,50.15625,37.84375,36.46875,44.34375,50.5625,67.1875,105.0625,132.71875,154.65625,138.625
2017-05-09,210.09375,265.90625,237.0625,181.3125,137.0625,107.90625,94.25,108.375,122.5,113.21875,112.75,130.03125,144.65625,156.96875,152.0,202.125,236.6875,207.25,187.1875,173.15625,158.3125,158.84375,199.15625,320.75,331.78125,264.65625,206.71875,157.875,121.96875,105.875
2017-05-10,265.90625,237.0625,181.3125,137.0625,107.90625,94.25,108.375,122.5,113.21875,112.75,130.03125,144.65625,156.96875,152.0,202.125,236.6875,207.25,187.1875,173.15625,158.3125,158.84375,199.15625,320.75,331.78125,264.65625,206.71875,157.875,121.96875,105.875,104.59375
2017-05-11,237.0625,181.3125,137.0625,107.90625,94.25,108.375,122.5,113.21875,112.75,130.03125,144.65625,156.96875,152.0,202.125,236.6875,207.25,187.1875,173.15625,158.3125,158.84375,199.15625,320.75,331.78125,264.65625,206.71875,157.875,121.96875,105.875,104.59375,130.03125
2017-05-12,181.3125,137.0625,107.90625,94.25,108.375,122.5,113.21875,112.75,130.03125,144.65625,156.96875,152.0,202.125,236.6875,207.25,187.1875,173.15625,158.3125,158.84375,199.15625,320.75,331.78125,264.65625,206.71875,157.875,121.96875,105.875,104.59375,130.03125,158.78125
2017-05-13,104.5625,77.75,113.59375,143.5625,144.75,191.84375,180.6875,137.6875,131.03125,130.59375,120.6875,108.03125,98.15625,83.6875,80.375,85.3125,104.125,157.1875,242.21875,354.25,340.3125,313.3125,255.40625,184.71875,143.84375,194.59375,232.15625,204.96875,172.78125,156.78125
2017-05-14,77.75,113.59375,143.5625,144.75,191.84375,180.6875,137.6875,131.03125,130.59375,120.6875,108.03125,98.15625,83.6875,80.375,85.3125,104.125,157.1875,242.21875,354.25,340.3125,313.3125,255.40625,184.71875,143.84375,194.59375,232.15625,204.96875,172.78125,156.78125,151.53125
2017-05-15,113.59375,143.5625,144.75,191.84375,180.6875,137.6875,131.03125,130.59375,120.6875,108.03125,98.15625,83.6875,80.375,85.3125,104.125,157.1875,242.21875,354.25,340.3125,313.3125,255.40625,184.71875,143.84375,194.59375,232.15625,204.96875,172.78125,156.78125,151.53125,169.53125
2017-05-16,113.6875,142.125,185.53125,180.9375,202.90625,201.875,146.5,103.09375,82.84375,68.4375,56.53125,56.8125,74.96875,89.875,154.3125,182.96875,161.5625,146.5,151.3125,142.875,118.6875,103.59375,95.625,87.25,80.9375,76.625,76.90625,96.09375,128.34375,169.25
2017-05-17,142.125,185.53125,180.9375,202.90625,201.875,146.5,103.09375,82.84375,68.4375,56.53125,56.8125,74.96875,89.875,154.3125,182.96875,161.5625,146.5,151.3125,142.875,118.6875,103.59375,95.625,87.25,80.9375,76.625,76.90625,96.09375,128.34375,169.25,188.90625
2017-05-18,185.53125,180.9375,202.90625,201.875,146.5,103.09375,82.84375,68.4375,56.53125,56.8125,74.96875,89.875,154.3125,182.96875,161.5625,146.5,151.3125,142.875,118.6875,103.59375,95.625,87.25,80.9375,76.625,76.90625,96.09375,128.34375,169.25,188.90625,172.6875
2017-05-19,180.9375,202.90625,201.875,146.5,103.09375,82.84375,68.4375,56.53125,56.8125,74.96875,89.875,154.3125,182.96875,161.5625,146.5,151.3125,142.875,118.6875,103.59375,95.625,87.25,80.9375,76.625,76.90625,96.09375,128.34375,169.25,188.90625,172.6875,245.96875
2017-05-20,121.625,109.03125,110.9375,126.25,114.90625,126.5625,115.75,118.78125,138.65625,157.375,227.4375,217.15625,154.5,110.0625,88.5625,77.15625,69.125,80.53125,119.21875,118.46875,92.625,75.125,60.34375,60.59375,77.71875,132.34375,182.03125,179.59375,208.78125,258.125
2017-05-21,109.03125,110.9375,126.25,114.90625,126.5625,115.75,118.78125,138.65625,157.375,227.4375,217.15625,154.5,110.0625,88.5625,77.15625,69.125,80.53125,119.21875,118.46875,92.625,75.125,60.34375,60.59375,77.71875,132.34375,182.03125,179.59375,208.78125,258.125,233.78125
2017-05-22,110.9375,126.25,114.90625,126.5625,115.75,118.78125,138.65625,157.375,227.4375,217.15625,154.5,110.0625,88.5625,77.15625,69.125,80.53125,119.21875,118.46875,92.625,75.125,60.34375,60.59375,77.71875,132.34375,182.03125,179.59375,208.78125,258.125,233.78125,175.1875
2017-05-23,125.0625,159.21875,145.75,133.25,129.625,143.75,140.9375,137.34375,122.875,96.34375,76.5625,77.0,80.3125,109.84375,166.5,318.96875,509.21875,418.5,277.875,193.96875,144.71875,117.9375,112.84375,114.53125,122.5625,157.25,174.4375,182.6875,202.15625,203.15625
2017-05-24,159.21875,145.75,133.25,129.625,143.75,140.9375,137.34375,122.875,96.34375,76.5625,77.0,80.3125,109.84375,166.5,318.96875,509.21875,418.5,277.875,193.96875,144.71875,117.9375,112.84375,114.53125,122.5625,157.25,174.4375,182.6875,202.15625,203.15625,178.65625
2017-05-25,145.75,133.25,129.625,143.75,140.9375,137.34375,122.875,96.34375,76.5625,77.0,80.3125,109.84375,166.5,318.96875,509.21875,418.5,277.875,193.96875,144.71875,117.9375,112.84375,114.53125,122.5625,157.25,174.4375,182.6875,202.15625,203.15625,178.65625,167.53125
2017-05-26,133.25,129.625,143.75,140.9375,137.34375,122.875,96.34375,76.5625,77.0,80.3125,109.84375,166.5,318.96875,509.21875,418.5,277.875,193.96875,144.71875,117.9375,112.84375,114.53125,122.5625,157.25,174.4375,182.6875,202.15625,203.15625,178.65625,167.53125,206.484375
2017-05-27,257.75,182.84375,148.53125,150.0,135.28125,106.0,82.0,77.75,78.03125,97.75,195.78125,232.65625,184.90625,128.40625,89.46875,67.09375,56.625,61.84375,72.9375,82.1875,85.25,95.84375,108.6875,99.84375,84.03125,69.90625,64.65625,76.15625,116.09375,124.203125
2017-05-28,182.84375,148.53125,150.0,135.28125,106.0,82.0,77.75,78.03125,97.75,195.78125,232.65625,184.90625,128.40625,89.46875,67.09375,56.625,61.84375,72.9375,82.1875,85.25,95.84375,108.6875,99.84375,84.03125,69.90625,64.65625,76.15625,116.09375,124.203125,99.625
2017-05-29,148.53125,150.0,135.28125,106.0,82.0,77.75,78.03125,97.75,195.78125,232.65625,184.90625,128.40625,89.46875,67.09375,56.625,61.84375,72.9375,82.1875,85.25,95.84375,108.6875,99.84375,84.03125,69.90625,64.65625,76.15625,116.09375,124.203125,99.625,85.015625
2017-05-30,127.90625,118.84375,115.96875,106.125,138.0625,193.1875,218.59375,232.28125,286.125,232.375,163.5625,142.28125,143.53125,142.46875,134.375,134.84375,135.21875,118.21875,109.75,111.90625,105.625,102.96875,100.34375,94.8125,97.1875,106.703125,122.8125,135.5625,134.703125,145.078125
2017-05-31,118.84375,115.96875,106.125,138.0625,193.1875,218.59375,232.28125,286.125,232.375,163.5625,142.28125,143.53125,142.46875,134.375,134.84375,135.21875,118.21875,109.75,111.90625,105.625,102.96875,100.34375,94.8125,97.1875,106.703125,122.8125,135.5625,134.703125,145.078125,171.484375
2017-06-01,115.96875,106.125,138.0625,193.1875,218.59375,232.28125,286.125,232.375,163.5625,142.28125,143.53125,142.46875,134.375,134.84375,135.21875,118.21875,109.75,111.90625,105.625,102.96875,100.34375,94.8125,97.1875,106.703125,122.8125,135.5625,134.703125,145.078125,171.484375,302.296875
2017-06-02,106.125,138.0625,193.1875,218.59375,232.28125,286.125,232.375,163.5625,142.28125,143.53125,142.46875,134.375,134.84375,135.21875,118.21875,109.75,111.90625,105.625,102.96875,100.34375,94.8125,97.1875,106.703125,122.8125,135.5625,134.703125,145.078125,171.484375,302.296875,321.609375
2017-06-03,120.75,114.125,125.3125,132.96875,131.59375,111.53125,97.96875,121.34375,150.65625,142.21875,141.96875,222.40625,210.84375,153.875,121.5625,102.59375,108.78125,117.4375,128.3125,151.9375,152.453125,144.828125,154.703125,194.453125,287.96875,311.15625,250.0625,198.75,202.484375,322.75
2017-06-04,114.125,125.3125,132.96875,131.59375,111.53125,97.96875,121.34375,150.65625,142.21875,141.96875,222.40625,210.84375,153.875,121.5625,102.59375,108.78125,117.4375,128.3125,151.9375,152.453125,144.828125,154.703125,194.453125,287.96875,311.15625,250.0625,198.75,202.484375,322.75,340.078125
2017-06-05,125.3125,132.96875,131.59375,111.53125,97.96875,121.34375,150.65625,142.21875,141.96875,222.40625,210.84375,153.875,121.5625,102.59375,108.78125,117.4375,128.3125,151.9375,152.453125,144.828125,154.703125,194.453125,287.96875,311.15625,250.0625,198.75,202.484375,322.75,340.078125,263.609375
2017-06-06,148.84375,136.875,130.28125,145.5,145.875,117.65625,89.28125,77.625,85.25,98.3125,109.90625,103.34375,90.375,88.4375,88.25,80.09375,70.9375,65.828125,60.703125,54.40625,49.765625,47.703125,52.234375,81.953125,152.46875,353.046875,431.265625,296.671875,208.21875,177.921875
2017-06-07,136.875,130.28125,145.5,145.875,117.65625,89.28125,77.625,85.25,98.3125,109.90625,103.34375,90.375,88.4375,88.25,80.09375,70.9375,65.828125,60.703125,54.40625,49.765625,47.703125,52.234375,81.953125,152.46875,353.046875,431.265625,296.671875,208.21875,177.921875,160.296875
2017-06-08,130.28125,145.5,145.875,117.65625,89.28125,77.625,85.25,98.3125,109.90625,103.34375,90.375,88.4375,88.25,80.09375,70.9375,65.828125,60.703125,54.40625,49.765625,47.703125,52.234375,81.953125,152.46875,353.046875,431.265625,296.671875,208.21875,177.921875,160.296875,147.5625
2017-06-09,145.5,145.875,117.65625,89.28125,77.625,85.25,98.3125,109.90625,103.34375,90.375,88.4375,88.25,80.09375,70.9375,65.828125,60.703125,54.40625,49.765625,47.703125,52.234375,81.953125,152.46875,353.046875,431.265625,296.671875,208.21875,177.921875,160.296875,147.5625,135.015625
2017-06-10,110.09375,108.8125,89.28125,111.6875,139.25,164.25,155.96875,130.90625,111.84375,97.1875,86.09375,85.84375,93.828125,120.03125,339.921875,351.40625,254.265625,181.328125,130.484375,105.078125,90.90625,88.703125,89.625,103.15625,136.375,141.625,158.3125,176.6875,186.8125,164.515625
2017-06-11,108.8125,89.28125,111.6875,139.25,164.25,155.96875,130.90625,111.84375,97.1875,86.09375,85.84375,93.828125,120.03125,339.921875,351.40625,254.265625,181.328125,130.484375,105.078125,90.90625,88.703125,89.625,103.15625,136.375,141.625,158.3125,176.6875,186.8125,164.515625,122.703125
2017-06-12,89.28125,111.6875,139.25,164.25,155.96875,130.90625,111.84375,97.1875,86.09375,85.84375,93.828125,120.03125,339.921875,351.40625,254.265625,181.328125,130.484375,105.078125,90.90625,88.703125,89.625,103.15625,136.375,141.625,158.3125,176.6875,186.8125,164.515625,122.703125,92.921875
2017-06-13,33.0,31.6875,31.59375,27.03125,24.4375,24.59375,26.0625,25.125,22.984375,21.828125,25.359375,38.484375,47.984375,40.53125,38.328125,41.40625,39.625,53.078125,77.78125,91.765625,85.984375,64.4375,53.984375,53.90625,66.234375,75.5625,63.1875,46.359375,41.65625,54.40625
2017-06-14,31.6875,31.59375,27.03125,24.4375,24.59375,26.0625,25.125,22.984375,21.828125,25.359375,38.484375,47.984375,40.53125,38.328125,41.40625,39.625,53.078125,77.78125,91.765625,85.984375,64.4375,53.984375,53.90625,66.234375,75.5625,63.1875,46.359375,41.65625,54.40625,60.546875
2017-06-15,31.59375,27.03125,24.4375,24.59375,26.0625,25.125,22.984375,21.828125,25.359375,38.484375,47.984375,40.53125,38.328125,41.40625,39.625,53.078125,77.78125,91.765625,85.984375,64.4375,53.984375,53.90625,66.234375,75.5625,63.1875,46.359375,41.65625,54.40625,60.546875,51.3125
2017-06-16,27.03125,24.4375,24.59375,26.0625,25.125,22.984375,21.828125,25.359375,38.484375,47.984375,40.53125,38.328125,41.40625,39.625,53.078125,77.78125,91.765625,85.984375,64.4375,53.984375,53.90625,66.234375,75.5625,63.1875,46.359375,41.65625,54.40625,60.546875,51.3125,43.609375
2017-06-17,24.46875,28.3125,37.5,37.15625,32.625,27.875,34.03125,61.625,84.59375,107.765625,111.921875,93.578125,75.78125,76.828125,104.75,149.3125,227.796875,208.171875,136.828125,100.90625,94.578125,82.546875,66.0625,56.96875,55.015625,61.765625,68.609375,73.34375,74.59375,87.15625
2017-06-18,28.3125,37.5,37.15625,32.625,27.875,34.03125,61.625,84.59375,107.765625,111.921875,93.578125,75.78125,76.828125,104.75,149.3125,227.796875,208.171875,136.828125,100.90625,94.578125,82.546875,66.0625,56.96875,55.015625,61.765625,68.609375,73.34375,74.59375,87.15625,166.203125
2017-06-19,37.5,37.15625,32.625,27.875,34.03125,61.625,84.59375,107.765625,111.921875,93.578125,75.78125,76.828125,104.75,149.3125,227.796875,208.171875,136.828125,100.90625,94.578125,82.546875,66.0625,56.96875,55.015625,61.765625,68.609375,73.34375,74.59375,87.15625,166.203125,309.1875
2017-06-20,30.4375,29.421875,41.34375,74.765625,99.578125,124.734375,138.359375,110.8125,77.40625,73.765625,132.0,187.578125,316.421875,317.53125,287.734375,245.8125,194.6875,172.0625,156.484375,142.515625,126.328125,110.96875,97.734375,87.3125,111.78125,132.109375,111.3125,87.5,74.4375,78.9375
2017-06-21,29.421875,41.34375,74.765625,99.578125,124.734375,138.359375,110.8125,77.40625,73.765625,132.0,187.578125,316.421875,317.53125,287.734375,245.8125,194.6875,172.0625,156.484375,142.515625,126.328125,110.96875,97.734375,87.3125,111.78125,132.109375,111.3125,87.5,74.4375,78.9375,163.390625
2017-06-22,41.34375,74.765625,99.578125,124.734375,138.359375,110.8125,77.40625,73.765625,132.0,187.578125,316.421875,317.53125,287.734375,245.8125,194.6875,172.0625,156.484375,142.515625,126.328125,110.96875,97.734375,87.3125,111.78125,132.109375,111.3125,87.5,74.4375,78.9375,163.390625,252.859375
2017-06-23,74.765625,99.578125,124.734375,138.359375,110.8125,77.40625,73.765625,132.0,187.578125,316.421875,317.53125,287.734375,245.8125,194.6875,172.0625,156.484375,142.515625,126.328125,110.96875,97.734375,87.3125,111.78125,132.109375,111.3125,87.5,74.4375,78.9375,163.390625,252.859375,243.46875
2017-06-24,77.078125,68.40625,63.5,52.1875,48.65625,59.9375,80.34375,86.703125,70.6875,60.140625,64.671875,62.78125,51.171875,42.5,38.859375,44.25,46.875,51.1875,71.625,103.03125,107.125,88.984375,87.890625,101.375,132.421875,245.078125,453.46875,521.625,359.953125,220.484375
2017-06-25,68.40625,63.5,52.1875,48.65625,59.9375,80.34375,86.703125,70.6875,60.140625,64.671875,62.78125,51.171875,42.5,38.859375,44.25,46.875,51.1875,71.625,103.03125,107.125,88.984375,87.890625,101.375,132.421875,245.078125,453.46875,521.625,359.953125,220.484375,157.03125
2017-06-26,63.5,52.1875,48.65625,59.9375,80.34375,86.703125,70.6875,60.140625,64.671875,62.78125,51.171875,42.5,38.859375,44.25,46.875,51.1875,71.625,103.03125,107.125,88.984375,87.890625,101.375,132.421875,245.078125,453.46875,521.625,359.953125,220.484375,157.03125,157.9375
2017-06-27,91.0625,69.09375,67.28125,73.578125,72.34375,71.671875,68.84375,63.5625,56.109375,51.890625,65.46875,86.984375,91.390625,82.296875,80.671875,101.53125,139.171875,180.8125,161.796875,110.953125,84.078125,92.953125,106.921875,108.703125,111.4375,139.859375,174.21875,171.828125,140.953125,140.21875
2017-06-28,69.09375,67.28125,73.578125,72.34375,71.671875,68.84375,63.5625,56.109375,51.890625,65.46875,86.984375,91.390625,82.296875,80.671875,101.53125,139.171875,180.8125,161.796875,110.953125,84.078125,92.953125,106.921875,108.703125,111.4375,139.859375,174.21875,171.828125,140.953125,140.21875,141.71875
2017-06-29,67.28125,73.578125,72.34375,71.671875,68.84375,63.5625,56.109375,51.890625,65.46875,86.984375,91.390625,82.296875,80.671875,101.53125,139.171875,180.8125,161.796875,110.953125,84.078125,92.953125,106.921875,108.703125,111.4375,139.859375,174.21875,171.828125,140.953125,140.21875,141.71875,216.140625
2017-06-30,73.578125,72.34375,71.671875,68.84375,63.5625,56.109375,51.890625,65.46875,86.984375,91.390625,82.296875,80.671875,101.53125,139.171875,180.8125,161.796875,110.953125,84.078125,92.953125,106.921875,108.703125,111.4375,139.859375,174.21875,171.828125,140.953125,140.21875,141.71875,216.140625,354.90625
2017-07-01,86.90625,84.328125,70.671875,72.3125,117.859375,126.6875,102.765625,91.34375,82.40625,70.890625,82.328125,91.0,90.046875,91.125,82.8125,69.515625,61.296875,75.640625,124.109375,178.96875,174.984375,147.078125,121.28125,99.921875,94.40625,216.546875,461.6875,560.65625,394.578125,236.125
2017-07-02,84.328125,70.671875,72.3125,117.859375,126.6875,102.765625,91.34375,82.40625,70.890625,82.328125,91.0,90.046875,91.125,82.8125,69.515625,61.296875,75.640625,124.109375,178.96875,174.984375,147.078125,121.28125,99.921875,94.40625,216.546875,461.6875,560.65625,394.578125,236.125,170.125
2017-07-03,70.671875,72.3125,117.859375,126.6875,102.765625,91.34375,82.40625,70.890625,82.328125,91.0,90.046875,91.125,82.8125,69.515625,61.296875,75.640625,124.109375,178.96875,174.984375,147.078125,121.28125,99.921875,94.40625,216.546875,461.6875,560.65625,394.578125,236.125,170.125,134.625
2017-07-04,75.109375,63.875,64.171875,101.46875,105.984375,75.8125,62.859375,75.578125,84.640625,90.453125,88.828125,74.6875,63.015625,56.34375,134.859375,156.65625,105.25,71.671875,55.875,50.828125,51.328125,132.546875,377.453125,438.09375,401.765625,304.453125,204.03125,146.6875,117.09375,104.828125
2017-07-05,63.875,64.171875,101.46875,105.984375,75.8125,62.859375,75.578125,84.640625,90.453125,88.828125,74.6875,63.015625,56.34375,134.859375,156.65625,105.25,71.671875,55.875,50.828125,51.328125,132.546875,377.453125,438.09375,401.765625,304.453125,204.03125,146.6875,117.09375,104.828125,94.390625
2017-07-06,64.171875,101.46875,105.984375,75.8125,62.859375,75.578125,84.640625,90.453125,88.828125,74.6875,63.015625,56.34375,134.859375,156.65625,105.25,71.671875,55.875,50.828125,51.328125,132.546875,377.453125,438.09375,401.765625,304.453125,204.03125,146.6875,117.09375,104.828125,94.390625,82.625
2017-07-07,101.46875,105.984375,75.8125,62.859375,75.578125,84.640625,90.453125,88.828125,74.6875,63.015625,56.34375,134.859375,156.65625,105.25,71.671875,55.875,50.828125,51.328125,132.546875,377.453125,438.09375,401.765625,304.453125,204.03125,146.6875,117.09375,104.828125,94.390625,82.625,86.3125
2017-07-08,86.375,65.046875,51.21875,54.984375,64.59375,85.984375,258.859375,307.0,391.578125,338.671875,233.703125,201.671875,166.390625,157.15625,141.328125,125.03125,220.375,306.765625,277.96875,205.71875,155.40625,123.40625,153.78125,168.984375,172.921875,191.890625,200.796875,209.75,191.75,146.984375
2017-07-09,65.046875,51.21875,54.984375,64.59375,85.984375,258.859375,307.0,391.578125,338.671875,233.703125,201.671875,166.390625,157.15625,141.328125,125.03125,220.375,306.765625,277.96875,205.71875,155.40625,123.40625,153.78125,168.984375,172.921875,191.890625,200.796875,209.75,191.75,146.984375,108.375
2017-07-10,51.21875,54.984375,64.59375,85.984375,258.859375,307.0,391.578125,338.671875,233.703125,201.671875,166.390625,157.15625,141.328125,125.03125,220.375,306.765625,277.96875,205.71875,155.40625,123.40625,153.78125,168.984375,172.921875,191.890625,200.796875,209.75,191.75,146.984375,108.375,87.859375
2017-07-11,93.234375,110.90625,121.171875,116.359375,88.8125,92.3125,111.265625,161.953125,171.203125,133.140625,99.96875,87.375,106.640625,115.875,105.25,91.625,147.78125,225.953125,304.1875,358.46875,425.875,333.84375,221.390625,175.609375,145.28125,121.859375,112.140625,103.53125,101.46875,109.484375
2017-07-12,110.90625,121.171875,116.359375,88.8125,92.3125,111.265625,161.953125,171.203125,133.140625,99.96875,87.375,106.640625,115.875,105.25,91.625,147.78125,225.953125,304.1875,358.46875,425.875,333.84375,221.390625,175.609375,145.28125,121.859375,112.140625,103.53125,101.46875,109.484375,146.703125
2017-07-13,121.171875,116.359375,88.8125,92.3125,111.265625,161.953125,171.203125,133.140625,99.96875,87.375,106.640625,115.875,105.25,91.625,147.78125,225.953125,304.1875,358.46875,425.875,333.84375,221.390625,175.609375,145.28125,121.859375,112.140625,103.53125,101.46875,109.484375,146.703125,202.4375
2017-07-14,116.359375,88.8125,92.3125,111.265625,161.953125,171.203125,133.140625,99.96875,87.375,106.640625,115.875,105.25,91.625,147.78125,225.953125,304.1875,358.46875,425.875,333.84375,221.390625,175.609375,145.28125,121.859375,112.140625,103.53125,101.46875,109.484375,146.703125,202.4375,186.4375
2017-07-15,187.578125,154.171875,164.4375,218.59375,221.109375,205.703125,152.09375,106.125,91.078125,102.734375,147.78125,203.75,172.4375,129.8125,105.90625,84.59375,79.09375,80.171875,81.375,91.953125,108.3125,100.671875,79.9375,68.90625,71.5,87.203125,127.484375,145.375,219.25,255.796875
2017-07-16,154.171875,164.4375,218.59375,221.109375,205.703125,152.09375,106.125,91.078125,102.734375,147.78125,203.75,172.4375,129.8125,105.90625,84.59375,79.09375,80.171875,81.375,91.953125,108.3125,100.671875,79.9375,68.90625,71.5,87.203125,127.484375,145.375,219.25,255.796875,193.875
2017-07-17,164.4375,218.59375,221.109375,205.703125,152.09375,106.125,91.078125,102.734375,147.78125,203.75,172.4375,129.8125,105.90625,84.59375,79.09375,80.171875,81.375,91.953125,108.3125,100.671875,79.9375,68.90625,71.5,87.203125,127.484375,145.375,219.25,255.796875,193.875,134.28125
2017-07-18,299.515625,249.328125,200.21875,159.75,139.59375,120.3125,118.28125,120.5,117.390625,118.859375,114.484375,107.90625,105.625,115.03125,131.015625,127.859375,148.34375,215.921875,312.5625,344.1875,540.40625,474.859375,310.46875,217.796875,193.6875,290.421875,338.46875,308.578125,263.953125,221.234375
2017-07-19,249.328125,200.21875,159.75,139.59375,120.3125,118.28125,120.5,117.390625,118.859375,114.484375,107.90625,105.625,115.03125,131.015625,127.859375,148.34375,215.921875,312.5625,344.1875,540.40625,474.859375,310.46875,217.796875,193.6875,290.421875,338.46875,308.578125,263.953125,221.234375,226.65625
2017-07-20,200.21875,159.75,139.59375,120.3125,118.28125,120.5,117.390625,118.859375,114.484375,107.90625,105.625,115.03125,131.015625,127.859375,148.34375,215.921875,312.5625,344.1875,540.40625,474.859375,310.46875,217.796875,193.6875,290.421875,338.46875,308.578125,263.953125,221.234375,226.65625,242.828125
2017-07-21,159.75,139.59375,120.3125,118.28125,120.5,117.390625,118.859375,114.484375,107.90625,105.625,115.03125,131.015625,127.859375,148.34375,215.921875,312.5625,344.1875,540.40625,474.859375,310.46875,217.796875,193.6875,290.421875,338.46875,308.578125,263.953125,221.234375,226.65625,242.828125,225.59375
2017-07-22,188.953125,145.359375,127.15625,171.125,306.125,308.296875,239.828125,186.203125,156.875,148.859375,182.109375,274.296875,260.9375,217.53125,238.234375,283.984375,258.046875,220.5625,210.796875,204.265625,196.40625,204.96875,221.140625,244.40625,243.859375,240.921875,283.515625,257.921875,192.984375,153.71875
2017-07-23,145.359375,127.15625,171.125,306.125,308.296875,239.828125,186.203125,156.875,148.859375,182.109375,274.296875,260.9375,217.53125,238.234375,283.984375,258.046875,220.5625,210.796875,204.265625,196.40625,204.96875,221.140625,244.40625,243.859375,240.921875,283.515625,257.921875,192.984375,153.71875,137.78125
2017-07-24,127.15625,171.125,306.125,308.296875,239.828125,186.203125,156.875,148.859375,182.109375,274.296875,260.9375,217.53125,238.234375,283.984375,258.046875,220.5625,210.796875,204.265625,196.40625,204.96875,221.140625,244.40625,243.859375,240.921875,283.515625,257.921875,192.984375,153.71875,137.78125,133.359375
2017-07-25,268.0625,363.15625,377.375,339.03125,297.453125,251.875,213.890625,186.984375,174.296875,166.265625,158.84375,149.53125,132.96875,122.8125,120.828125,116.828125,112.5,106.359375,99.125,92.5,87.703125,91.140625,92.484375,90.796875,98.796875,111.453125,125.890625,144.5625,141.640625,149.796875
2017-07-26,363.15625,377.375,339.03125,297.453125,251.875,213.890625,186.984375,174.296875,166.265625,158.84375,149.53125,132.96875,122.8125,120.828125,116.828125,112.5,106.359375,99.125,92.5,87.703125,91.140625,92.484375,90.796875,98.796875,111.453125,125.890625,144.5625,141.640625,149.796875,285.734375
2017-07-27,377.375,339.03125,297.453125,251.875,213.890625,186.984375,174.296875,166.265625,158.84375,149.53125,132.96875,122.8125,120.828125,116.828125,112.5,106.359375,99.125,92.5,87.703125,91.140625,92.484375,90.796875,98.796875,111.453125,125.890625,144.5625,141.640625,149.796875,285.734375,373.234375
2017-07-28,339.03125,297.453125,251.875,213.890625,186.984375,174.296875,166.265625,158.84375,149.53125,132.96875,122.8125,120.828125,116.828125,112.5,106.359375,99.125,92.5,87.703125,91.140625,92.484375,90.796875,98.796875,111.453125,125.890625,144.5625,141.640625,149.796875,285.734375,373.234375,307.03125
2017-07-29,298.15625,261.828125,227.53125,198.4375,183.078125,179.0,180.390625,171.046875,155.140625,138.046875,131.046875,136.15625,149.421875,163.625,157.328125,133.390625,111.890625,104.3125,102.625,105.03125,101.46875,107.09375,115.453125,107.90625,92.9375,79.3125,102.015625,147.46875,136.203125,113.234375
2017-07-30,261.828125,227.53125,198.4375,183.078125,179.0,180.390625,171.046875,155.140625,138.046875,131.046875,136.15625,149.421875,163.625,157.328125,133.390625,111.890625,104.3125,102.625,105.03125,101.46875,107.09375,115.453125,107.90625,92.9375,79.3125,102.015625,147.46875,136.203125,113.234375,108.515625
2017-07-31,227.53125,198.4375,183.078125,179.0,180.390625,171.046875,155.140625,138.046875,131.046875,136.15625,149.421875,163.625,157.328125,133.390625,111.890625,104.3125,102.625,105.03125,101.46875,107.09375,115.453125,107.90625,92.9375,79.3125,102.015625,147.46875,136.203125,113.234375,108.515625,97.65625
2017-08-01,183.765625,181.796875,197.65625,239.859375,288.015625,244.34375,188.5,163.453125,150.53125,142.65625,144.734375,137.0625,120.203125,123.921875,121.5625,107.234375,105.46875,117.96875,120.859375,111.140625,127.484375,649.578125,1098.328125,835.1875,690.859375,621.28125,502.9375,380.34375,297.1875,253.234375
2017-08-02,181.796875,197.65625,239.859375,288.015625,244.34375,188.5,163.453125,150.53125,142.65625,144.734375,137.0625,120.203125,123.921875,121.5625,107.234375,105.46875,117.96875,120.859375,111.140625,127.484375,649.578125,1098.328125,835.1875,690.859375,621.28125,502.9375,380.34375,297.1875,253.234375,235.125
2017-08-03,197.65625,239.859375,288.015625,244.34375,188.5,163.453125,150.53125,142.65625,144.734375,137.0625,120.203125,123.921875,121.5625,107.234375,105.46875,117.96875,120.859375,111.140625,127.484375,649.578125,1098.328125,835.1875,690.859375,621.28125,502.9375,380.34375,297.1875,253.234375,235.125,247.171875
2017-08-04,239.859375,288.015625,244.34375,188.5,163.453125,150.53125,142.65625,144.734375,137.0625,120.203125,123.921875,121.5625,107.234375,105.46875,117.96875,120.859375,111.140625,127.484375,649.578125,1098.328125,835.1875,690.859375,621.28125,502.9375,380.34375,297.1875,253.234375,235.125,247.171875,241.796875
2017-08-05,301.625,277.546875,206.609375,178.671875,154.953125,130.125,118.359375,110.25,104.265625,102.234375,117.015625,133.609375,136.84375,131.8125,129.75,207.34375,211.15625,158.625,151.90625,138.34375,141.21875,167.25,161.5625,163.296875,155.90625,130.0,133.25,140.21875,124.53125,107.109375
2017-08-06,277.546875,206.609375,178.671875,154.953125,130.125,118.359375,110.25,104.265625,102.234375,117.015625,133.609375,136.84375,131.8125,129.75,207.34375,211.15625,158.625,151.90625,138.34375,141.21875,167.25,161.5625,163.296875,155.90625,130.0,133.25,140.21875,124.53125,107.109375,124.640625
2017-08-07,206.609375,178.671875,154.953125,130.125,118.359375,110.25,104.265625,102.234375,117.015625,133.609375,136.84375,131.8125,129.75,207.34375,211.15625,158.625,151.90625,138.34375,141.21875,167.25,161.5625,163.296875,155.90625,130.0,133.25,140.21875,124.53125,107.109375,124.640625,190.75
2017-08-08,130.609375,124.9375,138.65625,143.671875,138.90625,145.703125,150.015625,150.53125,144.125,144.78125,136.984375,167.625,181.390625,217.5625,200.515625,143.890625,120.03125,124.0625,155.4375,323.796875,603.953125,643.578125,436.375,288.71875,230.25,213.609375,256.28125,279.765625,346.78125,468.0625
2017-08-09,124.9375,138.65625,143.671875,138.90625,145.703125,150.015625,150.53125,144.125,144.78125,136.984375,167.625,181.390625,217.5625,200.515625,143.890625,120.03125,124.0625,155.4375,323.796875,603.953125,643.578125,436.375,288.71875,230.25,213.609375,256.28125,279.765625,346.78125,468.0625,448.6171875
2017-08-10,138.65625,143.671875,138.90625,145.703125,150.015625,150.53125,144.125,144.78125,136.984375,167.625,181.390625,217.5625,200.515625,143.890625,120.03125,124.0625,155.4375,323.796875,603.953125,643.578125,436.375,288.71875,230.25,213.609375,256.28125,279.765625,346.78125,468.0625,448.6171875,372.71875
2017-08-11,143.671875,138.90625,145.703125,150.015625,150.53125,144.125,144.78125,136.984375,167.625,181.390625,217.5625,200.515625,143.890625,120.03125,124.0625,155.4375,323.796875,603.953125,643.578125,436.375,288.71875,230.25,213.609375,256.28125,279.765625,346.78125,468.0625,448.6171875,372.71875,284.7421875
2017-08-12,100.484375,94.28125,104.671875,105.203125,102.328125,114.421875,129.125,153.515625,138.484375,115.796875,113.171875,125.609375,133.125,125.90625,116.109375,109.828125,111.703125,99.8125,78.484375,66.125,63.765625,69.015625,72.03125,76.265625,79.359375,82.96875,198.125,264.9140625,225.703125,214.8046875
2017-08-13,94.28125,104.671875,105.203125,102.328125,114.421875,129.125,153.515625,138.484375,115.796875,113.171875,125.609375,133.125,125.90625,116.109375,109.828125,111.703125,99.8125,78.484375,66.125,63.765625,69.015625,72.03125,76.265625,79.359375,82.96875,198.125,264.9140625,225.703125,214.8046875,227.6328125
2017-08-14,104.671875,105.203125,102.328125,114.421875,129.125,153.515625,138.484375,115.796875,113.171875,125.609375,133.125,125.90625,116.109375,109.828125,111.703125,99.8125,78.484375,66.125,63.765625,69.015625,72.03125,76.265625,79.359375,82.96875,198.125,264.9140625,225.703125,214.8046875,227.6328125,234.0625
2017-08-15,163.328125,147.21875,172.640625,219.859375,199.796875,153.125,115.359375,93.171875,89.171875,100.125,106.984375,108.09375,111.640625,149.296875,205.0,340.8125,380.90625,270.578125,200.484375,176.015625,153.90625,133.140625,120.3125,122.8046875,129.0078125,126.703125,123.0078125,143.1015625,141.34375,132.546875
2017-08-16,147.21875,172.640625,219.859375,199.796875,153.125,115.359375,93.171875,89.171875,100.125,106.984375,108.09375,111.640625,149.296875,205.0,340.8125,380.90625,270.578125,200.484375,176.015625,153.90625,133.140625,120.3125,122.8046875,129.0078125,126.703125,123.0078125,143.1015625,141.34375,132.546875,171.3359375
2017-08-17,172.640625,219.859375,199.796875,153.125,115.359375,93.171875,89.171875,100.125,106.984375,108.09375,111.640625,149.296875,205.0,340.8125,380.90625,270.578125,200.484375,176.015625,153.90625,133.140625,120.3125,122.8046875,129.0078125,126.703125,123.0078125,143.1015625,141.34375,132.546875,171.3359375,231.3828125
2017-08-18,219.859375,199.796875,153.125,115.359375,93.171875,89.171875,100.125,106.984375,108.09375,111.640625,149.296875,205.0,340.8125,380.90625,270.578125,200.484375,176.015625,153.90625,133.140625,120.3125,122.8046875,129.0078125,126.703125,123.0078125,143.1015625,141.34375,132.546875,171.3359375,231.3828125,276.859375
2017-08-19,254.203125,223.34375,166.328125,137.09375,143.125,231.859375,241.25,174.890625,128.796875,116.09375,120.21875,129.609375,146.65625,239.515625,230.40625,157.53125,112.796875,88.609375,77.21875,84.46875,131.953125,176.0390625,186.6796875,173.90625,145.1796875,148.5625,167.90625,154.3984375,266.5703125,338.90625
2017-08-20,223.34375,166.328125,137.09375,143.125,231.859375,241.25,174.890625,128.796875,116.09375,120.21875,129.609375,146.65625,239.515625,230.40625,157.53125,112.796875,88.609375,77.21875,84.46875,131.953125,176.0390625,186.6796875,173.90625,145.1796875,148.5625,167.90625,154.3984375,266.5703125,338.90625,283.40625
2017-08-21,166.328125,137.09375,143.125,231.859375,241.25,174.890625,128.796875,116.09375,120.21875,129.609375,146.65625,239.515625,230.40625,157.53125,112.796875,88.609375,77.21875,84.46875,131.953125,176.0390625,186.6796875,173.90625,145.1796875,148.5625,167.90625,154.3984375,266.5703125,338.90625,283.40625,278.1328125
2017-08-22,153.859375,128.171875,116.28125,105.234375,112.578125,132.140625,243.296875,274.71875,195.921875,131.921875,104.859375,101.265625,109.875,127.109375,129.390625,131.6875,125.9296875,112.2734375,119.21875,120.3515625,146.6796875,171.859375,140.546875,102.09375,96.53125,127.953125,160.9296875,189.1484375,214.6171875,205.4765625
2017-08-23,128.171875,116.28125,105.234375,112.578125,132.140625,243.296875,274.71875,195.921875,131.921875,104.859375,101.265625,109.875,127.109375,129.390625,131.6875,125.9296875,112.2734375,119.21875,120.3515625,146.6796875,171.859375,140.546875,102.09375,96.53125,127.953125,160.9296875,189.1484375,214.6171875,205.4765625,210.4375
2017-08-24,116.28125,105.234375,112.578125,132.140625,243.296875,274.71875,195.921875,131.921875,104.859375,101.265625,109.875,127.109375,129.390625,131.6875,125.9296875,112.2734375,119.21875,120.3515625,146.6796875,171.859375,140.546875,102.09375,96.53125,127.953125,160.9296875,189.1484375,214.6171875,205.4765625,210.4375,180.8828125
2017-08-25,105.234375,112.578125,132.140625,243.296875,274.71875,195.921875,131.921875,104.859375,101.265625,109.875,127.109375,129.390625,131.6875,125.9296875,112.2734375,119.21875,120.3515625,146.6796875,171.859375,140.546875,102.09375,96.53125,127.953125,160.9296875,189.1484375,214.6171875,205.4765625,210.4375,180.8828125,136.7578125
2017-08-26,165.515625,161.28125,141.96875,115.21875,92.109375,82.5625,85.15625,82.4375,81.0,108.359375,138.46875,154.328125,140.1015625,114.0859375,108.90625,114.40625,130.921875,144.125,132.8359375,130.09375,115.75,93.71875,91.125,105.5859375,116.6484375,135.4140625,138.8125,117.078125,91.5625,68.953125
2017-08-27,161.28125,141.96875,115.21875,92.109375,82.5625,85.15625,82.4375,81.0,108.359375,138.46875,154.328125,140.1015625,114.0859375,108.90625,114.40625,130.921875,144.125,132.8359375,130.09375,115.75,93.71875,91.125,105.5859375,116.6484375,135.4140625,138.8125,117.078125,91.5625,68.953125,53.71875
2017-08-28,141.96875,115.21875,92.109375,82.5625,85.15625,82.4375,81.0,108.359375,138.46875,154.328125,140.1015625,114.0859375,108.90625,114.40625,130.921875,144.125,132.8359375,130.09375,115.75,93.71875,91.125,105.5859375,116.6484375,135.4140625,138.8125,117.078125,91.5625,68.953125,53.71875,60.171875
2017-08-29,176.5625,129.46875,104.78125,88.625,81.0,82.71875,86.75,84.703125,80.6875,82.8046875,105.3515625,132.765625,167.6171875,183.7578125,153.703125,120.6640625,116.90625,147.7734375,178.9453125,296.6015625,419.46875,609.578125,563.84375,432.5625,361.4296875,318.34375,327.203125,346.5234375,377.671875,388.0625
2017-08-30,129.46875,104.78125,88.625,81.0,82.71875,86.75,84.703125,80.6875,82.8046875,105.3515625,132.765625,167.6171875,183.7578125,153.703125,120.6640625,116.90625,147.7734375,178.9453125,296.6015625,419.46875,609.578125,563.84375,432.5625,361.4296875,318.34375,327.203125,346.5234375,377.671875,388.0625,357.234375
2017-08-31,104.78125,88.625,81.0,82.71875,86.75,84.703125,80.6875,82.8046875,105.3515625,132.765625,167.6171875,183.7578125,153.703125,120.6640625,116.90625,147.7734375,178.9453125,296.6015625,419.46875,609.578125,563.84375,432.5625,361.4296875,318.34375,327.203125,346.5234375,377.671875,388.0625,357.234375,308.21875
2017-09-01,88.625,81.0,82.71875,86.75,84.703125,80.6875,82.8046875,105.3515625,132.765625,167.6171875,183.7578125,153.703125,120.6640625,116.90625,147.7734375,178.9453125,296.6015625,419.46875,609.578125,563.84375,432.5625,361.4296875,318.34375,327.203125,346.5234375,377.671875,388.0625,357.234375,308.21875,252.59375
2017-09-02,103.5625,99.46875,111.453125,109.453125,97.953125,87.3671875,82.859375,84.96875,83.5,75.4140625,65.40625,60.375,61.1796875,91.84375,130.6640625,117.8828125,91.53125,85.421875,93.4296875,94.7734375,86.265625,73.484375,61.609375,53.40625,66.25,113.59375,152.8984375,172.8515625,171.671875,159.1640625
2017-09-03,99.46875,111.453125,109.453125,97.953125,87.3671875,82.859375,84.96875,83.5,75.4140625,65.40625,60.375,61.1796875,91.84375,130.6640625,117.8828125,91.53125,85.421875,93.4296875,94.7734375,86.265625,73.484375,61.609375,53.40625,66.25,113.59375,152.8984375,172.8515625,171.671875,159.1640625,203.859375
2017-09-04,111.453125,109.453125,97.953125,87.3671875,82.859375,84.96875,83.5,75.4140625,65.40625,60.375,61.1796875,91.84375,130.6640625,117.8828125,91.53125,85.421875,93.4296875,94.7734375,86.265625,73.484375,61.609375,53.40625,66.25,113.59375,152.8984375,172.8515625,171.671875,159.1640625,203.859375,199.953125
2017-09-05,89.046875,81.125,78.09375,74.828125,86.7734375,99.9140625,110.828125,118.1640625,108.4921875,93.0703125,107.34375,123.421875,114.078125,107.15625,132.8203125,149.96875,182.1953125,230.390625,359.453125,423.6796875,389.5625,295.3828125,200.359375,142.2421875,112.5859375,95.7421875,108.578125,153.5703125,152.7734375,128.2890625
2017-09-06,81.125,78.09375,74.828125,86.7734375,99.9140625,110.828125,118.1640625,108.4921875,93.0703125,107.34375,123.421875,114.078125,107.15625,132.8203125,149.96875,182.1953125,230.390625,359.453125,423.6796875,389.5625,295.3828125,200.359375,142.2421875,112.5859375,95.7421875,108.578125,153.5703125,152.7734375,128.2890625,148.0
2017-09-07,78.09375,74.828125,86.7734375,99.9140625,110.828125,118.1640625,108.4921875,93.0703125,107.34375,123.421875,114.078125,107.15625,132.8203125,149.96875,182.1953125,230.390625,359.453125,423.6796875,389.5625,295.3828125,200.359375,142.2421875,112.5859375,95.7421875,108.578125,153.5703125,152.7734375,128.2890625,148.0,146.7109375
2017-09-08,74.828125,86.7734375,99.9140625,110.828125,118.1640625,108.4921875,93.0703125,107.34375,123.421875,114.078125,107.15625,132.8203125,149.96875,182.1953125,230.390625,359.453125,423.6796875,389.5625,295.3828125,200.359375,142.2421875,112.5859375,95.7421875,108.578125,153.5703125,152.7734375,128.2890625,148.0,146.7109375,122.234375
2017-09-09,94.203125,112.5625,118.6484375,98.0703125,82.5390625,94.3359375,158.6953125,180.8046875,156.9375,133.1484375,150.1015625,148.53125,125.6484375,116.203125,105.5859375,114.8046875,159.0625,187.3046875,186.09375,227.3203125,192.5234375,138.875,117.9765625,99.9765625,119.203125,153.84375,168.359375,184.5859375,211.1171875,207.21875
2017-09-10,112.5625,118.6484375,98.0703125,82.5390625,94.3359375,158.6953125,180.8046875,156.9375,133.1484375,150.1015625,148.53125,125.6484375,116.203125,105.5859375,114.8046875,159.0625,187.3046875,186.09375,227.3203125,192.5234375,138.875,117.9765625,99.9765625,119.203125,153.84375,168.359375,184.5859375,211.1171875,207.21875,169.3046875
2017-09-11,118.6484375,98.0703125,82.5390625,94.3359375,158.6953125,180.8046875,156.9375,133.1484375,150.1015625,148.53125,125.6484375,116.203125,105.5859375,114.8046875,159.0625,187.3046875,186.09375,227.3203125,192.5234375,138.875,117.9765625,99.9765625,119.203125,153.84375,168.359375,184.5859375,211.1171875,207.21875,169.3046875,144.609375
2017-09-12,114.9609375,101.53125,93.6484375,93.3125,99.3125,106.3671875,114.8984375,127.0625,140.0546875,130.359375,137.0546875,132.109375,118.078125,123.21875,160.8984375,157.75,135.6640625,110.8359375,103.890625,107.5703125,105.8359375,109.921875,102.8515625,90.7265625,113.5625,147.8671875,189.1953125,198.1484375,173.0390625,154.5859375
2017-09-13,101.53125,93.6484375,93.3125,99.3125,106.3671875,114.8984375,127.0625,140.0546875,130.359375,137.0546875,132.109375,118.078125,123.21875,160.8984375,157.75,135.6640625,110.8359375,103.890625,107.5703125,105.8359375,109.921875,102.8515625,90.7265625,113.5625,147.8671875,189.1953125,198.1484375,173.0390625,154.5859375,160.2109375
2017-09-14,93.6484375,93.3125,99.3125,106.3671875,114.8984375,127.0625,140.0546875,130.359375,137.0546875,132.109375,118.078125,123.21875,160.8984375,157.75,135.6640625,110.8359375,103.890625,107.5703125,105.8359375,109.921875,102.8515625,90.7265625,113.5625,147.8671875,189.1953125,198.1484375,173.0390625,154.5859375,160.2109375,138.28125
2017-09-15,93.3125,99.3125,106.3671875,114.8984375,127.0625,140.0546875,130.359375,137.0546875,132.109375,118.078125,123.21875,160.8984375,157.75,135.6640625,110.8359375,103.890625,107.5703125,105.8359375,109.921875,102.8515625,90.7265625,113.5625,147.8671875,189.1953125,198.1484375,173.0390625,154.5859375,160.2109375,138.28125,94.2421875
2017-09-16,186.421875,175.796875,143.265625,125.0,106.5078125,110.453125,150.5625,154.296875,122.640625,101.59375,169.5859375,211.5390625,186.765625,170.7734375,191.9375,177.140625,149.9453125,123.0,116.1875,125.3828125,123.53125,113.4140625,122.1015625,139.5078125,247.625,345.0234375,318.515625,300.2890625,297.1171875,261.6328125
2017-09-17,175.796875,143.265625,125.0,106.5078125,110.453125,150.5625,154.296875,122.640625,101.59375,169.5859375,211.5390625,186.765625,170.7734375,191.9375,177.140625,149.9453125,123.0,116.1875,125.3828125,123.53125,113.4140625,122.1015625,139.5078125,247.625,345.0234375,318.515625,300.2890625,297.1171875,261.6328125,231.75
2017-09-18,143.265625,125.0,106.5078125,110.453125,150.5625,154.296875,122.640625,101.59375,169.5859375,211.5390625,186.765625,170.7734375,191.9375,177.140625,149.9453125,123.0,116.1875,125.3828125,123.53125,113.4140625,122.1015625,139.5078125,247.625,345.0234375,318.515625,300.2890625,297.1171875,261.6328125,231.75,214.3984375
2017-09-19,78.2265625,67.3984375,67.0390625,83.96875,97.6171875,100.40625,109.2109375,113.1875,121.9453125,139.7734375,162.40625,161.3359375,144.1328125,123.875,131.4296875,144.578125,137.53125,113.8203125,138.2421875,154.1796875,124.234375,111.90625,107.5703125,102.5078125,91.1484375,113.0,134.59375,189.71875,257.1796875,258.9375
2017-09-20,67.3984375,67.0390625,83.96875,97.6171875,100.40625,109.2109375,113.1875,121.9453125,139.7734375,162.40625,161.3359375,144.1328125,123.875,131.4296875,144.578125,137.53125,113.8203125,138.2421875,154.1796875,124.234375,111.90625,107.5703125,102.5078125,91.1484375,113.0,134.59375,189.71875,257.1796875,258.9375,188.0625
2017-09-21,67.0390625,83.96875,97.6171875,100.40625,109.2109375,113.1875,121.9453125,139.7734375,162.40625,161.3359375,144.1328125,123.875,131.4296875,144.578125,137.53125,113.8203125,138.2421875,154.1796875,124.234375,111.90625,107.5703125,102.5078125,91.1484375,113.0,134.59375,189.71875,257.1796875,258.9375,188.0625,120.75
2017-09-22,83.96875,97.6171875,100.40625,109.2109375,113.1875,121.9453125,139.7734375,162.40625,161.3359375,144.1328125,123.875,131.4296875,144.578125,137.53125,113.8203125,138.2421875,154.1796875,124.234375,111.90625,107.5703125,102.5078125,91.1484375,113.0,134.59375,189.71875,257.1796875,258.9375,188.0625,120.75,86.390625
2017-09-23,227.796875,174.3828125,147.96875,120.5546875,100.2734375,108.40625,141.9921875,145.609375,152.7265625,151.7578125,188.8828125,189.8046875,153.9765625,130.34375,110.84375,90.0859375,74.1015625,72.2265625,83.46875,102.09375,134.484375,171.7109375,174.484375,175.703125,181.3125,152.15625,112.2734375,87.15625,74.7578125,66.0703125
2017-09-24,174.3828125,147.96875,120.5546875,100.2734375,108.40625,141.9921875,145.609375,152.7265625,151.7578125,188.8828125,189.8046875,153.9765625,130.34375,110.84375,90.0859375,74.1015625,72.2265625,83.46875,102.09375,134.484375,171.7109375,174.484375,175.703125,181.3125,152.15625,112.2734375,87.15625,74.7578125,66.0703125,58.2890625
2017-09-25,147.96875,120.5546875,100.2734375,108.40625,141.9921875,145.609375,152.7265625,151.7578125,188.8828125,189.8046875,153.9765625,130.34375,110.84375,90.0859375,74.1015625,72.2265625,83.46875,102.09375,134.484375,171.7109375,174.484375,175.703125,181.3125,152.15625,112.2734375,87.15625,74.7578125,66.0703125,58.2890625,52.1875
2017-09-26,195.4609375,169.1328125,174.8671875,225.359375,325.78125,323.1796875,267.203125,224.96875,205.1484375,195.0234375,182.5,181.9296875,178.7734375,196.6328125,184.2421875,180.2265625,199.96875,204.1796875,228.6328125,260.8828125,264.84375,213.9140625,191.0390625,188.265625,161.515625,139.3125,126.15625,137.9140625,134.5859375,145.3828125
2017-09-27,169.1328125,174.8671875,225.359375,325.78125,323.1796875,267.203125,224.96875,205.1484375,195.0234375,182.5,181.9296875,178.7734375,196.6328125,184.2421875,180.2265625,199.96875,204.1796875,228.6328125,260.8828125,264.84375,213.9140625,191.0390625,188.265625,161.515625,139.3125,126.15625,137.9140625,134.5859375,145.3828125,190.5390625
2017-09-28,174.8671875,225.359375,325.78125,323.1796875,267.203125,224.96875,205.1484375,195.0234375,182.5,181.9296875,178.7734375,196.6328125,184.2421875,180.2265625,199.96875,204.1796875,228.6328125,260.8828125,264.84375,213.9140625,191.0390625,188.265625,161.515625,139.3125,126.15625,137.9140625,134.5859375,145.3828125,190.5390625,183.0390625
2017-09-29,225.359375,325.78125,323.1796875,267.203125,224.96875,205.1484375,195.0234375,182.5,181.9296875,178.7734375,196.6328125,184.2421875,180.2265625,199.96875,204.1796875,228.6328125,260.8828125,264.84375,213.9140625,191.0390625,188.265625,161.515625,139.3125,126.15625,137.9140625,134.5859375,145.3828125,190.5390625,183.0390625,159.2109375
2017-09-30,225.9296875,170.6171875,142.375,145.1015625,277.5859375,272.96875,195.0859375,149.28125,148.0078125,472.3984375,465.0234375,347.3046875,293.0390625,341.3671875,362.4453125,318.4921875,256.3046875,232.0234375,203.2109375,170.78125,151.375,138.25,148.9921875,147.9296875,127.3125,114.40625,104.4609375,113.5859375,119.9140625,150.40625
2017-10-01,170.6171875,142.375,145.1015625,277.5859375,272.96875,195.0859375,149.28125,148.0078125,472.3984375,465.0234375,347.3046875,293.0390625,341.3671875,362.4453125,318.4921875,256.3046875,232.0234375,203.2109375,170.78125,151.375,138.25,148.9921875,147.9296875,127.3125,114.40625,104.4609375,113.5859375,119.9140625,150.40625,161.9140625
2017-10-02,142.375,145.1015625,277.5859375,272.96875,195.0859375,149.28125,148.0078125,472.3984375,465.0234375,347.3046875,293.0390625,341.3671875,362.4453125,318.4921875,256.3046875,232.0234375,203.2109375,170.78125,151.375,138.25,148.9921875,147.9296875,127.3125,114.40625,104.4609375,113.5859375,119.9140625,150.40625,161.9140625,131.203125
2017-10-03,283.40625,250.1953125,185.328125,146.203125,128.1328125,120.2578125,129.1328125,139.8203125,138.6484375,135.8359375,158.0625,151.90625,125.015625,108.1484375,98.546875,91.90625,87.5234375,90.25,90.8515625,83.640625,74.75,67.859375,64.359375,62.84375,56.90625,51.4296875,47.15625,43.3515625,40.375,39.0703125
2017-10-04,250.1953125,185.328125,146.203125,128.1328125,120.2578125,129.1328125,139.8203125,138.6484375,135.8359375,158.0625,151.90625,125.015625,108.1484375,98.546875,91.90625,87.5234375,90.25,90.8515625,83.640625,74.75,67.859375,64.359375,62.84375,56.90625,51.4296875,47.15625,43.3515625,40.375,39.0703125,39.8046875
2017-10-05,185.328125,146.203125,128.1328125,120.2578125,129.1328125,139.8203125,138.6484375,135.8359375,158.0625,151.90625,125.015625,108.1484375,98.546875,91.90625,87.5234375,90.25,90.8515625,83.640625,74.75,67.859375,64.359375,62.84375,56.90625,51.4296875,47.15625,43.3515625,40.375,39.0703125,39.8046875,38.6796875
2017-10-06,146.203125,128.1328125,120.2578125,129.1328125,139.8203125,138.6484375,135.8359375,158.0625,151.90625,125.015625,108.1484375,98.546875,91.90625,87.5234375,90.25,90.8515625,83.640625,74.75,67.859375,64.359375,62.84375,56.90625,51.4296875,47.15625,43.3515625,40.375,39.0703125,39.8046875,38.6796875,35.8203125
2017-10-07,283.5546875,523.421875,447.1015625,328.5625,269.4765625,232.109375,219.9375,211.0625,209.9296875,217.2265625,244.34375,273.640625,248.2734375,267.53125,247.3671875,212.4140625,247.4453125,256.6015625,219.6015625,184.875,168.296875,146.6171875,121.625,104.96875,92.0859375,82.859375,75.40625,72.453125,68.84375,63.4140625
2017-10-08,523.421875,447.1015625,328.5625,269.4765625,232.109375,219.9375,211.0625,209.9296875,217.2265625,244.34375,273.640625,248.2734375,267.53125,247.3671875,212.4140625,247.4453125,256.6015625,219.6015625,184.875,168.296875,146.6171875,121.625,104.96875,92.0859375,82.859375,75.40625,72.453125,68.84375,63.4140625,59.1015625
2017-10-09,447.1015625,328.5625,269.4765625,232.109375,219.9375,211.0625,209.9296875,217.2265625,244.34375,273.640625,248.2734375,267.53125,247.3671875,212.4140625,247.4453125,256.6015625,219.6015625,184.875,168.296875,146.6171875,121.625,104.96875,92.0859375,82.859375,75.40625,72.453125,68.84375,63.4140625,59.1015625,55.34375
2017-10-10,194.578125,205.359375,297.6484375,331.5,279.84375,262.4140625,348.0859375,369.9765625,280.2421875,220.3671875,195.2890625,188.3203125,201.6484375,196.15625,199.6953125,213.3125,200.296875,169.5703125,142.46875,123.3984375,110.5078125,100.5703125,92.6796875,86.1328125,80.09375,76.421875,70.9921875,67.3359375,64.125,59.9375
2017-10-11,205.359375,297.6484375,331.5,279.84375,262.4140625,348.0859375,369.9765625,280.2421875,220.3671875,195.2890625,188.3203125,201.6484375,196.15625,199.6953125,213.3125,200.296875,169.5703125,142.46875,123.3984375,110.5078125,100.5703125,92.6796875,86.1328125,80.09375,76.421875,70.9921875,67.3359375,64.125,59.9375,56.4765625
2017-10-12,297.6484375,331.5,279.84375,262.4140625,348.0859375,369.9765625,280.2421875,220.3671875,195.2890625,188.3203125,201.6484375,196.15625,199.6953125,213.3125,200.296875,169.5703125,142.46875,123.3984375,110.5078125,100.5703125,92.6796875,86.1328125,80.09375,76.421875,70.9921875,67.3359375,64.125,59.9375,56.4765625,54.0703125
2017-10-13,331.5,279.84375,262.4140625,348.0859375,369.9765625,280.2421875,220.3671875,195.2890625,188.3203125,201.6484375,196.15625,199.6953125,213.3125,200.296875,169.5703125,142.46875,123.3984375,110.5078125,100.5703125,92.6796875,86.1328125,80.09375,76.421875,70.9921875,67.3359375,64.125,59.9375,56.4765625,54.0703125,60.765625
2017-10-14,248.53125,219.59375,187.703125,175.546875,181.3203125,202.109375,215.5234375,193.296875,159.921875,152.7890625,163.8359375,157.109375,130.46875,108.265625,111.4765625,133.6953125,147.0,128.84375,102.328125,84.421875,73.2265625,66.9609375,62.0234375,57.9609375,58.9296875,64.65625,74.515625,76.328125,71.6328125,116.9140625
2017-10-15,219.59375,187.703125,175.546875,181.3203125,202.109375,215.5234375,193.296875,159.921875,152.7890625,163.8359375,157.109375,130.46875,108.265625,111.4765625,133.6953125,147.0,128.84375,102.328125,84.421875,73.2265625,66.9609375,62.0234375,57.9609375,58.9296875,64.65625,74.515625,76.328125,71.6328125,116.9140625,144.1796875
2017-10-16,187.703125,175.546875,181.3203125,202.109375,215.5234375,193.296875,159.921875,152.7890625,163.8359375,157.109375,130.46875,108.265625,111.4765625,133.6953125,147.0,128.84375,102.328125,84.421875,73.2265625,66.9609375,62.0234375,57.9609375,58.9296875,64.65625,74.515625,76.328125,71.6328125,116.9140625,144.1796875,115.265625
2017-10-17,195.6640625,177.671875,158.4765625,170.8671875,184.3984375,194.328125,222.0078125,192.5859375,145.3984375,116.7890625,99.921875,92.1015625,86.3984375,107.9453125,115.9296875,108.8359375,107.4375,106.0390625,112.5625,131.0,217.5859375,219.4921875,153.078125,108.953125,84.2265625,69.15625,58.828125,51.8359375,47.3046875,43.109375
2017-10-18,177.671875,158.4765625,170.8671875,184.3984375,194.328125,222.0078125,192.5859375,145.3984375,116.7890625,99.921875,92.1015625,86.3984375,107.9453125,115.9296875,108.8359375,107.4375,106.0390625,112.5625,131.0,217.5859375,219.4921875,153.078125,108.953125,84.2265625,69.15625,58.828125,51.8359375,47.3046875,43.109375,40.46875
2017-10-19,158.4765625,170.8671875,184.3984375,194.328125,222.0078125,192.5859375,145.3984375,116.7890625,99.921875,92.1015625,86.3984375,107.9453125,115.9296875,108.8359375,107.4375,106.0390625,112.5625,131.0,217.5859375,219.4921875,153.078125,108.953125,84.2265625,69.15625,58.828125,51.8359375,47.3046875,43.109375,40.46875,38.7578125
2017-10-20,170.8671875,184.3984375,194.328125,222.0078125,192.5859375,145.3984375,116.7890625,99.921875,92.1015625,86.3984375,107.9453125,115.9296875,108.8359375,107.4375,106.0390625,112.5625,131.0,217.5859375,219.4921875,153.078125,108.953125,84.2265625,69.15625,58.828125,51.8359375,47.3046875,43.109375,40.46875,38.7578125,37.4140625
2017-10-21,300.34375,299.921875,268.078125,222.5703125,174.5703125,141.28125,130.6640625,133.3359375,125.15625,110.8359375,100.4453125,92.390625,86.40625,82.0859375,86.2890625,87.2109375,81.1015625,79.734375,103.40625,133.5390625,132.75,315.9609375,346.359375,226.8125,148.5390625,107.7578125,84.8203125,77.1796875,106.3671875,116.8671875
2017-10-22,299.921875,268.078125,222.5703125,174.5703125,141.28125,130.6640625,133.3359375,125.15625,110.8359375,100.4453125,92.390625,86.40625,82.0859375,86.2890625,87.2109375,81.1015625,79.734375,103.40625,133.5390625,132.75,315.9609375,346.359375,226.8125,148.5390625,107.7578125,84.8203125,77.1796875,106.3671875,116.8671875,92.140625
2017-10-23,268.078125,222.5703125,174.5703125,141.28125,130.6640625,133.3359375,125.15625,110.8359375,100.4453125,92.390625,86.40625,82.0859375,86.2890625,87.2109375,81.1015625,79.734375,103.40625,133.5390625,132.75,315.9609375,346.359375,226.8125,148.5390625,107.7578125,84.8203125,77.1796875,106.3671875,116.8671875,92.140625,74.1953125
2017-10-24,455.5,389.0859375,262.78125,225.25,199.1875,171.90625,154.5703125,146.5546875,142.890625,145.109375,159.5546875,155.0546875,135.6328125,123.203125,124.5,121.578125,108.4375,101.9140625,108.0625,108.5234375,94.9453125,81.765625,72.3515625,64.390625,58.3203125,53.3046875,49.1875,45.6328125,42.6796875,40.015625
2017-10-25,389.0859375,262.78125,225.25,199.1875,171.90625,154.5703125,146.5546875,142.890625,145.109375,159.5546875,155.0546875,135.6328125,123.203125,124.5,121.578125,108.4375,101.9140625,108.0625,108.5234375,94.9453125,81.765625,72.3515625,64.390625,58.3203125,53.3046875,49.1875,45.6328125,42.6796875,40.015625,39.953125
2017-10-26,262.78125,225.25,199.1875,171.90625,154.5703125,146.5546875,142.890625,145.109375,159.5546875,155.0546875,135.6328125,123.203125,124.5,121.578125,108.4375,101.9140625,108.0625,108.5234375,94.9453125,81.765625,72.3515625,64.390625,58.3203125,53.3046875,49.1875,45.6328125,42.6796875,40.015625,39.953125,41.8671875
2017-10-27,225.25,199.1875,171.90625,154.5703125,146.5546875,142.890625,145.109375,159.5546875,155.0546875,135.6328125,123.203125,124.5,121.578125,108.4375,101.9140625,108.0625,108.5234375,94.9453125,81.765625,72.3515625,64.390625,58.3203125,53.3046875,49.1875,45.6328125,42.6796875,40.015625,39.953125,41.8671875,55.328125
2017-10-28,171.875,136.875,117.671875,107.9453125,102.0390625,97.1875,92.4921875,88.2421875,88.3203125,90.1796875,89.8828125,89.125,94.3125,104.3828125,100.1171875,85.75,74.9375,71.28125,68.8359375,63.3359375,60.3046875,68.9765625,78.1171875,69.9375,62.3984375,70.609375,75.6015625,65.9765625,56.1328125,48.0234375
2017-10-29,136.875,117.671875,107.9453125,102.0390625,97.1875,92.4921875,88.2421875,88.3203125,90.1796875,89.8828125,89.125,94.3125,104.3828125,100.1171875,85.75,74.9375,71.28125,68.8359375,63.3359375,60.3046875,68.9765625,78.1171875,69.9375,62.3984375,70.609375,75.6015625,65.9765625,56.1328125,48.0234375,44.234375
2017-10-30,117.671875,107.9453125,102.0390625,97.1875,92.4921875,88.2421875,88.3203125,90.1796875,89.8828125,89.125,94.3125,104.3828125,100.1171875,85.75,74.9375,71.28125,68.8359375,63.3359375,60.3046875,68.9765625,78.1171875,69.9375,62.3984375,70.609375,75.6015625,65.9765625,56.1328125,48.0234375,44.234375,40.9765625
2017-10-31,122.8984375,134.8125,150.5625,152.9296875,139.859375,126.0859375,130.375,155.8359375,161.3984375,177.8828125,185.1484375,151.5703125,115.6484375,101.2265625,95.9921875,97.9921875,103.6875,100.90625,89.6484375,78.6484375,68.2421875,60.65625,55.9765625,51.84375,51.4609375,52.4921875,48.390625,44.4296875,41.4609375,39.1875
2017-11-01,134.8125,150.5625,152.9296875,139.859375,126.0859375,130.375,155.8359375,161.3984375,177.8828125,185.1484375,151.5703125,115.6484375,101.2265625,95.9921875,97.9921875,103.6875,100.90625,89.6484375,78.6484375,68.2421875,60.65625,55.9765625,51.84375,51.4609375,52.4921875,48.390625,44.4296875,41.4609375,39.1875,37.0546875
2017-11-02,150.5625,152.9296875,139.859375,126.0859375,130.375,155.8359375,161.3984375,177.8828125,185.1484375,151.5703125,115.6484375,101.2265625,95.9921875,97.9921875,103.6875,100.90625,89.6484375,78.6484375,68.2421875,60.65625,55.9765625,51.84375,51.4609375,52.4921875,48.390625,44.4296875,41.4609375,39.1875,37.0546875,35.2734375
2017-11-03,152.9296875,139.859375,126.0859375,130.375,155.8359375,161.3984375,177.8828125,185.1484375,151.5703125,115.6484375,101.2265625,95.9921875,97.9921875,103.6875,100.90625,89.6484375,78.6484375,68.2421875,60.65625,55.9765625,51.84375,51.4609375,52.4921875,48.390625,44.4296875,41.4609375,39.1875,37.0546875,35.2734375,33.328125
2017-11-04,94.3828125,144.40625,313.609375,337.640625,269.234375,233.90625,191.109375,148.984375,141.8203125,154.171875,161.2890625,268.6640625,261.7109375,220.5234375,236.296875,200.7734375,152.421875,124.8984375,108.8125,98.671875,91.484375,86.203125,82.4296875,79.625,76.90625,74.1484375,70.4921875,67.140625,63.515625,60.578125
2017-11-05,144.40625,313.609375,337.640625,269.234375,233.90625,191.109375,148.984375,141.8203125,154.171875,161.2890625,268.6640625,261.7109375,220.5234375,236.296875,200.7734375,152.421875,124.8984375,108.8125,98.671875,91.484375,86.203125,82.4296875,79.625,76.90625,74.1484375,70.4921875,67.140625,63.515625,60.578125,57.9296875
2017-11-06,313.609375,337.640625,269.234375,233.90625,191.109375,148.984375,141.8203125,154.171875,161.2890625,268.6640625,261.7109375,220.5234375,236.296875,200.7734375,152.421875,124.8984375,108.8125,98.671875,91.484375,86.203125,82.4296875,79.625,76.90625,74.1484375,70.4921875,67.140625,63.515625,60.578125,57.9296875,54.96875
2017-11-07,132.7265625,411.6328125,361.9921875,250.7734375,186.390625,137.3359375,119.578125,123.53125,136.578125,162.5078125,178.375,185.2578125,195.65625,188.4296875,164.234375,142.1328125,122.203125,109.7109375,106.1171875,101.2421875,91.015625,81.453125,77.5390625,74.8984375,69.8828125,65.9296875,61.9296875,58.6796875,56.2734375,54.21875
2017-11-08,411.6328125,361.9921875,250.7734375,186.390625,137.3359375,119.578125,123.53125,136.578125,162.5078125,178.375,185.2578125,195.65625,188.4296875,164.234375,142.1328125,122.203125,109.7109375,106.1171875,101.2421875,91.015625,81.453125,77.5390625,74.8984375,69.8828125,65.9296875,61.9296875,58.6796875,56.2734375,54.21875,56.7890625
2017-11-09,361.9921875,250.7734375,186.390625,137.3359375,119.578125,123.53125,136.578125,162.5078125,178.375,185.2578125,195.65625,188.4296875,164.234375,142.1328125,122.203125,109.7109375,106.1171875,101.2421875,91.015625,81.453125,77.5390625,74.8984375,69.8828125,65.9296875,61.9296875,58.6796875,56.2734375,54.21875,56.7890625,77.0703125
2017-11-10,250.7734375,186.390625,137.3359375,119.578125,123.53125,136.578125,162.5078125,178.375,185.2578125,195.65625,188.4296875,164.234375,142.1328125,122.203125,109.7109375,106.1171875,101.2421875,91.015625,81.453125,77.5390625,74.8984375,69.8828125,65.9296875,61.9296875,58.6796875,56.2734375,54.21875,56.7890625,77.0703125,104.3203125
2017-11-11,133.8359375,134.7421875,138.734375,180.5078125,172.9140625,136.3359375,113.359375,97.59375,82.2734375,136.125,188.4609375,194.046875,170.078125,157.28125,138.8828125,115.546875,106.703125,100.3359375,91.8515625,83.140625,75.4765625,70.3203125,67.7734375,76.4296875,82.5390625,75.0,69.75,66.6640625,62.1171875,58.859375
2017-11-12,134.7421875,138.734375,180.5078125,172.9140625,136.3359375,113.359375,97.59375,82.2734375,136.125,188.4609375,194.046875,170.078125,157.28125,138.8828125,115.546875,106.703125,100.3359375,91.8515625,83.140625,75.4765625,70.3203125,67.7734375,76.4296875,82.5390625,75.0,69.75,66.6640625,62.1171875,58.859375,57.359375
2017-11-13,138.734375,180.5078125,172.9140625,136.3359375,113.359375,97.59375,82.2734375,136.125,188.4609375,194.046875,170.078125,157.28125,138.8828125,115.546875,106.703125,100.3359375,91.8515625,83.140625,75.4765625,70.3203125,67.7734375,76.4296875,82.5390625,75.0,69.75,66.6640625,62.1171875,58.859375,57.359375,55.7578125
2017-11-14,179.359375,159.390625,124.1640625,113.5859375,102.265625,131.9609375,277.296875,276.2265625,235.8046875,189.1875,143.7734375,116.7265625,96.3046875,80.984375,73.0859375,68.640625,64.2421875,58.8984375,54.5703125,50.9140625,48.203125,45.8046875,43.625,42.25,41.734375,40.703125,38.9140625,35.7265625,33.984375,32.2109375
2017-11-15,159.390625,124.1640625,113.5859375,102.265625,131.9609375,277.296875,276.2265625,235.8046875,189.1875,143.7734375,116.7265625,96.3046875,80.984375,73.0859375,68.640625,64.2421875,58.8984375,54.5703125,50.9140625,48.203125,45.8046875,43.625,42.25,41.734375,40.703125,38.9140625,35.7265625,33.984375,32.2109375,30.9296875
2017-11-16,124.1640625,113.5859375,102.265625,131.9609375,277.296875,276.2265625,235.8046875,189.1875,143.7734375,116.7265625,96.3046875,80.984375,73.0859375,68.640625,64.2421875,58.8984375,54.5703125,50.9140625,48.203125,45.8046875,43.625,42.25,41.734375,40.703125,38.9140625,35.7265625,33.984375,32.2109375,30.9296875,29.875
2017-11-17,113.5859375,102.265625,131.9609375,277.296875,276.2265625,235.8046875,189.1875,143.7734375,116.7265625,96.3046875,80.984375,73.0859375,68.640625,64.2421875,58.8984375,54.5703125,50.9140625,48.203125,45.8046875,43.625,42.25,41.734375,40.703125,38.9140625,35.7265625,33.984375,32.2109375,30.9296875,29.875,29.859375
2017-11-18,98.0,93.5234375,140.578125,174.8671875,154.2421875,123.7734375,95.6796875,74.5859375,62.453125,57.2578125,53.1015625,50.5234375,49.7421875,53.21875,69.9453125,88.1796875,88.6796875,73.453125,58.6171875,49.7734375,43.09375,38.2109375,34.8828125,32.6953125,31.109375,33.265625,36.7890625,34.9375,31.9921875,29.2265625
2017-11-19,93.5234375,140.578125,174.8671875,154.2421875,123.7734375,95.6796875,74.5859375,62.453125,57.2578125,53.1015625,50.5234375,49.7421875,53.21875,69.9453125,88.1796875,88.6796875,73.453125,58.6171875,49.7734375,43.09375,38.2109375,34.8828125,32.6953125,31.109375,33.265625,36.7890625,34.9375,31.9921875,29.2265625,26.8984375
2017-11-20,140.578125,174.8671875,154.2421875,123.7734375,95.6796875,74.5859375,62.453125,57.2578125,53.1015625,50.5234375,49.7421875,53.21875,69.9453125,88.1796875,88.6796875,73.453125,58.6171875,49.7734375,43.09375,38.2109375,34.8828125,32.6953125,31.109375,33.265625,36.7890625,34.9375,31.9921875,29.2265625,26.8984375,24.859375
2017-11-21,271.3515625,213.9765625,157.21875,113.5703125,89.515625,76.1640625,68.984375,66.7734375,73.5,77.484375,89.0,110.4296875,122.3203125,115.578125,93.890625,76.7890625,67.1328125,58.796875,52.4765625,48.5078125,45.734375,41.90625,39.140625,36.84375,35.421875,34.046875,32.71875,32.0859375,30.109375,28.953125
2017-11-22,213.9765625,157.21875,113.5703125,89.515625,76.1640625,68.984375,66.7734375,73.5,77.484375,89.0,110.4296875,122.3203125,115.578125,93.890625,76.7890625,67.1328125,58.796875,52.4765625,48.5078125,45.734375,41.90625,39.140625,36.84375,35.421875,34.046875,32.71875,32.0859375,30.109375,28.953125,33.625
2017-11-23,157.21875,113.5703125,89.515625,76.1640625,68.984375,66.7734375,73.5,77.484375,89.0,110.4296875,122.3203125,115.578125,93.890625,76.7890625,67.1328125,58.796875,52.4765625,48.5078125,45.734375,41.90625,39.140625,36.84375,35.421875,34.046875,32.71875,32.0859375,30.109375,28.953125,33.625,37.3515625
2017-11-24,113.5703125,89.515625,76.1640625,68.984375,66.7734375,73.5,77.484375,89.0,110.4296875,122.3203125,115.578125,93.890625,76.7890625,67.1328125,58.796875,52.4765625,48.5078125,45.734375,41.90625,39.140625,36.84375,35.421875,34.046875,32.71875,32.0859375,30.109375,28.953125,33.625,37.3515625,35.8125
2017-11-25,74.671875,68.5859375,65.6484375,60.90625,58.7265625,56.625,53.4765625,50.9375,48.828125,46.9140625,45.109375,45.65625,47.7109375,53.5625,56.609375,51.09375,45.7109375,41.0703125,38.203125,42.8984375,47.0390625,43.3203125,37.765625,34.0078125,30.390625,27.7890625,25.890625,24.1328125,22.6484375,21.1796875
2017-11-26,68.5859375,65.6484375,60.90625,58.7265625,56.625,53.4765625,50.9375,48.828125,46.9140625,45.109375,45.65625,47.7109375,53.5625,56.609375,51.09375,45.7109375,41.0703125,38.203125,42.8984375,47.0390625,43.3203125,37.765625,34.0078125,30.390625,27.7890625,25.890625,24.1328125,22.6484375,21.1796875,19.9140625
2017-11-27,65.6484375,60.90625,58.7265625,56.625,53.4765625,50.9375,48.828125,46.9140625,45.109375,45.65625,47.7109375,53.5625,56.609375,51.09375,45.7109375,41.0703125,38.203125,42.8984375,47.0390625,43.3203125,37.765625,34.0078125,30.390625,27.7890625,25.890625,24.1328125,22.6484375,21.1796875,19.9140625,18.9921875
2017-11-28,53.8046875,61.53125,73.8359375,73.0859375,64.3671875,57.9921875,52.7578125,50.28125,51.203125,52.2578125,48.4921875,44.875,42.53125,40.0,37.5234375,35.6328125,34.15625,32.703125,32.390625,35.109375,36.9921875,33.7421875,30.2890625,27.71875,25.6328125,23.875,21.7578125,20.234375,18.8984375,17.734375
2017-11-29,61.53125,73.8359375,73.0859375,64.3671875,57.9921875,52.7578125,50.28125,51.203125,52.2578125,48.4921875,44.875,42.53125,40.0,37.5234375,35.6328125,34.15625,32.703125,32.390625,35.109375,36.9921875,33.7421875,30.2890625,27.71875,25.6328125,23.875,21.7578125,20.234375,18.8984375,17.734375,16.875
2017-11-30,73.8359375,73.0859375,64.3671875,57.9921875,52.7578125,50.28125,51.203125,52.2578125,48.4921875,44.875,42.53125,40.0,37.5234375,35.6328125,34.15625,32.703125,32.390625,35.109375,36.9921875,33.7421875,30.2890625,27.71875,25.6328125,23.875,21.7578125,20.234375,18.8984375,17.734375,16.875,16.109375
2017-12-01,73.0859375,64.3671875,57.9921875,52.7578125,50.28125,51.203125,52.2578125,48.4921875,44.875,42.53125,40.0,37.5234375,35.6328125,34.15625,32.703125,32.390625,35.109375,36.9921875,33.7421875,30.2890625,27.71875,25.6328125,23.875,21.7578125,20.234375,18.8984375,17.734375,16.875,16.109375,15.5234375
2017-12-02,57.046875,57.296875,87.78125,102.4921875,82.34375,65.6015625,55.359375,48.8828125,44.46875,41.15625,38.7109375,36.5234375,34.4765625,33.3046875,32.2578125,30.7578125,30.0625,31.1328125,50.1640625,67.3203125,54.2421875,44.828125,44.46875,42.421875,36.28125,35.8046875,51.90625,81.3203125,95.2578125,83.8359375
2017-12-03,57.296875,87.78125,102.4921875,82.34375,65.6015625,55.359375,48.8828125,44.46875,41.15625,38.7109375,36.5234375,34.4765625,33.3046875,32.2578125,30.7578125,30.0625,31.1328125,50.1640625,67.3203125,54.2421875,44.828125,44.46875,42.421875,36.28125,35.8046875,51.90625,81.3203125,95.2578125,83.8359375,68.4140625
2017-12-04,87.78125,102.4921875,82.34375,65.6015625,55.359375,48.8828125,44.46875,41.15625,38.7109375,36.5234375,34.4765625,33.3046875,32.2578125,30.7578125,30.0625,31.1328125,50.1640625,67.3203125,54.2421875,44.828125,44.46875,42.421875,36.28125,35.8046875,51.90625,81.3203125,95.2578125,83.8359375,68.4140625,57.2421875
2017-12-05,109.40625,96.4375,72.984375,59.0703125,50.8515625,45.5390625,41.7265625,39.3125,36.7421875,34.796875,33.3515625,31.8671875,30.4140625,28.96875,27.859375,26.5625,25.34375,24.6484375,23.265625,21.609375,20.5,19.6640625,18.6484375,17.0703125,16.265625,15.921875,15.0703125,14.265625,13.4609375,12.7578125
2017-12-06,96.4375,72.984375,59.0703125,50.8515625,45.5390625,41.7265625,39.3125,36.7421875,34.796875,33.3515625,31.8671875,30.4140625,28.96875,27.859375,26.5625,25.34375,24.6484375,23.265625,21.609375,20.5,19.6640625,18.6484375,17.0703125,16.265625,15.921875,15.0703125,14.265625,13.4609375,12.7578125,12.3359375
2017-12-07,72.984375,59.0703125,50.8515625,45.5390625,41.7265625,39.3125,36.7421875,34.796875,33.3515625,31.8671875,30.4140625,28.96875,27.859375,26.5625,25.34375,24.6484375,23.265625,21.609375,20.5,19.6640625,18.6484375,17.0703125,16.265625,15.921875,15.0703125,14.265625,13.4609375,12.7578125,12.3359375,11.953125
2017-12-08,59.0703125,50.8515625,45.5390625,41.7265625,39.3125,36.7421875,34.796875,33.3515625,31.8671875,30.4140625,28.96875,27.859375,26.5625,25.34375,24.6484375,23.265625,21.609375,20.5,19.6640625,18.6484375,17.0703125,16.265625,15.921875,15.0703125,14.265625,13.4609375,12.7578125,12.3359375,11.953125,12.1171875
2017-12-09,46.734375,42.5234375,39.2421875,38.0234375,37.6171875,35.6484375,33.625,31.421875,29.7890625,28.71875,27.4453125,26.1953125,25.2578125,24.421875,23.140625,40.796875,154.0625,169.953125,103.734375,67.3671875,47.875,36.5859375,29.4140625,24.3203125,20.921875,18.4296875,17.015625,15.65625,14.7109375,13.546875
2017-12-10,42.5234375,39.2421875,38.0234375,37.6171875,35.6484375,33.625,31.421875,29.7890625,28.71875,27.4453125,26.1953125,25.2578125,24.421875,23.140625,40.796875,154.0625,169.953125,103.734375,67.3671875,47.875,36.5859375,29.4140625,24.3203125,20.921875,18.4296875,17.015625,15.65625,14.7109375,13.546875,12.8046875
2017-12-11,39.2421875,38.0234375,37.6171875,35.6484375,33.625,31.421875,29.7890625,28.71875,27.4453125,26.1953125,25.2578125,24.421875,23.140625,40.796875,154.0625,169.953125,103.734375,67.3671875,47.875,36.5859375,29.4140625,24.3203125,20.921875,18.4296875,17.015625,15.65625,14.7109375,13.546875,12.8046875,11.90625
2017-12-12,36.7421875,36.25,39.34375,40.734375,37.4296875,33.96875,31.5625,29.109375,26.90625,25.953125,29.125,28.1484375,26.1171875,24.453125,22.8671875,20.7734375,35.34375,58.2734375,53.2421875,40.0,30.515625,24.3515625,22.671875,20.3125,17.5859375,15.828125,14.6796875,14.6640625,14.6796875,15.0703125
2017-12-13,36.25,39.34375,40.734375,37.4296875,33.96875,31.5625,29.109375,26.90625,25.953125,29.125,28.1484375,26.1171875,24.453125,22.8671875,20.7734375,35.34375,58.2734375,53.2421875,40.0,30.515625,24.3515625,22.671875,20.3125,17.5859375,15.828125,14.6796875,14.6640625,14.6796875,15.0703125,15.7421875
2017-12-14,39.34375,40.734375,37.4296875,33.96875,31.5625,29.109375,26.90625,25.953125,29.125,28.1484375,26.1171875,24.453125,22.8671875,20.7734375,35.34375,58.2734375,53.2421875,40.0,30.515625,24.3515625,22.671875,20.3125,17.5859375,15.828125,14.6796875,14.6640625,14.6796875,15.0703125,15.7421875,16.7421875
2017-12-15,40.734375,37.4296875,33.96875,31.5625,29.109375,26.90625,25.953125,29.125,28.1484375,26.1171875,24.453125,22.8671875,20.7734375,35.34375,58.2734375,53.2421875,40.0,30.515625,24.3515625,22.671875,20.3125,17.5859375,15.828125,14.6796875,14.6640625,14.6796875,15.0703125,15.7421875,16.7421875,16.28125
2017-12-16,35.3984375,32.359375,29.859375,27.96875,26.375,24.578125,23.375,22.65625,25.09375,26.390625,25.3359375,24.234375,40.4765625,75.8046875,81.625,63.3984375,45.3671875,33.8125,26.4921875,21.8046875,18.7421875,16.5703125,14.6328125,13.3046875,12.4765625,11.1953125,10.109375,9.1640625,8.7578125,8.4609375
2017-12-17,32.359375,29.859375,27.96875,26.375,24.578125,23.375,22.65625,25.09375,26.390625,25.3359375,24.234375,40.4765625,75.8046875,81.625,63.3984375,45.3671875,33.8125,26.4921875,21.8046875,18.7421875,16.5703125,14.6328125,13.3046875,12.4765625,11.1953125,10.109375,9.1640625,8.7578125,8.4609375,8.0859375
2017-12-18,29.859375,27.96875,26.375,24.578125,23.375,22.65625,25.09375,26.390625,25.3359375,24.234375,40.4765625,75.8046875,81.625,63.3984375,45.3671875,33.8125,26.4921875,21.8046875,18.7421875,16.5703125,14.6328125,13.3046875,12.4765625,11.1953125,10.109375,9.1640625,8.7578125,8.4609375,8.0859375,7.4296875
2017-12-19,27.375,25.5234375,25.6875,25.0703125,26.1640625,27.6015625,26.0859375,24.515625,23.2421875,21.7890625,20.5078125,19.2578125,19.265625,19.1171875,18.0,16.7421875,18.5078125,23.1328125,22.84375,20.6484375,18.8515625,19.8828125,21.6015625,19.2109375,16.34375,13.875,12.046875,10.6796875,9.5625,8.890625
2017-12-20,25.5234375,25.6875,25.0703125,26.1640625,27.6015625,26.0859375,24.515625,23.2421875,21.7890625,20.5078125,19.2578125,19.265625,19.1171875,18.0,16.7421875,18.5078125,23.1328125,22.84375,20.6484375,18.8515625,19.8828125,21.6015625,19.2109375,16.34375,13.875,12.046875,10.6796875,9.5625,8.890625,8.40625
2017-12-21,25.6875,25.0703125,26.1640625,27.6015625,26.0859375,24.515625,23.2421875,21.7890625,20.5078125,19.2578125,19.265625,19.1171875,18.0,16.7421875,18.5078125,23.1328125,22.84375,20.6484375,18.8515625,19.8828125,21.6015625,19.2109375,16.34375,13.875,12.046875,10.6796875,9.5625,8.890625,8.40625,7.75
2017-12-22,25.0703125,26.1640625,27.6015625,26.0859375,24.515625,23.2421875,21.7890625,20.5078125,19.2578125,19.265625,19.1171875,18.0,16.7421875,18.5078125,23.1328125,22.84375,20.6484375,18.8515625,19.8828125,21.6015625,19.2109375,16.34375,13.875,12.046875,10.6796875,9.5625,8.890625,8.40625,7.75,6.921875
2017-12-23,22.90625,20.859375,50.7109375,145.59375,198.453125,161.1015625,115.53125,84.0859375,61.9453125,48.3203125,36.953125,30.265625,25.7578125,22.296875,19.9921875,17.8828125,16.34375,16.28125,20.2734375,27.578125,30.5859375,28.7265625,28.8203125,23.84375,19.03125,15.3125,13.953125,12.171875,11.03125,10.421875
2017-12-24,20.859375,50.7109375,145.59375,198.453125,161.1015625,115.53125,84.0859375,61.9453125,48.3203125,36.953125,30.265625,25.7578125,22.296875,19.9921875,17.8828125,16.34375,16.28125,20.2734375,27.578125,30.5859375,28.7265625,28.8203125,23.84375,19.03125,15.3125,13.953125,12.171875,11.03125,10.421875,10.984375
2017-12-25,50.7109375,145.59375,198.453125,161.1015625,115.53125,84.0859375,61.9453125,48.3203125,36.953125,30.265625,25.7578125,22.296875,19.9921875,17.8828125,16.34375,16.28125,20.2734375,27.578125,30.5859375,28.7265625,28.8203125,23.84375,19.03125,15.3125,13.953125,12.171875,11.03125,10.421875,10.984375,11.359375
2017-12-26,165.34375,193.015625,141.5625,101.828125,73.0078125,52.2578125,38.7734375,30.515625,25.046875,25.9609375,38.3203125,50.234375,94.9296875,107.0390625,73.2734375,52.234375,44.484375,42.8828125,37.3984375,30.921875,28.3515625,26.625,23.796875,20.75,18.578125,17.328125,16.234375,14.578125,12.53125,11.609375
2017-12-27,193.015625,141.5625,101.828125,73.0078125,52.2578125,38.7734375,30.515625,25.046875,25.9609375,38.3203125,50.234375,94.9296875,107.0390625,73.2734375,52.234375,44.484375,42.8828125,37.3984375,30.921875,28.3515625,26.625,23.796875,20.75,18.578125,17.328125,16.234375,14.578125,12.53125,11.609375,9.984375
2017-12-28,141.5625,101.828125,73.0078125,52.2578125,38.7734375,30.515625,25.046875,25.9609375,38.3203125,50.234375,94.9296875,107.0390625,73.2734375,52.234375,44.484375,42.8828125,37.3984375,30.921875,28.3515625,26.625,23.796875,20.75,18.578125,17.328125,16.234375,14.578125,12.53125,11.609375,9.984375,8.921875
2017-12-29,101.828125,73.0078125,52.2578125,38.7734375,30.515625,25.046875,25.9609375,38.3203125,50.234375,94.9296875,107.0390625,73.2734375,52.234375,44.484375,42.8828125,37.3984375,30.921875,28.3515625,26.625,23.796875,20.75,18.578125,17.328125,16.234375,14.578125,12.53125,11.609375,9.984375,8.921875,8.078125
2017-12-30,64.203125,46.078125,35.03125,28.0546875,23.5625,20.6640625,18.0546875,17.828125,35.375,95.2734375,110.6015625,88.0078125,65.3046875,45.1875,49.015625,60.0390625,53.9375,44.4609375,33.0,25.265625,19.734375,17.390625,17.84375,16.609375,14.609375,13.34375,11.5625,9.828125,8.484375,7.9375
2017-12-31,46.078125,35.03125,28.0546875,23.5625,20.6640625,18.0546875,17.828125,35.375,95.2734375,110.6015625,88.0078125,65.3046875,45.1875,49.015625,60.0390625,53.9375,44.4609375,33.0,25.265625,19.734375,17.390625,17.84375,16.609375,14.609375,13.34375,11.5625,9.828125,8.484375,7.9375,10.5625
2018-01-01,35.03125,28.0546875,23.5625,20.6640625,18.0546875,17.828125,35.375,95.2734375,110.6015625,88.0078125,65.3046875,45.1875,49.015625,60.0390625,53.9375,44.4609375,33.0,25.265625,19.734375,17.390625,17.84375,16.609375,14.609375,13.34375,11.5625,9.828125,8.484375,7.9375,10.5625,15.984375
2018-01-02,28.0546875,23.5625,20.6640625,18.0546875,17.828125,35.375,95.2734375,110.6015625,88.0078125,65.3046875,45.1875,49.015625,60.0390625,53.9375,44.4609375,33.0,25.265625,19.734375,17.390625,17.84375,16.609375,14.609375,13.34375,11.5625,9.828125,8.484375,7.9375,10.5625,15.984375,15.453125
2018-01-03,22.96875,20.4765625,18.265625,19.6015625,23.421875,23.859375,32.3125,70.46875,80.4296875,54.0,36.2890625,26.1328125,20.296875,16.453125,13.796875,11.515625,12.875,34.421875,63.609375,59.09375,52.453125,47.15625,35.234375,25.734375,20.4375,15.921875,13.203125,10.96875,9.546875,7.765625
2018-01-04,20.4765625,18.265625,19.6015625,23.421875,23.859375,32.3125,70.46875,80.4296875,54.0,36.2890625,26.1328125,20.296875,16.453125,13.796875,11.515625,12.875,34.421875,63.609375,59.09375,52.453125,47.15625,35.234375,25.734375,20.4375,15.921875,13.203125,10.96875,9.546875,7.765625,6.953125
2018-01-05,18.265625,19.6015625,23.421875,23.859375,32.3125,70.46875,80.4296875,54.0,36.2890625,26.1328125,20.296875,16.453125,13.796875,11.515625,12.875,34.421875,63.609375,59.09375,52.453125,47.15625,35.234375,25.734375,20.4375,15.921875,13.203125,10.96875,9.546875,7.765625,6.953125,5.984375
2018-01-06,19.6015625,23.421875,23.859375,32.3125,70.46875,80.4296875,54.0,36.2890625,26.1328125,20.296875,16.453125,13.796875,11.515625,12.875,34.421875,63.609375,59.09375,52.453125,47.15625,35.234375,25.734375,20.4375,15.921875,13.203125,10.96875,9.546875,7.765625,6.953125,5.984375,5.46875
2018-01-07,30.1796875,30.765625,32.7109375,36.546875,29.53125,22.9375,18.53125,15.5703125,13.6875,12.09375,10.546875,10.5,11.140625,16.40625,22.390625,19.90625,16.3125,12.75,10.421875,9.046875,7.84375,7.25,6.328125,5.578125,5.234375,5.0,4.765625,4.5625,4.40625,4.359375
2018-01-08,30.765625,32.7109375,36.546875,29.53125,22.9375,18.53125,15.5703125,13.6875,12.09375,10.546875,10.5,11.140625,16.40625,22.390625,19.90625,16.3125,12.75,10.421875,9.046875,7.84375,7.25,6.328125,5.578125,5.234375,5.0,4.765625,4.5625,4.40625,4.359375,4.15625
2018-01-09,32.7109375,36.546875,29.53125,22.9375,18.53125,15.5703125,13.6875,12.09375,10.546875,10.5,11.140625,16.40625,22.390625,19.90625,16.3125,12.75,10.421875,9.046875,7.84375,7.25,6.328125,5.578125,5.234375,5.0,4.765625,4.5625,4.40625,4.359375,4.15625,4.9375
2018-01-10,45.1796875,41.1015625,31.375,24.03125,19.296875,16.40625,14.375,13.796875,20.34375,35.40625,41.53125,42.109375,34.5,27.4375,23.109375,21.75,20.921875,19.59375,20.15625,18.625,15.5625,13.703125,11.5,10.328125,9.265625,8.125,8.1875,11.421875,14.859375,13.953125
2018-01-11,41.1015625,31.375,24.03125,19.296875,16.40625,14.375,13.796875,20.34375,35.40625,41.53125,42.109375,34.5,27.4375,23.109375,21.75,20.921875,19.59375,20.15625,18.625,15.5625,13.703125,11.5,10.328125,9.265625,8.125,8.1875,11.421875,14.859375,13.953125,12.15625
2018-01-12,31.375,24.03125,19.296875,16.40625,14.375,13.796875,20.34375,35.40625,41.53125,42.109375,34.5,27.4375,23.109375,21.75,20.921875,19.59375,20.15625,18.625,15.5625,13.703125,11.5,10.328125,9.265625,8.125,8.1875,11.421875,14.859375,13.953125,12.15625,10.828125
2018-01-13,24.03125,19.296875,16.40625,14.375,13.796875,20.34375,35.40625,41.53125,42.109375,34.5,27.4375,23.109375,21.75,20.921875,19.59375,20.15625,18.625,15.5625,13.703125,11.5,10.328125,9.265625,8.125,8.1875,11.421875,14.859375,13.953125,12.15625,10.828125,11.140625
2018-01-14,20.453125,17.046875,14.203125,12.484375,11.015625,9.71875,9.3125,12.359375,19.34375,22.03125,19.734375,16.171875,13.34375,11.34375,10.515625,9.59375,9.0625,13.375,22.453125,20.921875,16.75,15.109375,80.078125,152.75,111.703125,68.890625,47.421875,41.25,36.484375,27.203125
2018-01-15,17.046875,14.203125,12.484375,11.015625,9.71875,9.3125,12.359375,19.34375,22.03125,19.734375,16.171875,13.34375,11.34375,10.515625,9.59375,9.0625,13.375,22.453125,20.921875,16.75,15.109375,80.078125,152.75,111.703125,68.890625,47.421875,41.25,36.484375,27.203125,20.28125
2018-01-16,14.203125,12.484375,11.015625,9.71875,9.3125,12.359375,19.34375,22.03125,19.734375,16.171875,13.34375,11.34375,10.515625,9.59375,9.0625,13.375,22.453125,20.921875,16.75,15.109375,80.078125,152.75,111.703125,68.890625,47.421875,41.25,36.484375,27.203125,20.28125,15.625
2018-01-17,19.171875,22.328125,22.234375,26.140625,31.453125,29.5625,28.921875,27.671875,27.8125,30.859375,39.609375,48.203125,45.6875,33.8125,24.390625,18.328125,14.34375,11.921875,10.0625,8.765625,8.15625,7.765625,8.140625,9.671875,10.90625,11.375,11.5,12.546875,14.0625,14.71875
2018-01-18,22.328125,22.234375,26.140625,31.453125,29.5625,28.921875,27.671875,27.8125,30.859375,39.609375,48.203125,45.6875,33.8125,24.390625,18.328125,14.34375,11.921875,10.0625,8.765625,8.15625,7.765625,8.140625,9.671875,10.90625,11.375,11.5,12.546875,14.0625,14.71875,13.609375
2018-01-19,22.234375,26.140625,31.453125,29.5625,28.921875,27.671875,27.8125,30.859375,39.609375,48.203125,45.6875,33.8125,24.390625,18.328125,14.34375,11.921875,10.0625,8.765625,8.15625,7.765625,8.140625,9.671875,10.90625,11.375,11.5,12.546875,14.0625,14.71875,13.609375,11.84375
2018-01-20,26.140625,31.453125,29.5625,28.921875,27.671875,27.8125,30.859375,39.609375,48.203125,45.6875,33.8125,24.390625,18.328125,14.34375,11.921875,10.0625,8.765625,8.15625,7.765625,8.140625,9.671875,10.90625,11.375,11.5,12.546875,14.0625,14.71875,13.609375,11.84375,10.53125
2018-01-21,24.421875,78.671875,117.359375,104.46875,95.3125,82.234375,64.1875,54.828125,47.859375,102.171875,118.8125,73.453125,47.953125,35.46875,30.109375,27.40625,29.625,41.984375,44.875,34.09375,25.109375,19.75,16.703125,15.0625,31.09375,72.71875,82.0,61.5,42.859375,32.09375
2018-01-22,78.671875,117.359375,104.46875,95.3125,82.234375,64.1875,54.828125,47.859375,102.171875,118.8125,73.453125,47.953125,35.46875,30.109375,27.40625,29.625,41.984375,44.875,34.09375,25.109375,19.75,16.703125,15.0625,31.09375,72.71875,82.0,61.5,42.859375,32.09375,26.0
2018-01-23,117.359375,104.46875,95.3125,82.234375,64.1875,54.828125,47.859375,102.171875,118.8125,73.453125,47.953125,35.46875,30.109375,27.40625,29.625,41.984375,44.875,34.09375,25.109375,19.75,16.703125,15.0625,31.09375,72.71875,82.0,61.5,42.859375,32.09375,26.0,26.625
2018-01-24,160.4375,135.4375,95.609375,117.9375,127.5625,107.59375,111.34375,101.328125,68.734375,45.640625,32.078125,23.78125,18.484375,15.046875,12.609375,10.625,9.21875,8.6875,7.453125,6.890625,6.984375,8.390625,10.125,13.390625,15.59375,14.90625,13.765625,12.828125,11.234375,9.953125
2018-01-25,135.4375,95.609375,117.9375,127.5625,107.59375,111.34375,101.328125,68.734375,45.640625,32.078125,23.78125,18.484375,15.046875,12.609375,10.625,9.21875,8.6875,7.453125,6.890625,6.984375,8.390625,10.125,13.390625,15.59375,14.90625,13.765625,12.828125,11.234375,9.953125,9.015625
2018-01-26,95.609375,117.9375,127.5625,107.59375,111.34375,101.328125,68.734375,45.640625,32.078125,23.78125,18.484375,15.046875,12.609375,10.625,9.21875,8.6875,7.453125,6.890625,6.984375,8.390625,10.125,13.390625,15.59375,14.90625,13.765625,12.828125,11.234375,9.953125,9.015625,8.09375
2018-01-27,117.9375,127.5625,107.59375,111.34375,101.328125,68.734375,45.640625,32.078125,23.78125,18.484375,15.046875,12.609375,10.625,9.21875,8.6875,7.453125,6.890625,6.984375,8.390625,10.125,13.390625,15.59375,14.90625,13.765625,12.828125,11.234375,9.953125,9.015625,8.09375,7.484375
2018-01-28,86.765625,83.859375,68.171875,46.5625,32.453125,23.328125,17.75,14.453125,12.25,10.6875,9.4375,8.421875,7.703125,7.234375,7.15625,6.71875,6.140625,6.109375,5.671875,5.921875,9.125,12.578125,15.234375,17.796875,18.734375,16.25,17.921875,26.640625,28.515625,25.0
2018-01-29,83.859375,68.171875,46.5625,32.453125,23.328125,17.75,14.453125,12.25,10.6875,9.4375,8.421875,7.703125,7.234375,7.15625,6.71875,6.140625,6.109375,5.671875,5.921875,9.125,12.578125,15.234375,17.796875,18.734375,16.25,17.921875,26.640625,28.515625,25.0,20.671875
2018-01-30,68.171875,46.5625,32.453125,23.328125,17.75,14.453125,12.25,10.6875,9.4375,8.421875,7.703125,7.234375,7.15625,6.71875,6.140625,6.109375,5.671875,5.921875,9.125,12.578125,15.234375,17.796875,18.734375,16.25,17.921875,26.640625,28.515625,25.0,20.671875,18.28125
2018-01-31,96.0625,82.484375,54.25,36.4375,26.34375,20.015625,15.875,13.078125,11.171875,10.0625,9.125,8.5,8.328125,8.359375,8.0625,8.65625,10.296875,13.453125,23.484375,27.015625,22.484375,18.875,16.71875,14.640625,12.828125,12.171875,12.640625,11.6875,10.546875,14.9375
2018-02-01,82.484375,54.25,36.4375,26.34375,20.015625,15.875,13.078125,11.171875,10.0625,9.125,8.5,8.328125,8.359375,8.0625,8.65625,10.296875,13.453125,23.484375,27.015625,22.484375,18.875,16.71875,14.640625,12.828125,12.171875,12.640625,11.6875,10.546875,14.9375,26.53125
2018-02-02,54.25,36.4375,26.34375,20.015625,15.875,13.078125,11.171875,10.0625,9.125,8.5,8.328125,8.359375,8.0625,8.65625,10.296875,13.453125,23.484375,27.015625,22.484375,18.875,16.71875,14.640625,12.828125,12.171875,12.640625,11.6875,10.546875,14.9375,26.53125,27.375
2018-02-03,36.4375,26.34375,20.015625,15.875,13.078125,11.171875,10.0625,9.125,8.5,8.328125,8.359375,8.0625,8.65625,10.296875,13.453125,23.484375,27.015625,22.484375,18.875,16.71875,14.640625,12.828125,12.171875,12.640625,11.6875,10.546875,14.9375,26.53125,27.375,22.6875
2018-02-04,42.671875,29.859375,22.296875,17.40625,14.015625,11.671875,10.09375,8.53125,7.890625,7.640625,7.109375,6.75,7.8125,11.140625,12.890625,11.953125,10.5,8.96875,7.703125,6.9375,6.546875,6.296875,7.21875,10.484375,13.78125,15.125,13.703125,11.53125,10.09375,10.1875
2018-02-05,29.859375,22.296875,17.40625,14.015625,11.671875,10.09375,8.53125,7.890625,7.640625,7.109375,6.75,7.8125,11.140625,12.890625,11.953125,10.5,8.96875,7.703125,6.9375,6.546875,6.296875,7.21875,10.484375,13.78125,15.125,13.703125,11.53125,10.09375,10.1875,14.28125
2018-02-06,22.296875,17.40625,14.015625,11.671875,10.09375,8.53125,7.890625,7.640625,7.109375,6.75,7.8125,11.140625,12.890625,11.953125,10.5,8.96875,7.703125,6.9375,6.546875,6.296875,7.21875,10.484375,13.78125,15.125,13.703125,11.53125,10.09375,10.1875,14.28125,55.625
2018-02-07,17.1875,13.953125,11.78125,10.484375,10.265625,10.484375,10.203125,9.265625,8.4375,7.75,7.53125,9.359375,15.140625,18.84375,17.5,14.4375,13.03125,12.359375,11.328125,9.9375,9.921875,11.234375,11.34375,11.1875,12.34375,13.984375,13.546875,19.625,44.8125,56.28125
2018-02-08,13.953125,11.78125,10.484375,10.265625,10.484375,10.203125,9.265625,8.4375,7.75,7.53125,9.359375,15.140625,18.84375,17.5,14.4375,13.03125,12.359375,11.328125,9.9375,9.921875,11.234375,11.34375,11.1875,12.34375,13.984375,13.546875,19.625,44.8125,56.28125,46.0625
2018-02-09,11.78125,10.484375,10.265625,10.484375,10.203125,9.265625,8.4375,7.75,7.53125,9.359375,15.140625,18.84375,17.5,14.4375,13.03125,12.359375,11.328125,9.9375,9.921875,11.234375,11.34375,11.1875,12.34375,13.984375,13.546875,19.625,44.8125,56.28125,46.0625,35.5
2018-02-10,10.484375,10.265625,10.484375,10.203125,9.265625,8.4375,7.75,7.53125,9.359375,15.140625,18.84375,17.5,14.4375,13.03125,12.359375,11.328125,9.9375,9.921875,11.234375,11.34375,11.1875,12.34375,13.984375,13.546875,19.625,44.8125,56.28125,46.0625,35.5,27.96875
2018-02-11,10.5,12.0,15.28125,14.640625,12.6875,10.890625,9.640625,8.84375,8.0625,7.46875,7.28125,8.09375,8.078125,8.359375,10.140625,12.890625,20.234375,27.140625,24.640625,20.25,24.390625,34.640625,37.96875,36.390625,29.078125,23.46875,20.3125,19.1875,24.3125,33.46875
2018-02-12,12.0,15.28125,14.640625,12.6875,10.890625,9.640625,8.84375,8.0625,7.46875,7.28125,8.09375,8.078125,8.359375,10.140625,12.890625,20.234375,27.140625,24.640625,20.25,24.390625,34.640625,37.96875,36.390625,29.078125,23.46875,20.3125,19.1875,24.3125,33.46875,30.40625
2018-02-13,15.28125,14.640625,12.6875,10.890625,9.640625,8.84375,8.0625,7.46875,7.28125,8.09375,8.078125,8.359375,10.140625,12.890625,20.234375,27.140625,24.640625,20.25,24.390625,34.640625,37.96875,36.390625,29.078125,23.46875,20.3125,19.1875,24.3125,33.46875,30.40625,23.5
2018-02-14,9.828125,8.953125,8.046875,7.5,28.328125,56.484375,47.34375,39.5625,33.28125,24.96875,18.984375,15.296875,12.8125,15.984375,38.03125,49.421875,38.015625,31.765625,31.59375,27.265625,21.0625,16.21875,14.875,17.234375,17.203125,19.21875,24.21875,21.71875,17.3125,14.4375
2018-02-15,8.953125,8.046875,7.5,28.328125,56.484375,47.34375,39.5625,33.28125,24.96875,18.984375,15.296875,12.8125,15.984375,38.03125,49.421875,38.015625,31.765625,31.59375,27.265625,21.0625,16.21875,14.875,17.234375,17.203125,19.21875,24.21875,21.71875,17.3125,14.4375,12.625
2018-02-16,8.046875,7.5,28.328125,56.484375,47.34375,39.5625,33.28125,24.96875,18.984375,15.296875,12.8125,15.984375,38.03125,49.421875,38.015625,31.765625,31.59375,27.265625,21.0625,16.21875,14.875,17.234375,17.203125,19.21875,24.21875,21.71875,17.3125,14.4375,12.625,11.125
2018-02-17,7.5,28.328125,56.484375,47.34375,39.5625,33.28125,24.96875,18.984375,15.296875,12.8125,15.984375,38.03125,49.421875,38.015625,31.765625,31.59375,27.265625,21.0625,16.21875,14.875,17.234375,17.203125,19.21875,24.21875,21.71875,17.3125,14.4375,12.625,11.125,10.25
2018-02-18,9.328125,22.59375,34.375,28.296875,34.796875,50.65625,49.171875,39.484375,29.390625,23.125,25.90625,58.078125,105.140625,104.703125,87.296875,71.171875,53.65625,39.53125,31.8125,28.90625,22.6875,17.25,13.875,12.8125,13.65625,15.75,16.0,13.96875,11.8125,9.8125
2018-02-19,22.59375,34.375,28.296875,34.796875,50.65625,49.171875,39.484375,29.390625,23.125,25.90625,58.078125,105.140625,104.703125,87.296875,71.171875,53.65625,39.53125,31.8125,28.90625,22.6875,17.25,13.875,12.8125,13.65625,15.75,16.0,13.96875,11.8125,9.8125,8.28125
2018-02-20,34.375,28.296875,34.796875,50.65625,49.171875,39.484375,29.390625,23.125,25.90625,58.078125,105.140625,104.703125,87.296875,71.171875,53.65625,39.53125,31.8125,28.90625,22.6875,17.25,13.875,12.8125,13.65625,15.75,16.0,13.96875,11.8125,9.8125,8.28125,11.03125
2018-02-21,22.40625,26.5,42.875,44.046875,32.296875,23.359375,18.0625,21.109375,37.640625,42.734375,38.59375,41.03125,48.328125,54.984375,52.6875,42.125,31.3125,24.78125,20.5625,20.5625,23.6875,30.28125,37.875,36.25,40.28125,39.78125,30.5625,23.78125,19.6875,17.0
2018-02-22,26.5,42.875,44.046875,32.296875,23.359375,18.0625,21.109375,37.640625,42.734375,38.59375,41.03125,48.328125,54.984375,52.6875,42.125,31.3125,24.78125,20.5625,20.5625,23.6875,30.28125,37.875,36.25,40.28125,39.78125,30.5625,23.78125,19.6875,17.0,17.53125
2018-02-23,42.875,44.046875,32.296875,23.359375,18.0625,21.109375,37.640625,42.734375,38.59375,41.03125,48.328125,54.984375,52.6875,42.125,31.3125,24.78125,20.5625,20.5625,23.6875,30.28125,37.875,36.25,40.28125,39.78125,30.5625,23.78125,19.6875,17.0,17.53125,28.75
2018-02-24,44.046875,32.296875,23.359375,18.0625,21.109375,37.640625,42.734375,38.59375,41.03125,48.328125,54.984375,52.6875,42.125,31.3125,24.78125,20.5625,20.5625,23.6875,30.28125,37.875,36.25,40.28125,39.78125,30.5625,23.78125,19.6875,17.0,17.53125,28.75,39.40625
2018-02-25,17.609375,14.96875,12.328125,10.234375,13.9375,23.84375,24.859375,22.359375,21.734375,19.75,17.5625,15.5,15.125,15.03125,14.25,12.59375,12.875,14.6875,15.25,15.75,15.90625,20.28125,31.625,36.5625,48.09375,59.59375,47.78125,35.65625,27.5,22.40625
2018-02-26,14.96875,12.328125,10.234375,13.9375,23.84375,24.859375,22.359375,21.734375,19.75,17.5625,15.5,15.125,15.03125,14.25,12.59375,12.875,14.6875,15.25,15.75,15.90625,20.28125,31.625,36.5625,48.09375,59.59375,47.78125,35.65625,27.5,22.40625,17.5
2018-02-27,12.328125,10.234375,13.9375,23.84375,24.859375,22.359375,21.734375,19.75,17.5625,15.5,15.125,15.03125,14.25,12.59375,12.875,14.6875,15.25,15.75,15.90625,20.28125,31.625,36.5625,48.09375,59.59375,47.78125,35.65625,27.5,22.40625,17.5,13.84375
2018-02-28,11.375,11.71875,14.546875,20.15625,19.0625,15.984375,14.734375,15.84375,16.53125,15.59375,14.4375,15.375,26.875,41.25,36.40625,32.625,34.46875,34.375,38.28125,35.0625,27.875,23.65625,21.25,19.90625,22.46875,30.0625,35.5,36.65625,55.125,68.09375
2018-03-01,11.71875,14.546875,20.15625,19.0625,15.984375,14.734375,15.84375,16.53125,15.59375,14.4375,15.375,26.875,41.25,36.40625,32.625,34.46875,34.375,38.28125,35.0625,27.875,23.65625,21.25,19.90625,22.46875,30.0625,35.5,36.65625,55.125,68.09375,55.21875
2018-03-02,14.546875,20.15625,19.0625,15.984375,14.734375,15.84375,16.53125,15.59375,14.4375,15.375,26.875,41.25,36.40625,32.625,34.46875,34.375,38.28125,35.0625,27.875,23.65625,21.25,19.90625,22.46875,30.0625,35.5,36.65625,55.125,68.09375,55.21875,40.625
2018-03-03,20.15625,19.0625,15.984375,14.734375,15.84375,16.53125,15.59375,14.4375,15.375,26.875,41.25,36.40625,32.625,34.46875,34.375,38.28125,35.0625,27.875,23.65625,21.25,19.90625,22.46875,30.0625,35.5,36.65625,55.125,68.09375,55.21875,40.625,29.90625
2018-03-04,25.9375,26.734375,28.640625,26.171875,20.5,15.90625,12.59375,11.21875,13.28125,18.84375,26.21875,44.9375,59.28125,43.875,31.84375,32.21875,53.53125,60.09375,44.15625,33.25,28.53125,26.09375,22.21875,18.6875,17.34375,18.3125,17.875,20.3125,26.96875,27.125
2018-03-05,26.734375,28.640625,26.171875,20.5,15.90625,12.59375,11.21875,13.28125,18.84375,26.21875,44.9375,59.28125,43.875,31.84375,32.21875,53.53125,60.09375,44.15625,33.25,28.53125,26.09375,22.21875,18.6875,17.34375,18.3125,17.875,20.3125,26.96875,27.125,27.21875
2018-03-06,28.640625,26.171875,20.5,15.90625,12.59375,11.21875,13.28125,18.84375,26.21875,44.9375,59.28125,43.875,31.84375,32.21875,53.53125,60.09375,44.15625,33.25,28.53125,26.09375,22.21875,18.6875,17.34375,18.3125,17.875,20.3125,26.96875,27.125,27.21875,26.09375
2018-03-07,48.75,34.8125,25.5625,19.3125,15.0,12.03125,10.3125,10.125,16.1875,27.84375,29.8125,28.75,26.75,21.9375,18.03125,15.1875,24.0,49.375,55.65625,51.6875,61.0625,91.28125,91.1875,72.15625,64.28125,53.0,53.84375,72.8125,70.59375,50.0625
2018-03-08,34.8125,25.5625,19.3125,15.0,12.03125,10.3125,10.125,16.1875,27.84375,29.8125,28.75,26.75,21.9375,18.03125,15.1875,24.0,49.375,55.65625,51.6875,61.0625,91.28125,91.1875,72.15625,64.28125,53.0,53.84375,72.8125,70.59375,50.0625,34.53125
2018-03-09,25.5625,19.3125,15.0,12.03125,10.3125,10.125,16.1875,27.84375,29.8125,28.75,26.75,21.9375,18.03125,15.1875,24.0,49.375,55.65625,51.6875,61.0625,91.28125,91.1875,72.15625,64.28125,53.0,53.84375,72.8125,70.59375,50.0625,34.53125,33.1875
2018-03-10,19.3125,15.0,12.03125,10.3125,10.125,16.1875,27.84375,29.8125,28.75,26.75,21.9375,18.03125,15.1875,24.0,49.375,55.65625,51.6875,61.0625,91.28125,91.1875,72.15625,64.28125,53.0,53.84375,72.8125,70.59375,50.0625,34.53125,33.1875,56.03125
2018-03-11,16.9375,15.1875,18.6875,24.59375,47.25,64.40625,60.0625,59.84375,56.46875,57.0625,54.875,45.84375,39.75,32.28125,24.3125,17.6875,13.53125,11.28125,10.6875,11.125,11.09375,11.71875,12.25,14.9375,16.96875,22.0625,30.75,28.40625,22.15625,16.5
2018-03-12,15.1875,18.6875,24.59375,47.25,64.40625,60.0625,59.84375,56.46875,57.0625,54.875,45.84375,39.75,32.28125,24.3125,17.6875,13.53125,11.28125,10.6875,11.125,11.09375,11.71875,12.25,14.9375,16.96875,22.0625,30.75,28.40625,22.15625,16.5,12.59375
2018-03-13,18.6875,24.59375,47.25,64.40625,60.0625,59.84375,56.46875,57.0625,54.875,45.84375,39.75,32.28125,24.3125,17.6875,13.53125,11.28125,10.6875,11.125,11.09375,11.71875,12.25,14.9375,16.96875,22.0625,30.75,28.40625,22.15625,16.5,12.59375,10.0
2018-03-14,21.59375,26.53125,29.46875,29.78125,24.875,19.15625,14.9375,12.96875,15.75,23.03125,26.34375,24.1875,20.78125,16.46875,14.0625,13.0625,12.5,11.625,11.40625,15.6875,20.59375,21.0,22.34375,28.03125,30.3125,45.5,62.0,51.125,45.21875,40.8125
2018-03-15,26.53125,29.46875,29.78125,24.875,19.15625,14.9375,12.96875,15.75,23.03125,26.34375,24.1875,20.78125,16.46875,14.0625,13.0625,12.5,11.625,11.40625,15.6875,20.59375,21.0,22.34375,28.03125,30.3125,45.5,62.0,51.125,45.21875,40.8125,41.84375
2018-03-16,29.46875,29.78125,24.875,19.15625,14.9375,12.96875,15.75,23.03125,26.34375,24.1875,20.78125,16.46875,14.0625,13.0625,12.5,11.625,11.40625,15.6875,20.59375,21.0,22.34375,28.03125,30.3125,45.5,62.0,51.125,45.21875,40.8125,41.84375,50.3125
2018-03-17,29.78125,24.875,19.15625,14.9375,12.96875,15.75,23.03125,26.34375,24.1875,20.78125,16.46875,14.0625,13.0625,12.5,11.625,11.40625,15.6875,20.59375,21.0,22.34375,28.03125,30.3125,45.5,62.0,51.125,45.21875,40.8125,41.84375,50.3125,55.90625
2018-03-18,38.0,27.46875,23.09375,26.375,30.65625,27.9375,25.96875,25.90625,23.3125,20.46875,18.125,22.53125,30.875,46.46875,56.53125,55.3125,51.3125,41.40625,49.3125,84.46875,109.3125,110.5,105.84375,87.3125,63.15625,50.8125,40.375,39.34375,51.6875,59.15625
2018-03-19,27.46875,23.09375,26.375,30.65625,27.9375,25.96875,25.90625,23.3125,20.46875,18.125,22.53125,30.875,46.46875,56.53125,55.3125,51.3125,41.40625,49.3125,84.46875,109.3125,110.5,105.84375,87.3125,63.15625,50.8125,40.375,39.34375,51.6875,59.15625,57.21875
2018-03-20,23.09375,26.375,30.65625,27.9375,25.96875,25.90625,23.3125,20.46875,18.125,22.53125,30.875,46.46875,56.53125,55.3125,51.3125,41.40625,49.3125,84.46875,109.3125,110.5,105.84375,87.3125,63.15625,50.8125,40.375,39.34375,51.6875,59.15625,57.21875,52.78125
2018-03-21,23.8125,32.28125,42.875,35.15625,25.5625,19.71875,17.5625,18.03125,19.09375,23.03125,27.75,33.53125,38.0,34.90625,32.6875,30.8125,47.65625,69.40625,60.46875,52.5625,50.59375,46.21875,50.5,62.78125,68.96875,77.53125,107.0,109.21875,94.71875,112.59375
2018-03-22,32.28125,42.875,35.15625,25.5625,19.71875,17.5625,18.03125,19.09375,23.03125,27.75,33.53125,38.0,34.90625,32.6875,30.8125,47.65625,69.40625,60.46875,52.5625,50.59375,46.21875,50.5,62.78125,68.96875,77.53125,107.0,109.21875,94.71875,112.59375,104.75
2018-03-23,42.875,35.15625,25.5625,19.71875,17.5625,18.03125,19.09375,23.03125,27.75,33.53125,38.0,34.90625,32.6875,30.8125,47.65625,69.40625,60.46875,52.5625,50.59375,46.21875,50.5,62.78125,68.96875,77.53125,107.0,109.21875,94.71875,112.59375,104.75,71.71875
2018-03-24,35.15625,25.5625,19.71875,17.5625,18.03125,19.09375,23.03125,27.75,33.53125,38.0,34.90625,32.6875,30.8125,47.65625,69.40625,60.46875,52.5625,50.59375,46.21875,50.5,62.78125,68.96875,77.53125,107.0,109.21875,94.71875,112.59375,104.75,71.71875,49.875
2018-03-25,51.375,39.375,48.21875,63.59375,58.625,42.8125,40.46875,43.03125,36.15625,30.6875,25.90625,24.34375,20.75,17.5625,17.75,24.0625,37.875,41.875,32.3125,23.84375,19.03125,16.90625,15.375,16.875,19.78125,21.4375,20.78125,19.75,26.875,44.0
2018-03-26,39.375,48.21875,63.59375,58.625,42.8125,40.46875,43.03125,36.15625,30.6875,25.90625,24.34375,20.75,17.5625,17.75,24.0625,37.875,41.875,32.3125,23.84375,19.03125,16.90625,15.375,16.875,19.78125,21.4375,20.78125,19.75,26.875,44.0,51.375
2018-03-27,48.21875,63.59375,58.625,42.8125,40.46875,43.03125,36.15625,30.6875,25.90625,24.34375,20.75,17.5625,17.75,24.0625,37.875,41.875,32.3125,23.84375,19.03125,16.90625,15.375,16.875,19.78125,21.4375,20.78125,19.75,26.875,44.0,51.375,50.1875
2018-03-28,31.125,55.5625,72.75,76.5,67.90625,51.65625,37.96875,29.0625,24.75,203.65625,242.9375,142.0625,89.625,61.53125,47.1875,38.5625,34.5625,34.09375,31.125,34.875,38.53125,86.84375,116.6875,85.21875,81.90625,88.9375,101.28125,105.75,83.03125,65.09375
2018-03-29,55.5625,72.75,76.5,67.90625,51.65625,37.96875,29.0625,24.75,203.65625,242.9375,142.0625,89.625,61.53125,47.1875,38.5625,34.5625,34.09375,31.125,34.875,38.53125,86.84375,116.6875,85.21875,81.90625,88.9375,101.28125,105.75,83.03125,65.09375,80.375
2018-03-30,72.75,76.5,67.90625,51.65625,37.96875,29.0625,24.75,203.65625,242.9375,142.0625,89.625,61.53125,47.1875,38.5625,34.5625,34.09375,31.125,34.875,38.53125,86.84375,116.6875,85.21875,81.90625,88.9375,101.28125,105.75,83.03125,65.09375,80.375,129.6875
2018-03-31,76.5,67.90625,51.65625,37.96875,29.0625,24.75,203.65625,242.9375,142.0625,89.625,61.53125,47.1875,38.5625,34.5625,34.09375,31.125,34.875,38.53125,86.84375,116.6875,85.21875,81.90625,88.9375,101.28125,105.75,83.03125,65.09375,80.375,129.6875,142.71875
2018-04-01,57.4375,48.40625,41.84375,36.125,51.09375,67.4375,58.5625,55.5,55.0,50.3125,41.09375,29.8125,25.0,26.59375,26.28125,24.5625,29.78125,35.90625,35.3125,31.1875,29.625,29.9375,52.84375,85.78125,116.90625,121.03125,121.9375,111.6875,74.84375,50.1875
2018-04-02,48.40625,41.84375,36.125,51.09375,67.4375,58.5625,55.5,55.0,50.3125,41.09375,29.8125,25.0,26.59375,26.28125,24.5625,29.78125,35.90625,35.3125,31.1875,29.625,29.9375,52.84375,85.78125,116.90625,121.03125,121.9375,111.6875,74.84375,50.1875,35.9375
2018-04-03,41.84375,36.125,51.09375,67.4375,58.5625,55.5,55.0,50.3125,41.09375,29.8125,25.0,26.59375,26.28125,24.5625,29.78125,35.90625,35.3125,31.1875,29.625,29.9375,52.84375,85.78125,116.90625,121.03125,121.9375,111.6875,74.84375,50.1875,35.9375,28.5
2018-04-04,33.125,27.21875,36.1875,87.8125,103.125,70.8125,54.5625,52.6875,50.125,51.09375,51.625,62.625,76.96875,81.40625,106.6875,144.09375,193.9375,196.0625,157.9375,119.46875,103.8125,108.25,96.53125,78.4375,69.53125,63.1875,69.28125,69.78125,51.84375,39.4375
2018-04-05,27.21875,36.1875,87.8125,103.125,70.8125,54.5625,52.6875,50.125,51.09375,51.625,62.625,76.96875,81.40625,106.6875,144.09375,193.9375,196.0625,157.9375,119.46875,103.8125,108.25,96.53125,78.4375,69.53125,63.1875,69.28125,69.78125,51.84375,39.4375,35.8125
2018-04-06,36.1875,87.8125,103.125,70.8125,54.5625,52.6875,50.125,51.09375,51.625,62.625,76.96875,81.40625,106.6875,144.09375,193.9375,196.0625,157.9375,119.46875,103.8125,108.25,96.53125,78.4375,69.53125,63.1875,69.28125,69.78125,51.84375,39.4375,35.8125,34.625
2018-04-07,87.8125,103.125,70.8125,54.5625,52.6875,50.125,51.09375,51.625,62.625,76.96875,81.40625,106.6875,144.09375,193.9375,196.0625,157.9375,119.46875,103.8125,108.25,96.53125,78.4375,69.53125,63.1875,69.28125,69.78125,51.84375,39.4375,35.8125,34.625,31.25
2018-04-08,27.0,20.71875,18.6875,19.375,21.03125,21.15625,18.375,23.125,36.3125,46.5,58.5625,70.0625,74.5625,74.53125,78.46875,71.15625,213.84375,350.25,286.21875,231.1875,227.8125,170.84375,102.59375,66.8125,51.3125,49.125,59.90625,70.3125,65.40625,58.40625
2018-04-09,20.71875,18.6875,19.375,21.03125,21.15625,18.375,23.125,36.3125,46.5,58.5625,70.0625,74.5625,74.53125,78.46875,71.15625,213.84375,350.25,286.21875,231.1875,227.8125,170.84375,102.59375,66.8125,51.3125,49.125,59.90625,70.3125,65.40625,58.40625,51.84375
2018-04-10,18.6875,19.375,21.03125,21.15625,18.375,23.125,36.3125,46.5,58.5625,70.0625,74.5625,74.53125,78.46875,71.15625,213.84375,350.25,286.21875,231.1875,227.8125,170.84375,102.59375,66.8125,51.3125,49.125,59.90625,70.3125,65.40625,58.40625,51.84375,44.75
2018-04-11,15.15625,13.59375,12.71875,14.5625,26.3125,38.8125,38.46875,49.84375,56.375,52.84375,47.15625,40.96875,57.53125,71.5,60.5,51.125,42.46875,42.4375,56.46875,75.03125,83.53125,148.125,222.6875,173.375,105.03125,69.875,60.6875,58.78125,58.1875,58.59375
2018-04-12,13.59375,12.71875,14.5625,26.3125,38.8125,38.46875,49.84375,56.375,52.84375,47.15625,40.96875,57.53125,71.5,60.5,51.125,42.46875,42.4375,56.46875,75.03125,83.53125,148.125,222.6875,173.375,105.03125,69.875,60.6875,58.78125,58.1875,58.59375,56.09375
2018-04-13,12.71875,14.5625,26.3125,38.8125,38.46875,49.84375,56.375,52.84375,47.15625,40.96875,57.53125,71.5,60.5,51.125,42.46875,42.4375,56.46875,75.03125,83.53125,148.125,222.6875,173.375,105.03125,69.875,60.6875,58.78125,58.1875,58.59375,56.09375,59.625
2018-04-14,14.5625,26.3125,38.8125,38.46875,49.84375,56.375,52.84375,47.15625,40.96875,57.53125,71.5,60.5,51.125,42.46875,42.4375,56.46875,75.03125,83.53125,148.125,222.6875,173.375,105.03125,69.875,60.6875,58.78125,58.1875,58.59375,56.09375,59.625,55.5
2018-04-15,14.625,20.15625,26.46875,31.25,35.96875,33.78125,25.6875,21.9375,21.71875,21.84375,27.0,36.09375,47.84375,119.5625,154.375,113.78125,107.90625,119.96875,122.78125,172.3125,180.125,182.21875,165.96875,115.875,81.90625,67.03125,61.96875,54.5,44.75,45.8125
2018-04-16,20.15625,26.46875,31.25,35.96875,33.78125,25.6875,21.9375,21.71875,21.84375,27.0,36.09375,47.84375,119.5625,154.375,113.78125,107.90625,119.96875,122.78125,172.3125,180.125,182.21875,165.96875,115.875,81.90625,67.03125,61.96875,54.5,44.75,45.8125,48.34375
2018-04-17,26.46875,31.25,35.96875,33.78125,25.6875,21.9375,21.71875,21.84375,27.0,36.09375,47.84375,119.5625,154.375,113.78125,107.90625,119.96875,122.78125,172.3125,180.125,182.21875,165.96875,115.875,81.90625,67.03125,61.96875,54.5,44.75,45.8125,48.34375,41.6875
2018-04-18,30.71875,25.375,21.625,21.0,23.875,38.4375,91.25,127.9375,111.65625,87.375,71.25,71.40625,82.71875,81.28125,79.59375,68.90625,64.25,64.6875,55.4375,46.21875,38.34375,30.40625,26.65625,28.3125,26.9375,23.53125,23.40625,29.75,40.625,40.71875
2018-04-19,25.375,21.625,21.0,23.875,38.4375,91.25,127.9375,111.65625,87.375,71.25,71.40625,82.71875,81.28125,79.59375,68.90625,64.25,64.6875,55.4375,46.21875,38.34375,30.40625,26.65625,28.3125,26.9375,23.53125,23.40625,29.75,40.625,40.71875,33.46875
2018-04-20,21.625,21.0,23.875,38.4375,91.25,127.9375,111.65625,87.375,71.25,71.40625,82.71875,81.28125,79.59375,68.90625,64.25,64.6875,55.4375,46.21875,38.34375,30.40625,26.65625,28.3125,26.9375,23.53125,23.40625,29.75,40.625,40.71875,33.46875,27.25
2018-04-21,21.0,23.875,38.4375,91.25,127.9375,111.65625,87.375,71.25,71.40625,82.71875,81.28125,79.59375,68.90625,64.25,64.6875,55.4375,46.21875,38.34375,30.40625,26.65625,28.3125,26.9375,23.53125,23.40625,29.75,40.625,40.71875,33.46875,27.25,22.84375
2018-04-22,44.1875,39.8125,94.90625,133.46875,116.46875,86.6875,79.40625,85.1875,81.3125,96.125,158.5625,172.125,131.03125,94.40625,89.0625,97.90625,99.90625,95.6875,78.40625,57.28125,51.34375,55.09375,56.03125,61.125,65.78125,63.34375,66.21875,66.875,53.5625,57.875
2018-04-23,39.8125,94.90625,133.46875,116.46875,86.6875,79.40625,85.1875,81.3125,96.125,158.5625,172.125,131.03125,94.40625,89.0625,97.90625,99.90625,95.6875,78.40625,57.28125,51.34375,55.09375,56.03125,61.125,65.78125,63.34375,66.21875,66.875,53.5625,57.875,74.59375
2018-04-24,94.90625,133.46875,116.46875,86.6875,79.40625,85.1875,81.3125,96.125,158.5625,172.125,131.03125,94.40625,89.0625,97.90625,99.90625,95.6875,78.40625,57.28125,51.34375,55.09375,56.03125,61.125,65.78125,63.34375,66.21875,66.875,53.5625,57.875,74.59375,68.8125
2018-04-25,65.375,71.3125,170.34375,295.15625,224.59375,128.8125,80.71875,77.875,88.34375,90.8125,89.25,74.5,64.4375,63.375,85.125,85.28125,64.6875,54.5625,46.0625,53.03125,70.0,74.84375,71.84375,69.65625,82.90625,80.03125,64.5,57.0,48.75,56.03125
2018-04-26,71.3125,170.34375,295.15625,224.59375,128.8125,80.71875,77.875,88.34375,90.8125,89.25,74.5,64.4375,63.375,85.125,85.28125,64.6875,54.5625,46.0625,53.03125,70.0,74.84375,71.84375,69.65625,82.90625,80.03125,64.5,57.0,48.75,56.03125,103.875
2018-04-27,170.34375,295.15625,224.59375,128.8125,80.71875,77.875,88.34375,90.8125,89.25,74.5,64.4375,63.375,85.125,85.28125,64.6875,54.5625,46.0625,53.03125,70.0,74.84375,71.84375,69.65625,82.90625,80.03125,64.5,57.0,48.75,56.03125,103.875,119.90625
2018-04-28,295.15625,224.59375,128.8125,80.71875,77.875,88.34375,90.8125,89.25,74.5,64.4375,63.375,85.125,85.28125,64.6875,54.5625,46.0625,53.03125,70.0,74.84375,71.84375,69.65625,82.90625,80.03125,64.5,57.0,48.75,56.03125,103.875,119.90625,86.96875
2018-04-29,81.0625,95.03125,119.125,122.28125,93.59375,82.15625,86.625,99.0625,130.03125,132.0,119.75,97.46875,80.625,77.53125,73.0625,70.875,72.5,65.09375,52.125,42.96875,38.1875,38.09375,49.84375,67.34375,67.09375,49.21875,38.34375,34.0,30.40625,36.625
2018-04-30,95.03125,119.125,122.28125,93.59375,82.15625,86.625,99.0625,130.03125,132.0,119.75,97.46875,80.625,77.53125,73.0625,70.875,72.5,65.09375,52.125,42.96875,38.1875,38.09375,49.84375,67.34375,67.09375,49.21875,38.34375,34.0,30.40625,36.625,49.875
2018-05-01,119.125,122.28125,93.59375,82.15625,86.625,99.0625,130.03125,132.0,119.75,97.46875,80.625,77.53125,73.0625,70.875,72.5,65.09375,52.125,42.96875,38.1875,38.09375,49.84375,67.34375,67.09375,49.21875,38.34375,34.0,30.40625,36.625,49.875,64.4375
2018-05-02,73.28125,58.125,59.0,73.5625,87.96875,91.34375,97.4375,95.21875,73.5625,56.125,45.5,41.625,41.71875,38.65625,33.59375,34.59375,41.15625,42.875,41.15625,42.5,51.90625,63.21875,71.21875,83.5,96.0,84.84375,64.1875,46.0,35.78125,35.0
2018-05-03,58.125,59.0,73.5625,87.96875,91.34375,97.4375,95.21875,73.5625,56.125,45.5,41.625,41.71875,38.65625,33.59375,34.59375,41.15625,42.875,41.15625,42.5,51.90625,63.21875,71.21875,83.5,96.0,84.84375,64.1875,46.0,35.78125,35.0,39.6875
2018-05-04,59.0,73.5625,87.96875,91.34375,97.4375,95.21875,73.5625,56.125,45.5,41.625,41.71875,38.65625,33.59375,34.59375,41.15625,42.875,41.15625,42.5,51.90625,63.21875,71.21875,83.5,96.0,84.84375,64.1875,46.0,35.78125,35.0,39.6875,42.28125
2018-05-05,73.5625,87.96875,91.34375,97.4375,95.21875,73.5625,56.125,45.5,41.625,41.71875,38.65625,33.59375,34.59375,41.15625,42.875,41.15625,42.5,51.90625,63.21875,71.21875,83.5,96.0,84.84375,64.1875,46.0,35.78125,35.0,39.6875,42.28125,33.09375
2018-05-06,114.21875,77.5625,59.96875,52.40625,41.8125,41.875,58.875,69.0625,60.40625,60.625,63.59375,60.0,57.78125,46.28125,37.96875,42.59375,53.375,64.25,77.03125,103.34375,149.46875,189.375,170.8125,116.78125,77.28125,58.4375,46.09375,74.6875,130.59375,117.6875
2018-05-07,77.5625,59.96875,52.40625,41.8125,41.875,58.875,69.0625,60.40625,60.625,63.59375,60.0,57.78125,46.28125,37.96875,42.59375,53.375,64.25,77.03125,103.34375,149.46875,189.375,170.8125,116.78125,77.28125,58.4375,46.09375,74.6875,130.59375,117.6875,89.53125
2018-05-08,59.96875,52.40625,41.8125,41.875,58.875,69.0625,60.40625,60.625,63.59375,60.0,57.78125,46.28125,37.96875,42.59375,53.375,64.25,77.03125,103.34375,149.46875,189.375,170.8125,116.78125,77.28125,58.4375,46.09375,74.6875,130.59375,117.6875,89.53125,70.53125
2018-05-09,152.75,113.9375,82.625,67.25,58.65625,53.1875,48.90625,50.96875,72.0625,97.59375,94.46875,74.0,55.21875,53.0625,81.90625,102.375,97.84375,89.21875,93.9375,89.53125,68.84375,53.21875,65.96875,110.75,148.90625,189.75,193.09375,152.59375,109.59375,81.59375
2018-05-10,113.9375,82.625,67.25,58.65625,53.1875,48.90625,50.96875,72.0625,97.59375,94.46875,74.0,55.21875,53.0625,81.90625,102.375,97.84375,89.21875,93.9375,89.53125,68.84375,53.21875,65.96875,110.75,148.90625,189.75,193.09375,152.59375,109.59375,81.59375,73.75
2018-05-11,82.625,67.25,58.65625,53.1875,48.90625,50.96875,72.0625,97.59375,94.46875,74.0,55.21875,53.0625,81.90625,102.375,97.84375,89.21875,93.9375,89.53125,68.84375,53.21875,65.96875,110.75,148.90625,189.75,193.09375,152.59375,109.59375,81.59375,73.75,70.5625
2018-05-12,67.25,58.65625,53.1875,48.90625,50.96875,72.0625,97.59375,94.46875,74.0,55.21875,53.0625,81.90625,102.375,97.84375,89.21875,93.9375,89.53125,68.84375,53.21875,65.96875,110.75,148.90625,189.75,193.09375,152.59375,109.59375,81.59375,73.75,70.5625,63.4375
2018-05-13,101.46875,87.40625,76.65625,89.90625,106.375,107.125,88.1875,59.40625,42.5,33.75,26.8125,21.625,19.71875,19.46875,18.5625,19.8125,27.03125,65.1875,145.21875,147.875,182.03125,201.53125,204.40625,212.0,179.78125,203.28125,248.84375,241.875,270.625,325.25
2018-05-14,87.40625,76.65625,89.90625,106.375,107.125,88.1875,59.40625,42.5,33.75,26.8125,21.625,19.71875,19.46875,18.5625,19.8125,27.03125,65.1875,145.21875,147.875,182.03125,201.53125,204.40625,212.0,179.78125,203.28125,248.84375,241.875,270.625,325.25,285.3125
2018-05-15,76.65625,89.90625,106.375,107.125,88.1875,59.40625,42.5,33.75,26.8125,21.625,19.71875,19.46875,18.5625,19.8125,27.03125,65.1875,145.21875,147.875,182.03125,201.53125,204.40625,212.0,179.78125,203.28125,248.84375,241.875,270.625,325.25,285.3125,204.6875
2018-05-16,122.40625,126.71875,99.78125,82.53125,88.96875,107.46875,265.9375,331.71875,263.46875,198.25,146.96875,120.3125,108.59375,104.71875,130.28125,160.5625,162.1875,246.28125,297.40625,348.46875,465.84375,434.78125,329.40625,254.9375,219.0625,186.1875,152.21875,160.65625,208.90625,285.96875
2018-05-17,126.71875,99.78125,82.53125,88.96875,107.46875,265.9375,331.71875,263.46875,198.25,146.96875,120.3125,108.59375,104.71875,130.28125,160.5625,162.1875,246.28125,297.40625,348.46875,465.84375,434.78125,329.40625,254.9375,219.0625,186.1875,152.21875,160.65625,208.90625,285.96875,309.8125
2018-05-18,99.78125,82.53125,88.96875,107.46875,265.9375,331.71875,263.46875,198.25,146.96875,120.3125,108.59375,104.71875,130.28125,160.5625,162.1875,246.28125,297.40625,348.46875,465.84375,434.78125,329.40625,254.9375,219.0625,186.1875,152.21875,160.65625,208.90625,285.96875,309.8125,283.78125
2018-05-19,82.53125,88.96875,107.46875,265.9375,331.71875,263.46875,198.25,146.96875,120.3125,108.59375,104.71875,130.28125,160.5625,162.1875,246.28125,297.40625,348.46875,465.84375,434.78125,329.40625,254.9375,219.0625,186.1875,152.21875,160.65625,208.90625,285.96875,309.8125,283.78125,220.8125
2018-05-20,72.65625,63.90625,67.09375,64.6875,59.78125,54.75,53.3125,64.75,70.9375,86.59375,110.96875,127.125,130.25,102.25,66.9375,44.75,36.34375,38.15625,70.875,314.8125,388.09375,250.25,148.46875,97.09375,71.34375,62.21875,72.25,89.5,90.09375,93.1875
2018-05-21,63.90625,67.09375,64.6875,59.78125,54.75,53.3125,64.75,70.9375,86.59375,110.96875,127.125,130.25,102.25,66.9375,44.75,36.34375,38.15625,70.875,314.8125,388.09375,250.25,148.46875,97.09375,71.34375,62.21875,72.25,89.5,90.09375,93.1875,139.0625
2018-05-22,67.09375,64.6875,59.78125,54.75,53.3125,64.75,70.9375,86.59375,110.96875,127.125,130.25,102.25,66.9375,44.75,36.34375,38.15625,70.875,314.8125,388.09375,250.25,148.46875,97.09375,71.34375,62.21875,72.25,89.5,90.09375,93.1875,139.0625,178.1875
2018-05-23,130.4375,123.84375,99.40625,77.46875,63.8125,67.0625,77.0,140.15625,192.96875,190.28125,176.0625,145.875,218.125,228.0625,192.1875,259.03125,294.0,290.46875,324.53125,450.15625,440.3125,373.59375,306.5625,254.25,221.03125,190.9375,162.96875,146.40625,139.5,132.34375
2018-05-24,123.84375,99.40625,77.46875,63.8125,67.0625,77.0,140.15625,192.96875,190.28125,176.0625,145.875,218.125,228.0625,192.1875,259.03125,294.0,290.46875,324.53125,450.15625,440.3125,373.59375,306.5625,254.25,221.03125,190.9375,162.96875,146.40625,139.5,132.34375,133.40625
2018-05-25,99.40625,77.46875,63.8125,67.0625,77.0,140.15625,192.96875,190.28125,176.0625,145.875,218.125,228.0625,192.1875,259.03125,294.0,290.46875,324.53125,450.15625,440.3125,373.59375,306.5625,254.25,221.03125,190.9375,162.96875,146.40625,139.5,132.34375,133.40625,142.46875
2018-05-26,77.46875,63.8125,67.0625,77.0,140.15625,192.96875,190.28125,176.0625,145.875,218.125,228.0625,192.1875,259.03125,294.0,290.46875,324.53125,450.15625,440.3125,373.59375,306.5625,254.25,221.03125,190.9375,162.96875,146.40625,139.5,132.34375,133.40625,142.46875,150.375
2018-05-27,168.6875,126.84375,88.375,133.21875,144.09375,110.75,89.15625,77.5625,68.15625,64.84375,69.46875,69.0,80.4375,107.03125,156.21875,186.5,187.75,220.40625,247.53125,225.3125,374.09375,342.34375,219.78125,171.125,160.125,142.78125,142.0625,151.40625,181.90625,195.0625
2018-05-28,126.84375,88.375,133.21875,144.09375,110.75,89.15625,77.5625,68.15625,64.84375,69.46875,69.0,80.4375,107.03125,156.21875,186.5,187.75,220.40625,247.53125,225.3125,374.09375,342.34375,219.78125,171.125,160.125,142.78125,142.0625,151.40625,181.90625,195.0625,191.90625
2018-05-29,88.375,133.21875,144.09375,110.75,89.15625,77.5625,68.15625,64.84375,69.46875,69.0,80.4375,107.03125,156.21875,186.5,187.75,220.40625,247.53125,225.3125,374.09375,342.34375,219.78125,171.125,160.125,142.78125,142.0625,151.40625,181.90625,195.0625,191.90625,160.59375
2018-05-30,193.15625,160.34375,133.3125,133.84375,115.15625,93.90625,86.40625,71.8125,69.25,79.625,97.96875,144.09375,146.21875,105.3125,78.875,67.625,61.71875,67.78125,85.8125,115.53125,112.71875,91.15625,72.5625,60.90625,70.21875,113.5,212.0625,332.40625,399.96875,392.34375
2018-05-31,160.34375,133.3125,133.84375,115.15625,93.90625,86.40625,71.8125,69.25,79.625,97.96875,144.09375,146.21875,105.3125,78.875,67.625,61.71875,67.78125,85.8125,115.53125,112.71875,91.15625,72.5625,60.90625,70.21875,113.5,212.0625,332.40625,399.96875,392.34375,504.09375
2018-06-01,133.3125,133.84375,115.15625,93.90625,86.40625,71.8125,69.25,79.625,97.96875,144.09375,146.21875,105.3125,78.875,67.625,61.71875,67.78125,85.8125,115.53125,112.71875,91.15625,72.5625,60.90625,70.21875,113.5,212.0625,332.40625,399.96875,392.34375,504.09375,440.03125
2018-06-02,133.84375,115.15625,93.90625,86.40625,71.8125,69.25,79.625,97.96875,144.09375,146.21875,105.3125,78.875,67.625,61.71875,67.78125,85.8125,115.53125,112.71875,91.15625,72.5625,60.90625,70.21875,113.5,212.0625,332.40625,399.96875,392.34375,504.09375,440.03125,301.84375
2018-06-03,111.75,87.1875,81.5,71.59375,57.9375,52.15625,51.3125,49.6875,49.75,50.0,70.28125,109.34375,163.1875,205.84375,217.78125,210.8125,197.90625,199.5625,202.4375,170.125,150.625,143.25,146.0,138.1875,119.375,108.8125,109.125,142.0,261.5,428.375
2018-06-04,87.1875,81.5,71.59375,57.9375,52.15625,51.3125,49.6875,49.75,50.0,70.28125,109.34375,163.1875,205.84375,217.78125,210.8125,197.90625,199.5625,202.4375,170.125,150.625,143.25,146.0,138.1875,119.375,108.8125,109.125,142.0,261.5,428.375,530.71875
2018-06-05,81.5,71.59375,57.9375,52.15625,51.3125,49.6875,49.75,50.0,70.28125,109.34375,163.1875,205.84375,217.78125,210.8125,197.90625,199.5625,202.4375,170.125,150.625,143.25,146.0,138.1875,119.375,108.8125,109.125,142.0,261.5,428.375,530.71875,387.09375
2018-06-06,98.875,90.71875,90.71875,113.5625,187.875,185.0,134.5625,103.59375,94.15625,140.5,362.84375,408.65625,413.71875,456.84375,429.8125,473.53125,513.40625,559.8125,487.375,435.03125,417.4375,367.875,317.96875,281.65625,256.9375,271.21875,309.84375,398.65625,531.125,710.75
2018-06-07,90.71875,90.71875,113.5625,187.875,185.0,134.5625,103.59375,94.15625,140.5,362.84375,408.65625,413.71875,456.84375,429.8125,473.53125,513.40625,559.8125,487.375,435.03125,417.4375,367.875,317.96875,281.65625,256.9375,271.21875,309.84375,398.65625,531.125,710.75,665.875
2018-06-08,90.71875,113.5625,187.875,185.0,134.5625,103.59375,94.15625,140.5,362.84375,408.65625,413.71875,456.84375,429.8125,473.53125,513.40625,559.8125,487.375,435.03125,417.4375,367.875,317.96875,281.65625,256.9375,271.21875,309.84375,398.65625,531.125,710.75,665.875,511.03125
2018-06-09,113.5625,187.875,185.0,134.5625,103.59375,94.15625,140.5,362.84375,408.65625,413.71875,456.84375,429.8125,473.53125,513.40625,559.8125,487.375,435.03125,417.4375,367.875,317.96875,281.65625,256.9375,271.21875,309.84375,398.65625,531.125,710.75,665.875,511.03125,392.125
2018-06-10,151.71875,143.53125,139.0,123.5625,136.875,233.28125,304.09375,263.71875,196.03125,158.40625,161.8125,172.03125,145.125,112.90625,103.03125,121.03125,123.25,108.40625,93.46875,80.03125,71.0625,64.625,60.875,59.3125,77.375,152.1875,320.53125,399.65625,423.6875,347.53125
2018-06-11,143.53125,139.0,123.5625,136.875,233.28125,304.09375,263.71875,196.03125,158.40625,161.8125,172.03125,145.125,112.90625,103.03125,121.03125,123.25,108.40625,93.46875,80.03125,71.0625,64.625,60.875,59.3125,77.375,152.1875,320.53125,399.65625,423.6875,347.53125,244.21875
2018-06-12,139.0,123.5625,136.875,233.28125,304.09375,263.71875,196.03125,158.40625,161.8125,172.03125,145.125,112.90625,103.03125,121.03125,123.25,108.40625,93.46875,80.03125,71.0625,64.625,60.875,59.3125,77.375,152.1875,320.53125,399.65625,423.6875,347.53125,244.21875,190.984375
2018-06-13,76.6875,69.21875,76.375,106.0625,137.6875,184.03125,168.59375,129.96875,103.40625,94.0625,92.90625,94.71875,136.28125,145.53125,118.21875,88.4375,85.875,119.46875,139.53125,174.0,251.53125,233.4375,169.0,122.875,91.46875,72.84375,60.34375,52.03125,49.625,50.90625
2018-06-14,69.21875,76.375,106.0625,137.6875,184.03125,168.59375,129.96875,103.40625,94.0625,92.90625,94.71875,136.28125,145.53125,118.21875,88.4375,85.875,119.46875,139.53125,174.0,251.53125,233.4375,169.0,122.875,91.46875,72.84375,60.34375,52.03125,49.625,50.90625,52.421875
2018-06-15,76.375,106.0625,137.6875,184.03125,168.59375,129.96875,103.40625,94.0625,92.90625,94.71875,136.28125,145.53125,118.21875,88.4375,85.875,119.46875,139.53125,174.0,251.53125,233.4375,169.0,122.875,91.46875,72.84375,60.34375,52.03125,49.625,50.90625,52.421875,56.453125
2018-06-16,106.0625,137.6875,184.03125,168.59375,129.96875,103.40625,94.0625,92.90625,94.71875,136.28125,145.53125,118.21875,88.4375,85.875,119.46875,139.53125,174.0,251.53125,233.4375,169.0,122.875,91.46875,72.84375,60.34375,52.03125,49.625,50.90625,52.421875,56.453125,67.765625
2018-06-17,360.46875,377.6875,326.59375,285.21875,224.8125,169.5625,134.78125,106.4375,92.46875,96.65625,102.8125,105.78125,96.78125,118.40625,141.59375,253.125,299.53125,232.625,181.9375,149.96875,124.78125,106.65625,115.46875,127.34375,117.5,105.28125,100.53125,98.5,95.1875,100.25
2018-06-18,377.6875,326.59375,285.21875,224.8125,169.5625,134.78125,106.4375,92.46875,96.65625,102.8125,105.78125,96.78125,118.40625,141.59375,253.125,299.53125,232.625,181.9375,149.96875,124.78125,106.65625,115.46875,127.34375,117.5,105.28125,100.53125,98.5,95.1875,100.25,103.78125
2018-06-19,326.59375,285.21875,224.8125,169.5625,134.78125,106.4375,92.46875,96.65625,102.8125,105.78125,96.78125,118.40625,141.59375,253.125,299.53125,232.625,181.9375,149.96875,124.78125,106.65625,115.46875,127.34375,117.5,105.28125,100.53125,98.5,95.1875,100.25,103.78125,118.84375
2018-06-20,173.125,128.59375,97.9375,76.53125,64.59375,57.25,51.59375,48.5,48.0,56.15625,62.59375,72.4375,94.4375,91.6875,76.40625,65.59375,57.84375,59.09375,62.96875,73.875,100.71875,105.78125,88.09375,76.4375,98.234375,115.3125,95.703125,88.046875,92.765625,98.3125
2018-06-21,128.59375,97.9375,76.53125,64.59375,57.25,51.59375,48.5,48.0,56.15625,62.59375,72.4375,94.4375,91.6875,76.40625,65.59375,57.84375,59.09375,62.96875,73.875,100.71875,105.78125,88.09375,76.4375,98.234375,115.3125,95.703125,88.046875,92.765625,98.3125,93.203125
2018-06-22,97.9375,76.53125,64.59375,57.25,51.59375,48.5,48.0,56.15625,62.59375,72.4375,94.4375,91.6875,76.40625,65.59375,57.84375,59.09375,62.96875,73.875,100.71875,105.78125,88.09375,76.4375,98.234375,115.3125,95.703125,88.046875,92.765625,98.3125,93.203125,82.796875
2018-06-23,76.53125,64.59375,57.25,51.59375,48.5,48.0,56.15625,62.59375,72.4375,94.4375,91.6875,76.40625,65.59375,57.84375,59.09375,62.96875,73.875,100.71875,105.78125,88.09375,76.4375,98.234375,115.3125,95.703125,88.046875,92.765625,98.3125,93.203125,82.796875,92.59375
2018-06-24,73.75,67.5625,75.59375,84.40625,87.1875,77.65625,65.75,59.03125,56.75,67.4375,81.71875,88.46875,81.09375,72.40625,72.375,80.84375,102.65625,135.84375,131.046875,107.96875,141.21875,150.1875,151.96875,165.90625,271.9375,378.359375,394.703125,356.46875,303.296875,298.78125
2018-06-25,67.5625,75.59375,84.40625,87.1875,77.65625,65.75,59.03125,56.75,67.4375,81.71875,88.46875,81.09375,72.40625,72.375,80.84375,102.65625,135.84375,131.046875,107.96875,141.21875,150.1875,151.96875,165.90625,271.9375,378.359375,394.703125,356.46875,303.296875,298.78125,331.421875
2018-06-26,75.59375,84.40625,87.1875,77.65625,65.75,59.03125,56.75,67.4375,81.71875,88.46875,81.09375,72.40625,72.375,80.84375,102.65625,135.84375,131.046875,107.96875,141.21875,150.1875,151.96875,165.90625,271.9375,378.359375,394.703125,356.46875,303.296875,298.78125,331.421875,294.28125
2018-06-27,160.71875,156.21875,119.0,94.71875,80.25,80.125,82.625,84.25,85.53125,77.28125,70.78125,71.3125,77.28125,80.03125,105.15625,139.0625,146.0,145.84375,133.828125,111.421875,118.96875,129.6875,115.890625,105.515625,97.53125,90.25,81.703125,73.890625,71.078125,68.859375
2018-06-28,156.21875,119.0,94.71875,80.25,80.125,82.625,84.25,85.53125,77.28125,70.78125,71.3125,77.28125,80.03125,105.15625,139.0625,146.0,145.84375,133.828125,111.421875,118.96875,129.6875,115.890625,105.515625,97.53125,90.25,81.703125,73.890625,71.078125,68.859375,69.28125
2018-06-29,119.0,94.71875,80.25,80.125,82.625,84.25,85.53125,77.28125,70.78125,71.3125,77.28125,80.03125,105.15625,139.0625,146.0,145.84375,133.828125,111.421875,118.96875,129.6875,115.890625,105.515625,97.53125,90.25,81.703125,73.890625,71.078125,68.859375,69.28125,72.515625
2018-06-30,94.71875,80.25,80.125,82.625,84.25,85.53125,77.28125,70.78125,71.3125,77.28125,80.03125,105.15625,139.0625,146.0,145.84375,133.828125,111.421875,118.96875,129.6875,115.890625,105.515625,97.53125,90.25,81.703125,73.890625,71.078125,68.859375,69.28125,72.515625,98.671875
2018-07-01,96.46875,83.90625,116.9375,146.0625,140.5625,141.4375,140.15625,149.28125,226.0,227.5625,177.53125,135.734375,108.625,96.796875,139.171875,217.25,213.8125,181.484375,192.375,285.234375,303.640625,229.515625,198.28125,201.953125,175.078125,141.625,133.390625,124.09375,176.421875,183.203125
2018-07-02,83.90625,116.9375,146.0625,140.5625,141.4375,140.15625,149.28125,226.0,227.5625,177.53125,135.734375,108.625,96.796875,139.171875,217.25,213.8125,181.484375,192.375,285.234375,303.640625,229.515625,198.28125,201.953125,175.078125,141.625,133.390625,124.09375,176.421875,183.203125,134.21875
2018-07-03,116.9375,146.0625,140.5625,141.4375,140.15625,149.28125,226.0,227.5625,177.53125,135.734375,108.625,96.796875,139.171875,217.25,213.8125,181.484375,192.375,285.234375,303.640625,229.515625,198.28125,201.953125,175.078125,141.625,133.390625,124.09375,176.421875,183.203125,134.21875,111.3125
2018-07-04,122.09375,123.71875,124.71875,111.28125,113.75,134.15625,129.5625,135.71875,222.453125,286.890625,306.3125,267.703125,339.46875,321.96875,231.59375,173.734375,154.640625,162.578125,203.3125,249.4375,358.953125,441.25,391.1875,290.890625,207.015625,159.28125,133.546875,118.828125,109.90625,109.5625
2018-07-05,123.71875,124.71875,111.28125,113.75,134.15625,129.5625,135.71875,222.453125,286.890625,306.3125,267.703125,339.46875,321.96875,231.59375,173.734375,154.640625,162.578125,203.3125,249.4375,358.953125,441.25,391.1875,290.890625,207.015625,159.28125,133.546875,118.828125,109.90625,109.5625,133.484375
2018-07-06,124.71875,111.28125,113.75,134.15625,129.5625,135.71875,222.453125,286.890625,306.3125,267.703125,339.46875,321.96875,231.59375,173.734375,154.640625,162.578125,203.3125,249.4375,358.953125,441.25,391.1875,290.890625,207.015625,159.28125,133.546875,118.828125,109.90625,109.5625,133.484375,185.3125
2018-07-07,111.28125,113.75,134.15625,129.5625,135.71875,222.453125,286.890625,306.3125,267.703125,339.46875,321.96875,231.59375,173.734375,154.640625,162.578125,203.3125,249.4375,358.953125,441.25,391.1875,290.890625,207.015625,159.28125,133.546875,118.828125,109.90625,109.5625,133.484375,185.3125,205.890625
2018-07-08,191.125,166.78125,157.28125,207.96875,450.453125,498.46875,493.796875,409.828125,302.234375,237.921875,214.046875,255.6875,275.984375,315.828125,317.046875,271.875,306.484375,358.96875,378.046875,378.78125,306.03125,232.234375,189.078125,167.15625,153.96875,141.75,143.78125,149.5,149.578125,141.5
2018-07-09,166.78125,157.28125,207.96875,450.453125,498.46875,493.796875,409.828125,302.234375,237.921875,214.046875,255.6875,275.984375,315.828125,317.046875,271.875,306.484375,358.96875,378.046875,378.78125,306.03125,232.234375,189.078125,167.15625,153.96875,141.75,143.78125,149.5,149.578125,141.5,129.3125
2018-07-10,157.28125,207.96875,450.453125,498.46875,493.796875,409.828125,302.234375,237.921875,214.046875,255.6875,275.984375,315.828125,317.046875,271.875,306.484375,358.96875,378.046875,378.78125,306.03125,232.234375,189.078125,167.15625,153.96875,141.75,143.78125,149.5,149.578125,141.5,129.3125,157.640625
2018-07-11,154.90625,229.96875,299.15625,287.953125,246.9375,224.703125,271.28125,314.875,325.78125,414.53125,403.171875,353.921875,317.15625,305.5,314.71875,313.8125,318.359375,279.375,221.390625,182.78125,173.9375,178.921875,201.09375,208.328125,228.625,239.84375,217.78125,206.046875,277.890625,266.359375
2018-07-12,229.96875,299.15625,287.953125,246.9375,224.703125,271.28125,314.875,325.78125,414.53125,403.171875,353.921875,317.15625,305.5,314.71875,313.8125,318.359375,279.375,221.390625,182.78125,173.9375,178.921875,201.09375,208.328125,228.625,239.84375,217.78125,206.046875,277.890625,266.359375,226.40625
2018-07-13,299.15625,287.953125,246.9375,224.703125,271.28125,314.875,325.78125,414.53125,403.171875,353.921875,317.15625,305.5,314.71875,313.8125,318.359375,279.375,221.390625,182.78125,173.9375,178.921875,201.09375,208.328125,228.625,239.84375,217.78125,206.046875,277.890625,266.359375,226.40625,201.71875
2018-07-14,287.953125,246.9375,224.703125,271.28125,314.875,325.78125,414.53125,403.171875,353.921875,317.15625,305.5,314.71875,313.8125,318.359375,279.375,221.390625,182.78125,173.9375,178.921875,201.09375,208.328125,228.625,239.84375,217.78125,206.046875,277.890625,266.359375,226.40625,201.71875,169.890625
2018-07-15,291.421875,258.671875,387.875,465.171875,383.921875,301.734375,247.015625,212.328125,201.171875,187.1875,176.25,172.625,169.859375,169.03125,173.296875,179.546875,175.203125,159.765625,151.34375,166.5,203.34375,287.25,306.28125,253.5625,202.515625,169.859375,153.890625,150.90625,154.484375,158.640625
2018-07-16,258.671875,387.875,465.171875,383.921875,301.734375,247.015625,212.328125,201.171875,187.1875,176.25,172.625,169.859375,169.03125,173.296875,179.546875,175.203125,159.765625,151.34375,166.5,203.34375,287.25,306.28125,253.5625,202.515625,169.859375,153.890625,150.90625,154.484375,158.640625,144.234375
2018-07-17,387.875,465.171875,383.921875,301.734375,247.015625,212.328125,201.171875,187.1875,176.25,172.625,169.859375,169.03125,173.296875,179.546875,175.203125,159.765625,151.34375,166.5,203.34375,287.25,306.28125,253.5625,202.515625,169.859375,153.890625,150.90625,154.484375,158.640625,144.234375,124.578125
2018-07-18,487.9375,382.390625,302.03125,239.3125,188.734375,159.421875,146.3125,141.4375,139.25,141.46875,146.96875,146.046875,152.296875,159.59375,147.140625,131.140625,118.078125,103.609375,95.734375,96.953125,107.046875,112.390625,148.1875,252.78125,261.59375,190.6875,134.625,116.203125,112.53125,108.203125
2018-07-19,382.390625,302.03125,239.3125,188.734375,159.421875,146.3125,141.4375,139.25,141.46875,146.96875,146.046875,152.296875,159.59375,147.140625,131.140625,118.078125,103.609375,95.734375,96.953125,107.046875,112.390625,148.1875,252.78125,261.59375,190.6875,134.625,116.203125,112.53125,108.203125,125.15625
2018-07-20,302.03125,239.3125,188.734375,159.421875,146.3125,141.4375,139.25,141.46875,146.96875,146.046875,152.296875,159.59375,147.140625,131.140625,118.078125,103.609375,95.734375,96.953125,107.046875,112.390625,148.1875,252.78125,261.59375,190.6875,134.625,116.203125,112.53125,108.203125,125.15625,167.140625
2018-07-21,239.3125,188.734375,159.421875,146.3125,141.4375,139.25,141.46875,146.96875,146.046875,152.296875,159.59375,147.140625,131.140625,118.078125,103.609375,95.734375,96.953125,107.046875,112.390625,148.1875,252.78125,261.59375,190.6875,134.625,116.203125,112.53125,108.203125,125.15625,167.140625,251.234375
2018-07-22,218.640625,199.90625,188.671875,248.1875,273.59375,250.203125,247.5625,212.0,163.46875,140.90625,142.140625,164.09375,159.421875,145.078125,141.21875,142.390625,139.09375,119.078125,106.90625,114.796875,181.859375,212.75,165.546875,144.984375,218.15625,328.65625,444.796875,564.890625,437.1875,279.34375
2018-07-23,199.90625,188.671875,248.1875,273.59375,250.203125,247.5625,212.0,163.46875,140.90625,142.140625,164.09375,159.421875,145.078125,141.21875,142.390625,139.09375,119.078125,106.90625,114.796875,181.859375,212.75,165.546875,144.984375,218.15625,328.65625,444.796875,564.890625,437.1875,279.34375,206.28125
2018-07-24,188.671875,248.1875,273.59375,250.203125,247.5625,212.0,163.46875,140.90625,142.140625,164.09375,159.421875,145.078125,141.21875,142.390625,139.09375,119.078125,106.90625,114.796875,181.859375,212.75,165.546875,144.984375,218.15625,328.65625,444.796875,564.890625,437.1875,279.34375,206.28125,183.53125
2018-07-25,165.5,158.78125,158.78125,175.5625,186.03125,191.625,198.40625,180.53125,143.578125,117.953125,107.46875,120.3125,132.546875,147.84375,154.53125,158.5,221.90625,237.84375,199.484375,165.625,146.75,149.9375,140.609375,109.671875,85.375,73.0625,74.734375,84.015625,86.609375,73.96875
2018-07-26,158.78125,158.78125,175.5625,186.03125,191.625,198.40625,180.53125,143.578125,117.953125,107.46875,120.3125,132.546875,147.84375,154.53125,158.5,221.90625,237.84375,199.484375,165.625,146.75,149.9375,140.609375,109.671875,85.375,73.0625,74.734375,84.015625,86.609375,73.96875,60.90625
2018-07-27,158.78125,175.5625,186.03125,191.625,198.40625,180.53125,143.578125,117.953125,107.46875,120.3125,132.546875,147.84375,154.53125,158.5,221.90625,237.84375,199.484375,165.625,146.75,149.9375,140.609375,109.671875,85.375,73.0625,74.734375,84.015625,86.609375,73.96875,60.90625,58.546875
2018-07-28,175.5625,186.03125,191.625,198.40625,180.53125,143.578125,117.953125,107.46875,120.3125,132.546875,147.84375,154.53125,158.5,221.90625,237.84375,199.484375,165.625,146.75,149.9375,140.609375,109.671875,85.375,73.0625,74.734375,84.015625,86.609375,73.96875,60.90625,58.546875,66.234375
2018-07-29,145.984375,151.4375,141.5625,126.890625,122.34375,114.59375,112.390625,122.28125,126.96875,130.296875,287.96875,392.171875,291.8125,191.671875,145.0625,117.65625,98.5,87.78125,83.765625,98.703125,168.28125,289.390625,322.03125,327.78125,382.890625,354.96875,288.234375,221.578125,225.203125,286.34375
2018-07-30,151.4375,141.5625,126.890625,122.34375,114.59375,112.390625,122.28125,126.96875,130.296875,287.96875,392.171875,291.8125,191.671875,145.0625,117.65625,98.5,87.78125,83.765625,98.703125,168.28125,289.390625,322.03125,327.78125,382.890625,354.96875,288.234375,221.578125,225.203125,286.34375,288.5625
2018-07-31,141.5625,126.890625,122.34375,114.59375,112.390625,122.28125,126.96875,130.296875,287.96875,392.171875,291.8125,191.671875,145.0625,117.65625,98.5,87.78125,83.765625,98.703125,168.28125,289.390625,322.03125,327.78125,382.890625,354.96875,288.234375,221.578125,225.203125,286.34375,288.5625,296.375
2018-08-01,122.375,132.125,133.03125,142.625,197.671875,209.984375,184.5,160.515625,187.171875,227.171875,200.21875,158.578125,129.96875,112.609375,97.5625,83.671875,78.265625,83.640625,98.375,164.078125,177.296875,140.1875,131.5,114.25,85.453125,67.265625,58.546875,64.328125,68.15625,58.984375
2018-08-02,132.125,133.03125,142.625,197.671875,209.984375,184.5,160.515625,187.171875,227.171875,200.21875,158.578125,129.96875,112.609375,97.5625,83.671875,78.265625,83.640625,98.375,164.078125,177.296875,140.1875,131.5,114.25,85.453125,67.265625,58.546875,64.328125,68.15625,58.984375,53.484375
2018-08-03,133.03125,142.625,197.671875,209.984375,184.5,160.515625,187.171875,227.171875,200.21875,158.578125,129.96875,112.609375,97.5625,83.671875,78.265625,83.640625,98.375,164.078125,177.296875,140.1875,131.5,114.25,85.453125,67.265625,58.546875,64.328125,68.15625,58.984375,53.484375,56.015625
2018-08-04,142.625,197.671875,209.984375,184.5,160.515625,187.171875,227.171875,200.21875,158.578125,129.96875,112.609375,97.5625,83.671875,78.265625,83.640625,98.375,164.078125,177.296875,140.1875,131.5,114.25,85.453125,67.265625,58.546875,64.328125,68.15625,58.984375,53.484375,56.015625,55.484375
2018-08-05,152.765625,150.828125,164.28125,213.453125,214.984375,242.953125,240.515625,233.078125,207.953125,179.296875,176.96875,178.890625,156.21875,126.359375,110.5,97.515625,85.40625,80.015625,78.375,72.8125,69.59375,65.78125,57.046875,51.203125,52.25,69.5625,91.875,174.578125,198.703125,143.4375
2018-08-06,150.828125,164.28125,213.453125,214.984375,242.953125,240.515625,233.078125,207.953125,179.296875,176.96875,178.890625,156.21875,126.359375,110.5,97.515625,85.40625,80.015625,78.375,72.8125,69.59375,65.78125,57.046875,51.203125,52.25,69.5625,91.875,174.578125,198.703125,143.4375,121.875
2018-08-07,164.28125,213.453125,214.984375,242.953125,240.515625,233.078125,207.953125,179.296875,176.96875,178.890625,156.21875,126.359375,110.5,97.515625,85.40625,80.015625,78.375,72.8125,69.59375,65.78125,57.046875,51.203125,52.25,69.5625,91.875,174.578125,198.703125,143.4375,121.875,141.078125
2018-08-08,283.328125,290.171875,288.703125,273.9375,256.15625,209.890625,177.390625,190.9375,177.6875,158.34375,154.046875,149.71875,131.734375,111.21875,102.34375,97.75,91.65625,82.578125,74.34375,68.875,63.5625,62.78125,66.09375,65.03125,59.5,67.921875,106.65625,133.53125,136.453125,116.265625
2018-08-09,290.171875,288.703125,273.9375,256.15625,209.890625,177.390625,190.9375,177.6875,158.34375,154.046875,149.71875,131.734375,111.21875,102.34375,97.75,91.65625,82.578125,74.34375,68.875,63.5625,62.78125,66.09375,65.03125,59.5,67.921875,106.65625,133.53125,136.453125,116.265625,90.0625
2018-08-10,288.703125,273.9375,256.15625,209.890625,177.390625,190.9375,177.6875,158.34375,154.046875,149.71875,131.734375,111.21875,102.34375,97.75,91.65625,82.578125,74.34375,68.875,63.5625,62.78125,66.09375,65.03125,59.5,67.921875,106.65625,133.53125,136.453125,116.265625,90.0625,75.59375
2018-08-11,273.9375,256.15625,209.890625,177.390625,190.9375,177.6875,158.34375,154.046875,149.71875,131.734375,111.21875,102.34375,97.75,91.65625,82.578125,74.34375,68.875,63.5625,62.78125,66.09375,65.03125,59.5,67.921875,106.65625,133.53125,136.453125,116.265625,90.0625,75.59375,67.75
2018-08-12,254.265625,227.59375,203.484375,184.453125,163.578125,176.75,167.796875,144.4375,131.34375,122.78125,115.84375,107.6875,97.8125,93.03125,94.1875,96.421875,106.734375,118.40625,202.46875,284.890625,231.171875,161.1875,152.03125,151.09375,152.5,142.953125,147.171875,163.90625,154.78125,135.9375
2018-08-13,227.59375,203.484375,184.453125,163.578125,176.75,167.796875,144.4375,131.34375,122.78125,115.84375,107.6875,97.8125,93.03125,94.1875,96.421875,106.734375,118.40625,202.46875,284.890625,231.171875,161.1875,152.03125,151.09375,152.5,142.953125,147.171875,163.90625,154.78125,135.9375,118.84375
2018-08-14,203.484375,184.453125,163.578125,176.75,167.796875,144.4375,131.34375,122.78125,115.84375,107.6875,97.8125,93.03125,94.1875,96.421875,106.734375,118.40625,202.46875,284.890625,231.171875,161.1875,152.03125,151.09375,152.5,142.953125,147.171875,163.90625,154.78125,135.9375,118.84375,108.640625
2018-08-15,198.578125,188.421875,204.296875,258.703125,246.140625,219.53125,180.296875,141.1875,120.84375,110.828125,100.875,96.515625,103.59375,109.234375,112.71875,119.265625,126.09375,124.046875,125.53125,125.125,113.765625,103.34375,94.15625,85.234375,80.390625,105.765625,162.28125,165.859375,127.140625,104.21875
2018-08-16,188.421875,204.296875,258.703125,246.140625,219.53125,180.296875,141.1875,120.84375,110.828125,100.875,96.515625,103.59375,109.234375,112.71875,119.265625,126.09375,124.046875,125.53125,125.125,113.765625,103.34375,94.15625,85.234375,80.390625,105.765625,162.28125,165.859375,127.140625,104.21875,106.78125
2018-08-17,204.296875,258.703125,246.140625,219.53125,180.296875,141.1875,120.84375,110.828125,100.875,96.515625,103.59375,109.234375,112.71875,119.265625,126.09375,124.046875,125.53125,125.125,113.765625,103.34375,94.15625,85.234375,80.390625,105.765625,162.28125,165.859375,127.140625,104.21875,106.78125,132.453125
2018-08-18,258.703125,246.140625,219.53125,180.296875,141.1875,120.84375,110.828125,100.875,96.515625,103.59375,109.234375,112.71875,119.265625,126.09375,124.046875,125.53125,125.125,113.765625,103.34375,94.15625,85.234375,80.390625,105.765625,162.28125,165.859375,127.140625,104.21875,106.78125,132.453125,203.8984375
2018-08-19,228.453125,201.890625,178.75,165.359375,157.078125,143.515625,140.359375,154.609375,154.6875,146.078125,150.171875,157.515625,155.328125,136.296875,111.59375,98.21875,97.484375,107.3125,120.953125,119.984375,117.84375,121.6875,117.015625,108.296875,104.09375,93.859375,86.078125,80.296875,88.6640625,119.84375
2018-08-20,201.890625,178.75,165.359375,157.078125,143.515625,140.359375,154.609375,154.6875,146.078125,150.171875,157.515625,155.328125,136.296875,111.59375,98.21875,97.484375,107.3125,120.953125,119.984375,117.84375,121.6875,117.015625,108.296875,104.09375,93.859375,86.078125,80.296875,88.6640625,119.84375,229.875
2018-08-21,178.75,165.359375,157.078125,143.515625,140.359375,154.609375,154.6875,146.078125,150.171875,157.515625,155.328125,136.296875,111.59375,98.21875,97.484375,107.3125,120.953125,119.984375,117.84375,121.6875,117.015625,108.296875,104.09375,93.859375,86.078125,80.296875,88.6640625,119.84375,229.875,532.5625
2018-08-22,176.0,173.671875,173.578125,153.265625,137.59375,134.671875,128.8125,128.390625,134.703125,131.46875,123.109375,117.375,110.859375,110.109375,101.625,85.15625,81.46875,79.390625,73.953125,69.59375,63.3125,57.78125,55.296875,85.125,105.4140625,88.796875,107.1796875,133.265625,113.0234375,79.5625
2018-08-23,173.671875,173.578125,153.265625,137.59375,134.671875,128.8125,128.390625,134.703125,131.46875,123.109375,117.375,110.859375,110.109375,101.625,85.15625,81.46875,79.390625,73.953125,69.59375,63.3125,57.78125,55.296875,85.125,105.4140625,88.796875,107.1796875,133.265625,113.0234375,79.5625,58.4296875
2018-08-24,173.578125,153.265625,137.59375,134.671875,128.8125,128.390625,134.703125,131.46875,123.109375,117.375,110.859375,110.109375,101.625,85.15625,81.46875,79.390625,73.953125,69.59375,63.3125,57.78125,55.296875,85.125,105.4140625,88.796875,107.1796875,133.265625,113.0234375,79.5625,58.4296875,45.25
2018-08-25,153.265625,137.59375,134.671875,128.8125,128.390625,134.703125,131.46875,123.109375,117.375,110.859375,110.109375,101.625,85.15625,81.46875,79.390625,73.953125,69.59375,63.3125,57.78125,55.296875,85.125,105.4140625,88.796875,107.1796875,133.265625,113.0234375,79.5625,58.4296875,45.25,39.6953125
2018-08-26,132.4375,127.734375,126.734375,118.734375,111.921875,110.265625,137.734375,168.25,164.671875,151.46875,143.0625,185.96875,204.1875,252.28125,274.5,227.515625,188.671875,165.359375,152.671875,150.71875,148.7734375,153.4609375,149.90625,133.90625,116.2890625,107.3203125,113.984375,123.234375,126.1015625,131.734375
2018-08-27,127.734375,126.734375,118.734375,111.921875,110.265625,137.734375,168.25,164.671875,151.46875,143.0625,185.96875,204.1875,252.28125,274.5,227.515625,188.671875,165.359375,152.671875,150.71875,148.7734375,153.4609375,149.90625,133.90625,116.2890625,107.3203125,113.984375,123.234375,126.1015625,131.734375,124.6640625
2018-08-28,126.734375,118.734375,111.921875,110.265625,137.734375,168.25,164.671875,151.46875,143.0625,185.96875,204.1875,252.28125,274.5,227.515625,188.671875,165.359375,152.671875,150.71875,148.7734375,153.4609375,149.90625,133.90625,116.2890625,107.3203125,113.984375,123.234375,126.1015625,131.734375,124.6640625,109.0390625
2018-08-29,119.796875,115.359375,116.453125,107.5625,98.5,99.359375,117.21875,121.953125,113.25,119.34375,125.890625,129.8125,125.890625,106.375,85.390625,70.65625,61.296875,54.6875,58.0625,75.2734375,95.09375,103.2578125,105.125,107.609375,104.21875,91.1640625,83.953125,150.484375,191.2421875,145.8359375
2018-08-30,115.359375,116.453125,107.5625,98.5,99.359375,117.21875,121.953125,113.25,119.34375,125.890625,129.8125,125.890625,106.375,85.390625,70.65625,61.296875,54.6875,58.0625,75.2734375,95.09375,103.2578125,105.125,107.609375,104.21875,91.1640625,83.953125,150.484375,191.2421875,145.8359375,101.125
2018-08-31,116.453125,107.5625,98.5,99.359375,117.21875,121.953125,113.25,119.34375,125.890625,129.8125,125.890625,106.375,85.390625,70.65625,61.296875,54.6875,58.0625,75.2734375,95.09375,103.2578125,105.125,107.609375,104.21875,91.1640625,83.953125,150.484375,191.2421875,145.8359375,101.125,85.8125
2018-09-01,107.5625,98.5,99.359375,117.21875,121.953125,113.25,119.34375,125.890625,129.8125,125.890625,106.375,85.390625,70.65625,61.296875,54.6875,58.0625,75.2734375,95.09375,103.2578125,105.125,107.609375,104.21875,91.1640625,83.953125,150.484375,191.2421875,145.8359375,101.125,85.8125,85.65625
2018-09-02,92.984375,91.53125,98.03125,96.09375,87.015625,83.484375,85.453125,133.046875,158.515625,159.921875,145.6875,114.59375,94.84375,88.84375,104.4140625,110.296875,100.9375,111.1796875,138.3046875,153.7890625,162.3671875,200.7109375,243.6875,206.8125,322.4609375,387.3984375,274.921875,186.2890625,162.453125,172.8828125
2018-09-03,91.53125,98.03125,96.09375,87.015625,83.484375,85.453125,133.046875,158.515625,159.921875,145.6875,114.59375,94.84375,88.84375,104.4140625,110.296875,100.9375,111.1796875,138.3046875,153.7890625,162.3671875,200.7109375,243.6875,206.8125,322.4609375,387.3984375,274.921875,186.2890625,162.453125,172.8828125,164.8125
2018-09-04,98.03125,96.09375,87.015625,83.484375,85.453125,133.046875,158.515625,159.921875,145.6875,114.59375,94.84375,88.84375,104.4140625,110.296875,100.9375,111.1796875,138.3046875,153.7890625,162.3671875,200.7109375,243.6875,206.8125,322.4609375,387.3984375,274.921875,186.2890625,162.453125,172.8828125,164.8125,159.2734375
2018-09-05,141.671875,114.421875,97.65625,85.6875,88.125,89.390625,80.078125,76.78125,79.265625,95.046875,137.03125,175.703125,162.984375,134.0625,121.96875,115.96875,100.140625,81.140625,80.203125,115.0625,130.5,130.4609375,118.421875,98.6875,92.2734375,100.796875,141.390625,144.359375,109.8671875,86.453125
2018-09-06,114.421875,97.65625,85.6875,88.125,89.390625,80.078125,76.78125,79.265625,95.046875,137.03125,175.703125,162.984375,134.0625,121.96875,115.96875,100.140625,81.140625,80.203125,115.0625,130.5,130.4609375,118.421875,98.6875,92.2734375,100.796875,141.390625,144.359375,109.8671875,86.453125,72.1953125
2018-09-07,97.65625,85.6875,88.125,89.390625,80.078125,76.78125,79.265625,95.046875,137.03125,175.703125,162.984375,134.0625,121.96875,115.96875,100.140625,81.140625,80.203125,115.0625,130.5,130.4609375,118.421875,98.6875,92.2734375,100.796875,141.390625,144.359375,109.8671875,86.453125,72.1953125,61.3125
2018-09-08,85.6875,88.125,89.390625,80.078125,76.78125,79.265625,95.046875,137.03125,175.703125,162.984375,134.0625,121.96875,115.96875,100.140625,81.140625,80.203125,115.0625,130.5,130.4609375,118.421875,98.6875,92.2734375,100.796875,141.390625,144.359375,109.8671875,86.453125,72.1953125,61.3125,56.6171875
2018-09-09,189.671875,171.296875,149.265625,132.890625,126.3125,143.171875,142.84375,130.34375,118.6953125,94.8984375,78.265625,106.046875,149.1328125,182.2578125,190.75,167.4453125,174.859375,193.2109375,173.5,134.9609375,127.6640625,134.53125,162.4140625,172.296875,150.9453125,141.6171875,145.2265625,139.6953125,134.1875,143.4765625
2018-09-10,171.296875,149.265625,132.890625,126.3125,143.171875,142.84375,130.34375,118.6953125,94.8984375,78.265625,106.046875,149.1328125,182.2578125,190.75,167.4453125,174.859375,193.2109375,173.5,134.9609375,127.6640625,134.53125,162.4140625,172.296875,150.9453125,141.6171875,145.2265625,139.6953125,134.1875,143.4765625,146.4296875
2018-09-11,149.265625,132.890625,126.3125,143.171875,142.84375,130.34375,118.6953125,94.8984375,78.265625,106.046875,149.1328125,182.2578125,190.75,167.4453125,174.859375,193.2109375,173.5,134.9609375,127.6640625,134.53125,162.4140625,172.296875,150.9453125,141.6171875,145.2265625,139.6953125,134.1875,143.4765625,146.4296875,137.6796875
2018-09-12,175.5,163.828125,610.84375,718.609375,598.2734375,454.390625,347.4921875,263.7421875,214.78125,203.4765625,201.765625,194.875,250.7578125,282.015625,242.171875,205.9296875,180.78125,172.625,161.21875,146.40625,165.4921875,177.8359375,164.9609375,161.15625,158.5078125,145.109375,148.65625,170.9140625,169.8515625,157.234375
2018-09-13,163.828125,610.84375,718.609375,598.2734375,454.390625,347.4921875,263.7421875,214.78125,203.4765625,201.765625,194.875,250.7578125,282.015625,242.171875,205.9296875,180.78125,172.625,161.21875,146.40625,165.4921875,177.8359375,164.9609375,161.15625,158.5078125,145.109375,148.65625,170.9140625,169.8515625,157.234375,161.9765625
2018-09-14,610.84375,718.609375,598.2734375,454.390625,347.4921875,263.7421875,214.78125,203.4765625,201.765625,194.875,250.7578125,282.015625,242.171875,205.9296875,180.78125,172.625,161.21875,146.40625,165.4921875,177.8359375,164.9609375,161.15625,158.5078125,145.109375,148.65625,170.9140625,169.8515625,157.234375,161.9765625,153.015625
2018-09-15,718.609375,598.2734375,454.390625,347.4921875,263.7421875,214.78125,203.4765625,201.765625,194.875,250.7578125,282.015625,242.171875,205.9296875,180.78125,172.625,161.21875,146.40625,165.4921875,177.8359375,164.9609375,161.15625,158.5078125,145.109375,148.65625,170.9140625,169.8515625,157.234375,161.9765625,153.015625,125.5859375
2018-09-16,238.59375,414.2734375,608.4609375,527.265625,396.453125,309.21875,259.703125,245.1953125,236.84375,225.5703125,204.2109375,202.875,222.953125,258.265625,273.65625,276.8984375,333.9921875,302.734375,223.0078125,214.3046875,234.2890625,231.921875,197.7578125,158.015625,149.84375,150.6640625,137.7265625,123.9609375,112.4609375,102.5703125
2018-09-17,414.2734375,608.4609375,527.265625,396.453125,309.21875,259.703125,245.1953125,236.84375,225.5703125,204.2109375,202.875,222.953125,258.265625,273.65625,276.8984375,333.9921875,302.734375,223.0078125,214.3046875,234.2890625,231.921875,197.7578125,158.015625,149.84375,150.6640625,137.7265625,123.9609375,112.4609375,102.5703125,93.015625
2018-09-18,608.4609375,527.265625,396.453125,309.21875,259.703125,245.1953125,236.84375,225.5703125,204.2109375,202.875,222.953125,258.265625,273.65625,276.8984375,333.9921875,302.734375,223.0078125,214.3046875,234.2890625,231.921875,197.7578125,158.015625,149.84375,150.6640625,137.7265625,123.9609375,112.4609375,102.5703125,93.015625,85.1875
2018-09-19,337.3046875,229.71875,259.5546875,282.7265625,297.3203125,256.1328125,198.859375,187.546875,190.09375,191.5703125,170.5546875,145.5234375,145.734375,151.5390625,139.78125,129.578125,145.7734375,167.984375,160.03125,147.7734375,158.8203125,175.671875,179.2421875,154.546875,122.546875,106.4609375,99.3828125,98.2265625,97.3046875,105.65625
2018-09-20,229.71875,259.5546875,282.7265625,297.3203125,256.1328125,198.859375,187.546875,190.09375,191.5703125,170.5546875,145.5234375,145.734375,151.5390625,139.78125,129.578125,145.7734375,167.984375,160.03125,147.7734375,158.8203125,175.671875,179.2421875,154.546875,122.546875,106.4609375,99.3828125,98.2265625,97.3046875,105.65625,113.015625
2018-09-21,259.5546875,282.7265625,297.3203125,256.1328125,198.859375,187.546875,190.09375,191.5703125,170.5546875,145.5234375,145.734375,151.5390625,139.78125,129.578125,145.7734375,167.984375,160.03125,147.7734375,158.8203125,175.671875,179.2421875,154.546875,122.546875,106.4609375,99.3828125,98.2265625,97.3046875,105.65625,113.015625,108.46875
2018-09-22,282.7265625,297.3203125,256.1328125,198.859375,187.546875,190.09375,191.5703125,170.5546875,145.5234375,145.734375,151.5390625,139.78125,129.578125,145.7734375,167.984375,160.03125,147.7734375,158.8203125,175.671875,179.2421875,154.546875,122.546875,106.4609375,99.3828125,98.2265625,97.3046875,105.65625,113.015625,108.46875,111.71875
2018-09-23,274.5859375,279.7421875,258.5390625,202.65625,175.5390625,168.296875,172.515625,200.3515625,232.6796875,222.1796875,253.546875,249.1328125,240.15625,267.6796875,278.015625,271.703125,263.2421875,239.203125,194.6875,153.75,173.484375,297.453125,356.5859375,278.3046875,205.75,186.78125,180.6640625,172.3671875,177.6328125,187.265625
2018-09-24,279.7421875,258.5390625,202.65625,175.5390625,168.296875,172.515625,200.3515625,232.6796875,222.1796875,253.546875,249.1328125,240.15625,267.6796875,278.015625,271.703125,263.2421875,239.203125,194.6875,153.75,173.484375,297.453125,356.5859375,278.3046875,205.75,186.78125,180.6640625,172.3671875,177.6328125,187.265625,172.2890625
2018-09-25,258.5390625,202.65625,175.5390625,168.296875,172.515625,200.3515625,232.6796875,222.1796875,253.546875,249.1328125,240.15625,267.6796875,278.015625,271.703125,263.2421875,239.203125,194.6875,153.75,173.484375,297.453125,356.5859375,278.3046875,205.75,186.78125,180.6640625,172.3671875,177.6328125,187.265625,172.2890625,198.2890625
2018-09-26,140.6875,130.6171875,131.7890625,135.96875,164.296875,194.0078125,192.296875,189.2109375,179.65625,176.0390625,190.6796875,216.4296875,217.8125,235.2890625,221.671875,192.0234375,194.125,235.4140625,239.6875,255.03125,276.71875,244.7421875,205.828125,210.0546875,202.84375,198.7421875,185.40625,251.8046875,251.9375,186.515625
2018-09-27,130.6171875,131.7890625,135.96875,164.296875,194.0078125,192.296875,189.2109375,179.65625,176.0390625,190.6796875,216.4296875,217.8125,235.2890625,221.671875,192.0234375,194.125,235.4140625,239.6875,255.03125,276.71875,244.7421875,205.828125,210.0546875,202.84375,198.7421875,185.40625,251.8046875,251.9375,186.515625,145.3828125
2018-09-28,131.7890625,135.96875,164.296875,194.0078125,192.296875,189.2109375,179.65625,176.0390625,190.6796875,216.4296875,217.8125,235.2890625,221.671875,192.0234375,194.125,235.4140625,239.6875,255.03125,276.71875,244.7421875,205.828125,210.0546875,202.84375,198.7421875,185.40625,251.8046875,251.9375,186.515625,145.3828125,198.7265625
2018-09-29,135.96875,164.296875,194.0078125,192.296875,189.2109375,179.65625,176.0390625,190.6796875,216.4296875,217.8125,235.2890625,221.671875,192.0234375,194.125,235.4140625,239.6875,255.03125,276.71875,244.7421875,205.828125,210.0546875,202.84375,198.7421875,185.40625,251.8046875,251.9375,186.515625,145.3828125,198.7265625,404.421875
2018-09-30,251.8203125,305.2421875,273.5390625,240.1640625,199.78125,192.984375,211.0390625,262.9296875,249.1171875,185.359375,180.5078125,229.5390625,232.9921875,198.265625,171.1171875,227.1328125,264.40625,302.859375,264.859375,257.265625,259.75,224.6875,204.25,190.046875,167.453125,154.2265625,139.3125,132.125,125.5625,126.03125
2018-10-01,305.2421875,273.5390625,240.1640625,199.78125,192.984375,211.0390625,262.9296875,249.1171875,185.359375,180.5078125,229.5390625,232.9921875,198.265625,171.1171875,227.1328125,264.40625,302.859375,264.859375,257.265625,259.75,224.6875,204.25,190.046875,167.453125,154.2265625,139.3125,132.125,125.5625,126.03125,121.953125
2018-10-02,273.5390625,240.1640625,199.78125,192.984375,211.0390625,262.9296875,249.1171875,185.359375,180.5078125,229.5390625,232.9921875,198.265625,171.1171875,227.1328125,264.40625,302.859375,264.859375,257.265625,259.75,224.6875,204.25,190.046875,167.453125,154.2265625,139.3125,132.125,125.5625,126.03125,121.953125,105.7421875
2018-10-03,288.6328125,230.0390625,178.421875,136.5859375,113.171875,100.828125,92.453125,84.8203125,78.546875,73.28125,70.125,81.6328125,148.453125,189.5390625,218.6015625,224.1875,211.3828125,281.421875,337.09375,295.9765625,216.46875,163.46875,130.1875,105.3984375,93.0859375,83.9765625,74.28125,65.265625,59.25,56.6640625
2018-10-04,230.0390625,178.421875,136.5859375,113.171875,100.828125,92.453125,84.8203125,78.546875,73.28125,70.125,81.6328125,148.453125,189.5390625,218.6015625,224.1875,211.3828125,281.421875,337.09375,295.9765625,216.46875,163.46875,130.1875,105.3984375,93.0859375,83.9765625,74.28125,65.265625,59.25,56.6640625,55.4140625
2018-10-05,178.421875,136.5859375,113.171875,100.828125,92.453125,84.8203125,78.546875,73.28125,70.125,81.6328125,148.453125,189.5390625,218.6015625,224.1875,211.3828125,281.421875,337.09375,295.9765625,216.46875,163.46875,130.1875,105.3984375,93.0859375,83.9765625,74.28125,65.265625,59.25,56.6640625,55.4140625,53.5625
2018-10-06,136.5859375,113.171875,100.828125,92.453125,84.8203125,78.546875,73.28125,70.125,81.6328125,148.453125,189.5390625,218.6015625,224.1875,211.3828125,281.421875,337.09375,295.9765625,216.46875,163.46875,130.1875,105.3984375,93.0859375,83.9765625,74.28125,65.265625,59.25,56.6640625,55.4140625,53.5625,51.46875
2018-10-07,226.1171875,203.109375,166.2734375,140.25,123.1171875,110.6796875,105.1953125,121.3359375,123.8125,115.546875,141.3515625,245.4609375,300.5,302.9609375,251.390625,212.234375,182.390625,151.234375,145.6875,154.078125,148.8203125,132.53125,119.203125,108.3984375,98.4140625,88.875,81.5546875,79.8203125,78.3671875,73.390625
2018-10-08,203.109375,166.2734375,140.25,123.1171875,110.6796875,105.1953125,121.3359375,123.8125,115.546875,141.3515625,245.4609375,300.5,302.9609375,251.390625,212.234375,182.390625,151.234375,145.6875,154.078125,148.8203125,132.53125,119.203125,108.3984375,98.4140625,88.875,81.5546875,79.8203125,78.3671875,73.390625,70.2421875
2018-10-09,166.2734375,140.25,123.1171875,110.6796875,105.1953125,121.3359375,123.8125,115.546875,141.3515625,245.4609375,300.5,302.9609375,251.390625,212.234375,182.390625,151.234375,145.6875,154.078125,148.8203125,132.53125,119.203125,108.3984375,98.4140625,88.875,81.5546875,79.8203125,78.3671875,73.390625,70.2421875,68.3125
2018-10-10,177.6015625,160.4453125,158.7109375,172.0234375,180.9375,171.7109375,179.34375,230.71875,266.75,272.828125,225.1796875,202.984375,208.140625,206.0859375,191.390625,178.0390625,189.1484375,194.796875,181.5859375,179.84375,161.90625,131.0390625,109.2109375,98.28125,90.796875,83.59375,78.4375,73.875,89.296875,99.5625
2018-10-11,160.4453125,158.7109375,172.0234375,180.9375,171.7109375,179.34375,230.71875,266.75,272.828125,225.1796875,202.984375,208.140625,206.0859375,191.390625,178.0390625,189.1484375,194.796875,181.5859375,179.84375,161.90625,131.0390625,109.2109375,98.28125,90.796875,83.59375,78.4375,73.875,89.296875,99.5625,87.7890625
2018-10-12,158.7109375,172.0234375,180.9375,171.7109375,179.34375,230.71875,266.75,272.828125,225.1796875,202.984375,208.140625,206.0859375,191.390625,178.0390625,189.1484375,194.796875,181.5859375,179.84375,161.90625,131.0390625,109.2109375,98.28125,90.796875,83.59375,78.4375,73.875,89.296875,99.5625,87.7890625,82.046875
2018-10-13,172.0234375,180.9375,171.7109375,179.34375,230.71875,266.75,272.828125,225.1796875,202.984375,208.140625,206.0859375,191.390625,178.0390625,189.1484375,194.796875,181.5859375,179.84375,161.90625,131.0390625,109.2109375,98.28125,90.796875,83.59375,78.4375,73.875,89.296875,99.5625,87.7890625,82.046875,82.0625
2018-10-14,113.953125,114.25,109.0390625,118.328125,124.3046875,121.28125,111.609375,105.9765625,102.2578125,91.21875,79.1875,104.2890625,132.9609375,115.6796875,90.6328125,159.7265625,190.9375,177.71875,235.8984375,204.875,133.6875,94.890625,73.8046875,59.8515625,50.8515625,44.53125,40.359375,37.1328125,34.3671875,32.078125
2018-10-15,114.25,109.0390625,118.328125,124.3046875,121.28125,111.609375,105.9765625,102.2578125,91.21875,79.1875,104.2890625,132.9609375,115.6796875,90.6328125,159.7265625,190.9375,177.71875,235.8984375,204.875,133.6875,94.890625,73.8046875,59.8515625,50.8515625,44.53125,40.359375,37.1328125,34.3671875,32.078125,30.34375
2018-10-16,109.0390625,118.328125,124.3046875,121.28125,111.609375,105.9765625,102.2578125,91.21875,79.1875,104.2890625,132.9609375,115.6796875,90.6328125,159.7265625,190.9375,177.71875,235.8984375,204.875,133.6875,94.890625,73.8046875,59.8515625,50.8515625,44.53125,40.359375,37.1328125,34.3671875,32.078125,30.34375,28.7734375
2018-10-17,100.65625,107.015625,125.1015625,149.8828125,184.09375,185.8828125,165.4453125,137.2109375,114.7890625,104.8046875,116.4921875,115.140625,100.5703125,101.1484375,96.0,78.8046875,66.359375,59.7421875,60.65625,61.78125,81.8984375,110.296875,100.4375,78.609375,64.28125,86.5703125,99.1015625,74.40625,57.640625,223.65625
2018-10-18,107.015625,125.1015625,149.8828125,184.09375,185.8828125,165.4453125,137.2109375,114.7890625,104.8046875,116.4921875,115.140625,100.5703125,101.1484375,96.0,78.8046875,66.359375,59.7421875,60.65625,61.78125,81.8984375,110.296875,100.4375,78.609375,64.28125,86.5703125,99.1015625,74.40625,57.640625,223.65625,290.109375
2018-10-19,125.1015625,149.8828125,184.09375,185.8828125,165.4453125,137.2109375,114.7890625,104.8046875,116.4921875,115.140625,100.5703125,101.1484375,96.0,78.8046875,66.359375,59.7421875,60.65625,61.78125,81.8984375,110.296875,100.4375,78.609375,64.28125,86.5703125,99.1015625,74.40625,57.640625,223.65625,290.109375,190.125
2018-10-20,149.8828125,184.09375,185.8828125,165.4453125,137.2109375,114.7890625,104.8046875,116.4921875,115.140625,100.5703125,101.1484375,96.0,78.8046875,66.359375,59.7421875,60.65625,61.78125,81.8984375,110.296875,100.4375,78.609375,64.28125,86.5703125,99.1015625,74.40625,57.640625,223.65625,290.109375,190.125,122.0
2018-10-21,168.7265625,128.234375,104.3984375,114.4375,123.3828125,111.1171875,108.125,101.9296875,85.7578125,72.1484375,62.171875,55.2734375,50.328125,46.5625,43.7734375,43.1484375,42.859375,40.7734375,55.6875,83.734375,102.78125,126.703125,118.96875,88.453125,92.234375,96.40625,70.1796875,119.078125,140.78125,99.265625
2018-10-22,128.234375,104.3984375,114.4375,123.3828125,111.1171875,108.125,101.9296875,85.7578125,72.1484375,62.171875,55.2734375,50.328125,46.5625,43.7734375,43.1484375,42.859375,40.7734375,55.6875,83.734375,102.78125,126.703125,118.96875,88.453125,92.234375,96.40625,70.1796875,119.078125,140.78125,99.265625,73.9453125
2018-10-23,104.3984375,114.4375,123.3828125,111.1171875,108.125,101.9296875,85.7578125,72.1484375,62.171875,55.2734375,50.328125,46.5625,43.7734375,43.1484375,42.859375,40.7734375,55.6875,83.734375,102.78125,126.703125,118.96875,88.453125,92.234375,96.40625,70.1796875,119.078125,140.78125,99.265625,73.9453125,58.21875
2018-10-24,263.5,220.4921875,166.734375,153.71875,139.5859375,144.375,131.7734375,99.21875,79.6171875,67.9296875,59.765625,54.0390625,50.453125,48.1484375,46.2890625,44.1015625,45.3515625,51.8515625,84.5,131.875,156.453125,214.6875,215.09375,152.2734375,100.34375,72.765625,57.4453125,47.28125,39.6796875,34.2734375
2018-10-25,220.4921875,166.734375,153.71875,139.5859375,144.375,131.7734375,99.21875,79.6171875,67.9296875,59.765625,54.0390625,50.453125,48.1484375,46.2890625,44.1015625,45.3515625,51.8515625,84.5,131.875,156.453125,214.6875,215.09375,152.2734375,100.34375,72.765625,57.4453125,47.28125,39.6796875,34.2734375,31.0390625
2018-10-26,166.734375,153.71875,139.5859375,144.375,131.7734375,99.21875,79.6171875,67.9296875,59.765625,54.0390625,50.453125,48.1484375,46.2890625,44.1015625,45.3515625,51.8515625,84.5,131.875,156.453125,214.6875,215.09375,152.2734375,100.34375,72.765625,57.4453125,47.28125,39.6796875,34.2734375,31.0390625,29.0859375
2018-10-27,153.71875,139.5859375,144.375,131.7734375,99.21875,79.6171875,67.9296875,59.765625,54.0390625,50.453125,48.1484375,46.2890625,44.1015625,45.3515625,51.8515625,84.5,131.875,156.453125,214.6875,215.09375,152.2734375,100.34375,72.765625,57.4453125,47.28125,39.6796875,34.2734375,31.0390625,29.0859375,27.421875
2018-10-28,109.6796875,90.0625,75.4765625,65.84375,59.0390625,54.1171875,51.3984375,50.828125,52.9609375,56.59375,60.21875,58.7734375,72.28125,104.765625,112.9375,104.0,96.9921875,87.5703125,74.875,63.0234375,53.3515625,46.8828125,40.8984375,35.90625,40.4296875,45.4140625,45.3125,46.796875,45.8984375,60.5234375
2018-10-29,90.0625,75.4765625,65.84375,59.0390625,54.1171875,51.3984375,50.828125,52.9609375,56.59375,60.21875,58.7734375,72.28125,104.765625,112.9375,104.0,96.9921875,87.5703125,74.875,63.0234375,53.3515625,46.8828125,40.8984375,35.90625,40.4296875,45.4140625,45.3125,46.796875,45.8984375,60.5234375,88.0078125
2018-10-30,75.4765625,65.84375,59.0390625,54.1171875,51.3984375,50.828125,52.9609375,56.59375,60.21875,58.7734375,72.28125,104.765625,112.9375,104.0,96.9921875,87.5703125,74.875,63.0234375,53.3515625,46.8828125,40.8984375,35.90625,40.4296875,45.4140625,45.3125,46.796875,45.8984375,60.5234375,88.0078125,97.765625
2018-10-31,68.0,61.6015625,56.3828125,52.0859375,48.609375,45.5859375,44.7890625,44.5390625,110.0390625,201.2109375,196.0625,197.6953125,164.8125,135.6953125,114.625,91.2421875,85.0703125,103.3359375,107.0,100.640625,89.4375,66.8515625,52.0625,43.1484375,37.3515625,32.9921875,30.0625,27.2109375,25.4375,24.21875
2018-11-01,61.6015625,56.3828125,52.0859375,48.609375,45.5859375,44.7890625,44.5390625,110.0390625,201.2109375,196.0625,197.6953125,164.8125,135.6953125,114.625,91.2421875,85.0703125,103.3359375,107.0,100.640625,89.4375,66.8515625,52.0625,43.1484375,37.3515625,32.9921875,30.0625,27.2109375,25.4375,24.21875,23.0859375
2018-11-02,56.3828125,52.0859375,48.609375,45.5859375,44.7890625,44.5390625,110.0390625,201.2109375,196.0625,197.6953125,164.8125,135.6953125,114.625,91.2421875,85.0703125,103.3359375,107.0,100.640625,89.4375,66.8515625,52.0625,43.1484375,37.3515625,32.9921875,30.0625,27.2109375,25.4375,24.21875,23.0859375,36.1015625
2018-11-03,52.0859375,48.609375,45.5859375,44.7890625,44.5390625,110.0390625,201.2109375,196.0625,197.6953125,164.8125,135.6953125,114.625,91.2421875,85.0703125,103.3359375,107.0,100.640625,89.4375,66.8515625,52.0625,43.1484375,37.3515625,32.9921875,30.0625,27.2109375,25.4375,24.21875,23.0859375,36.1015625,64.9765625
2018-11-04,59.1171875,63.5546875,59.4609375,53.875,58.890625,66.7734375,68.3515625,65.9453125,62.8359375,59.6953125,51.046875,43.8046875,38.546875,35.3671875,34.78125,36.9375,39.4296875,36.9296875,32.734375,29.359375,26.6953125,37.390625,57.8203125,59.4296875,60.7890625,57.078125,42.6796875,33.765625,27.0546875,21.8046875
2018-11-05,63.5546875,59.4609375,53.875,58.890625,66.7734375,68.3515625,65.9453125,62.8359375,59.6953125,51.046875,43.8046875,38.546875,35.3671875,34.78125,36.9375,39.4296875,36.9296875,32.734375,29.359375,26.6953125,37.390625,57.8203125,59.4296875,60.7890625,57.078125,42.6796875,33.765625,27.0546875,21.8046875,18.3671875
2018-11-06,59.4609375,53.875,58.890625,66.7734375,68.3515625,65.9453125,62.8359375,59.6953125,51.046875,43.8046875,38.546875,35.3671875,34.78125,36.9375,39.4296875,36.9296875,32.734375,29.359375,26.6953125,37.390625,57.8203125,59.4296875,60.7890625,57.078125,42.6796875,33.765625,27.0546875,21.8046875,18.3671875,16.28125
2018-11-07,54.9453125,82.25,106.015625,95.6953125,91.1953125,89.03125,82.4921875,104.203125,113.6796875,91.390625,73.5,61.421875,57.9765625,62.6796875,63.0703125,54.1015625,44.3046875,50.3984375,67.9140625,79.5234375,119.1796875,172.5859375,154.921875,102.1796875,71.3671875,58.2890625,64.890625,67.0703125,51.9921875,40.09375
2018-11-08,82.25,106.015625,95.6953125,91.1953125,89.03125,82.4921875,104.203125,113.6796875,91.390625,73.5,61.421875,57.9765625,62.6796875,63.0703125,54.1015625,44.3046875,50.3984375,67.9140625,79.5234375,119.1796875,172.5859375,154.921875,102.1796875,71.3671875,58.2890625,64.890625,67.0703125,51.9921875,40.09375,31.3359375
2018-11-09,106.015625,95.6953125,91.1953125,89.03125,82.4921875,104.203125,113.6796875,91.390625,73.5,61.421875,57.9765625,62.6796875,63.0703125,54.1015625,44.3046875,50.3984375,67.9140625,79.5234375,119.1796875,172.5859375,154.921875,102.1796875,71.3671875,58.2890625,64.890625,67.0703125,51.9921875,40.09375,31.3359375,25.1015625
2018-11-10,95.6953125,91.1953125,89.03125,82.4921875,104.203125,113.6796875,91.390625,73.5,61.421875,57.9765625,62.6796875,63.0703125,54.1015625,44.3046875,50.3984375,67.9140625,79.5234375,119.1796875,172.5859375,154.921875,102.1796875,71.3671875,58.2890625,64.890625,67.0703125,51.9921875,40.09375,31.3359375,25.1015625,20.90625
2018-11-11,54.6015625,85.9453125,109.9375,97.84375,79.828125,63.234375,107.8046875,150.7578125,133.8359375,100.921875,69.4140625,52.5859375,50.09375,69.2109375,77.6484375,61.2578125,50.390625,84.8828125,129.53125,108.359375,72.40625,51.078125,40.0078125,32.8046875,28.84375,26.8125,24.6875,21.671875,18.6796875,16.1796875
2018-11-12,85.9453125,109.9375,97.84375,79.828125,63.234375,107.8046875,150.7578125,133.8359375,100.921875,69.4140625,52.5859375,50.09375,69.2109375,77.6484375,61.2578125,50.390625,84.8828125,129.53125,108.359375,72.40625,51.078125,40.0078125,32.8046875,28.84375,26.8125,24.6875,21.671875,18.6796875,16.1796875,14.0546875
2018-11-13,109.9375,97.84375,79.828125,63.234375,107.8046875,150.7578125,133.8359375,100.921875,69.4140625,52.5859375,50.09375,69.2109375,77.6484375,61.2578125,50.390625,84.8828125,129.53125,108.359375,72.40625,51.078125,40.0078125,32.8046875,28.84375,26.8125,24.6875,21.671875,18.6796875,16.1796875,14.0546875,12.6015625
2018-11-14,60.03125,69.0078125,73.265625,70.2890625,57.4375,59.9375,75.1640625,71.7734375,56.0625,43.4296875,37.234375,36.0390625,38.828125,38.1796875,33.453125,28.3203125,24.078125,22.6953125,22.671875,20.5078125,17.6796875,15.484375,14.0859375,12.9453125,11.9453125,11.03125,10.09375,9.4140625,8.734375,8.296875
2018-11-15,69.0078125,73.265625,70.2890625,57.4375,59.9375,75.1640625,71.7734375,56.0625,43.4296875,37.234375,36.0390625,38.828125,38.1796875,33.453125,28.3203125,24.078125,22.6953125,22.671875,20.5078125,17.6796875,15.484375,14.0859375,12.9453125,11.9453125,11.03125,10.09375,9.4140625,8.734375,8.296875,8.21875
2018-11-16,73.265625,70.2890625,57.4375,59.9375,75.1640625,71.7734375,56.0625,43.4296875,37.234375,36.0390625,38.828125,38.1796875,33.453125,28.3203125,24.078125,22.6953125,22.671875,20.5078125,17.6796875,15.484375,14.0859375,12.9453125,11.9453125,11.03125,10.09375,9.4140625,8.734375,8.296875,8.21875,8.421875
2018-11-17,70.2890625,57.4375,59.9375,75.1640625,71.7734375,56.0625,43.4296875,37.234375,36.0390625,38.828125,38.1796875,33.453125,28.3203125,24.078125,22.6953125,22.671875,20.5078125,17.6796875,15.484375,14.0859375,12.9453125,11.9453125,11.03125,10.09375,9.4140625,8.734375,8.296875,8.21875,8.421875,11.359375
2018-11-18,60.03125,87.40625,94.296875,71.6015625,53.8203125,42.234375,37.71875,114.9140625,143.953125,125.2421875,121.1328125,96.453125,77.8984375,70.9609375,59.6796875,45.3828125,34.875,32.328125,30.84375,26.359375,22.109375,18.1015625,15.0078125,16.5703125,21.3828125,20.3359375,45.953125,87.6796875,72.75,48.6953125
2018-11-19,87.40625,94.296875,71.6015625,53.8203125,42.234375,37.71875,114.9140625,143.953125,125.2421875,121.1328125,96.453125,77.8984375,70.9609375,59.6796875,45.3828125,34.875,32.328125,30.84375,26.359375,22.109375,18.1015625,15.0078125,16.5703125,21.3828125,20.3359375,45.953125,87.6796875,72.75,48.6953125,38.1640625
2018-11-20,94.296875,71.6015625,53.8203125,42.234375,37.71875,114.9140625,143.953125,125.2421875,121.1328125,96.453125,77.8984375,70.9609375,59.6796875,45.3828125,34.875,32.328125,30.84375,26.359375,22.109375,18.1015625,15.0078125,16.5703125,21.3828125,20.3359375,45.953125,87.6796875,72.75,48.6953125,38.1640625,33.4765625
2018-11-21,82.421875,60.828125,47.6953125,39.328125,35.4921875,39.03125,43.609375,40.40625,34.875,32.703125,30.765625,29.3515625,29.46875,28.609375,30.015625,31.5625,26.25,21.71875,21.2734375,24.640625,25.359375,21.609375,19.4453125,31.3125,58.6484375,58.4921875,43.6640625,32.578125,26.5,23.1953125
2018-11-22,60.828125,47.6953125,39.328125,35.4921875,39.03125,43.609375,40.40625,34.875,32.703125,30.765625,29.3515625,29.46875,28.609375,30.015625,31.5625,26.25,21.71875,21.2734375,24.640625,25.359375,21.609375,19.4453125,31.3125,58.6484375,58.4921875,43.6640625,32.578125,26.5,23.1953125,19.2265625
2018-11-23,47.6953125,39.328125,35.4921875,39.03125,43.609375,40.40625,34.875,32.703125,30.765625,29.3515625,29.46875,28.609375,30.015625,31.5625,26.25,21.71875,21.2734375,24.640625,25.359375,21.609375,19.4453125,31.3125,58.6484375,58.4921875,43.6640625,32.578125,26.5,23.1953125,19.2265625,15.015625
2018-11-24,39.328125,35.4921875,39.03125,43.609375,40.40625,34.875,32.703125,30.765625,29.3515625,29.46875,28.609375,30.015625,31.5625,26.25,21.71875,21.2734375,24.640625,25.359375,21.609375,19.4453125,31.3125,58.6484375,58.4921875,43.6640625,32.578125,26.5,23.1953125,19.2265625,15.015625,11.984375
2018-11-25,38.859375,42.4296875,50.625,66.8203125,71.1640625,58.8671875,71.203125,86.03125,69.015625,49.3125,37.34375,31.375,28.5703125,27.34375,27.1875,26.7109375,23.0625,19.046875,16.4296875,14.5234375,12.796875,11.265625,10.78125,10.6640625,9.9921875,8.9765625,8.1953125,7.3046875,6.40625,5.8828125
2018-11-26,42.4296875,50.625,66.8203125,71.1640625,58.8671875,71.203125,86.03125,69.015625,49.3125,37.34375,31.375,28.5703125,27.34375,27.1875,26.7109375,23.0625,19.046875,16.4296875,14.5234375,12.796875,11.265625,10.78125,10.6640625,9.9921875,8.9765625,8.1953125,7.3046875,6.40625,5.8828125,5.40625
2018-11-27,50.625,66.8203125,71.1640625,58.8671875,71.203125,86.03125,69.015625,49.3125,37.34375,31.375,28.5703125,27.34375,27.1875,26.7109375,23.0625,19.046875,16.4296875,14.5234375,12.796875,11.265625,10.78125,10.6640625,9.9921875,8.9765625,8.1953125,7.3046875,6.40625,5.8828125,5.40625,5.03125
2018-11-28,65.6015625,51.0703125,42.6953125,38.15625,35.15625,38.40625,42.125,35.8359375,28.7421875,25.3359375,31.6796875,56.7734375,63.9296875,46.5625,34.1171875,33.6640625,40.9765625,48.953125,63.28125,66.6015625,63.8515625,56.625,43.0078125,31.046875,28.5078125,49.9921875,91.015625,85.9296875,57.84375,38.8125
2018-11-29,51.0703125,42.6953125,38.15625,35.15625,38.40625,42.125,35.8359375,28.7421875,25.3359375,31.6796875,56.7734375,63.9296875,46.5625,34.1171875,33.6640625,40.9765625,48.953125,63.28125,66.6015625,63.8515625,56.625,43.0078125,31.046875,28.5078125,49.9921875,91.015625,85.9296875,57.84375,38.8125,27.5625
2018-11-30,42.6953125,38.15625,35.15625,38.40625,42.125,35.8359375,28.7421875,25.3359375,31.6796875,56.7734375,63.9296875,46.5625,34.1171875,33.6640625,40.9765625,48.953125,63.28125,66.6015625,63.8515625,56.625,43.0078125,31.046875,28.5078125,49.9921875,91.015625,85.9296875,57.84375,38.8125,27.5625,21.15625
2018-12-01,38.15625,35.15625,38.40625,42.125,35.8359375,28.7421875,25.3359375,31.6796875,56.7734375,63.9296875,46.5625,34.1171875,33.6640625,40.9765625,48.953125,63.28125,66.6015625,63.8515625,56.625,43.0078125,31.046875,28.5078125,49.9921875,91.015625,85.9296875,57.84375,38.8125,27.5625,21.15625,16.625
2018-12-02,30.296875,26.5859375,23.75,22.0546875,20.6015625,26.0,34.4921875,40.203125,54.515625,58.3359375,46.703125,33.28125,24.359375,18.75,15.0078125,12.890625,11.671875,10.3671875,10.4375,13.015625,13.3203125,13.9609375,15.8203125,15.640625,14.1640625,15.0078125,26.3515625,38.765625,35.015625,28.3125
2018-12-03,26.5859375,23.75,22.0546875,20.6015625,26.0,34.4921875,40.203125,54.515625,58.3359375,46.703125,33.28125,24.359375,18.75,15.0078125,12.890625,11.671875,10.3671875,10.4375,13.015625,13.3203125,13.9609375,15.8203125,15.640625,14.1640625,15.0078125,26.3515625,38.765625,35.015625,28.3125,24.15625
2018-12-04,23.75,22.0546875,20.6015625,26.0,34.4921875,40.203125,54.515625,58.3359375,46.703125,33.28125,24.359375,18.75,15.0078125,12.890625,11.671875,10.3671875,10.4375,13.015625,13.3203125,13.9609375,15.8203125,15.640625,14.1640625,15.0078125,26.3515625,38.765625,35.015625,28.3125,24.15625,18.828125
2018-12-05,25.2265625,26.890625,43.2578125,61.3828125,56.953125,55.265625,60.1953125,54.1796875,40.8671875,32.359375,26.453125,20.7734375,23.4921875,30.09375,33.0859375,46.3359375,59.640625,54.265625,38.5,27.0390625,20.0078125,19.625,42.7421875,60.03125,44.109375,31.375,24.40625,21.328125,17.4375,14.265625
2018-12-06,26.890625,43.2578125,61.3828125,56.953125,55.265625,60.1953125,54.1796875,40.8671875,32.359375,26.453125,20.7734375,23.4921875,30.09375,33.0859375,46.3359375,59.640625,54.265625,38.5,27.0390625,20.0078125,19.625,42.7421875,60.03125,44.109375,31.375,24.40625,21.328125,17.4375,14.265625,11.96875
2018-12-07,43.2578125,61.3828125,56.953125,55.265625,60.1953125,54.1796875,40.8671875,32.359375,26.453125,20.7734375,23.4921875,30.09375,33.0859375,46.3359375,59.640625,54.265625,38.5,27.0390625,20.0078125,19.625,42.7421875,60.03125,44.109375,31.375,24.40625,21.328125,17.4375,14.265625,11.96875,10.328125
2018-12-08,61.3828125,56.953125,55.265625,60.1953125,54.1796875,40.8671875,32.359375,26.453125,20.7734375,23.4921875,30.09375,33.0859375,46.3359375,59.640625,54.265625,38.5,27.0390625,20.0078125,19.625,42.7421875,60.03125,44.109375,31.375,24.40625,21.328125,17.4375,14.265625,11.96875,10.328125,9.671875
2018-12-09,66.6796875,63.3125,78.6796875,72.359375,122.515625,145.59375,99.796875,83.7109375,75.53125,62.1484375,50.5859375,39.1171875,36.296875,37.0234375,33.390625,26.9921875,21.7734375,17.453125,14.421875,12.0,9.78125,8.421875,8.0,6.8125,5.96875,5.40625,5.40625,5.40625,5.421875,5.515625
2018-12-10,63.3125,78.6796875,72.359375,122.515625,145.59375,99.796875,83.7109375,75.53125,62.1484375,50.5859375,39.1171875,36.296875,37.0234375,33.390625,26.9921875,21.7734375,17.453125,14.421875,12.0,9.78125,8.421875,8.0,6.8125,5.96875,5.40625,5.40625,5.40625,5.421875,5.515625,5.484375
2018-12-11,78.6796875,72.359375,122.515625,145.59375,99.796875,83.7109375,75.53125,62.1484375,50.5859375,39.1171875,36.296875,37.0234375,33.390625,26.9921875,21.7734375,17.453125,14.421875,12.0,9.78125,8.421875,8.0,6.8125,5.96875,5.40625,5.40625,5.40625,5.421875,5.515625,5.484375,6.96875
2018-12-12,42.2109375,32.625,26.4765625,26.421875,30.21875,28.3671875,23.8359375,21.5546875,18.796875,21.1953125,40.4765625,61.203125,54.4765625,40.390625,50.859375,56.5546875,39.5,27.28125,19.59375,15.453125,12.890625,10.75,8.734375,7.53125,7.078125,6.265625,7.765625,15.8125,23.0,23.03125
2018-12-13,32.625,26.4765625,26.421875,30.21875,28.3671875,23.8359375,21.5546875,18.796875,21.1953125,40.4765625,61.203125,54.4765625,40.390625,50.859375,56.5546875,39.5,27.28125,19.59375,15.453125,12.890625,10.75,8.734375,7.53125,7.078125,6.265625,7.765625,15.8125,23.0,23.03125,20.71875
2018-12-14,26.4765625,26.421875,30.21875,28.3671875,23.8359375,21.5546875,18.796875,21.1953125,40.4765625,61.203125,54.4765625,40.390625,50.859375,56.5546875,39.5,27.28125,19.59375,15.453125,12.890625,10.75,8.734375,7.53125,7.078125,6.265625,7.765625,15.8125,23.0,23.03125,20.71875,17.15625
2018-12-15,26.421875,30.21875,28.3671875,23.8359375,21.5546875,18.796875,21.1953125,40.4765625,61.203125,54.4765625,40.390625,50.859375,56.5546875,39.5,27.28125,19.59375,15.453125,12.890625,10.75,8.734375,7.53125,7.078125,6.265625,7.765625,15.8125,23.0,23.03125,20.71875,17.15625,13.921875
2018-12-16,17.6953125,16.0,14.109375,13.0390625,14.328125,16.1328125,16.859375,16.7265625,14.90625,12.5546875,11.25,11.71875,12.875,12.5,11.875,14.90625,22.234375,24.46875,20.125,16.3125,14.015625,11.828125,9.375,7.875,7.1875,10.515625,23.5625,28.875,23.203125,18.09375
2018-12-17,16.0,14.109375,13.0390625,14.328125,16.1328125,16.859375,16.7265625,14.90625,12.5546875,11.25,11.71875,12.875,12.5,11.875,14.90625,22.234375,24.46875,20.125,16.3125,14.015625,11.828125,9.375,7.875,7.1875,10.515625,23.5625,28.875,23.203125,18.09375,14.765625
2018-12-18,14.109375,13.0390625,14.328125,16.1328125,16.859375,16.7265625,14.90625,12.5546875,11.25,11.71875,12.875,12.5,11.875,14.90625,22.234375,24.46875,20.125,16.3125,14.015625,11.828125,9.375,7.875,7.1875,10.515625,23.5625,28.875,23.203125,18.09375,14.765625,12.21875
2018-12-19,16.0390625,14.6875,13.4375,12.03125,11.765625,15.1171875,22.6484375,33.9765625,112.7265625,127.7734375,77.71875,48.703125,32.34375,23.328125,18.359375,14.6875,11.890625,9.890625,8.734375,7.796875,7.3125,6.9375,6.703125,6.3125,5.375,4.75,4.15625,4.671875,6.65625,8.359375
2018-12-20,14.6875,13.4375,12.03125,11.765625,15.1171875,22.6484375,33.9765625,112.7265625,127.7734375,77.71875,48.703125,32.34375,23.328125,18.359375,14.6875,11.890625,9.890625,8.734375,7.796875,7.3125,6.9375,6.703125,6.3125,5.375,4.75,4.15625,4.671875,6.65625,8.359375,7.8125
2018-12-21,13.4375,12.03125,11.765625,15.1171875,22.6484375,33.9765625,112.7265625,127.7734375,77.71875,48.703125,32.34375,23.328125,18.359375,14.6875,11.890625,9.890625,8.734375,7.796875,7.3125,6.9375,6.703125,6.3125,5.375,4.75,4.15625,4.671875,6.65625,8.359375,7.8125,6.75
2018-12-22,12.03125,11.765625,15.1171875,22.6484375,33.9765625,112.7265625,127.7734375,77.71875,48.703125,32.34375,23.328125,18.359375,14.6875,11.890625,9.890625,8.734375,7.796875,7.3125,6.9375,6.703125,6.3125,5.375,4.75,4.15625,4.671875,6.65625,8.359375,7.8125,6.75,6.15625
2018-12-23,31.375,51.6640625,43.59375,36.6875,29.96875,23.3984375,19.453125,17.375,15.0,12.484375,10.28125,8.40625,7.0,6.3125,6.09375,5.578125,4.96875,4.46875,4.359375,5.046875,6.46875,6.484375,6.171875,5.890625,5.609375,5.265625,5.640625,10.21875,18.578125,20.15625
2018-12-24,51.6640625,43.59375,36.6875,29.96875,23.3984375,19.453125,17.375,15.0,12.484375,10.28125,8.40625,7.0,6.3125,6.09375,5.578125,4.96875,4.46875,4.359375,5.046875,6.46875,6.484375,6.171875,5.890625,5.609375,5.265625,5.640625,10.21875,18.578125,20.15625,21.125
2018-12-25,43.59375,36.6875,29.96875,23.3984375,19.453125,17.375,15.0,12.484375,10.28125,8.40625,7.0,6.3125,6.09375,5.578125,4.96875,4.46875,4.359375,5.046875,6.46875,6.484375,6.171875,5.890625,5.609375,5.265625,5.640625,10.21875,18.578125,20.15625,21.125,21.734375
2018-12-26,97.0234375,74.375,51.0625,36.359375,25.609375,19.0,16.359375,18.171875,18.1875,15.015625,12.75,10.890625,9.265625,27.328125,53.0625,41.03125,29.984375,23.546875,18.890625,15.984375,14.15625,12.796875,14.40625,24.21875,36.25,34.703125,28.6875,25.75,24.421875,20.65625
2018-12-27,74.375,51.0625,36.359375,25.609375,19.0,16.359375,18.171875,18.1875,15.015625,12.75,10.890625,9.265625,27.328125,53.0625,41.03125,29.984375,23.546875,18.890625,15.984375,14.15625,12.796875,14.40625,24.21875,36.25,34.703125,28.6875,25.75,24.421875,20.65625,17.875
2018-12-28,51.0625,36.359375,25.609375,19.0,16.359375,18.171875,18.1875,15.015625,12.75,10.890625,9.265625,27.328125,53.0625,41.03125,29.984375,23.546875,18.890625,15.984375,14.15625,12.796875,14.40625,24.21875,36.25,34.703125,28.6875,25.75,24.421875,20.65625,17.875,26.390625
2018-12-29,36.359375,25.609375,19.0,16.359375,18.171875,18.1875,15.015625,12.75,10.890625,9.265625,27.328125,53.0625,41.03125,29.984375,23.546875,18.890625,15.984375,14.15625,12.796875,14.40625,24.21875,36.25,34.703125,28.6875,25.75,24.421875,20.65625,17.875,26.390625,38.234375
2018-12-30,48.234375,34.421875,25.5625,20.90625,17.875,53.859375,86.09375,60.390625,39.796875,27.296875,20.375,15.53125,12.40625,11.171875,12.96875,14.140625,12.578125,10.984375,9.15625,7.96875,7.34375,6.796875,6.359375,6.1875,6.34375,21.640625,48.4375,40.4375,28.359375,20.640625
2018-12-31,34.421875,25.5625,20.90625,17.875,53.859375,86.09375,60.390625,39.796875,27.296875,20.375,15.53125,12.40625,11.171875,12.96875,14.140625,12.578125,10.984375,9.15625,7.96875,7.34375,6.796875,6.359375,6.1875,6.34375,21.640625,48.4375,40.4375,28.359375,20.640625,17.296875
